{"type":"FeatureCollection","name":"ne_50m_lakes","crs":{"type":"name","properties":{"name":"urn:ogc:def:crs:OGC:1.3:CRS84"}},"features":[{"type":"Feature","properties":{"scalerank":0,"featurecla":"Lake","name":"Lake Baikal","name_alt":null,"note":null,"admin":null,"namepar":null,"min_zoom":1,"min_label":3,"name_abb":"L. Baikal","label":"Lake Baikal","wikidataid":"Q5513","name_ar":"بحيرة بايكال","name_bn":"বৈকাল হ্রদ","name_de":"Baikalsee","name_en":"Baikal","name_es":"Baikal","name_fr":"Baïkal","name_el":"Βαϊκάλη","name_hi":"बयकाल झील","name_hu":"Bajkál-tó","name_id":"Baikal","name_it":"Bajkal","name_ja":"バイカル湖","name_ko":"바이칼호","name_nl":"Baikalmeer","name_pl":"Bajkał","name_pt":"Baikal","name_ru":"Байкал","name_sv":"Bajkalsjön","name_tr":"Baykal","name_vi":"Baikal","name_zh":"贝加尔湖","ne_id":1159113127,"name_fa":"دریاچه بایکال","name_he":"ימת באיקל","name_uk":"Байкал","name_ur":"جھیل بیکال","name_zht":"贝加尔湖"},"bbox":[103.713379,51.482324,109.955371,55.778564],"geometry":{"type":"Polygon","coordinates":[[[109.863867,55.538965],[109.863867,55.538965],[109.863867,55.538965],[109.857227,55.445557],[109.824609,55.401904],[109.790527,55.329736],[109.78125,55.279688],[109.75,55.1854],[109.743945,55.139551],[109.768164,55.082764],[109.764844,55.039648],[109.71582,54.931641],[109.702246,54.901758],[109.683594,54.849951],[109.645605,54.807178],[109.632617,54.771777],[109.607031,54.676074],[109.544141,54.629102],[109.523438,54.558594],[109.489746,54.380371],[109.495703,54.262109],[109.553711,54.174023],[109.555859,54.15376],[109.537891,54.116211],[109.500098,54.061426],[109.425977,53.997803],[109.24375,53.868604],[109.210547,53.827686],[109.198242,53.792627],[109.204395,53.736963],[109.203809,53.678516],[109.199414,53.659961],[109.177637,53.637598],[109.030371,53.638965],[109.008887,53.667773],[109.034277,53.759766],[109.060547,53.804443],[109.060742,53.830957],[109.033008,53.858301],[108.994141,53.86875],[108.94375,53.862402],[108.891016,53.841895],[108.835938,53.807275],[108.618555,53.582422],[108.532129,53.513379],[108.544629,53.507568],[108.645703,53.54834],[108.732227,53.570801],[108.841895,53.586523],[108.920605,53.565576],[108.968457,53.507764],[108.989062,53.450342],[108.982324,53.393311],[108.931055,53.344385],[108.767676,53.281299],[108.728711,53.277979],[108.702734,53.283496],[108.676172,53.303906],[108.66123,53.30166],[108.391992,53.163281],[108.302246,53.109424],[108.297266,53.093262],[108.329883,53.056152],[108.334766,53.0375],[108.287793,52.989014],[108.233984,52.945703],[108.007031,52.837012],[107.947656,52.780322],[107.763086,52.713867],[107.674414,52.701367],[107.578516,52.701172],[107.386621,52.647949],[107.098828,52.54165],[106.938184,52.474561],[106.90459,52.446582],[106.843066,52.356348],[106.806055,52.328516],[106.751953,52.316504],[106.692969,52.337744],[106.599121,52.370508],[106.497266,52.383105],[106.390234,52.354541],[106.313867,52.323145],[106.269141,52.282031],[106.258008,52.230664],[106.280664,52.169141],[106.260645,52.102979],[106.186523,51.956445],[106.133789,51.915918],[106.065137,51.862695],[105.967383,51.774219],[105.797656,51.701074],[105.435059,51.614453],[105.064844,51.557227],[104.90293,51.522021],[104.826172,51.489795],[104.655176,51.482324],[104.390039,51.499707],[104.156445,51.535449],[103.817383,51.634033],[103.744922,51.668604],[103.713379,51.694238],[103.722656,51.710938],[103.743164,51.722412],[103.790723,51.731738],[104.13252,51.769482],[104.343164,51.782764],[104.536523,51.784082],[104.6625,51.806104],[104.720996,51.848828],[104.812012,51.870215],[104.866895,51.870215],[104.935449,51.870215],[105.053223,51.882129],[105.165137,51.905908],[105.242676,51.938184],[105.285742,51.97876],[105.344531,52.009424],[105.418848,52.030176],[105.569629,52.10835],[105.691602,52.216211],[105.859766,52.386719],[106.059961,52.511914],[106.29248,52.591895],[106.451563,52.656494],[106.537402,52.705859],[106.578516,52.741699],[106.70166,52.831982],[106.757422,52.869287],[106.783301,52.906006],[106.880957,52.973096],[106.897266,53.002686],[106.873242,53.029395],[106.773633,53.022266],[106.780371,53.04458],[106.851953,53.10293],[107.071875,53.24126],[107.232031,53.31626],[107.534668,53.438965],[107.547168,53.452588],[107.550977,53.5021],[107.575781,53.5479],[107.626953,53.611035],[107.789258,53.711475],[108.062402,53.849219],[108.223535,53.976123],[108.275391,54.036426],[108.297656,54.07832],[108.361816,54.173096],[108.408105,54.209863],[108.472852,54.276758],[108.518945,54.349756],[108.546387,54.428857],[108.592773,54.49248],[108.722559,54.600537],[108.785742,54.672314],[108.827148,54.738672],[108.846875,54.799609],[108.882031,54.852637],[108.93252,54.897754],[108.944141,54.930566],[108.916895,54.951025],[108.953125,54.98335],[109.052734,55.027588],[109.110156,55.09917],[109.171094,55.193701],[109.197656,55.261426],[109.213281,55.405371],[109.190625,55.463721],[109.193457,55.535596],[109.238672,55.574658],[109.313477,55.60791],[109.507031,55.730908],[109.575586,55.771484],[109.667188,55.778564],[109.760352,55.773535],[109.846973,55.754639],[109.955371,55.672217],[109.860742,55.574805],[109.863867,55.538965]],[[107.766797,53.267041],[107.766797,53.267041],[107.766797,53.267041],[107.795313,53.392969],[107.744434,53.399072],[107.584082,53.283301],[107.352539,53.210205],[107.090527,53.133008],[106.99502,53.106592],[106.960449,53.078174],[106.9625,53.02334],[107.313867,53.067969],[107.437793,53.102539],[107.638867,53.220361],[107.766797,53.267041]]]}},{"type":"Feature","properties":{"scalerank":0,"featurecla":"Alkaline Lake","name":"Issyk-Kul","name_alt":"Ysyk Köl","note":null,"admin":null,"namepar":"Ysyk Köl","min_zoom":2,"min_label":3.7,"name_abb":"Issyk-Kul","label":"Issyk-Kul","wikidataid":"Q42191","name_ar":"بحيرة إيسيك كول","name_bn":"ইসস্যক-কুল","name_de":"Yssykköl","name_en":"Issyk-Kul","name_es":"Issyk-Kul","name_fr":"Yssyk Koul","name_el":"Ισσύκ-Κουλ","name_hi":"इसिक कुल","name_hu":"Iszik-köl","name_id":"Issyk Kul","name_it":"Ysykköl","name_ja":"イシク・クル","name_ko":"이식쿨호","name_nl":"Issyk Koelmeer","name_pl":"Issyk-kul","name_pt":"Issyk-Kul","name_ru":"Иссык-Куль","name_sv":"Issyk-Kul","name_tr":"Issık Göl","name_vi":"Issyk Kul","name_zh":"伊塞克湖","ne_id":1159126655,"name_fa":"دریاچه ایسیک کول","name_he":"איסיק קול","name_uk":"Іссик-Куль","name_ur":"اسیک کول","name_zht":"伊塞克湖"},"bbox":[76.21543,42.168164,78.302637,42.73374],"geometry":{"type":"Polygon","coordinates":[[[78.302637,42.588379],[78.292383,42.564062],[78.158008,42.550098],[78.01416,42.487451],[77.870703,42.428271],[77.851758,42.402197],[77.853906,42.36665],[77.716211,42.240381],[77.59502,42.200391],[77.514551,42.181836],[77.136523,42.168164],[77.022949,42.173047],[76.921484,42.19043],[76.577734,42.291357],[76.432129,42.319531],[76.328711,42.32998],[76.263086,42.327588],[76.227246,42.388916],[76.21543,42.435205],[76.226465,42.460596],[76.452832,42.488574],[76.74707,42.565332],[76.965039,42.612256],[77.190234,42.646875],[77.337402,42.669678],[77.534863,42.651318],[77.684082,42.701807],[78.06377,42.72666],[78.248828,42.73374],[78.151367,42.671777],[78.118945,42.641504],[78.136328,42.607666],[78.302637,42.588379],[78.302637,42.588379],[78.302637,42.588379]]]}},{"type":"Feature","properties":{"scalerank":0,"featurecla":"Lake","name":"Lake Zaysan","name_alt":null,"note":null,"admin":null,"namepar":null,"min_zoom":3,"min_label":5,"name_abb":"L. Zaysan","label":"Lake Zaysan","wikidataid":"Q216621","name_ar":"بحيرة زيسان","name_bn":"লেক জেসান","name_de":"Saissansee","name_en":"Zaysan","name_es":"Zaysan","name_fr":"Zaïssan","name_el":"Λίμνη Ζαϊσάν","name_hi":"ज़ायसान झील","name_hu":"Zaysan-tó","name_id":"Zaysan","name_it":"Zajsan","name_ja":"ザイサン湖","name_ko":"자이산호","name_nl":"Zaysanmeer","name_pl":"Zajsan","name_pt":"Zaysan","name_ru":"Зайсан","name_sv":"Zajsan","name_tr":"Zaysan","name_vi":"Zaysan","name_zh":"斋桑泊","ne_id":1159123091,"name_fa":"دریاچه زایسان","name_he":"אגם זייסאן","name_uk":"Зайсан","name_ur":"جھیل زیسان","name_zht":"齋桑泊"},"bbox":[83.026758,47.699121,84.515625,49.726367],"geometry":{"type":"Polygon","coordinates":[[[84.515625,47.929883],[84.42666,47.856885],[84.394336,47.816162],[84.356836,47.732129],[84.295996,47.699121],[84.241797,47.706445],[83.994336,47.843262],[83.765625,47.951172],[83.624609,48.012793],[83.444531,48.048828],[83.258984,48.094629],[83.082617,48.178223],[83.026758,48.211865],[83.038574,48.249609],[83.182129,48.249365],[83.275098,48.261328],[83.435254,48.269971],[83.497559,48.304541],[83.532617,48.375146],[83.460742,48.432275],[83.392188,48.499854],[83.387012,48.554004],[83.417383,48.597461],[83.422656,48.743213],[83.471191,48.858203],[83.589453,48.962402],[83.747266,49.039258],[83.87168,49.062695],[84.036133,49.110596],[84.120605,49.159082],[84.099805,49.238037],[83.972461,49.328809],[83.848535,49.41709],[83.724414,49.439551],[83.660352,49.44292],[83.608008,49.48623],[83.538965,49.531885],[83.478906,49.538232],[83.426465,49.573389],[83.364844,49.626074],[83.363672,49.643848],[83.391211,49.652393],[83.608203,49.60625],[83.739844,49.630957],[83.889844,49.72041],[83.963574,49.726367],[83.96123,49.702637],[83.818262,49.633643],[83.79668,49.597119],[83.756543,49.564355],[83.729492,49.535205],[83.823145,49.483936],[84.287793,49.237695],[84.360645,49.160547],[84.328613,49.124854],[84.149023,49.086035],[83.864062,48.994385],[83.776758,48.975391],[83.60918,48.9104],[83.514063,48.81333],[83.486914,48.718262],[83.516797,48.616846],[83.613379,48.437256],[83.773926,48.410449],[83.919434,48.397217],[83.907129,48.373535],[83.681934,48.353418],[83.596191,48.303027],[83.58125,48.26748],[83.633594,48.241504],[83.740039,48.197656],[83.880664,48.151904],[84.051465,48.083496],[84.16709,48.055957],[84.333887,48.023096],[84.468359,47.969385],[84.515625,47.929883],[84.515625,47.929883],[84.515625,47.929883],[84.515625,47.929883]]]}},{"type":"Feature","properties":{"scalerank":0,"featurecla":"Lake","name":"Hongze Hu","name_alt":null,"note":null,"admin":null,"namepar":null,"min_zoom":3,"min_label":4,"name_abb":"Hongze Hu","label":"Hongze Hu","wikidataid":"Q31845950","name_ar":"بحيرة هونغز","name_bn":"হংজে হু","name_de":"Hongze Hu","name_en":"Hongze Lake","name_es":"Hongze Hu","name_fr":"Lac Hongze","name_el":"Χονγκζέ Χου","name_hi":"होंग्ज़े हु","name_hu":"Hongze Hu","name_id":"Danau Hongze","name_it":"Lago Hongze","name_ja":"洪沢湖","name_ko":"홍제 후","name_nl":"Hongze Lake","name_pl":"Hongze Hu","name_pt":"Lago Hongze","name_ru":"озеро Хунцзэху","name_sv":"Hongze Hu","name_tr":"Hongze Hu","name_vi":"Hồ Hồng Trạch","name_zh":"洪泽湖","ne_id":1159113359,"name_fa":"هونگز هو","name_he":"הונגזה","name_uk":"Хонжху","name_ur":"ہونگزی ہو","name_zht":"宏澤湖"},"bbox":[117.808984,32.884766,118.860547,33.644629],"geometry":{"type":"Polygon","coordinates":[[[118.604688,33.17207],[118.573535,33.14082],[118.518652,33.036328],[118.491699,32.998047],[118.430762,32.972754],[118.266602,32.924805],[118.227051,32.896631],[118.183203,32.884766],[118.171191,32.906152],[118.191895,32.94126],[118.180859,32.971289],[118.14209,32.986133],[118.088184,32.95835],[118.066211,32.935547],[118.049902,32.963818],[118.08418,33.005469],[118.130176,33.027783],[118.225781,32.990576],[118.240332,33.008447],[118.234277,33.046289],[118.182324,33.139355],[118.102051,33.143799],[117.978516,33.142334],[117.914648,33.125977],[117.891602,33.064551],[117.838184,33.038379],[117.808984,33.048096],[117.851367,33.062158],[117.874414,33.093213],[117.886328,33.157178],[117.911621,33.181006],[117.991504,33.187207],[118.114258,33.214697],[118.174902,33.210205],[118.226562,33.142871],[118.274902,33.044775],[118.340234,32.994238],[118.407227,33.009863],[118.416602,33.038184],[118.439648,33.06792],[118.459863,33.098633],[118.470117,33.127783],[118.454492,33.160156],[118.322168,33.182471],[118.249219,33.221143],[118.23291,33.288086],[118.273047,33.267285],[118.318359,33.268359],[118.391699,33.338037],[118.446484,33.406836],[118.490039,33.401465],[118.57002,33.371875],[118.607129,33.376025],[118.546973,33.436914],[118.487695,33.539844],[118.493066,33.622656],[118.544238,33.644629],[118.571191,33.619824],[118.608398,33.514893],[118.663574,33.463086],[118.774316,33.442773],[118.860547,33.356543],[118.860547,33.338672],[118.833789,33.304443],[118.778223,33.176367],[118.715527,33.089307],[118.680859,33.076514],[118.678418,33.12417],[118.65293,33.173828],[118.604688,33.17207],[118.604688,33.17207],[118.604688,33.17207],[118.604688,33.17207]]]}},{"type":"Feature","properties":{"scalerank":0,"featurecla":"Lake","name":"Khövsgöl Nuur","name_alt":"Hövsgöl Nuur","note":null,"admin":null,"namepar":null,"min_zoom":3,"min_label":5,"name_abb":"Khövsgöl Nuur","label":"Khövsgöl Nuur","wikidataid":"Q192215","name_ar":"بحيرة خوفسغول","name_bn":"খোভসগোল নূর","name_de":"Chöwsgöl Nuur","name_en":"Khövsgöl Nuur","name_es":"Ubsugul","name_fr":"Khövsgöl","name_el":"Λίμνη Χουβσγκούλ","name_hi":"ख़ोव्स्गोल झील","name_hu":"Hövszgöl-tó","name_id":"Khövsgöl","name_it":"Hôvsgôl Nuur","name_ja":"フブスグル湖","name_ko":"후브스굴호","name_nl":"Hövsgöl Nuur","name_pl":"Chubsuguł","name_pt":"Khuvsgul","name_ru":"Хубсугул","name_sv":"Chövsgöl","name_tr":"Hövsgöl","name_vi":"Khovsgol","name_zh":"库苏古尔湖","ne_id":1159113373,"name_fa":"دریاچه خووسگول","name_he":"אגם חבסגל","name_uk":"Хубсуґул","name_ur":"کھوسگول نور","name_zht":"庫蘇古爾湖"},"bbox":[100.179492,50.493799,100.786816,51.610254],"geometry":{"type":"Polygon","coordinates":[[[100.786816,51.396973],[100.77041,51.293213],[100.748535,51.222266],[100.730273,51.138184],[100.684668,51.019336],[100.688184,50.983008],[100.507227,50.808691],[100.471582,50.739062],[100.445215,50.658936],[100.473437,50.625098],[100.472559,50.603223],[100.444336,50.568115],[100.37002,50.53833],[100.193359,50.493799],[100.179492,50.531299],[100.193848,50.594043],[100.228125,50.653857],[100.247754,50.742773],[100.296191,51.108594],[100.283984,51.250391],[100.356055,51.351611],[100.402148,51.39209],[100.387891,51.440576],[100.379687,51.466064],[100.491211,51.555762],[100.525,51.596875],[100.559277,51.610254],[100.752051,51.446777],[100.786816,51.396973],[100.786816,51.396973],[100.786816,51.396973],[100.786816,51.396973]]]}},{"type":"Feature","properties":{"scalerank":0,"featurecla":"Alkaline Lake","name":"Uvs Nuur","name_alt":null,"note":null,"admin":null,"namepar":null,"min_zoom":3,"min_label":4,"name_abb":"Uvs Nuur","label":"Uvs Nuur","wikidataid":"Q81150","name_ar":"بحيرة يوفس","name_bn":"উভস হ্রদ","name_de":"Uws Nuur","name_en":"Uvs","name_es":"Uvs","name_fr":"Uvs nuur","name_el":"Ουβς Νουρ","name_hi":"यूवीएस नूर","name_hu":"Uvsz-tó","name_id":"Uvs","name_it":"Uvs Nuur","name_ja":"ウヴス・ヌール","name_ko":"우브스 누르","name_nl":"Uvs Nuur","name_pl":"Uws-nur","name_pt":"Uvs","name_ru":"Убсу-Нур","name_sv":"Uvs Nuur","name_tr":"Ubsa","name_vi":"Uvs","name_zh":"烏布蘇湖","ne_id":1159126709,"name_fa":"دریاچه یواس","name_he":"אובס נור","name_uk":"Убсу-Нур","name_ur":"اوس نور","name_zht":"烏布蘇湖"},"bbox":[92.235449,50.005225,93.361816,50.658252],"geometry":{"type":"Polygon","coordinates":[[[92.316406,50.30166],[92.235449,50.412988],[92.348242,50.475049],[92.545898,50.540332],[92.789453,50.616943],[92.892773,50.658252],[92.964648,50.638232],[92.990234,50.607959],[92.977734,50.539551],[93.075879,50.427686],[93.227441,50.364062],[93.25918,50.358203],[93.254199,50.327344],[93.325391,50.30835],[93.361816,50.281592],[93.300586,50.25542],[93.21582,50.251123],[93.095215,50.19834],[93.018359,50.14502],[92.912793,50.055908],[92.72168,50.009961],[92.601367,50.005225],[92.49834,50.053174],[92.381738,50.141895],[92.336523,50.227588],[92.316406,50.30166],[92.316406,50.30166],[92.316406,50.30166],[92.316406,50.30166]]]}},{"type":"Feature","properties":{"scalerank":0,"featurecla":"Lake","name":"Lake Khanka","name_alt":"Xingkai Hu,  Ozero Khanka","note":null,"admin":"admin-0","namepar":null,"min_zoom":3,"min_label":4,"name_abb":"L. Khanka","label":"Lake Khanka","wikidataid":"Q201843","name_ar":"بحيرة خانكا","name_bn":"লেক খাংকা","name_de":"Chankasee","name_en":"Khanka","name_es":"Janka","name_fr":"Khanka","name_el":"Λίμνη Χάνκα","name_hi":"खानका झील","name_hu":"Hanka-tó","name_id":"Khanka","name_it":"Chanka","name_ja":"ハンカ湖","name_ko":"한카호","name_nl":"Chankameer","name_pl":"Chanka","name_pt":"Khanka","name_ru":"Ханка","name_sv":"Chanka","name_tr":"Khanka","name_vi":"Khanka","name_zh":"兴凯湖","ne_id":1159113423,"name_fa":"دریاچه خانکا","name_he":"אגם חאנקה","name_uk":"Ханка","name_ur":"جھیل کھانکا","name_zht":"興凱湖"},"bbox":[132.00498,44.529443,132.809766,45.328955],"geometry":{"type":"Polygon","coordinates":[[[132.809766,45.051562],[132.742871,44.942676],[132.613574,44.711328],[132.459668,44.612598],[132.365527,44.529443],[132.275879,44.568994],[132.238477,44.606104],[132.241211,44.62998],[132.168555,44.673975],[132.069043,44.742529],[132.084375,44.851367],[132.108691,44.968652],[132.015137,45.074268],[132.017188,45.126611],[132.00498,45.214014],[132.071094,45.286816],[132.230176,45.328418],[132.401953,45.328955],[132.579492,45.29624],[132.725195,45.230078],[132.808203,45.148779],[132.809766,45.051562],[132.809766,45.051562],[132.809766,45.051562],[132.809766,45.051562]]]}},{"type":"Feature","properties":{"scalerank":0,"featurecla":"Lake","name":"Tonlé Sap","name_alt":null,"note":null,"admin":null,"namepar":null,"min_zoom":3,"min_label":4,"name_abb":"Tonle Sap","label":"Tonlé Sap","wikidataid":"Q199938","name_ar":"تونلي ساب","name_bn":"টনলে স্যাপ","name_de":"Tonle Sap","name_en":"Tonlé Sap","name_es":"Tonlé Sap","name_fr":"Tonlé Sap","name_el":"Τόνλε Σαπ","name_hi":"टोनले साप","name_hu":"Szap-tó","name_id":"Tonle Sap","name_it":"Tonle Sap","name_ja":"トンレサップ","name_ko":"톤레사프호","name_nl":"Tonlé Sapmeer","name_pl":"Tonle Sap","name_pt":"Tonle Sap","name_ru":"Тонлесап","name_sv":"Tonlé Sap","name_tr":"Tonlé Sap","name_vi":"Tonlé Sap","name_zh":"洞里萨湖","ne_id":1159113439,"name_fa":"تونله ساپ","name_he":"טונלה סאפ","name_uk":"Тонлесап","name_ur":"تونلے ساپ","name_zht":"洞里薩湖"},"bbox":[103.699121,12.426367,104.590527,13.249902],"geometry":{"type":"Polygon","coordinates":[[[104.570215,12.426367],[104.532129,12.458105],[104.464063,12.506055],[104.401367,12.508496],[104.257812,12.563867],[104.140332,12.671143],[104.10459,12.788623],[104.00752,12.803955],[103.89541,12.866943],[103.806445,12.946875],[103.754687,13.039014],[103.72373,13.121387],[103.699121,13.207031],[103.731055,13.249902],[103.84209,13.234668],[103.980664,13.179199],[104.099609,13.035547],[104.199023,12.844824],[104.234766,12.764014],[104.267773,12.738623],[104.369727,12.746973],[104.439844,12.724316],[104.467969,12.6396],[104.467773,12.570996],[104.470996,12.558691],[104.498438,12.540479],[104.554785,12.514355],[104.557813,12.485645],[104.565234,12.462744],[104.590527,12.431543],[104.570215,12.426367],[104.570215,12.426367],[104.570215,12.426367],[104.570215,12.426367]]]}},{"type":"Feature","properties":{"scalerank":0,"featurecla":"Alkaline Lake","name":"Qinghai Hu","name_alt":null,"note":null,"admin":null,"namepar":"Koko Nor","min_zoom":3,"min_label":4,"name_abb":"Qinghai Hu","label":"Qinghai Hu","wikidataid":"Q201294","name_ar":"بحيرة تشينغهاي","name_bn":"কোইংহাই হু","name_de":"Qinghai","name_en":"Qinghai","name_es":"Qinghai","name_fr":"Qinghai","name_el":"Λίμνη Τσινγκχάι","name_hi":"चिंगहई झील","name_hu":"Csinghaj-tó","name_id":"Qinghai","name_it":"Qinghai","name_ja":"青海湖","name_ko":"칭하이호","name_nl":"Qinghaimeer","name_pl":"Kuku-nor","name_pt":"Chingai","name_ru":"Кукунор","name_sv":"Qinghaisjön","name_tr":"Koko Nor","name_vi":"Thanh Hải","name_zh":"青海湖","ne_id":1159126725,"name_fa":"دریاچه چینگهای","name_he":"ימת צ'ינגהאי","name_uk":"Кукунор","name_ur":"جھیل چنگھائی","name_zht":"青海湖"},"bbox":[99.649902,36.556836,100.752734,37.217822],"geometry":{"type":"Polygon","coordinates":[[[100.752734,36.810889],[100.745703,36.781104],[100.722656,36.74502],[100.722559,36.672803],[100.704297,36.589355],[100.627539,36.556836],[100.522949,36.580176],[100.430566,36.641064],[100.227734,36.644678],[99.958496,36.678711],[99.827441,36.739404],[99.700391,36.853125],[99.649902,36.911279],[99.680859,36.947412],[99.761621,36.948242],[99.816406,36.955371],[99.834473,36.988037],[99.804297,37.066602],[99.787207,37.149023],[99.836328,37.182471],[99.95625,37.217822],[100.104297,37.201562],[100.274512,37.150244],[100.447852,37.025195],[100.585547,36.902637],[100.752734,36.810889],[100.752734,36.810889],[100.752734,36.810889],[100.752734,36.810889]]]}},{"type":"Feature","properties":{"scalerank":0,"featurecla":"Lake","name":"L. Chany","name_alt":null,"note":null,"admin":null,"namepar":null,"min_zoom":4,"min_label":5,"name_abb":null,"label":"L. Chany","wikidataid":"Q1520895","name_ar":null,"name_bn":null,"name_de":"Tschanysee","name_en":"Chany","name_es":"Chany","name_fr":"Tchany","name_el":null,"name_hi":null,"name_hu":"Csani-tó","name_id":null,"name_it":"Čany","name_ja":null,"name_ko":null,"name_nl":"Tsjani","name_pl":"Czany","name_pt":null,"name_ru":"Чаны","name_sv":null,"name_tr":null,"name_vi":null,"name_zh":"钱尼湖","ne_id":1159121323,"name_fa":null,"name_he":null,"name_uk":"Чани","name_ur":null,"name_zht":"錢尼湖"},"bbox":[76.73418,54.613818,78.049121,55.056787],"geometry":{"type":"Polygon","coordinates":[[[76.746973,54.832275],[76.869043,54.882568],[77.067285,54.919141],[77.134375,54.923242],[77.164453,54.886768],[77.245313,54.855957],[77.294043,54.890088],[77.307324,54.925146],[77.326563,54.968311],[77.430371,55.02041],[77.570312,55.053271],[77.635742,55.056787],[77.666895,55.054199],[77.696289,55.047217],[77.723535,55.024902],[77.87793,55.008643],[78.033008,54.975488],[78.049121,54.927441],[77.937891,54.891016],[77.807227,54.863037],[77.777148,54.859082],[77.694434,54.831982],[77.643457,54.802734],[77.635938,54.769141],[77.692969,54.741406],[77.729883,54.69209],[77.740625,54.661328],[77.694141,54.63374],[77.599902,54.613818],[77.564648,54.624219],[77.573535,54.646973],[77.52207,54.664746],[77.435156,54.683984],[77.354199,54.693555],[77.245117,54.723145],[77.052246,54.732031],[77.016504,54.730127],[76.943262,54.7146],[76.825977,54.701025],[76.73418,54.716504],[76.75332,54.787109],[76.746973,54.832275],[76.746973,54.832275],[76.746973,54.832275]]]}},{"type":"Feature","properties":{"scalerank":0,"featurecla":"Alkaline Lake","name":"Alaköl","name_alt":"Alakol","note":null,"admin":null,"namepar":null,"min_zoom":4,"min_label":5,"name_abb":"Alakol","label":"Alakol","wikidataid":"Q310547","name_ar":"بحيرة الأكول","name_bn":"আলাকোল","name_de":"Alakölsee","name_en":"Alakol","name_es":"Alakol","name_fr":"Alakol","name_el":"Λίμνη Αλακόλ","name_hi":"अलाकोल","name_hu":"Alakol-tó","name_id":"Alakol","name_it":"Alakol","name_ja":"アラコル湖","name_ko":"알라콜","name_nl":"Alakol","name_pl":"Ała-kol","name_pt":"Alakol","name_ru":"Алаколь","name_sv":"Alakol","name_tr":"Alagöl","name_vi":"Hồ Alakol","name_zh":"阿拉湖","ne_id":1159126789,"name_fa":"آلاکول","name_he":"אגם אלאקול","name_uk":"Алаколь","name_ur":"ایلاکول","name_zht":"阿拉湖"},"bbox":[81.399414,45.764014,82.132715,46.455713],"geometry":{"type":"Polygon","coordinates":[[[82.132715,45.764014],[81.748633,45.871875],[81.554688,45.964795],[81.42666,46.055371],[81.404102,46.151221],[81.409961,46.234863],[81.399414,46.304736],[81.443164,46.392139],[81.529688,46.451807],[81.65,46.455713],[81.761133,46.430859],[81.840625,46.395801],[81.912207,46.35083],[81.975781,46.278564],[82.025293,46.184766],[82.037695,46.079785],[82.063574,45.943848],[82.132715,45.764014],[82.132715,45.764014],[82.132715,45.764014]]]}},{"type":"Feature","properties":{"scalerank":0,"featurecla":"Lake","name":"Hulun Nuur","name_alt":"Hulun Nur","note":null,"admin":null,"namepar":null,"min_zoom":4,"min_label":5,"name_abb":"Hulun Nuur","label":"Hulun Nuur","wikidataid":"Q537374","name_ar":"بحيرة دالاي","name_bn":"হুলুন নূর","name_de":"Hulun","name_en":"Hulun","name_es":"Hulun","name_fr":"Hulun","name_el":"Χουλούν Νουρ","name_hi":"हुलुन नुउर","name_hu":"Hulun Nuur","name_id":"Hulun","name_it":"Hulun","name_ja":"フルン湖","name_ko":"후룬호","name_nl":"Hulun","name_pl":"Hulun Nur","name_pt":"Hulun","name_ru":"Далайнор","name_sv":"Hulunsjön","name_tr":"Hulun","name_vi":"Hô Luân","name_zh":"呼倫湖","ne_id":1159113513,"name_fa":"دریاچه هولون","name_he":"אגם חולון","name_uk":"Гулунь-Нур","name_ur":"ہولون جھیل","name_zht":"呼倫湖"},"bbox":[116.988477,48.561035,118.034668,49.350781],"geometry":{"type":"Polygon","coordinates":[[[117.228906,48.585254],[117.114258,48.561035],[117.088574,48.579102],[117.105469,48.629443],[117.095508,48.704834],[117.014063,48.786426],[116.988477,48.841016],[117.058789,48.906641],[117.225195,49.002539],[117.389453,49.139111],[117.529004,49.269971],[117.635742,49.342139],[117.690137,49.350781],[117.706934,49.321875],[117.688086,49.274268],[117.686133,49.220361],[117.716211,49.180078],[117.748828,49.174365],[117.776367,49.160742],[117.812109,49.125195],[117.899316,49.110254],[118.007227,49.105273],[118.034668,49.071484],[117.964258,49.03501],[117.875391,49.033447],[117.823828,49.05918],[117.772266,49.058789],[117.732813,49.029687],[117.715918,48.986035],[117.515527,48.846484],[117.327637,48.694238],[117.309766,48.636035],[117.228906,48.585254],[117.228906,48.585254],[117.228906,48.585254]]]}},{"type":"Feature","properties":{"scalerank":0,"featurecla":"Lake","name":"Tai Hu","name_alt":null,"note":null,"admin":null,"namepar":null,"min_zoom":4,"min_label":5,"name_abb":"Tai Hu","label":"Tai Hu","wikidataid":"Q140712","name_ar":"بحيرة تاي","name_bn":"তাই হু","name_de":"Tai Hu","name_en":"Tai","name_es":"Taihu","name_fr":"Tai","name_el":"Τάι Χου","name_hi":"ताइहू झील","name_hu":"Taj-tó","name_id":"Taihu","name_it":"Tai Hu","name_ja":"太湖","name_ko":"타이 호","name_nl":"Taihu","name_pl":"Tai Hu","name_pt":"Taihu","name_ru":"Тайху","name_sv":"Tai Hu","name_tr":"Tai","name_vi":"Thái","name_zh":"太湖","ne_id":1159113611,"name_fa":"رود تای","name_he":"טאיהו","name_uk":"Тайху","name_ur":"تائی ہو","name_zht":"太湖"},"bbox":[119.939355,30.935986,120.60166,31.531836],"geometry":{"type":"Polygon","coordinates":[[[120.60166,31.087451],[120.394434,30.970605],[120.236035,30.935986],[120.103223,30.973291],[119.978027,31.091064],[119.939355,31.252979],[119.987402,31.391797],[120.108203,31.491797],[120.218555,31.531836],[120.254395,31.509961],[120.255957,31.494922],[120.251074,31.475488],[120.270898,31.444629],[120.325,31.441699],[120.380371,31.429053],[120.372266,31.385693],[120.331348,31.349512],[120.326465,31.319727],[120.357129,31.269824],[120.391406,31.227051],[120.430664,31.200195],[120.440234,31.15332],[120.394727,31.100391],[120.423047,31.083057],[120.460742,31.080811],[120.539941,31.1271],[120.60166,31.087451],[120.60166,31.087451],[120.60166,31.087451]]]}},{"type":"Feature","properties":{"scalerank":0,"featurecla":"Lake","name":"Nam Co","name_alt":null,"note":null,"admin":null,"namepar":null,"min_zoom":4,"min_label":5,"name_abb":"Nam Co","label":"Nam Co","wikidataid":"Q651294","name_ar":"نامتسو","name_bn":"নাম কো","name_de":"Nam Co","name_en":"Namtso","name_es":"Nam","name_fr":"Namtso","name_el":"Ναμ Κο","name_hi":"नम त्सो","name_hu":"Nam Co","name_id":"Nam Co","name_it":"Namtso","name_ja":"ナムツォ","name_ko":"남초호","name_nl":"Namtso","name_pl":"Nam Co","name_pt":"Lago Nam","name_ru":"Намцо","name_sv":"Namtso","name_tr":"Namtso","name_vi":"Namtso","name_zh":"纳木错","ne_id":1159113637,"name_fa":"نامتسو","name_he":"נאם דין","name_uk":"Намцо","name_ur":"نامتسو","name_zht":"納木錯"},"bbox":[90.288867,30.524219,91.014258,30.923828],"geometry":{"type":"Polygon","coordinates":[[[90.345703,30.524219],[90.313965,30.573193],[90.292188,30.697754],[90.288867,30.846875],[90.35293,30.880176],[90.475977,30.854541],[90.578516,30.828906],[90.650977,30.839697],[90.675781,30.870947],[90.712012,30.894531],[90.865625,30.8854],[90.94375,30.923828],[90.975,30.922656],[91.011719,30.887842],[91.014258,30.83916],[90.932617,30.793408],[90.843262,30.71792],[90.713965,30.641309],[90.596484,30.596436],[90.345703,30.524219],[90.345703,30.524219],[90.345703,30.524219]]]}},{"type":"Feature","properties":{"scalerank":0,"featurecla":"Lake","name":"Bosten Hu","name_alt":null,"note":null,"admin":null,"namepar":null,"min_zoom":4,"min_label":5,"name_abb":"Bosten Hu","label":"Bosten Hu","wikidataid":"Q611206","name_ar":"بحيرة بوستن","name_bn":"বোস্টেন হু","name_de":"Bosten","name_en":"Bosten","name_es":"Bosten","name_fr":"Bosten","name_el":"Μπόστεν Χου","name_hi":"बोस्तेन झील","name_hu":"Boszten-tó","name_id":"Bosten","name_it":"Bosten","name_ja":"ボステン湖","name_ko":"보스텅 호수","name_nl":"Bosten","name_pl":"Bosten Hu","name_pt":"Lago Bosten","name_ru":"Баграшкёль","name_sv":"Bosten","name_tr":"Bosten","name_vi":"Bosten","name_zh":"博斯腾湖","ne_id":1159113927,"name_fa":"بوستن هو","name_he":"בוסטן","name_uk":"Баграшкьоль","name_ur":"بوسٹن ہو","name_zht":"博斯騰湖"},"bbox":[86.728027,41.825488,87.375195,42.108105],"geometry":{"type":"Polygon","coordinates":[[[87.375195,41.851025],[87.25918,41.893652],[87.102148,41.900879],[86.893945,41.869873],[86.753418,41.825488],[86.728027,41.850342],[86.735059,41.902783],[86.794922,41.974756],[86.828613,42.07251],[86.888965,42.108105],[87.007715,42.084473],[87.315332,42.016748],[87.375195,41.907715],[87.375195,41.851025],[87.375195,41.851025],[87.375195,41.851025]]]}},{"type":"Feature","properties":{"scalerank":0,"featurecla":"Lake","name":"Poyang Hu","name_alt":null,"note":null,"admin":null,"namepar":null,"min_zoom":4,"min_label":5,"name_abb":"Poyang Hu","label":"Poyang Hu","wikidataid":"Q207690","name_ar":"بحيرة بويانغ","name_bn":"পোয়াং হু","name_de":"Poyang","name_en":"Poyang","name_es":"Poyang","name_fr":"Poyang","name_el":"Πουανγκ Χου","name_hi":"पोयांग झील","name_hu":"Poyang Hu","name_id":"Poyang","name_it":"Poyang","name_ja":"鄱陽湖","name_ko":"포양호","name_nl":"Poyangmeer","name_pl":"Poyang Hu","name_pt":"Poyang","name_ru":"Поянху","name_sv":"Poyangsjön","name_tr":"Poyang","name_vi":"Bà Dương","name_zh":"鄱阳湖","ne_id":1159114015,"name_fa":"دریاچه پویانگ","name_he":"אגם פויאנג","name_uk":"Поянху","name_ur":"پویانگ ہو","name_zht":"鄱陽湖"},"bbox":[115.965039,28.803809,116.708594,29.751367],"geometry":{"type":"Polygon","coordinates":[[[116.705762,29.13623],[116.708594,29.102393],[116.672363,29.097607],[116.634668,29.101904],[116.617773,29.115234],[116.581055,29.128271],[116.521094,29.143262],[116.495508,29.122412],[116.477246,29.043018],[116.503223,28.953027],[116.530078,28.894482],[116.536621,28.845459],[116.511523,28.803809],[116.468457,28.805176],[116.441406,28.859521],[116.418066,28.879687],[116.40918,28.905273],[116.347754,28.905713],[116.329102,28.960938],[116.097266,29.105908],[116.063867,29.148877],[116.047266,29.190234],[115.981836,29.279199],[115.965039,29.311377],[116.001953,29.394336],[116.025977,29.45293],[116.090625,29.555273],[116.11748,29.653125],[116.099609,29.687988],[116.082324,29.702539],[116.113086,29.725879],[116.180469,29.751221],[116.197559,29.751367],[116.229688,29.698389],[116.234766,29.665869],[116.207422,29.64502],[116.198926,29.603516],[116.180664,29.572656],[116.158984,29.518848],[116.144531,29.453564],[116.109766,29.426611],[116.115137,29.401855],[116.142773,29.386475],[116.187891,29.382031],[116.196094,29.361572],[116.152832,29.33418],[116.136621,29.309326],[116.15293,29.252588],[116.310449,29.231543],[116.343359,29.23374],[116.368457,29.22251],[116.358008,29.185645],[116.361914,29.15376],[116.406836,29.176221],[116.439941,29.236133],[116.468652,29.250098],[116.540332,29.240234],[116.603906,29.23667],[116.640137,29.23667],[116.663672,29.226123],[116.66084,29.190234],[116.673535,29.158691],[116.705762,29.13623],[116.705762,29.13623],[116.705762,29.13623]]]}},{"type":"Feature","properties":{"scalerank":0,"featurecla":"Lake","name":"Daguan Hu","name_alt":null,"note":null,"admin":null,"namepar":null,"min_zoom":4,"min_label":5,"name_abb":"Daguan Hu","label":"Daguan Hu","wikidataid":"Q10934898","name_ar":"بحيرة داغوان","name_bn":"দাগুয়ান হু","name_de":"Daguan Hu","name_en":"Daguan Lake","name_es":"Daguan Hu","name_fr":"Daguan Lake","name_el":"Νταγκουάν Χου","name_hi":"डगुआन हु","name_hu":"Daguan Hu","name_id":"Danau Daguan","name_it":"Daguan Hu","name_ja":"大官湖","name_ko":"다관 후","name_nl":"Daguan Lake","name_pl":"Jezioro Daguan","name_pt":"Lago Daguan","name_ru":"озеро Дагуан","name_sv":"Daguan Hu","name_tr":"Daguan Hu","name_vi":"Hồ Đại Quan","name_zh":"大官湖","ne_id":1159114031,"name_fa":"داگوآن هو","name_he":"דגואן","name_uk":"Дагуан Ху","name_ur":"ڈیگوان ہو","name_zht":"大官湖"},"bbox":[116.256934,29.964404,116.519922,30.093506],"geometry":{"type":"Polygon","coordinates":[[[116.46084,30.054541],[116.496191,30.020166],[116.519922,29.988232],[116.497949,29.964404],[116.388086,29.965967],[116.289941,29.993604],[116.258789,30.048096],[116.256934,30.093506],[116.281055,30.079248],[116.297656,30.086133],[116.327051,30.086816],[116.386035,30.069287],[116.441699,30.077246],[116.46084,30.054541],[116.46084,30.054541],[116.46084,30.054541]]]}},{"type":"Feature","properties":{"scalerank":0,"featurecla":"Lake","name":"Long Hu","name_alt":null,"note":null,"admin":null,"namepar":null,"min_zoom":4,"min_label":5,"name_abb":"Long Hu","label":"Long Hu","wikidataid":"Q6673852","name_ar":"بحيرة لونج","name_bn":"লং হু","name_de":"Longhu","name_en":"Longgan","name_es":"Longgan","name_fr":"Longhu","name_el":"Λονγκ Χου","name_hi":"लॉन्ग हू","name_hu":"Long Hu","name_id":"Long Hu","name_it":"Long Hu","name_ja":"龍湖","name_ko":"롱 후","name_nl":"Longhu Lake","name_pl":"Jezioro Long","name_pt":"Lago Long","name_ru":"озеро Лунху","name_sv":"Longgan Hu","name_tr":"Long Hu","name_vi":"Long Hồ","name_zh":"龙感湖","ne_id":1159114049,"name_fa":"لونگ هو","name_he":"אגם לונג","name_uk":"Лонгху","name_ur":"لانگ ہو","name_zht":"龙感湖"},"bbox":[115.977441,29.881104,116.259766,30.061035],"geometry":{"type":"Polygon","coordinates":[[[116.195117,30.0375],[116.195117,30.0375],[116.195117,30.0375],[116.195117,30.0375],[116.241699,30.032129],[116.252539,30.0104],[116.259766,29.976367],[116.253613,29.935059],[116.211133,29.907617],[116.130957,29.897559],[116.044141,29.881104],[115.977441,29.95166],[115.985352,30.016064],[116.073242,30.000391],[116.118262,30.000391],[116.128906,30.026172],[116.150391,30.061035],[116.195117,30.0375]]]}},{"type":"Feature","properties":{"scalerank":0,"featurecla":"Lake","name":"Liangzi Hu","name_alt":null,"note":null,"admin":null,"namepar":null,"min_zoom":4,"min_label":5,"name_abb":"Liangzi Hu","label":"Liangzi Hu","wikidataid":"Q7374197","name_ar":"بحيرة ليانغزي","name_bn":"লিয়াংজি হু","name_de":"Liangzi-See","name_en":"Liangzi","name_es":"Liangzi Hu","name_fr":"Lac Liangzi","name_el":"Λιανγκζί Χου","name_hi":"लिआंगज़ी हु","name_hu":"Liangzi Hu","name_id":"Liangzi","name_it":"Liangzi Hu","name_ja":"梁子湖","name_ko":"량지 후","name_nl":"Liangzi Lake","name_pl":"Jezioro Liangzi","name_pt":"Lago Liangzi","name_ru":"озеро Лянцзыху","name_sv":"Liangzi Hu","name_tr":"Liangzi Hu","name_vi":"Hồ Lương Tử","name_zh":"梁子湖","ne_id":1159114069,"name_fa":"لیانگزی هو","name_he":"אגם ליאנגזי","name_uk":"Ліангці","name_ur":"لیانگزی ہو","name_zht":"梁子湖"},"bbox":[114.350488,30.084668,114.641699,30.366211],"geometry":{"type":"Polygon","coordinates":[[[114.350488,30.195996],[114.371094,30.210596],[114.394922,30.23623],[114.405859,30.267822],[114.443555,30.285156],[114.495801,30.289404],[114.501172,30.310547],[114.474414,30.333252],[114.458008,30.364404],[114.501172,30.366211],[114.539453,30.34502],[114.602832,30.299512],[114.62334,30.257666],[114.641699,30.13291],[114.623438,30.095898],[114.581152,30.137207],[114.54248,30.188184],[114.50918,30.193896],[114.473828,30.158496],[114.445215,30.084668],[114.408398,30.106445],[114.365234,30.165137],[114.350488,30.195996],[114.350488,30.195996],[114.350488,30.195996]]]}},{"type":"Feature","properties":{"scalerank":0,"featurecla":"Lake","name":"Siling Co","name_alt":null,"note":null,"admin":null,"namepar":null,"min_zoom":4,"min_label":5,"name_abb":"Siling Co","label":"Siling Co","wikidataid":"Q1404973","name_ar":"بحيرة سيلنج","name_bn":"সাইলিং কো","name_de":"Serling Tsho","name_en":"Siling","name_es":"Siling","name_fr":"Siling","name_el":"Σίλινγκ Κο","name_hi":"सिलिंग को","name_hu":"Siling Co","name_id":"Siling Co","name_it":"Siling Co","name_ja":"色林錯","name_ko":"실링 코","name_nl":"Serling Tso","name_pl":"Jezioro Siling","name_pt":"Siling","name_ru":"Силинг-Цо","name_sv":"Siling Co","name_tr":"Siling Co","name_vi":"Siling","name_zh":"色林错","ne_id":1159114083,"name_fa":"سیلینگ کو","name_he":"אגם סילינג","name_uk":"Сілінгко","name_ur":"سائلنگ کو","name_zht":"色林错"},"bbox":[88.566309,31.595605,89.32334,31.918018],"geometry":{"type":"Polygon","coordinates":[[[89.317578,31.794189],[89.286523,31.787549],[89.253223,31.749121],[89.211328,31.678711],[89.138086,31.601562],[89.05752,31.595605],[88.989062,31.608691],[88.945508,31.624512],[88.937305,31.65752],[88.948242,31.700391],[88.926953,31.728027],[88.849805,31.725879],[88.763672,31.711621],[88.68457,31.729492],[88.608008,31.79624],[88.566309,31.843994],[88.607813,31.880078],[88.704004,31.86665],[88.759082,31.833838],[88.789258,31.828564],[88.813672,31.841064],[88.864258,31.887402],[88.968457,31.918018],[89.120215,31.912744],[89.266309,31.872314],[89.32334,31.823389],[89.317578,31.794189],[89.317578,31.794189],[89.317578,31.794189]]]}},{"type":"Feature","properties":{"scalerank":0,"featurecla":"Lake","name":"Har Us Nuur","name_alt":null,"note":null,"admin":null,"namepar":null,"min_zoom":4,"min_label":5,"name_abb":"Har Us Nuur","label":"Har Us Nuur","wikidataid":"Q1323267","name_ar":"بحيرة خار-أس","name_bn":"হার উস নুর","name_de":"Khar-Us-Nuur","name_en":"Khar-Us","name_es":"Khar-Us","name_fr":"Khar-Us","name_el":"Χαρ Ους Νουρ","name_hi":"हर उस नूर","name_hu":"Har-Usz-tó","name_id":"Har Us Nuur","name_it":"Har-Us nuur","name_ja":"ハル・ウス・ヌール","name_ko":"하 우스 누르","name_nl":"Khar-Us","name_pl":"Char Us nuur","name_pt":"Khar-Us","name_ru":"Хар-Ус-Нуур","name_sv":"Har Us Nuur","name_tr":"Khar-Us","name_vi":"Khar-Us","name_zh":"哈尔乌苏湖","ne_id":1159114107,"name_fa":"هار آس نور","name_he":"האר אוס","name_uk":"Хара-Ус-Нур","name_ur":"ہار اس نور","name_zht":"哈爾烏蘇湖"},"bbox":[91.976172,47.768652,92.801953,48.360791],"geometry":{"type":"Polygon","coordinates":[[[92.786621,48.178174],[92.621777,48.097803],[92.442187,48.030225],[92.353516,47.964209],[92.27998,47.850635],[92.200293,47.768652],[92.08418,47.815723],[91.99082,47.933008],[91.976172,48.009668],[92.105078,48.054395],[92.248633,48.130078],[92.25,48.263379],[92.287012,48.352197],[92.362891,48.360791],[92.424902,48.360107],[92.483203,48.338916],[92.401855,48.237402],[92.404688,48.156396],[92.479688,48.138135],[92.543652,48.138379],[92.643359,48.193115],[92.64541,48.270898],[92.638281,48.32998],[92.732813,48.310449],[92.801953,48.25293],[92.786621,48.178174],[92.786621,48.178174],[92.786621,48.178174]]]}},{"type":"Feature","properties":{"scalerank":0,"featurecla":"Lake","name":"Ayakkum Hu","name_alt":null,"note":null,"admin":null,"namepar":null,"min_zoom":4.7,"min_label":6,"name_abb":"Ayakkum Hu","label":"Ayakkum Hu","wikidataid":"Q631714","name_ar":"بحيرة أياكوم","name_bn":"আয়াক্কুম হু","name_de":"Ayakkum Hu","name_en":"Ayakum","name_es":"Ayakum","name_fr":"Lake Ayakum","name_el":"Αιακούμ Χου","name_hi":"अयाक्कुम हु","name_hu":"Ayakkum-tó","name_id":"Danau Ayakkum","name_it":"Ayakum","name_ja":"アヤクム湖","name_ko":"아야쿰 후","name_nl":"Lake Ayakum","name_pl":"Jezioro Ayakkum","name_pt":"Lago Ayakum","name_ru":"Аяккумкёль","name_sv":"Ayakkum Hu","name_tr":"Ayakum Gölü","name_vi":"Ayakum","name_zh":"阿雅克库木湖","ne_id":1159114215,"name_fa":"آیاکوم هو","name_he":"אגם איאקום","name_uk":"Аякум","name_ur":"آیاکم ہو","name_zht":"阿雅克庫木湖"},"bbox":[89.082031,37.485352,89.645215,37.63252],"geometry":{"type":"Polygon","coordinates":[[[89.610938,37.495166],[89.513867,37.485352],[89.365137,37.504199],[89.228418,37.527539],[89.144727,37.538477],[89.097461,37.560352],[89.082031,37.586572],[89.14668,37.597852],[89.27666,37.614893],[89.396484,37.63252],[89.486914,37.627734],[89.565039,37.613037],[89.618457,37.594336],[89.644922,37.575342],[89.639063,37.552783],[89.640039,37.526855],[89.645215,37.509912],[89.610938,37.495166],[89.610938,37.495166],[89.610938,37.495166],[89.610938,37.495166]]]}},{"type":"Feature","properties":{"scalerank":0,"featurecla":"Reservoir","name":"Nam Ngum Reservoir","name_alt":null,"note":null,"admin":null,"namepar":null,"min_zoom":4.7,"min_label":6,"name_abb":"Nam Ngum Res.","label":"Nam Ngum Reservoir","wikidataid":"Q6132621","name_ar":"خزان نام نجوم","name_bn":"নাম এঙ্গুম রিজার্ভার","name_de":"Nam-Ngum-Talsperre","name_en":"Nam Ngum Dam","name_es":"Presa Nam Ngum","name_fr":"Barrage Nam Ngum","name_el":"Τεχνητή Λίμνη Ναμ Νγκουμ","name_hi":"नम नगम जलाशय","name_hu":"Nam Ngum-víztározó","name_id":"Bendungan Nam Ngum","name_it":"diga di Nam Ngum","name_ja":"ナムグムダム","name_ko":"남응음 댐","name_nl":"dam von Ang Nam Ngum","name_pl":"Zbiornik Nam Ngum","name_pt":"Represa de Nam Ngum","name_ru":"водохранилище Нэм-Нгам","name_sv":"Nam Ngum Dam","name_tr":"Nam Ngum Rezervuarı","name_vi":"Thủy điện Nam Ngum","name_zh":"塔什幹日本滯留者墓地","ne_id":1159125069,"name_fa":"سد نام ناگم","name_he":"נאמאקזאר-אה שאדאד","name_uk":"ГЕС Нам-Нгум 1","name_ur":"نام نگم ریزروائر","name_zht":"塔什幹日本滯留者墓地"},"bbox":[102.505859,18.449902,102.894141,18.758691],"geometry":{"type":"Polygon","coordinates":[[[102.878516,18.52666],[102.825879,18.526611],[102.719434,18.497266],[102.675488,18.465381],[102.646484,18.449902],[102.614551,18.476465],[102.570898,18.559814],[102.545508,18.615381],[102.52666,18.669043],[102.505859,18.745703],[102.526953,18.758691],[102.560645,18.735156],[102.581836,18.695996],[102.62207,18.680664],[102.638477,18.673242],[102.659375,18.662256],[102.703613,18.656982],[102.74668,18.650342],[102.75332,18.598779],[102.791211,18.568652],[102.851367,18.550488],[102.884668,18.544043],[102.894141,18.54126],[102.878516,18.52666],[102.878516,18.52666],[102.878516,18.52666]]]}},{"type":"Feature","properties":{"scalerank":0,"featurecla":"Lake","name":"Gaoyou Hu","name_alt":null,"note":null,"admin":null,"namepar":null,"min_zoom":4.7,"min_label":6,"name_abb":"Gaoyou Hu","label":"Gaoyou Hu","wikidataid":"Q630331","name_ar":"بحيرة جاويو","name_bn":"গাওইউ হু","name_de":"Gaoyou Hu","name_en":"Gaoyou","name_es":"Gaoyou","name_fr":"Gaoyou Lake","name_el":"Γκαογού Χου","name_hi":"गाओउ हु","name_hu":"Gaoyou Hu","name_id":"Danau Gaoyou","name_it":"Gaoyou Hu","name_ja":"高郵湖","name_ko":"가오유 후","name_nl":"Gaoyou Lake","name_pl":"Gaoyou Hu","name_pt":"Lago Gaoyou","name_ru":"Гаоюху","name_sv":"Gaoyou Hu","name_tr":"Gaoyou Hu","name_vi":"Hồ Cao Bưu","name_zh":"高邮湖","ne_id":1159114321,"name_fa":"گائویو هو","name_he":"גאיו","name_uk":"озеро Гаою","name_ur":"گاؤیو ہو","name_zht":"高郵湖"},"bbox":[118.881836,32.685742,119.406836,33.200781],"geometry":{"type":"Polygon","coordinates":[[[119.406836,32.793555],[119.391504,32.75127],[119.35,32.749463],[119.299805,32.747949],[119.253418,32.736182],[119.200977,32.690967],[119.173438,32.685742],[119.164844,32.705615],[119.146973,32.753125],[119.125391,32.798047],[119.092188,32.836377],[119.079395,32.854541],[119.08418,32.865967],[119.130273,32.877197],[119.187695,32.87793],[119.228516,32.882178],[119.241895,32.896436],[119.240723,32.918604],[119.253125,32.943115],[119.251172,32.978027],[119.244922,33.013184],[119.263965,33.033984],[119.296484,33.041309],[119.314453,33.054395],[119.303125,33.085156],[119.268555,33.12085],[119.236914,33.154297],[119.215234,33.15625],[119.179688,33.148242],[119.167773,33.117578],[119.164258,33.089844],[119.153809,33.064502],[119.099219,33.026953],[119.034766,33.030957],[118.965625,33.037695],[118.906543,33.058154],[118.881836,33.077344],[118.957227,33.071094],[119.059375,33.05791],[119.102246,33.068994],[119.13457,33.144092],[119.169922,33.186084],[119.226172,33.199902],[119.254102,33.200781],[119.303711,33.164014],[119.349023,33.077783],[119.345703,33.023633],[119.372266,33.000391],[119.396973,32.91582],[119.406836,32.793555],[119.406836,32.793555],[119.406836,32.793555],[119.406836,32.793555]]]}},{"type":"Feature","properties":{"scalerank":0,"featurecla":"Lake","name":"Po Hu","name_alt":null,"note":null,"admin":null,"namepar":null,"min_zoom":4.7,"min_label":6,"name_abb":"Po Hu","label":"Po Hu","wikidataid":"Q11143308","name_ar":"بحيرة بو","name_bn":"পো হু","name_de":"Pohu Lake","name_en":"Po","name_es":"Po Hu","name_fr":"Pohu","name_el":"Πο Χου","name_hi":"पो हु","name_hu":"Po Hu","name_id":"Po Hu","name_it":"Po Hu","name_ja":"泊湖","name_ko":"포 후","name_nl":"Pohu Lake","name_pl":"Jezioro Po","name_pt":"Lago Po","name_ru":"озеро Боху","name_sv":"Po Hu","name_tr":"Po Hu","name_vi":"Bạc Hồ","name_zh":"泊湖","ne_id":1159114699,"name_fa":"پو هو","name_he":"אגם פה","name_uk":"По ху","name_ur":"پو ہو","name_zht":"泊湖"},"bbox":[116.314453,30.078174,116.54043,30.245312],"geometry":{"type":"Polygon","coordinates":[[[116.423828,30.108252],[116.400781,30.117627],[116.386621,30.142578],[116.373438,30.160645],[116.350879,30.174561],[116.316992,30.203223],[116.314453,30.230273],[116.335059,30.234473],[116.356934,30.245312],[116.371484,30.244141],[116.390234,30.223682],[116.443359,30.206934],[116.471973,30.204199],[116.51377,30.208398],[116.539062,30.206787],[116.54043,30.180029],[116.526953,30.149121],[116.525293,30.115771],[116.525586,30.089307],[116.50625,30.078174],[116.49375,30.085156],[116.468359,30.10376],[116.423828,30.108252],[116.423828,30.108252],[116.423828,30.108252],[116.423828,30.108252]]]}},{"type":"Feature","properties":{"scalerank":0,"featurecla":"Lake","name":"Buyr Nuur","name_alt":"Buir Nur","note":null,"admin":null,"namepar":null,"min_zoom":4.7,"min_label":6,"name_abb":"Buyr Nuur","label":"Buyr Nuur","wikidataid":"Q715788","name_ar":"بحيرة بوار","name_bn":"বুয়ার নূর","name_de":"Buir Nur","name_en":"Buir","name_es":"Buir","name_fr":"Buir","name_el":"Μπουρ Νουρ","name_hi":"बुय्र नूर","name_hu":"Bujr-tó","name_id":"Buir","name_it":"Bujr nuur","name_ja":"ブイル湖","name_ko":"부이르호","name_nl":"Buir","name_pl":"Bujr nuur","name_pt":"Lago Buir","name_ru":"Буйр-Нуур","name_sv":"Buyr Nuur","name_tr":"Buyr","name_vi":"Buir","name_zh":"贝尔湖","ne_id":1159114715,"name_fa":"بویر نور","name_he":"בויר","name_uk":"Буйр-Нуур","name_ur":"بائر نور","name_zht":"貝爾湖"},"bbox":[117.529004,47.666016,117.868555,47.961182],"geometry":{"type":"Polygon","coordinates":[[[117.581055,47.685645],[117.558398,47.709863],[117.529004,47.738672],[117.530762,47.776416],[117.569531,47.835498],[117.6375,47.90127],[117.70918,47.94751],[117.764453,47.961182],[117.801074,47.950049],[117.84082,47.910498],[117.868555,47.864844],[117.855859,47.825439],[117.806055,47.772412],[117.729199,47.718262],[117.654883,47.67998],[117.606152,47.666016],[117.58584,47.671143],[117.581055,47.685645],[117.581055,47.685645],[117.581055,47.685645],[117.581055,47.685645]]]}},{"type":"Feature","properties":{"scalerank":0,"featurecla":"Lake","name":"Ngangla Ringeo","name_alt":null,"note":null,"admin":null,"namepar":null,"min_zoom":4.7,"min_label":6,"name_abb":"Ngangla Ringeo","label":"Ngangla Ringeo","wikidataid":"Q4761833","name_ar":"نغانجلا رينجيو","name_bn":"এঙ্গাংলা রিনেগিও","name_de":"Ngangla Ringeo","name_en":"Ang Laren","name_es":"Ngangla Ringeo","name_fr":"Ngangla Ringeo","name_el":"Νγκάνγκλα Κάνγκρι","name_hi":"एनगांग्ला रिंगियो","name_hu":"Ngangla Ringeo","name_id":"Ngangla Ringeo","name_it":"Ngangla Ringeo","name_ja":"ンガンラ・リンゲオ","name_ko":"응강라 링게오","name_nl":"Ngangla Ringeo","name_pl":"Ngangla Ringeo","name_pt":"Ngangla Ringeo","name_ru":"озеро Нгангле-Ринцо","name_sv":"Ngangla Ringco","name_tr":"Ngangla Ringeo","name_vi":"Hồ Ngangla Ringeo","name_zh":"昂拉仁错","ne_id":1159114735,"name_fa":"نگانگلا رینگئو","name_he":"אגם ננגלה רינגו","name_uk":"Нгангла Рінгео","name_ur":"انگانگلا رنگیو","name_zht":"昂拉仁错"},"bbox":[82.837305,31.445117,83.34082,31.65166],"geometry":{"type":"Polygon","coordinates":[[[83.230273,31.463525],[83.201074,31.464258],[83.094336,31.491992],[82.99082,31.515088],[82.912598,31.51709],[82.857129,31.540967],[82.837305,31.564355],[82.894434,31.574756],[82.927832,31.596094],[82.933887,31.612451],[82.973828,31.627441],[83.05957,31.641113],[83.100098,31.65166],[83.141504,31.59668],[83.208789,31.556689],[83.290039,31.508301],[83.34082,31.461621],[83.333203,31.445117],[83.296094,31.44624],[83.230273,31.463525],[83.230273,31.463525],[83.230273,31.463525]]]}},{"type":"Feature","properties":{"scalerank":0,"featurecla":"Lake","name":"Tangra Yumco","name_alt":null,"note":null,"admin":null,"namepar":null,"min_zoom":4.7,"min_label":6,"name_abb":"Tangra Yumco","label":"Tangra Yumco","wikidataid":"Q659377","name_ar":"تانجرا يومكو","name_bn":"ট্যাংরা ইয়ামকো","name_de":"Tangra Yumco","name_en":"Tangra Yumco","name_es":"Tangra Yumco","name_fr":"Tangra Yumco","name_el":"Τάνγκρα Γιούμκο","name_hi":"तंगरा युमको","name_hu":"Tangra Yumco","name_id":"Tangra Yumco","name_it":"Tangra Yumco","name_ja":"タンラ・ユムツォ","name_ko":"탕그라 윰코","name_nl":"Tangra Yumco","name_pl":"Tangra Yumco","name_pt":"Tangra Yumco","name_ru":"Данграюм","name_sv":"Tangra Yumco","name_tr":"Tangra Yumco","name_vi":"Hồ Tangra Yumco","name_zh":"当惹雍错","ne_id":1159114759,"name_fa":"تانگرا یومکو","name_he":"אגם טאנגרה יומקו","name_uk":"Тангра Юмко","name_ur":"تانگرا یمکو","name_zht":"当惹雍错"},"bbox":[86.396289,30.795215,86.777344,31.36665],"geometry":{"type":"Polygon","coordinates":[[[86.777344,31.166162],[86.763965,31.135596],[86.704395,31.122852],[86.628027,31.084375],[86.607324,31.034082],[86.565039,30.943213],[86.522656,30.857764],[86.493945,30.811035],[86.456641,30.795215],[86.419434,30.807031],[86.397168,30.840283],[86.396289,30.870947],[86.412207,30.893896],[86.445117,30.951562],[86.516016,31.05752],[86.607031,31.221143],[86.653906,31.36665],[86.741895,31.341895],[86.765234,31.256348],[86.777344,31.166162],[86.777344,31.166162],[86.777344,31.166162],[86.777344,31.166162]]]}},{"type":"Feature","properties":{"scalerank":0,"featurecla":"Lake","name":"Ozero Kulundinskoye","name_alt":"L. Kulundinskoye","note":null,"admin":null,"namepar":null,"min_zoom":4.7,"min_label":6,"name_abb":"O. Kulundinskoye","label":"Ozero Kulundinskoye","wikidataid":"Q731761","name_ar":"بحيرة كولوندينسكوي","name_bn":"ওজেরো কুলুন্দিনস্কোয়ে","name_de":"Kulundasee","name_en":"Kulundinskoe","name_es":"Kulunda","name_fr":"Koulounda","name_el":"Οζέρο Κουλουντίνσκογιε","name_hi":"ओज़ेरो कुलुंडिनस्कॉय","name_hu":"Kulunda-tó","name_id":"Danau Kulundinskoye","name_it":"Kulunda","name_ja":"クルンジスコエ湖","name_ko":"오제로 쿨룬딘스코예","name_nl":"Koeloendameer","name_pl":"Jezioro Kułundyńskie","name_pt":"Lago Kulundinskoye","name_ru":"Кулундинское озеро","name_sv":"Ozero Kulundinskoje","name_tr":"Kulundin","name_vi":"Hồ Kulundinskoye","name_zh":"庫倫達湖","ne_id":1159114777,"name_fa":"اوزرو کولوندینسکویه","name_he":"אגם קולונדינסקויה","name_uk":"Кулундинське озеро","name_ur":"اوزیرو کولونڈنسکوئے","name_zht":"庫倫達湖"},"bbox":[79.386523,52.829834,79.809375,53.143457],"geometry":{"type":"Polygon","coordinates":[[[79.769727,52.967139],[79.744434,52.932471],[79.73125,52.899512],[79.735645,52.872949],[79.750195,52.85957],[79.733594,52.841895],[79.691406,52.829834],[79.603125,52.837207],[79.516602,52.858203],[79.451074,52.899121],[79.4,52.943994],[79.386719,52.97417],[79.386523,53.006641],[79.399316,53.041357],[79.426953,53.075586],[79.472266,53.101953],[79.594336,53.143457],[79.6375,53.137305],[79.69541,53.118457],[79.737793,53.092041],[79.766602,53.04834],[79.790625,53.012256],[79.809375,52.996094],[79.769727,52.967139],[79.769727,52.967139],[79.769727,52.967139]]]}},{"type":"Feature","properties":{"scalerank":0,"featurecla":"Lake","name":"Siletitengiz Köli","name_alt":null,"note":null,"admin":null,"namepar":null,"min_zoom":4.7,"min_label":6,"name_abb":"Siletitengiz Kli","label":"Siletitengiz Kli","wikidataid":"Q4244492","name_ar":"سايلتينتيتنغز كلي","name_bn":"সাইলেটিটেনিজ ক্লি","name_de":"Siletitengiz Köli","name_en":"Siletiteniz","name_es":"Lago Seletyteniz","name_fr":"Siletitengiz Koli","name_el":"Σιλετιτενγκίζ Κλι","name_hi":"सिलेटिटेंगिज़ क्ली","name_hu":"Siletitengiz Kli","name_id":"Siletitengiz Kli","name_it":"Siletitengiz Kli","name_ja":"セレティテニス湖","name_ko":"실레티텐기즈 클리","name_nl":"Seletyteniz","name_pl":"Siletitengiz Kli","name_pt":"Lago Seletyteniz","name_ru":"Селетытениз","name_sv":"Siletitengiz Köli","name_tr":"Siletiteniz","name_vi":"Hồ Siletitengiz Kli","name_zh":"谢列特田吉兹湖","ne_id":1159114787,"name_fa":"سیلتیتنگیز کلی","name_he":"אגם סילטיטנגיז","name_uk":"Сілетітеніз","name_ur":"سیلےٹیٹینگز کلی","name_zht":"谢列特田吉兹湖"},"bbox":[72.922656,53.06958,73.423926,53.397607],"geometry":{"type":"Polygon","coordinates":[[[73.386523,53.06958],[73.325098,53.113379],[73.197266,53.205273],[73.087793,53.268945],[73.013867,53.270947],[72.958496,53.249658],[72.93291,53.259863],[72.922656,53.280811],[72.957324,53.309082],[72.980762,53.343848],[72.986914,53.368262],[73.031055,53.38418],[73.108789,53.395215],[73.203613,53.397607],[73.321094,53.382178],[73.40498,53.360986],[73.423926,53.337012],[73.421289,53.254736],[73.418555,53.153906],[73.408008,53.108252],[73.403125,53.0875],[73.406543,53.07168],[73.386523,53.06958],[73.386523,53.06958],[73.386523,53.06958],[73.386523,53.06958]]]}},{"type":"Feature","properties":{"scalerank":0,"featurecla":"Lake","name":"Ubinskoye Lake","name_alt":null,"note":null,"admin":null,"namepar":null,"min_zoom":4.7,"min_label":6,"name_abb":"Ubinskoye L.","label":"Ubinskoye Lake","wikidataid":"Q1115650","name_ar":"بحيرة أوبينسكوي","name_bn":"উবিনস্কয় লেক","name_de":"Lake Ubinskoye","name_en":"Ubinskoye","name_es":"Ubinskoe","name_fr":"Lac Ubinskoye","name_el":"Λίμνη Ουμπίνσκογιε","name_hi":"उबिंस्कॉय झील","name_hu":"Ubinszkoje-tó","name_id":"Danau Ubinskoye","name_it":"Ubinskoye Lake","name_ja":"ウビンスコエ湖","name_ko":"우빈스코예 레이크","name_nl":"Oebinskoe","name_pl":"Jezioro Ubinskoje","name_pt":"Lago Ubinskoye","name_ru":"Убинское","name_sv":"Ubinskoje","name_tr":"Ubinskoye Gölü","name_vi":"Hồ Ubinskoye","name_zh":"乌宾斯科耶湖","ne_id":1159114805,"name_fa":"دریاچه اوبینسکویه","name_he":"אגם אובינסקויה","name_uk":"Убінське","name_ur":"اوبنسکوئی جھیل","name_zht":"烏賓斯科耶湖"},"bbox":[79.822949,55.385059,80.32793,55.563721],"geometry":{"type":"Polygon","coordinates":[[[80.32793,55.539941],[80.308105,55.49375],[80.208203,55.452002],[80.099609,55.412744],[79.986523,55.38999],[79.898047,55.385059],[79.847266,55.396826],[79.823242,55.422559],[79.822949,55.452002],[79.88125,55.479102],[79.983984,55.515625],[80.085547,55.549951],[80.185547,55.563721],[80.268555,55.560693],[80.304785,55.562988],[80.32793,55.539941],[80.32793,55.539941],[80.32793,55.539941]]]}},{"type":"Feature","properties":{"scalerank":0,"featurecla":"Lake","name":"Yamzho Yumco","name_alt":null,"note":null,"admin":null,"namepar":null,"min_zoom":4.7,"min_label":6,"name_abb":"Yamzho Yumco","label":"Yamzho Yumco","wikidataid":"Q939604","name_ar":"بحيرة يامدروك","name_bn":"ইয়ামড্রক হ্রদ","name_de":"Yamzhog Yumco","name_en":"Yamdrok","name_es":"Yamdrok","name_fr":"Yamdrok-Tso","name_el":"Γιάμζο Γιο΄ύμκο","name_hi":"यमद्रोक झील","name_hu":"Jamdok-tó","name_id":"Yamdrok","name_it":"Yamzho Yumco","name_ja":"ヤムドク湖","name_ko":"암드록쵸 호수","name_nl":"Yamdrok","name_pl":"Yamzho Yumco","name_pt":"Lago Yamdrok","name_ru":"Ямджо-Юмцо","name_sv":"Yamzho Yumco","name_tr":"Yamdrok","name_vi":"Yamdrok","name_zh":"羊卓雍错","ne_id":1159114885,"name_fa":"یامژو یومکو","name_he":"אגם יאמזו יומקו","name_uk":"Ямжжо-Юмцо","name_ur":"یامزو یمکو","name_zht":"羊卓雍錯"},"bbox":[90.386328,28.78623,91.002539,29.211133],"geometry":{"type":"Polygon","coordinates":[[[90.930859,28.923291],[90.889746,28.933545],[90.866699,28.9271],[90.855859,28.927783],[90.834668,28.932861],[90.808398,28.938232],[90.768066,28.914307],[90.751563,28.874854],[90.739258,28.865625],[90.715137,28.88252],[90.67002,28.863867],[90.631445,28.838037],[90.590332,28.797119],[90.566113,28.787207],[90.534668,28.78623],[90.508203,28.804492],[90.478711,28.834961],[90.453516,28.859619],[90.447363,28.877539],[90.455859,28.887109],[90.473828,28.884863],[90.491797,28.869824],[90.510254,28.859277],[90.530273,28.860986],[90.560547,28.873975],[90.593555,28.902637],[90.621094,28.939062],[90.646973,28.974609],[90.672461,29.01084],[90.664062,29.046582],[90.65918,29.088672],[90.653516,29.126025],[90.630176,29.150879],[90.589746,29.167139],[90.534473,29.164941],[90.477148,29.14502],[90.423633,29.111328],[90.388086,29.093164],[90.386328,29.107422],[90.424219,29.137695],[90.50293,29.188086],[90.562012,29.211133],[90.632617,29.192383],[90.691602,29.161377],[90.729297,29.129932],[90.725684,29.108545],[90.71875,29.093555],[90.720996,29.072314],[90.730469,29.05166],[90.768066,29.012305],[90.788184,28.990771],[90.828809,28.989355],[90.844434,29.012793],[90.876172,29.023779],[90.918945,29.02085],[90.963086,29.003027],[90.99248,28.977979],[90.988184,28.950537],[91.002539,28.904346],[90.992773,28.892285],[90.955664,28.911816],[90.930859,28.923291],[90.930859,28.923291],[90.930859,28.923291],[90.930859,28.923291]]]}},{"type":"Feature","properties":{"scalerank":0,"featurecla":"Lake","name":"Ozero Tenis","name_alt":"L. Tenis","note":null,"admin":null,"namepar":null,"min_zoom":4.7,"min_label":6,"name_abb":"O. Tenis","label":"Ozero Tenis","wikidataid":"-1","name_ar":"بحيرة تينيس","name_bn":"ওজেরো তেনিস","name_de":"Ozero Tenis","name_en":"Ozero Tenis","name_es":"Lago Tenis","name_fr":"Ozero Tenis","name_el":"Οζέρο Τένις","name_hi":"ओज़ेरो टेनिस","name_hu":"Tenis-tó","name_id":"Danau Tenis","name_it":"Ozero Tenis","name_ja":"テニス湖","name_ko":"오제로 테니스","name_nl":"Ozero Tenis","name_pl":"Jezioro Tenis","name_pt":"Lago Tenis","name_ru":"озеро Тенис","name_sv":"Ozero Tenis","name_tr":"Ozero Tenis","name_vi":"Hồ Tenis","name_zh":"捷尼斯湖","ne_id":1159114903,"name_fa":"اوزرو تنیس","name_he":"אגם טניס","name_uk":"озеро Теніс","name_ur":"اوزیرو ٹینس","name_zht":"帝尼斯湖"},"bbox":[71.624609,56.057959,72.00918,56.21123],"geometry":{"type":"Polygon","coordinates":[[[72.002637,56.202002],[72.00918,56.177051],[71.988672,56.142773],[71.947461,56.109131],[71.869043,56.106445],[71.817285,56.09502],[71.777734,56.086768],[71.750488,56.064014],[71.717578,56.057959],[71.675879,56.066895],[71.662207,56.114893],[71.624609,56.177637],[71.64248,56.191406],[71.721484,56.197021],[71.819727,56.189453],[71.862305,56.192041],[71.880078,56.205908],[71.941211,56.21123],[72.002637,56.202002],[72.002637,56.202002],[72.002637,56.202002],[72.002637,56.202002]]]}},{"type":"Feature","properties":{"scalerank":0,"featurecla":"Lake","name":"Ozero Chërnoye","name_alt":"L. Chërnoye","note":null,"admin":null,"namepar":null,"min_zoom":4.7,"min_label":6,"name_abb":"O. Chërnoye","label":"Ozero Chërnoye","wikidataid":"-1","name_ar":"بحيرة تشيرنوي","name_bn":"ওজেরো চেরনোয়ে","name_de":"Ozero Chërnoye","name_en":"Ozero Chernoye","name_es":"Lago Chërnoye","name_fr":"Ozero Chërnoye","name_el":"Οζέρο Τσερνόιε","name_hi":"ओज़ेरो चेर्नॉय","name_hu":"Csërnoje-tó","name_id":"Danau Chërnoye","name_it":"Ozero Chërnoye","name_ja":"チェルノエ湖","name_ko":"오제로 체르노예","name_nl":"Ozero Chërnoye","name_pl":"Jezioro Chërnoye","name_pt":"Lago Chërnoye","name_ru":"озеро Черное","name_sv":"Ozero Tjernoje","name_tr":"Ozero Chërnoye","name_vi":"Hồ Chërnoye","name_zh":"切尔诺耶湖","ne_id":1159114929,"name_fa":"اوزرو چرنویه","name_he":"אגם צ'רנויה","name_uk":"озеро Чорне","name_ur":"اوزیرو چرنوئے","name_zht":"車諾耶湖"},"bbox":[67.296484,55.713037,67.678516,55.869189],"geometry":{"type":"Polygon","coordinates":[[[67.678516,55.800684],[67.640039,55.791797],[67.621094,55.780029],[67.608398,55.764795],[67.594141,55.749756],[67.503711,55.713037],[67.396191,55.718018],[67.297852,55.745264],[67.296484,55.777344],[67.320508,55.814844],[67.347852,55.850879],[67.350684,55.867529],[67.381738,55.869189],[67.433105,55.835156],[67.483008,55.806445],[67.536328,55.806055],[67.595117,55.821338],[67.668262,55.817236],[67.678516,55.800684],[67.678516,55.800684],[67.678516,55.800684],[67.678516,55.800684]]]}},{"type":"Feature","properties":{"scalerank":0,"featurecla":"Lake","name":"Shijiu Hu","name_alt":null,"note":null,"admin":null,"namepar":null,"min_zoom":4.7,"min_label":6,"name_abb":"Shijiu Hu","label":"Shijiu Hu","wikidataid":"Q7374652","name_ar":"بحيرة شيجيو","name_bn":"শিজিউ হু","name_de":"Shijiu Hu","name_en":"Shijiu","name_es":"Shijiu Hu","name_fr":"Lac Shijiu","name_el":"Σιτζιού Χου","name_hi":"शिजिउ हू","name_hu":"Shijiu Hu","name_id":"Danau Shijiu","name_it":"Shijiu Hu","name_ja":"石臼湖","name_ko":"시주 후","name_nl":"Shijiu Lake","name_pl":"Jezioro Shijiu","name_pt":"Lago Shijiu","name_ru":"озеро Шицзю","name_sv":"Shijiu Hu","name_tr":"Shijiu Hu","name_vi":"Hồ Thạch Cữu","name_zh":"石臼湖","ne_id":1159115009,"name_fa":"شیو هو","name_he":"אגם שיג'יו","name_uk":"Шиджуху","name_ur":"شیجو ہو","name_zht":"石臼湖"},"bbox":[118.722949,31.392578,118.963965,31.554102],"geometry":{"type":"Polygon","coordinates":[[[118.77998,31.409375],[118.768457,31.418799],[118.747363,31.458887],[118.742773,31.492236],[118.723535,31.522217],[118.722949,31.541699],[118.75791,31.545117],[118.867383,31.545605],[118.941211,31.554102],[118.963965,31.503369],[118.960156,31.464795],[118.915234,31.435059],[118.85,31.392578],[118.814648,31.401953],[118.77998,31.409375],[118.77998,31.409375],[118.77998,31.409375]]]}},{"type":"Feature","properties":{"scalerank":0,"featurecla":"Lake","name":"Hong Hu","name_alt":null,"note":null,"admin":null,"namepar":null,"min_zoom":4.7,"min_label":6,"name_abb":"Hong Hu","label":"Hong Hu","wikidataid":"Q5895614","name_ar":"بحيرة هونغ","name_bn":"হং হু","name_de":"Hong Hu","name_en":"Hong","name_es":"Hong Hu","name_fr":"Hong","name_el":"Χονγκ Χου","name_hi":"हांग हु","name_hu":"Hong Hu","name_id":"Danau Hong","name_it":"Hong Hu","name_ja":"洪湖","name_ko":"홍 후","name_nl":"Hong Lake","name_pl":"Hong Hu","name_pt":"Lago Hong","name_ru":"озеро Хонгху","name_sv":"Hong Hu","name_tr":"Hong Hu","name_vi":"Hồng Hồ","name_zh":"洪湖","ne_id":1159115027,"name_fa":"هونگ هو","name_he":"אגם הונג","name_uk":"Хонгху","name_ur":"ہونگ ہو","name_zht":"洪湖"},"bbox":[113.230273,29.749219,113.454004,29.952832],"geometry":{"type":"Polygon","coordinates":[[[113.45127,29.940234],[113.454004,29.914404],[113.425684,29.876074],[113.391211,29.825879],[113.36875,29.785205],[113.34043,29.759863],[113.312207,29.749219],[113.275098,29.779785],[113.237305,29.847803],[113.230273,29.892773],[113.248633,29.904053],[113.302246,29.888281],[113.33125,29.893652],[113.361914,29.949316],[113.406152,29.952832],[113.45127,29.940234],[113.45127,29.940234],[113.45127,29.940234],[113.45127,29.940234]]]}},{"type":"Feature","properties":{"scalerank":0,"featurecla":"Lake","name":"Chao Hu","name_alt":null,"note":null,"admin":null,"namepar":null,"min_zoom":4.7,"min_label":6,"name_abb":"Chao Hu","label":"Chao Hu","wikidataid":"Q1062495","name_ar":"بحيرة تشاو","name_bn":"শাও হু","name_de":"Chao Hu","name_en":"Chao","name_es":"Chao","name_fr":"Chao","name_el":"Τσάο Χου","name_hi":"चाओ हु","name_hu":"Chao Hu","name_id":"Danau Chao","name_it":"Lago di Chao Hu","name_ja":"巣湖","name_ko":"차오호","name_nl":"Chao","name_pl":"Chaohu","name_pt":"Lago Chao","name_ru":"Чаоху","name_sv":"Chao Hu","name_tr":"Chao Hu","name_vi":"Sào","name_zh":"巢湖","ne_id":1159115069,"name_fa":"چائو هو","name_he":"צ'או","name_uk":"Чаоху","name_ur":"چاؤ ہو","name_zht":"巢湖"},"bbox":[117.297168,31.445117,117.941211,31.708789],"geometry":{"type":"Polygon","coordinates":[[[117.941211,31.520508],[117.911719,31.521582],[117.829883,31.569824],[117.784473,31.57915],[117.70625,31.524463],[117.623438,31.454541],[117.563086,31.445117],[117.467871,31.466602],[117.381934,31.536035],[117.317187,31.59165],[117.297168,31.649805],[117.31543,31.697461],[117.366309,31.708789],[117.412793,31.694141],[117.433789,31.651416],[117.448047,31.610059],[117.486914,31.593164],[117.543066,31.590918],[117.593945,31.609424],[117.651563,31.654297],[117.733301,31.659668],[117.809766,31.620801],[117.918652,31.550586],[117.941211,31.520508],[117.941211,31.520508],[117.941211,31.520508],[117.941211,31.520508]]]}},{"type":"Feature","properties":{"scalerank":0,"featurecla":"Lake","name":null,"name_alt":null,"note":"_untitled_10","admin":null,"namepar":null,"min_zoom":4.7,"min_label":6,"name_abb":null,"label":null,"wikidataid":null,"name_ar":null,"name_bn":null,"name_de":null,"name_en":null,"name_es":null,"name_fr":null,"name_el":null,"name_hi":null,"name_hu":null,"name_id":null,"name_it":null,"name_ja":null,"name_ko":null,"name_nl":null,"name_pl":null,"name_pt":null,"name_ru":null,"name_sv":null,"name_tr":null,"name_vi":null,"name_zh":null,"ne_id":1159115135,"name_fa":null,"name_he":null,"name_uk":null,"name_ur":null,"name_zht":null},"bbox":[114.67373,30.21123,114.846094,30.34541],"geometry":{"type":"Polygon","coordinates":[[[114.838867,30.28667],[114.812305,30.28252],[114.782715,30.277734],[114.752539,30.283008],[114.739258,30.279443],[114.743164,30.263379],[114.759961,30.237988],[114.780859,30.220654],[114.778027,30.215088],[114.762305,30.21123],[114.73457,30.212012],[114.704297,30.212402],[114.678906,30.228076],[114.679004,30.25],[114.680078,30.277295],[114.67373,30.300439],[114.712891,30.329639],[114.76377,30.345068],[114.78418,30.344141],[114.805664,30.34541],[114.833789,30.327148],[114.846094,30.302393],[114.838867,30.28667],[114.838867,30.28667],[114.838867,30.28667],[114.838867,30.28667]]]}},{"type":"Feature","properties":{"scalerank":0,"featurecla":"Lake","name":null,"name_alt":null,"note":"_untitled_9","admin":null,"namepar":null,"min_zoom":4.7,"min_label":6,"name_abb":null,"label":null,"wikidataid":null,"name_ar":null,"name_bn":null,"name_de":null,"name_en":null,"name_es":null,"name_fr":null,"name_el":null,"name_hi":null,"name_hu":null,"name_id":null,"name_it":null,"name_ja":null,"name_ko":null,"name_nl":null,"name_pl":null,"name_pt":null,"name_ru":null,"name_sv":null,"name_tr":null,"name_vi":null,"name_zh":null,"ne_id":1159115153,"name_fa":null,"name_he":null,"name_uk":null,"name_ur":null,"name_zht":null},"bbox":[114.583789,30.60835,114.786328,30.751074],"geometry":{"type":"Polygon","coordinates":[[[114.600781,30.661523],[114.621875,30.656494],[114.639941,30.659521],[114.649414,30.673877],[114.645996,30.714844],[114.673926,30.723633],[114.70332,30.7354],[114.719434,30.751074],[114.745898,30.737598],[114.781348,30.700635],[114.786328,30.6625],[114.756055,30.650098],[114.696484,30.612744],[114.621875,30.60835],[114.583789,30.650488],[114.585742,30.663184],[114.600781,30.661523],[114.600781,30.661523],[114.600781,30.661523]]]}},{"type":"Feature","properties":{"scalerank":0,"featurecla":"Lake","name":"Weishan Hu","name_alt":null,"note":null,"admin":null,"namepar":null,"min_zoom":4.7,"min_label":6,"name_abb":"Weishan Hu","label":"Weishan Hu","wikidataid":"Q839287","name_ar":"بحيرة وايشان","name_bn":"উইশান হু","name_de":"Weishan Lake","name_en":"Nansi","name_es":"Nansi","name_fr":"Lac de Weishan","name_el":"Γουεϊσάν Χου","name_hi":"वीशान हु","name_hu":"Weishan Hu","name_id":"Danau Weishan","name_it":"Weishan Hu","name_ja":"囲山湖","name_ko":"웨이산 후","name_nl":"Nansi","name_pl":"Jezioro Weishan","name_pt":"Lago Weishan","name_ru":"Наньсыху","name_sv":"Weishan Hu","name_tr":"Weishan Hu","name_vi":"Hồ Vi Sơn","name_zh":"微山湖","ne_id":1159115165,"name_fa":"ویشان هو","name_he":"אגם ווישאן","name_uk":"Вейшанху","name_ur":"ویشان ہو","name_zht":"微山湖"},"bbox":[117.12832,34.498096,117.326172,34.725391],"geometry":{"type":"Polygon","coordinates":[[[117.326172,34.587354],[117.294727,34.548584],[117.249707,34.501611],[117.209863,34.498096],[117.173828,34.543359],[117.141211,34.612012],[117.12832,34.6625],[117.139453,34.725391],[117.178906,34.719336],[117.266406,34.66543],[117.317773,34.621436],[117.326172,34.587354],[117.326172,34.587354],[117.326172,34.587354],[117.326172,34.587354]]]}},{"type":"Feature","properties":{"scalerank":0,"featurecla":"Lake","name":null,"name_alt":null,"note":"_untitled_8","admin":null,"namepar":null,"min_zoom":4.7,"min_label":6,"name_abb":null,"label":null,"wikidataid":null,"name_ar":null,"name_bn":null,"name_de":null,"name_en":null,"name_es":null,"name_fr":null,"name_el":null,"name_hi":null,"name_hu":null,"name_id":null,"name_it":null,"name_ja":null,"name_ko":null,"name_nl":null,"name_pl":null,"name_pt":null,"name_ru":null,"name_sv":null,"name_tr":null,"name_vi":null,"name_zh":null,"ne_id":1159115185,"name_fa":null,"name_he":null,"name_uk":null,"name_ur":null,"name_zht":null},"bbox":[114.482227,30.338623,114.756445,30.512158],"geometry":{"type":"Polygon","coordinates":[[[114.600781,30.343652],[114.55293,30.384277],[114.499316,30.417627],[114.482227,30.430957],[114.494922,30.438721],[114.533203,30.434961],[114.575488,30.404932],[114.600977,30.398779],[114.630566,30.420166],[114.63291,30.439893],[114.629199,30.455957],[114.607031,30.483154],[114.608594,30.495605],[114.640039,30.486475],[114.666016,30.490039],[114.677734,30.49707],[114.701074,30.512158],[114.738672,30.494434],[114.756445,30.477246],[114.752441,30.463184],[114.747559,30.443115],[114.752539,30.429004],[114.727148,30.419824],[114.683008,30.39707],[114.655078,30.345605],[114.622852,30.338623],[114.600781,30.343652],[114.600781,30.343652],[114.600781,30.343652]]]}},{"type":"Feature","properties":{"scalerank":0,"featurecla":"Lake","name":"Huangtang Hu","name_alt":null,"note":null,"admin":null,"namepar":null,"min_zoom":4.7,"min_label":6,"name_abb":"Huangtang Hu","label":"Huangtang Hu","wikidataid":"-1","name_ar":"بحيرة هوانغتانغ","name_bn":"হুয়াংতাং হু","name_de":"Huangtang Hu","name_en":"Futou Lake","name_es":"Huangtang Hu","name_fr":"Huangtanghu","name_el":"Χουανγκτάνγκ Χου","name_hi":"हुआंगतांग हु","name_hu":"Huangtang Hu","name_id":"Danau Huangtang","name_it":"Huangtang Hu","name_ja":"黄塘湖","name_ko":"황탕 후","name_nl":"Huangtang Lake","name_pl":"Jezioro Huangtang","name_pt":"Lago Huangtang","name_ru":"озеро Чуантан","name_sv":"Huangtang Hu","name_tr":"Huangtang Hu","name_vi":"Hồ Phủ Đầu","name_zh":"黄塘湖","ne_id":1159115205,"name_fa":"هوآنگتانگ هو","name_he":"הואנגטנג","name_uk":"Хуангтангху","name_ur":"ہوانگٹانگ ہو","name_zht":"黃塘湖"},"bbox":[114.143359,29.901318,114.300781,30.14082],"geometry":{"type":"Polygon","coordinates":[[[114.300781,30.024902],[114.289258,30.00249],[114.252148,29.972168],[114.24375,29.937744],[114.264258,29.915234],[114.255078,29.906152],[114.217676,29.901318],[114.170703,29.920947],[114.143359,29.9875],[114.14668,30.08252],[114.176953,30.113867],[114.218164,30.14082],[114.248828,30.140576],[114.245996,30.115234],[114.237305,30.083594],[114.252734,30.044873],[114.273438,30.043799],[114.294141,30.042969],[114.300781,30.024902],[114.300781,30.024902],[114.300781,30.024902],[114.300781,30.024902]]]}},{"type":"Feature","properties":{"scalerank":0,"featurecla":"Lake","name":null,"name_alt":null,"note":"_untitled_7","admin":null,"namepar":null,"min_zoom":4.7,"min_label":6,"name_abb":null,"label":null,"wikidataid":null,"name_ar":null,"name_bn":null,"name_de":null,"name_en":null,"name_es":null,"name_fr":null,"name_el":null,"name_hi":null,"name_hu":null,"name_id":null,"name_it":null,"name_ja":null,"name_ko":null,"name_nl":null,"name_pl":null,"name_pt":null,"name_ru":null,"name_sv":null,"name_tr":null,"name_vi":null,"name_zh":null,"ne_id":1159115225,"name_fa":null,"name_he":null,"name_uk":null,"name_ur":null,"name_zht":null},"bbox":[113.940625,29.862402,114.157617,30.026807],"geometry":{"type":"Polygon","coordinates":[[[114.157617,29.871826],[114.136816,29.862402],[114.113867,29.883203],[114.087207,29.93374],[114.062598,29.92749],[114.029492,29.898047],[113.990234,29.878662],[113.968652,29.880176],[113.962891,29.892383],[113.983789,29.916211],[114.003223,29.942383],[113.996191,29.95918],[113.969629,29.962793],[113.943652,29.966455],[113.940625,29.981006],[114.018555,30.001074],[114.073633,30.026807],[114.100879,30.022461],[114.130273,29.935352],[114.152148,29.890381],[114.157617,29.871826],[114.157617,29.871826],[114.157617,29.871826]]]}},{"type":"Feature","properties":{"scalerank":0,"featurecla":"Lake","name":"Hoh Xil Hu","name_alt":null,"note":null,"admin":null,"namepar":null,"min_zoom":4.7,"min_label":6,"name_abb":"Hoh Xil Hu","label":"Hoh Xil Hu","wikidataid":"Q10913764","name_ar":"بحيرة هو زيل","name_bn":"হো জিল হু","name_de":"Hoh Xil Hu","name_en":"Hoh Xil Hu","name_es":"Hoh Xil Hu","name_fr":"Hoh Xil Lake","name_el":"Χο Ξιλ Χου","name_hi":"होह ज़िल हु","name_hu":"Hoh Xil Hu","name_id":"Danau Hoh Xil","name_it":"Hoh Xil Hu","name_ja":"可可西里湖","name_ko":"호 실 후","name_nl":"Hoh Xil Lake","name_pl":"Jezioro Hoh Xil","name_pt":"Lago Hoh Xil","name_ru":"озеро Кукушили","name_sv":"Hoh Xil Hu","name_tr":"Hoh Xil Hu","name_vi":"Hồ Hy Nhĩ","name_zh":"可可西里湖","ne_id":1159115243,"name_fa":"هو ایکسیل هو","name_he":"הו סיל","name_uk":"Кукушилі","name_ur":"ہو زل ہو","name_zht":"可可西里湖"},"bbox":[90.950391,35.528369,91.31582,35.653467],"geometry":{"type":"Polygon","coordinates":[[[91.31582,35.595117],[91.30293,35.57373],[91.286133,35.544434],[91.267969,35.528369],[91.165039,35.546875],[91.043359,35.565039],[90.979199,35.609277],[90.950391,35.633594],[90.952734,35.64541],[90.992969,35.653467],[91.032617,35.650195],[91.114844,35.636572],[91.199219,35.634033],[91.221875,35.645508],[91.271289,35.629346],[91.31582,35.595117],[91.31582,35.595117],[91.31582,35.595117],[91.31582,35.595117]]]}},{"type":"Feature","properties":{"scalerank":0,"featurecla":"Alkaline Lake","name":"Khyargas Nuur","name_alt":"Hyargas Nuur","note":null,"admin":null,"namepar":null,"min_zoom":4.7,"min_label":6,"name_abb":"Khyargas Nuur","label":"Khyargas Nuur","wikidataid":"Q1125601","name_ar":"بحيرة خيارجاس","name_bn":"খ্যারগাস নূর","name_de":"Chjargas Nuur","name_en":"Khyargas Nuur","name_es":"Khyargas","name_fr":"Khyargas","name_el":"Χουάγκας Νουρ","name_hi":"ख्यारगस नूउर","name_hu":"Hjargasz-tó","name_id":"Khyargas Nuur","name_it":"Hjargas nuur","name_ja":"キヤールガス・ヌール","name_ko":"캬르가스 누르","name_nl":"Khyargas Nuur","name_pl":"Chjargas nuur","name_pt":"Khyargas","name_ru":"Хяргас-Нуур","name_sv":"Khyargas Nuur","name_tr":"Khyargas Nuur","name_vi":"Khyargas","name_zh":"吉爾吉斯湖","ne_id":1159126887,"name_fa":"خیارگاس نور","name_he":"אגם חיארגאס","name_uk":"Хярґас-Нур","name_ur":"کھائراگاس نور","name_zht":"吉爾吉斯湖"},"bbox":[92.832324,48.990527,93.799414,49.322363],"geometry":{"type":"Polygon","coordinates":[[[93.799414,49.129004],[93.779395,49.103369],[93.677734,49.069531],[93.536426,49.03374],[93.450391,49.008643],[93.397461,48.990527],[93.322168,49.036523],[93.24082,49.097021],[93.179297,49.111816],[93.103906,49.138916],[92.974902,49.187158],[92.864941,49.225439],[92.832324,49.253174],[92.83457,49.282275],[92.863867,49.306201],[92.940234,49.315381],[93.059277,49.322363],[93.25957,49.292187],[93.421484,49.22627],[93.470605,49.20498],[93.515918,49.212646],[93.560156,49.205908],[93.654492,49.214893],[93.723047,49.190283],[93.785937,49.158496],[93.799414,49.129004],[93.799414,49.129004],[93.799414,49.129004],[93.799414,49.129004]]]}},{"type":"Feature","properties":{"scalerank":0,"featurecla":"Lake","name":null,"name_alt":null,"note":"_untitled_0","admin":null,"namepar":null,"min_zoom":4.7,"min_label":6,"name_abb":null,"label":null,"wikidataid":null,"name_ar":null,"name_bn":null,"name_de":null,"name_en":null,"name_es":null,"name_fr":null,"name_el":null,"name_hi":null,"name_hu":null,"name_id":null,"name_it":null,"name_ja":null,"name_ko":null,"name_nl":null,"name_pl":null,"name_pt":null,"name_ru":null,"name_sv":null,"name_tr":null,"name_vi":null,"name_zh":null,"ne_id":1159115267,"name_fa":null,"name_he":null,"name_uk":null,"name_ur":null,"name_zht":null},"bbox":[85.352344,30.759033,85.888965,31.045459],"geometry":{"type":"Polygon","coordinates":[[[85.888086,30.928809],[85.851172,30.886084],[85.84541,30.826562],[85.826563,30.783496],[85.801562,30.759033],[85.78252,30.759277],[85.786133,30.788965],[85.757031,30.839893],[85.692285,30.870166],[85.64043,30.868555],[85.600391,30.854932],[85.567676,30.841504],[85.512598,30.845752],[85.437988,30.871289],[85.377246,30.905664],[85.352344,30.944092],[85.36084,30.992236],[85.401758,31.03501],[85.47627,31.045459],[85.560742,31.028418],[85.64668,31.025049],[85.725195,31.02793],[85.810352,31.004541],[85.875391,30.978223],[85.888965,30.952246],[85.888086,30.928809],[85.888086,30.928809],[85.888086,30.928809],[85.888086,30.928809]]]}},{"type":"Feature","properties":{"scalerank":0,"featurecla":"Lake","name":"Ngoring Hu","name_alt":null,"note":null,"admin":null,"namepar":null,"min_zoom":4.7,"min_label":6,"name_abb":"Ngoring Hu","label":"Ngoring Hu","wikidataid":"Q847864","name_ar":"بحيرة إنجورينغ","name_bn":"এনগোরিং হু","name_de":"Ngoring Hu","name_en":"Ngoring","name_es":"Eling","name_fr":"Lac Ngoring","name_el":"Νγκόρινγκ Χου","name_hi":"एनगोरिंग हू","name_hu":"Ngoring Hu","name_id":"Danau Ngoring","name_it":"Ngoring Hu","name_ja":"ゴレン湖","name_ko":"응고링 후","name_nl":"Ngoring Lake","name_pl":"Ngoring Hu","name_pt":"Lago Ngoring","name_ru":"Орин-Нур","name_sv":"Ngoring Hu","name_tr":"Ngoring Hu","name_vi":"Hồ Ngạc Lăng","name_zh":"鄂陵湖","ne_id":1159114305,"name_fa":"انگورینگ هو","name_he":"אגם נגורינג","name_uk":"Нгорінгху","name_ur":"اینگورنگ ہو","name_zht":"鄂陵湖"},"bbox":[97.54707,34.787939,97.887012,35.088086],"geometry":{"type":"Polygon","coordinates":[[[97.887012,34.838184],[97.861328,34.822949],[97.801367,34.826514],[97.75127,34.828174],[97.71709,34.826367],[97.694727,34.830957],[97.688965,34.812012],[97.683203,34.791553],[97.647656,34.787939],[97.602637,34.797754],[97.575195,34.824902],[97.54707,34.875977],[97.55459,34.901904],[97.582617,34.929395],[97.624902,34.953174],[97.643945,34.978467],[97.636133,35.002832],[97.650586,35.027539],[97.686719,35.05293],[97.734863,35.080469],[97.762891,35.088086],[97.794043,35.033008],[97.79707,34.981836],[97.801465,34.932227],[97.84668,34.882178],[97.887012,34.838184],[97.887012,34.838184],[97.887012,34.838184],[97.887012,34.838184]]]}},{"type":"Feature","properties":{"scalerank":0,"featurecla":"Lake","name":"Gyaring Hu","name_alt":null,"note":null,"admin":null,"namepar":null,"min_zoom":4.7,"min_label":6,"name_abb":"Gyaring Hu","label":"Gyaring Hu","wikidataid":"Q4128895","name_ar":"بحيرة جيرنج","name_bn":"গ্যারিং হু","name_de":"Gyaring Hu","name_en":"Gyaring","name_es":"Zaling","name_fr":"Gyaring","name_el":"Γκιάρινγκ Χου","name_hi":"ग्यारिंग हु","name_hu":"Gyaring Hu","name_id":"Danau Gyaring","name_it":"Gyaring Hu","name_ja":"ギャリン湖","name_ko":"갸링 후","name_nl":"Gyaring Lake","name_pl":"Gyaring Co","name_pt":"Lago Gyaring","name_ru":"Джарин-Нур","name_sv":"Zhalinghu","name_tr":"Gyaring Hu","name_vi":"Hồ Trát Lăng","name_zh":"扎陵湖","ne_id":1159114475,"name_fa":"جیارینگ هو","name_he":"גיירינג","name_uk":"Джарін-Ху","name_ur":"گیرانگ ہو","name_zht":"扎陵湖"},"bbox":[97.062402,34.82583,97.467676,35.02251],"geometry":{"type":"Polygon","coordinates":[[[97.467676,34.975732],[97.460156,34.961328],[97.4125,34.915967],[97.359961,34.865479],[97.288281,34.835449],[97.230469,34.82583],[97.08418,34.906836],[97.07207,34.930615],[97.062402,34.978613],[97.066504,34.997266],[97.084668,34.999902],[97.118066,35.007812],[97.23125,35.02251],[97.350977,35.019678],[97.419238,34.997461],[97.467676,34.975732],[97.467676,34.975732],[97.467676,34.975732],[97.467676,34.975732]]]}},{"type":"Feature","properties":{"scalerank":0,"featurecla":"Reservoir","name":"Toktogul Res.","name_alt":"Toktogul Suu Saktagychy","note":null,"admin":null,"namepar":null,"min_zoom":4.7,"min_label":6,"name_abb":"Toktogul Suu Saktagychy","label":"Toktogul Suu Saktagychy","wikidataid":"Q16508570","name_ar":"توجتوجول سو ساكاتجيتشي","name_bn":"টকটোগুল সু সাক্তাগাইচি","name_de":"Toktogul Reservoir","name_en":"Toktogul","name_es":"Toktogul","name_fr":"Toktogoul","name_el":"Τοκτογκούλ Σου Σακταγκούτσι","name_hi":"टोकतोगुल सू सक्ताग्यच्य","name_hu":"Toktogul Suu Saktagychy","name_id":"Toktogul Suu Saktagychy","name_it":"Toktogoul","name_ja":"トクトグル貯水ダム","name_ko":"톡토굴 수 삭타기치","name_nl":"Toktogul Reservoir","name_pl":"Zbiornik Toktogul","name_pt":"Represa de Toktogul","name_ru":"Токтогульское водохранилище","name_sv":"Toktogul Suu Saktagychy","name_tr":"Toktogul Suu Saktagychy","name_vi":"Hồ Toktogul Suu Saktagychy","name_zh":"托克托古尔水库","ne_id":1159125107,"name_fa":"توکتوگول سو ساکتاگیچی","name_he":"טוקטוגול סואו סאקטאגיצ'י","name_uk":"Токтогул Суу Сактагичи","name_ur":"ٹوکٹوگل سو ساکتاگیچی","name_zht":"托克托古水庫"},"bbox":[72.635352,41.663086,73.300293,41.899561],"geometry":{"type":"Polygon","coordinates":[[[73.291016,41.759131],[73.266406,41.754687],[73.202246,41.74541],[73.107031,41.757129],[72.972461,41.755176],[72.839453,41.739844],[72.679102,41.663086],[72.653711,41.667432],[72.635352,41.687305],[72.657715,41.701318],[72.689258,41.728174],[72.708594,41.767432],[72.687891,41.822363],[72.658398,41.874219],[72.685449,41.899561],[72.817188,41.897803],[72.940039,41.87832],[73.011133,41.855469],[73.085547,41.828174],[73.239746,41.801123],[73.300293,41.776221],[73.291016,41.759131],[73.291016,41.759131],[73.291016,41.759131]]]}},{"type":"Feature","properties":{"scalerank":0,"featurecla":"Lake","name":"Langa Co","name_alt":null,"note":null,"admin":null,"namepar":null,"min_zoom":4.7,"min_label":6,"name_abb":"Langa Co","label":"Langa Co","wikidataid":"Q628327","name_ar":"لانجت كو","name_bn":"রাক্ষসতাল","name_de":"Rakshastal","name_en":"Rakshastal","name_es":"'nga Co","name_fr":"Rakshastal","name_el":"Λίμνη Ρακσαστάλ","name_hi":"राक्षस झील","name_hu":"Raksasztal-tó","name_id":"Langa Co","name_it":"Rakshastal","name_ja":"ラークシャスタール湖","name_ko":"랑가 코","name_nl":"Rakshastal","name_pl":"La'nga Co","name_pt":"Langa","name_ru":"Ланга-Цо","name_sv":"Lannga Co","name_tr":"Rakshastal","name_vi":"Hồ Lạp Ngang Thác","name_zh":"拉昂错","ne_id":1159114537,"name_fa":"لانگا کو","name_he":"אגם לנגה","name_uk":"Ракшастал","name_ur":"لانگا کو","name_zht":"拉昂錯"},"bbox":[81.125586,30.608252,81.309082,30.862549],"geometry":{"type":"Polygon","coordinates":[[[81.309082,30.635547],[81.289746,30.616943],[81.254785,30.608252],[81.211719,30.610791],[81.158008,30.633594],[81.125586,30.662158],[81.150293,30.687549],[81.184766,30.720508],[81.184375,30.804297],[81.199316,30.8521],[81.233984,30.862549],[81.275,30.838818],[81.294434,30.817285],[81.296484,30.789258],[81.252246,30.753271],[81.278516,30.708984],[81.308691,30.661816],[81.309082,30.635547],[81.309082,30.635547],[81.309082,30.635547],[81.309082,30.635547]]]}},{"type":"Feature","properties":{"scalerank":0,"featurecla":"Lake","name":"Mapam Yumco","name_alt":null,"note":null,"admin":null,"namepar":null,"min_zoom":4.7,"min_label":6,"name_abb":"Mapam Yumco","label":"Mapam Yumco","wikidataid":"Q233627","name_ar":"بحيرة ماناساروفار","name_bn":"মানস সরোবর","name_de":"Manasarovar","name_en":"Manasarovar","name_es":"Mana Sarovar","name_fr":"Manasarovar","name_el":"Μάπαμ Γιουμκό","name_hi":"मानसरोवर","name_hu":"Manaszarovar-tó","name_id":"Mansarovar","name_it":"Manasarovar","name_ja":"マナサロワール湖","name_ko":"마나사로바 호수","name_nl":"Manasarovar","name_pl":"Mapam Yumco","name_pt":"Manasarovar","name_ru":"Мапам-Юмцо","name_sv":"Manasarovar","name_tr":"Manasarovar","name_vi":"Manasarovar","name_zh":"玛旁雍错","ne_id":1159114553,"name_fa":"دریاچه ماناساروار","name_he":"מפוטו","name_uk":"Манасаровар","name_ur":"جھیل ماناساروار","name_zht":"瑪旁雍錯"},"bbox":[81.373047,30.590869,81.584082,30.777832],"geometry":{"type":"Polygon","coordinates":[[[81.584082,30.7],[81.552441,30.654443],[81.494043,30.609863],[81.433691,30.590869],[81.391992,30.609717],[81.373047,30.65918],[81.375781,30.758154],[81.40918,30.777832],[81.459668,30.773828],[81.524414,30.757178],[81.573633,30.732617],[81.584082,30.7],[81.584082,30.7],[81.584082,30.7],[81.584082,30.7]]]}},{"type":"Feature","properties":{"scalerank":0,"featurecla":"Lake","name":"Lake Balkhash","name_alt":null,"note":null,"admin":null,"namepar":"Balqash Köli","min_zoom":1,"min_label":3,"name_abb":"L.  Balkhash","label":"Lake Balkhash","wikidataid":"Q134485","name_ar":"بحيرة بالكاش","name_bn":"লেক বালখাশ","name_de":"Balchaschsee","name_en":"Balkhash","name_es":"Baljash","name_fr":"Balkhach","name_el":"Λίμνη Μπαλκάς","name_hi":"बलख़श झील","name_hu":"Balkas-tó","name_id":"Balkhash","name_it":"Balqaš","name_ja":"バルハシ湖","name_ko":"발하시호","name_nl":"Balkasjmeer","name_pl":"Bałchasz","name_pt":"Balkhash","name_ru":"Балхаш","name_sv":"Balchasjsjön","name_tr":"Balkaş","name_vi":"Balkhash","name_zh":"巴尔喀什湖","ne_id":1159113111,"name_fa":"دریاچه بالخاش","name_he":"ימת בלחש","name_uk":"Балхаш","name_ur":"جھیل بالخاش","name_zht":"巴爾喀什湖"},"bbox":[73.436719,44.988916,79.245117,46.818066],"geometry":{"type":"Polygon","coordinates":[[[78.99082,46.748633],[78.99082,46.748633],[78.99082,46.748633],[78.99082,46.748633],[79.018848,46.768457],[79.022168,46.794922],[79.051855,46.807715],[79.08418,46.810107],[79.121875,46.798828],[79.176758,46.763867],[79.221973,46.72041],[79.244727,46.679688],[79.245117,46.645166],[79.235547,46.633545],[79.217285,46.609717],[79.157422,46.602783],[79.094922,46.581592],[79.067969,46.52583],[79.022754,46.447461],[78.971094,46.406006],[78.889844,46.369922],[78.787402,46.384814],[78.711328,46.396387],[78.625293,46.379834],[78.544336,46.401367],[78.46543,46.392432],[78.438379,46.376855],[78.435156,46.351758],[78.462109,46.312793],[78.445117,46.297168],[78.408691,46.298828],[78.367383,46.338525],[78.317285,46.349854],[78.233398,46.336865],[78.160645,46.318652],[78.127539,46.318652],[78.075195,46.328271],[78.017578,46.342627],[77.86543,46.428662],[77.81748,46.439404],[77.781152,46.422852],[77.725781,46.407129],[77.652148,46.41543],[77.562598,46.435449],[77.429297,46.499658],[77.355273,46.502246],[77.282031,46.472949],[77.165137,46.489014],[77.103906,46.454248],[77.003613,46.463672],[76.852637,46.492285],[76.741797,46.531982],[76.463965,46.541895],[76.238477,46.554883],[76.17627,46.531982],[76.033301,46.51167],[75.909375,46.535742],[75.866992,46.535645],[75.714551,46.516455],[75.611328,46.507178],[75.557813,46.530322],[75.514844,46.566699],[75.491602,46.596484],[75.490234,46.631006],[75.508203,46.636182],[75.548047,46.634473],[75.562402,46.645996],[75.559766,46.652979],[75.552832,46.672559],[75.50918,46.678027],[75.463281,46.670605],[75.417188,46.641113],[75.404004,46.609717],[75.432129,46.541895],[75.448047,46.49834],[75.405664,46.470801],[75.350098,46.469873],[75.330078,46.512695],[75.304004,46.519385],[75.277734,46.514893],[75.255859,46.47417],[75.24082,46.447656],[75.212207,46.426611],[75.151855,46.4375],[75.121094,46.446436],[75.093164,46.460889],[75.066699,46.450977],[75.0125,46.41709],[74.91123,46.404639],[74.888086,46.376562],[74.856641,46.293945],[74.815234,46.215625],[74.793848,46.130273],[74.771387,46.107812],[74.599219,46.022217],[74.549902,46.005908],[74.369922,46.020068],[74.278027,46.004053],[74.258203,45.976709],[74.253125,45.94165],[74.30332,45.789795],[74.289258,45.764697],[74.250781,45.761035],[74.242871,45.75166],[74.245313,45.739502],[74.310938,45.695459],[74.312695,45.670947],[74.289453,45.650635],[74.230762,45.615332],[74.100586,45.536865],[74.089355,45.509082],[74.082813,45.352051],[74.086523,45.343506],[74.12832,45.336865],[74.150977,45.317285],[74.155664,45.270557],[74.143359,45.10293],[74.135645,45.070166],[74.100977,45.058594],[74.094238,45.040088],[74.119531,44.999707],[74.1,44.988916],[74.056055,44.994434],[74.017188,45.012939],[74.00957,45.033789],[74.015625,45.056494],[73.993359,45.112354],[74.007715,45.146533],[73.999316,45.188721],[73.980664,45.204199],[73.876758,45.239258],[73.839746,45.263867],[73.662695,45.435645],[73.614746,45.51333],[73.465234,45.582471],[73.436719,45.609473],[73.443652,45.657031],[73.494336,45.686572],[73.531836,45.73418],[73.518848,45.763037],[73.451074,45.77959],[73.440039,45.805859],[73.463477,45.82627],[73.488281,45.831104],[73.559863,45.816357],[73.63252,45.906738],[73.715137,45.98252],[73.737109,46.012744],[73.662695,46.062354],[73.654004,46.092676],[73.645508,46.15],[73.679297,46.183057],[73.751953,46.202637],[73.774902,46.206494],[73.829395,46.185107],[73.897559,46.207861],[73.981836,46.186377],[74.020703,46.204883],[74.026953,46.222461],[73.949512,46.288379],[74.023242,46.369336],[74.094336,46.427832],[74.279785,46.470215],[74.374609,46.518018],[74.42998,46.578271],[74.524219,46.622949],[74.553125,46.690234],[74.625391,46.7521],[74.804297,46.780566],[74.939355,46.816797],[74.974023,46.814062],[75.088672,46.813623],[75.162695,46.774561],[75.200586,46.758789],[75.338477,46.729932],[75.426758,46.7375],[75.825879,46.818066],[75.950586,46.795117],[76.203125,46.780029],[76.297656,46.752881],[76.335938,46.728613],[76.405176,46.662256],[76.450488,46.640723],[76.496289,46.635547],[76.6,46.6646],[76.668359,46.673389],[76.699609,46.66748],[76.793066,46.630664],[76.859277,46.643848],[77.082422,46.624609],[77.174805,46.555957],[77.226367,46.566699],[77.266016,46.611377],[77.370313,46.622754],[77.601562,46.640039],[77.644727,46.656055],[77.690039,46.658643],[77.859961,46.647852],[78.136328,46.594922],[78.169336,46.580176],[78.29707,46.468555],[78.324316,46.482227],[78.347852,46.512061],[78.358789,46.623437],[78.367773,46.64292],[78.39707,46.657666],[78.433203,46.65249],[78.451953,46.618066],[78.476465,46.624609],[78.503906,46.664697],[78.551367,46.707373],[78.580566,46.723096],[78.630273,46.746973],[78.760938,46.723828],[78.783887,46.734912],[78.787305,46.75498],[78.793066,46.780029],[78.822949,46.794824],[78.868164,46.79873],[78.92959,46.78833],[78.99082,46.748633]]]}},{"type":"Feature","properties":{"scalerank":3,"featurecla":"Lake","name":"Lake Zaysan","name_alt":null,"note":null,"admin":null,"namepar":null,"min_zoom":3,"min_label":4,"name_abb":"L. Zaysan","label":"Lake Zaysan","wikidataid":"Q216621","name_ar":"بحيرة زيسان","name_bn":"লেক জেসান","name_de":"Saissansee","name_en":"Zaysan","name_es":"Zaysan","name_fr":"Zaïssan","name_el":"Λίμνη Ζαϊσάν","name_hi":"ज़ायसान झील","name_hu":"Zaysan-tó","name_id":"Zaysan","name_it":"Zajsan","name_ja":"ザイサン湖","name_ko":"자이산호","name_nl":"Zaysanmeer","name_pl":"Zajsan","name_pt":"Zaysan","name_ru":"Зайсан","name_sv":"Zajsan","name_tr":"Zaysan","name_vi":"Zaysan","name_zh":"斋桑泊","ne_id":1159123091,"name_fa":"دریاچه زایسان","name_he":"אגם זייסאן","name_uk":"Зайсан","name_ur":"جھیل زیسان","name_zht":"齋桑泊"},"bbox":[83.026758,47.699121,84.515625,49.726367],"geometry":{"type":"Polygon","coordinates":[[[84.515625,47.929883],[84.42666,47.856885],[84.394336,47.816162],[84.356836,47.732129],[84.295996,47.699121],[84.241797,47.706445],[83.994336,47.843262],[83.765625,47.951172],[83.624609,48.012793],[83.444531,48.048828],[83.258984,48.094629],[83.082617,48.178223],[83.026758,48.211865],[83.038574,48.249609],[83.182129,48.249365],[83.275098,48.261328],[83.435254,48.269971],[83.497559,48.304541],[83.532617,48.375146],[83.460742,48.432275],[83.392188,48.499854],[83.387012,48.554004],[83.417383,48.597461],[83.422656,48.743213],[83.471191,48.858203],[83.589453,48.962402],[83.747266,49.039258],[83.87168,49.062695],[84.036133,49.110596],[84.120605,49.159082],[84.099805,49.238037],[83.972461,49.328809],[83.848535,49.41709],[83.724414,49.439551],[83.660352,49.44292],[83.608008,49.48623],[83.538965,49.531885],[83.478906,49.538232],[83.426465,49.573389],[83.364844,49.626074],[83.363672,49.643848],[83.391211,49.652393],[83.608203,49.60625],[83.739844,49.630957],[83.889844,49.72041],[83.963574,49.726367],[83.96123,49.702637],[83.818262,49.633643],[83.79668,49.597119],[83.756543,49.564355],[83.729492,49.535205],[83.823145,49.483936],[84.287793,49.237695],[84.360645,49.160547],[84.328613,49.124854],[84.149023,49.086035],[83.864062,48.994385],[83.776758,48.975391],[83.60918,48.9104],[83.514063,48.81333],[83.486914,48.718262],[83.516797,48.616846],[83.613379,48.437256],[83.773926,48.410449],[83.919434,48.397217],[83.907129,48.373535],[83.681934,48.353418],[83.596191,48.303027],[83.58125,48.26748],[83.633594,48.241504],[83.740039,48.197656],[83.880664,48.151904],[84.051465,48.083496],[84.16709,48.055957],[84.333887,48.023096],[84.468359,47.969385],[84.515625,47.929883],[84.515625,47.929883],[84.515625,47.929883],[84.515625,47.929883]]]}},{"type":"Feature","properties":{"scalerank":1,"featurecla":"Reservoir","name":"Bratsk Reservoir","name_alt":"Bratskoye Vdkhr.","note":null,"admin":null,"namepar":null,"min_zoom":5,"min_label":6.5,"name_abb":"Bratsk Res.","label":"Bratsk Reservoir","wikidataid":"Q899803","name_ar":"خزان براتسك","name_bn":"ব্র্যাতস্ক রিজার্ভার","name_de":"Bratsker Stausee","name_en":"Bratsk","name_es":"Bratsk","name_fr":"Bratsk","name_el":"Τεχνητή λίμνη Μπρατσκ","name_hi":"ब्राटस्क जलाशय","name_hu":"Bratszki-víztározó","name_id":"Reservoir Bratsk","name_it":"Bratsk","name_ja":"ブラーツクダム","name_ko":"브라츠크 레저보어","name_nl":"Stuwmeer van Bratsk","name_pl":"Zbiornik Bracki","name_pt":"Albufeira de Bratsk","name_ru":"Братское водохранилище","name_sv":"Bratsk-reservoaren","name_tr":"Bratsk Rezervuarı","name_vi":"Hồ Bratsk","name_zh":"布拉茨克水庫","ne_id":1159125163,"name_fa":"مخزن سد براتسک","name_he":"מאגר בראטסק","name_uk":"Братське водосховище","name_ur":"براسک ریزروائر","name_zht":"布拉茨克水庫"},"bbox":[101.274512,53.107275,103.742578,56.349463],"geometry":{"type":"Polygon","coordinates":[[[103.53291,53.635791],[103.53291,53.635791],[103.53291,53.635791],[103.53291,53.635791],[103.725098,53.602295],[103.736914,53.554053],[103.742578,53.495752],[103.726172,53.484375],[103.686035,53.512402],[103.609375,53.551904],[103.489941,53.562793],[103.44043,53.518945],[103.425195,53.472998],[103.44043,53.222705],[103.374219,53.107275],[103.343359,53.227832],[103.342871,53.571826],[103.274609,53.677393],[103.096289,53.742285],[102.867969,53.789893],[102.927344,53.819629],[103.116797,53.774121],[103.208496,53.806348],[103.118652,53.937891],[103.00332,54.067676],[102.986719,54.155664],[103.016602,54.282617],[103.106445,54.415039],[103.172656,54.423975],[103.217676,54.486523],[103.185547,54.626562],[103.089355,54.712598],[103.033105,54.782031],[103.069531,54.920947],[103.225977,55.046338],[103.282129,55.15874],[103.271875,55.301758],[103.178613,55.486475],[103.149316,55.577637],[103.139063,55.684912],[103.074414,55.789209],[102.990137,55.853613],[102.961133,55.957959],[102.920703,56.062744],[102.852441,56.104199],[102.79668,56.107568],[102.716797,56.143408],[102.592969,56.156445],[102.530078,56.157617],[102.506055,56.155908],[102.493945,56.126611],[102.479883,56.108496],[102.438867,56.091455],[102.393359,56.088428],[102.308691,56.1104],[102.235938,56.103467],[102.180273,56.068066],[101.985938,56.025586],[102.000293,55.960889],[101.977734,55.90332],[101.906055,55.834277],[101.913086,55.783008],[101.990332,55.730908],[102.084668,55.717578],[102.093555,55.695557],[102.050684,55.662793],[102.101562,55.628418],[102.332227,55.589648],[102.38584,55.543945],[102.366211,55.484766],[102.315332,55.436475],[102.31084,55.400586],[102.326563,55.353271],[102.342383,55.319971],[102.390039,55.301855],[102.430176,55.285303],[102.389746,55.261621],[102.344141,55.232422],[102.320215,55.194775],[102.284766,55.143213],[102.233496,55.100977],[102.185742,55.069824],[102.118457,55.052979],[102.142285,55.080322],[102.184375,55.118311],[102.20752,55.146484],[102.258984,55.183447],[102.273535,55.222119],[102.330078,55.270947],[102.310254,55.300928],[102.283984,55.345117],[102.260059,55.409375],[102.267676,55.445264],[102.306934,55.49541],[102.300195,55.529883],[102.217285,55.514063],[102.071777,55.456738],[101.78877,55.413965],[101.760938,55.436426],[101.757422,55.469043],[101.979199,55.522852],[101.970313,55.562549],[101.909961,55.589844],[101.805859,55.653809],[101.787793,55.772119],[101.740723,55.806738],[101.504395,55.889355],[101.411035,55.923486],[101.32207,55.946191],[101.274512,55.981885],[101.351953,55.987061],[101.483398,55.968164],[101.612891,55.969287],[101.633105,55.976709],[101.705762,55.972656],[101.729688,56.014404],[101.732227,56.069629],[101.699023,56.094678],[101.671875,56.134619],[101.706445,56.174902],[101.697266,56.217773],[101.70957,56.263574],[101.76748,56.286621],[101.803223,56.290771],[101.867383,56.236426],[101.931152,56.242334],[101.96416,56.226953],[101.921875,56.16665],[101.945215,56.124512],[102.053711,56.156055],[102.254883,56.227002],[102.259961,56.254541],[102.461914,56.25332],[102.473535,56.310693],[102.52168,56.349463],[102.581836,56.332324],[102.5875,56.297852],[102.626172,56.253369],[102.726562,56.250049],[102.799219,56.262207],[102.822559,56.234961],[102.871973,56.198975],[102.941211,56.196973],[103.00127,56.22251],[103.02334,56.213818],[103.009473,56.143506],[103.019922,56.045166],[103.0625,55.919873],[103.143066,55.808496],[103.246875,55.713623],[103.249316,55.67207],[103.225879,55.558301],[103.334082,55.35752],[103.363867,55.218604],[103.34834,55.132129],[103.304297,55.020166],[103.185059,54.877783],[103.154395,54.801172],[103.215625,54.719434],[103.279102,54.578027],[103.286035,54.481934],[103.348535,54.323145],[103.424512,54.205469],[103.4625,54.160059],[103.396875,54.170166],[103.317871,54.303125],[103.261328,54.342139],[103.205469,54.310742],[103.144141,54.239258],[103.10332,54.147314],[103.160449,54.000537],[103.298047,53.873975],[103.299609,53.841406],[103.330273,53.778516],[103.435352,53.679443],[103.53291,53.635791]]]}},{"type":"Feature","properties":{"scalerank":6,"featurecla":"Reservoir","name":"Shardara Bögeni","name_alt":null,"note":null,"admin":null,"namepar":"Shardara Res.","min_zoom":5,"min_label":6.5,"name_abb":"Shardara Bögeni","label":"Shardara Bögeni","wikidataid":"Q2474777","name_ar":"شاردارا بجيني","name_bn":"শারদারা বেগেনি","name_de":"Schardara-Talsperre","name_en":"Chardara Reservoir","name_es":"Embalse de Shardara","name_fr":"Shardara Bgeni","name_el":"Σαρντάρα Μπγκενί","name_hi":"शारदरा बगेनिक","name_hu":"Shardara Bgeni","name_id":"Shardara Bgeni","name_it":"Shardara","name_ja":"シャルダラ貯水池","name_ko":"샤다라 브게니","name_nl":"Shardara Reservoir","name_pl":"Zbiornik Szardarski","name_pt":"Reserva de Shardara","name_ru":"Чардаринское водохранилище","name_sv":"Shardara Bgeni","name_tr":"Shardara Bgeni","name_vi":"Hồ Shardara Bgeni","name_zh":"沙达拉布格尼水库","ne_id":1159125247,"name_fa":"شاردارا بگنی","name_he":"שרדארה בְגֶני","name_uk":"Шардаринське водосховище","name_ur":"شاردارا بگینی","name_zht":"沙達拉水庫"},"bbox":[67.933398,41.048291,68.455859,41.254736],"geometry":{"type":"Polygon","coordinates":[[[67.99082,41.254736],[67.99082,41.254736],[67.99082,41.254736],[67.99082,41.254736],[68.161719,41.199561],[68.243066,41.189111],[68.392969,41.161035],[68.455859,41.106787],[68.402734,41.07793],[68.27998,41.051562],[68.135352,41.048291],[68.024316,41.098779],[67.933398,41.224609],[67.99082,41.254736]]]}},{"type":"Feature","properties":{"scalerank":6,"featurecla":"Reservoir","name":"Vilyuy Reservoir","name_alt":"Vilyuyskoye Res.","note":null,"admin":null,"namepar":null,"min_zoom":5,"min_label":6.5,"name_abb":"Vilyuy Res.","label":"Vilyuy Res.","wikidataid":"Q2065167","name_ar":"خزان فيليوي","name_bn":"ভিলিউ জলাধার","name_de":"Wiljui-Stausee","name_en":"Vilyuy","name_es":"Viliui","name_fr":"Barrage de Viliouï","name_el":"Τεχνητή Λίμνη Βιλγιι","name_hi":"विलुय जलाशय","name_hu":"Vilyuy-víztározó","name_id":"Reservoir Vilyuy","name_it":"del Viljuj","name_ja":"ヴィリュイ貯水池","name_ko":"빌류이 레저보어","name_nl":"Viljoej-stuwmeer","name_pl":"Wilujski Zbiornik Wodny","name_pt":"Represa de Vilyuy","name_ru":"Вилюйское водохранилище","name_sv":"Viljujreservoaren","name_tr":"Vilyuy Rezervuarı","name_vi":"Hồ Vilyuy","name_zh":"维尔尤伊水库","ne_id":1159125251,"name_fa":"مخزن سد ویلیوی","name_he":"מאגר וילְיוּי","name_uk":"Вілюйське водосховище","name_ur":"ولیوئے ریزروائر","name_zht":"維留伊水庫"},"bbox":[109.557715,61.783105,112.480273,63.625146],"geometry":{"type":"Polygon","coordinates":[[[111.120117,62.619629],[111.120117,62.619629],[111.120117,62.619629],[111.120117,62.619629],[111.165527,62.672217],[111.193555,62.707373],[111.158008,62.739795],[111.164746,62.79248],[111.154492,62.808154],[111.139063,62.848486],[110.839063,62.912109],[110.64834,62.981885],[110.430566,62.988672],[110.433203,63.046045],[110.494336,63.09873],[110.484375,63.135937],[110.372656,63.138574],[110.230273,63.155273],[110.10918,63.172363],[110.038672,63.20791],[110.094238,63.222119],[110.200391,63.216846],[110.290723,63.218115],[110.374219,63.241943],[110.393066,63.292187],[110.388867,63.350146],[110.273535,63.399658],[110.162305,63.439404],[110.001563,63.428613],[109.848047,63.38208],[109.750391,63.405322],[109.647949,63.423975],[109.586816,63.455469],[109.746484,63.465527],[109.899023,63.455859],[109.945898,63.480078],[110.038379,63.557666],[110.056152,63.594287],[110.095703,63.625146],[110.135547,63.621338],[110.145508,63.600244],[110.112793,63.572949],[110.127246,63.535596],[110.246777,63.484863],[110.430664,63.459473],[110.481543,63.45957],[110.5625,63.421729],[110.610352,63.388379],[110.568066,63.336182],[110.474316,63.249951],[110.499512,63.233154],[110.545703,63.197949],[110.668359,63.198779],[110.690918,63.217236],[110.743555,63.239404],[110.794922,63.219141],[110.843066,63.189844],[110.918359,63.17793],[110.939355,63.159229],[110.913965,63.146191],[110.885938,63.124707],[110.728125,63.089941],[110.719238,63.063477],[110.771777,63.035889],[110.864844,63.019336],[110.944141,62.997363],[111.014648,63.045801],[111.086035,63.094092],[111.043945,63.268701],[111.049512,63.292822],[111.04248,63.310791],[111.076367,63.34873],[111.10293,63.415039],[111.143164,63.42373],[111.170313,63.353076],[111.162305,63.308301],[111.170215,63.294971],[111.143945,63.219092],[111.160059,63.176416],[111.210742,63.137793],[111.273438,63.11875],[111.334473,63.115918],[111.47334,63.129639],[111.55752,63.165332],[111.583594,63.217773],[111.53584,63.288428],[111.596191,63.282568],[111.652148,63.283447],[111.69043,63.288916],[111.797656,63.265771],[111.9,63.219189],[111.976562,63.119043],[111.985352,63.097119],[111.830469,63.003223],[111.828711,62.960156],[111.923633,62.912646],[111.998047,62.900293],[112.059766,62.913525],[112.12002,62.916797],[112.154883,62.970166],[112.115137,63.017236],[112.108398,63.053906],[112.120117,63.129932],[112.077539,63.235449],[112.046582,63.314844],[111.908008,63.369727],[111.815625,63.383398],[111.909863,63.411816],[112.079492,63.408838],[112.125488,63.432422],[112.170898,63.424023],[112.13916,63.381006],[112.134766,63.314844],[112.148047,63.248682],[112.234375,63.126025],[112.439746,63.074951],[112.480273,63.020313],[112.400195,62.999707],[112.380176,62.92002],[112.368164,62.841992],[112.27793,62.789844],[112.175,62.764648],[112.105762,62.782764],[112.049414,62.818115],[111.915234,62.849121],[111.846484,62.873486],[111.776758,62.862207],[111.729297,62.846045],[111.692871,62.864014],[111.630762,62.863232],[111.580664,62.85752],[111.487891,62.872803],[111.435156,62.893506],[111.399316,62.918506],[111.408203,62.939746],[111.469629,62.943945],[111.521289,62.953125],[111.561035,62.968164],[111.633398,62.972754],[111.657031,63.040869],[111.774414,63.070312],[111.839355,63.120801],[111.84375,63.160498],[111.786426,63.195801],[111.70918,63.18667],[111.640234,63.143164],[111.592383,63.076709],[111.518359,63.04707],[111.416016,63.028467],[111.318359,63.028467],[111.206641,63.005176],[111.190527,62.940088],[111.293164,62.883105],[111.344922,62.847119],[111.376367,62.805127],[111.388477,62.723193],[111.424414,62.653369],[111.390137,62.61084],[111.31709,62.549756],[111.358984,62.494043],[111.358496,62.47168],[111.294043,62.46001],[111.293066,62.43125],[111.327832,62.397461],[111.489062,62.401709],[111.604785,62.390283],[111.639941,62.361328],[111.666406,62.33125],[111.662793,62.311377],[111.504102,62.34873],[111.389551,62.327051],[111.371875,62.282959],[111.603906,62.213623],[111.550879,62.187207],[111.483398,62.19585],[111.422852,62.21875],[111.349512,62.223438],[111.285645,62.190869],[111.295508,62.130664],[111.399023,62.057764],[111.250781,61.9896],[111.046387,61.9896],[110.899707,62.010547],[110.617676,62.06416],[110.553711,62.079004],[110.416992,62.092676],[110.350488,62.11001],[110.303125,62.133643],[110.160449,62.124072],[110.015918,62.07832],[109.827051,61.994043],[109.665234,61.910693],[109.635156,61.83623],[109.60127,61.783105],[109.559863,61.799463],[109.567676,61.87793],[109.557715,61.899561],[109.603906,61.94209],[109.636719,62.007178],[109.626855,62.052539],[109.714063,62.038525],[109.816309,62.055371],[109.932031,62.102588],[110.145215,62.204395],[110.433398,62.193945],[110.60625,62.131055],[110.674414,62.120557],[110.757129,62.098682],[110.810254,62.110693],[110.886523,62.084131],[110.936719,62.086133],[110.94668,62.082959],[110.972852,62.061084],[111.088086,62.050586],[111.156445,62.110059],[111.123438,62.164014],[111.119531,62.220801],[111.208789,62.256494],[111.242871,62.30918],[111.234961,62.374902],[111.208887,62.431348],[111.136621,62.482715],[111.012402,62.504346],[110.915918,62.487939],[110.875098,62.468164],[110.858789,62.477979],[110.852344,62.498926],[110.78418,62.528369],[110.85127,62.545557],[110.979492,62.540039],[111.051172,62.543896],[111.089648,62.56958],[111.120117,62.619629]]]}},{"type":"Feature","properties":{"scalerank":1,"featurecla":"Lake","name":null,"name_alt":null,"note":"_untitled_40","admin":null,"namepar":null,"min_zoom":5,"min_label":6.5,"name_abb":null,"label":null,"wikidataid":null,"name_ar":null,"name_bn":null,"name_de":null,"name_en":null,"name_es":null,"name_fr":null,"name_el":null,"name_hi":null,"name_hu":null,"name_id":null,"name_it":null,"name_ja":null,"name_ko":null,"name_nl":null,"name_pl":null,"name_pt":null,"name_ru":null,"name_sv":null,"name_tr":null,"name_vi":null,"name_zh":null,"ne_id":1159115599,"name_fa":null,"name_he":null,"name_uk":null,"name_ur":null,"name_zht":null},"bbox":[139.658496,53.340137,139.921973,53.555664],"geometry":{"type":"Polygon","coordinates":[[[139.881055,53.555664],[139.881055,53.555664],[139.881055,53.555664],[139.881055,53.555664],[139.921973,53.526709],[139.85498,53.46001],[139.808691,53.399512],[139.822656,53.361182],[139.815918,53.340137],[139.748828,53.347656],[139.67168,53.390479],[139.658496,53.456201],[139.747754,53.523828],[139.881055,53.555664]]]}},{"type":"Feature","properties":{"scalerank":6,"featurecla":"Lake","name":"Biwa Ko","name_alt":null,"note":null,"admin":null,"namepar":null,"min_zoom":5,"min_label":6.5,"name_abb":"Biwa Ko","label":"Biwa Ko","wikidataid":"Q200239","name_ar":"بحيرة بيوا","name_bn":"বিওয়া কো","name_de":"Biwa","name_en":"Biwa","name_es":"Biwa","name_fr":"Biwa","name_el":"Λίμνη Μπίβα","name_hi":"बिवा झील","name_hu":"Biva-tó","name_id":"Biwa","name_it":"Biwa","name_ja":"琵琶湖","name_ko":"비와호","name_nl":"Biwameer","name_pl":"Biwa","name_pt":"Biwa","name_ru":"Бива","name_sv":"Biwasjön","name_tr":"Biwa","name_vi":"Biwa","name_zh":"琵琶湖","ne_id":1159115641,"name_fa":"دریاچه بیوا","name_he":"אגם ביווה","name_uk":"Озеро Біва","name_ur":"بیوا کو","name_zht":"琵琶湖"},"bbox":[135.889258,34.999805,136.268066,35.466064],"geometry":{"type":"Polygon","coordinates":[[[136.057813,35.387256],[136.057813,35.387256],[136.057813,35.387256],[136.057813,35.387256],[136.082813,35.442969],[136.136914,35.466064],[136.182227,35.45332],[136.224512,35.407422],[136.268066,35.347168],[136.214258,35.264014],[135.980566,35.097852],[135.921973,35.026025],[135.889258,34.999805],[135.891602,35.092871],[135.969141,35.20332],[136.032227,35.303955],[136.057813,35.387256]]]}},{"type":"Feature","properties":{"scalerank":6,"featurecla":"Lake","name":"Üüreg Nuur","name_alt":null,"note":null,"admin":null,"namepar":null,"min_zoom":5,"min_label":6.5,"name_abb":"Üüreg Nuur","label":"Üüreg Nuur","wikidataid":"Q978800","name_ar":"بحيرة ريج","name_bn":"রেগ নুর","name_de":"Reg Nuur","name_en":"Üüreg","name_es":"Üüreg","name_fr":"Üüreg","name_el":"Ρεγκ Νουρ","name_hi":"रेग नुउर","name_hu":"Reg Nuur","name_id":"Reg Nuur","name_it":"Ùùrėg nuur","name_ja":"ウウレグ・ヌール","name_ko":"레그 누르","name_nl":"Üüreg","name_pl":"Üüreg nuur","name_pt":"Lago Reg","name_ru":"Уурэг-Нуур","name_sv":"Reg Nuur","name_tr":"Üüreg","name_vi":"Uureg","name_zh":"烏雷格湖","ne_id":1159115657,"name_fa":"رگ نور","name_he":"אגם רג","name_uk":"Урег-нур","name_ur":"ریگ نور","name_zht":"烏雷格湖"},"bbox":[90.891309,50.080322,91.131055,50.214209],"geometry":{"type":"Polygon","coordinates":[[[91.052051,50.208398],[91.052051,50.208398],[91.052051,50.208398],[91.052051,50.208398],[91.117188,50.175195],[91.131055,50.130176],[91.078223,50.099463],[90.960547,50.080322],[90.891309,50.135693],[90.94209,50.214209],[91.052051,50.208398]]]}},{"type":"Feature","properties":{"scalerank":1,"featurecla":"Lake","name":null,"name_alt":null,"note":"_untitled_32","admin":null,"namepar":null,"min_zoom":5,"min_label":6.5,"name_abb":null,"label":null,"wikidataid":null,"name_ar":null,"name_bn":null,"name_de":null,"name_en":null,"name_es":null,"name_fr":null,"name_el":null,"name_hi":null,"name_hu":null,"name_id":null,"name_it":null,"name_ja":null,"name_ko":null,"name_nl":null,"name_pl":null,"name_pt":null,"name_ru":null,"name_sv":null,"name_tr":null,"name_vi":null,"name_zh":null,"ne_id":1159115681,"name_fa":null,"name_he":null,"name_uk":null,"name_ur":null,"name_zht":null},"bbox":[90.00625,33.325098,90.401367,33.701758],"geometry":{"type":"Polygon","coordinates":[[[90.401367,33.526318],[90.401367,33.526318],[90.401367,33.526318],[90.401367,33.526318],[90.393945,33.435596],[90.321777,33.363184],[90.246582,33.325098],[90.10127,33.377246],[90.033301,33.385254],[90.00625,33.436621],[90.046973,33.445215],[90.186426,33.416211],[90.289551,33.474707],[90.281934,33.568701],[90.288672,33.638281],[90.31875,33.701758],[90.401367,33.526318]]]}},{"type":"Feature","properties":{"scalerank":1,"featurecla":"Lake","name":null,"name_alt":null,"note":"_untitled_31","admin":null,"namepar":null,"min_zoom":5,"min_label":6.5,"name_abb":null,"label":null,"wikidataid":null,"name_ar":null,"name_bn":null,"name_de":null,"name_en":null,"name_es":null,"name_fr":null,"name_el":null,"name_hi":null,"name_hu":null,"name_id":null,"name_it":null,"name_ja":null,"name_ko":null,"name_nl":null,"name_pl":null,"name_pt":null,"name_ru":null,"name_sv":null,"name_tr":null,"name_vi":null,"name_zh":null,"ne_id":1159115701,"name_fa":null,"name_he":null,"name_uk":null,"name_ur":null,"name_zht":null},"bbox":[89.709961,33.255811,89.969629,33.522852],"geometry":{"type":"Polygon","coordinates":[[[89.709961,33.46875],[89.709961,33.46875],[89.709961,33.46875],[89.709961,33.46875],[89.770508,33.468701],[89.832227,33.480225],[89.876172,33.505176],[89.935156,33.522852],[89.969629,33.479883],[89.91875,33.375537],[89.889746,33.329297],[89.82998,33.255811],[89.805664,33.285645],[89.785742,33.416797],[89.734277,33.447412],[89.709961,33.46875]]]}},{"type":"Feature","properties":{"scalerank":1,"featurecla":"Lake","name":null,"name_alt":null,"note":"_untitled_30","admin":null,"namepar":null,"min_zoom":5,"min_label":6.5,"name_abb":null,"label":null,"wikidataid":null,"name_ar":null,"name_bn":null,"name_de":null,"name_en":null,"name_es":null,"name_fr":null,"name_el":null,"name_hi":null,"name_hu":null,"name_id":null,"name_it":null,"name_ja":null,"name_ko":null,"name_nl":null,"name_pl":null,"name_pt":null,"name_ru":null,"name_sv":null,"name_tr":null,"name_vi":null,"name_zh":null,"ne_id":1159115721,"name_fa":null,"name_he":null,"name_uk":null,"name_ur":null,"name_zht":null},"bbox":[75.935742,31.900195,76.171387,32.153174],"geometry":{"type":"Polygon","coordinates":[[[76.169141,31.900195],[76.169141,31.900195],[76.169141,31.900195],[76.169141,31.900195],[76.081934,31.908838],[75.974805,31.972461],[75.938281,32.061328],[75.935742,32.139209],[75.982813,32.153174],[76.094629,32.073437],[76.171387,31.961914],[76.169141,31.900195]]]}},{"type":"Feature","properties":{"scalerank":1,"featurecla":"Lake","name":null,"name_alt":null,"note":"_untitled_29","admin":null,"namepar":null,"min_zoom":5,"min_label":6.5,"name_abb":null,"label":null,"wikidataid":null,"name_ar":null,"name_bn":null,"name_de":null,"name_en":null,"name_es":null,"name_fr":null,"name_el":null,"name_hi":null,"name_hu":null,"name_id":null,"name_it":null,"name_ja":null,"name_ko":null,"name_nl":null,"name_pl":null,"name_pt":null,"name_ru":null,"name_sv":null,"name_tr":null,"name_vi":null,"name_zh":null,"ne_id":1159115741,"name_fa":null,"name_he":null,"name_uk":null,"name_ur":null,"name_zht":null},"bbox":[91.423926,31.943018,91.532422,32.133203],"geometry":{"type":"Polygon","coordinates":[[[91.468945,31.947461],[91.468945,31.947461],[91.468945,31.947461],[91.468945,31.947461],[91.437012,31.991016],[91.423926,32.061914],[91.454688,32.112158],[91.511426,32.133203],[91.532422,32.079736],[91.529492,31.965869],[91.518359,31.943018],[91.468945,31.947461]]]}},{"type":"Feature","properties":{"scalerank":1,"featurecla":"Lake","name":null,"name_alt":null,"note":"_untitled_28","admin":null,"namepar":null,"min_zoom":5,"min_label":6.5,"name_abb":null,"label":null,"wikidataid":null,"name_ar":null,"name_bn":null,"name_de":null,"name_en":null,"name_es":null,"name_fr":null,"name_el":null,"name_hi":null,"name_hu":null,"name_id":null,"name_it":null,"name_ja":null,"name_ko":null,"name_nl":null,"name_pl":null,"name_pt":null,"name_ru":null,"name_sv":null,"name_tr":null,"name_vi":null,"name_zh":null,"ne_id":1159115757,"name_fa":null,"name_he":null,"name_uk":null,"name_ur":null,"name_zht":null},"bbox":[87.414844,31.84707,87.595801,31.96875],"geometry":{"type":"Polygon","coordinates":[[[87.414844,31.85166],[87.414844,31.85166],[87.414844,31.85166],[87.414844,31.85166],[87.424023,31.911719],[87.489551,31.954346],[87.546094,31.96875],[87.590625,31.947656],[87.595801,31.903076],[87.530273,31.84707],[87.414844,31.85166]]]}},{"type":"Feature","properties":{"scalerank":6,"featurecla":"Lake","name":"Banggong Co","name_alt":null,"note":null,"admin":null,"namepar":null,"min_zoom":5,"min_label":6.5,"name_abb":"Banggong Co","label":"Banggong Co","wikidataid":"Q1032254","name_ar":"بحيرة بانغونق","name_bn":"প্যাঙ্গং হ্রদ","name_de":"Pangong Tso","name_en":"Pangong Tso","name_es":"Pangong Tso","name_fr":"Pangong","name_el":"Μπανγκόγκ Κο","name_hi":"पांगोंग त्सो","name_hu":"Banggong-tó","name_id":"Pangong Tso","name_it":"Pangong Tso","name_ja":"パンゴン湖","name_ko":"방공 코","name_nl":"Pangong","name_pl":"Banggong Co","name_pt":"Pangong Tso","name_ru":"Пангонг-Цо","name_sv":"Pangongsjön","name_tr":"Pangong","name_vi":"Pangong Tso","name_zh":"班公错","ne_id":1159115773,"name_fa":"بنگونگ کو","name_he":"אגם באנגונג","name_uk":"Пангонг-Цо","name_ur":"بینگونگ کو","name_zht":"班公錯"},"bbox":[78.442969,33.677002,78.975586,33.973535],"geometry":{"type":"Polygon","coordinates":[[[78.442969,33.939404],[78.442969,33.939404],[78.442969,33.939404],[78.442969,33.939404],[78.49043,33.973535],[78.657813,33.816455],[78.758008,33.747266],[78.960547,33.741016],[78.975586,33.723486],[78.914062,33.696631],[78.734277,33.677002],[78.552637,33.851172],[78.442969,33.939404]]]}},{"type":"Feature","properties":{"scalerank":6,"featurecla":"Alkaline Lake","name":"Tengiz Köli","name_alt":null,"note":null,"admin":null,"namepar":null,"min_zoom":5,"min_label":6.5,"name_abb":"Tengiz Köli","label":"Tengiz Köli","wikidataid":"Q931708","name_ar":"حيرة تنجيز","name_bn":"টেঙ্গিজ কেলি","name_de":"Tengizsee","name_en":"Tengiz","name_es":"Tengiz","name_fr":"Tengiz","name_el":"Τενγκίζ Κάλι","name_hi":"तेंगिज़ कोलि","name_hu":"Tengiz-tó","name_id":"Tengiz","name_it":"Tengiz","name_ja":"テンギス湖","name_ko":"텡기즈 콜리","name_nl":"Tengizmeer","name_pl":"Tengyz","name_pt":"Lago Tengiz","name_ru":"Тенгиз","name_sv":"Tengiz Köli","name_tr":"Tengiz","name_vi":"Hồ Tengiz Köli","name_zh":"田吉茲湖","ne_id":1159126917,"name_fa":"دریاچه تنگیز","name_he":"אגם טנגיז","name_uk":"Тенгіз","name_ur":"تینگیز کولی","name_zht":"田吉茲湖"},"bbox":[68.690234,50.179004,69.616699,50.719238],"geometry":{"type":"Polygon","coordinates":[[[69.2875,50.687988],[69.2875,50.687988],[69.2875,50.687988],[69.2875,50.687988],[69.370508,50.719238],[69.516309,50.69292],[69.616699,50.676172],[69.6125,50.614502],[69.500098,50.591113],[69.390039,50.599023],[69.33457,50.604492],[69.274902,50.587744],[69.108691,50.460107],[69.047168,50.425684],[69.03584,50.396533],[69.056738,50.363867],[69.236621,50.353516],[69.259082,50.310596],[69.255762,50.254346],[69.200195,50.253662],[69.148145,50.241162],[69.074023,50.200537],[68.937793,50.179004],[68.77832,50.228418],[68.690234,50.265967],[68.718945,50.32998],[68.75918,50.437988],[68.779004,50.513379],[68.861328,50.571045],[68.992773,50.563867],[69.09082,50.563867],[69.226758,50.616211],[69.2875,50.687988]]]}},{"type":"Feature","properties":{"scalerank":6,"featurecla":"Alkaline Lake","name":"Qusmuryn Köli","name_alt":null,"note":null,"admin":null,"namepar":null,"min_zoom":5,"min_label":6.5,"name_abb":"Qusmuryn Köli","label":"Qusmuryn Köli","wikidataid":"Q2454806","name_ar":"كوسمورين كولي","name_bn":"ক্যুসমুর‍্যান কোলি","name_de":"Qusmuryn Köli","name_en":"Kushmurun","name_es":"Qusmuryn Koli","name_fr":"Qusmuryn Koli","name_el":"Κουσμουρίνκ Κόλι","name_hi":"कुस्मुरिन कोलि","name_hu":"Kušmurun","name_id":"Qusmuryn Koli","name_it":"Qusmuryn Köli","name_ja":"クスムリュン・コリ","name_ko":"쿠스무린 콜리","name_nl":"Lake Ubogan","name_pl":"Kusmuryn","name_pt":"Lago Qusmuryn","name_ru":"Кушмурун","name_sv":"Ozero Kushmurun","name_tr":"Qusmuryn Köli","name_vi":"Hồ Ubogan","name_zh":"库斯马林湖","ne_id":1159126933,"name_fa":"کوسمورین کولی","name_he":"אגם קוסמורין","name_uk":"Кусмирін Колі","name_ur":"قسمورین کولی","name_zht":"庫斯穆林湖"},"bbox":[64.501367,52.515723,64.982324,52.908105],"geometry":{"type":"Polygon","coordinates":[[[64.573633,52.604883],[64.573633,52.604883],[64.573633,52.604883],[64.573633,52.604883],[64.685352,52.687402],[64.790039,52.767773],[64.883594,52.855957],[64.94873,52.908105],[64.982324,52.882861],[64.96709,52.731152],[64.889844,52.671875],[64.794043,52.62373],[64.765332,52.612793],[64.721973,52.593945],[64.64873,52.553125],[64.515039,52.515723],[64.501367,52.535059],[64.573633,52.604883]]]}}],"bbox":[-165.898486328125,-50.62001953125,176.08271484375,81.94033203125]}