{"type":"FeatureCollection","name":"ne_50m_land","crs":{"type":"name","properties":{"name":"urn:ogc:def:crs:OGC:1.3:CRS84"}},"features":[{"type":"Feature","properties":{"scalerank":0,"featurecla":"Land","min_zoom":1.5},"bbox":[178.497461,-16.976172,180,-16.15293],"geometry":{"type":"Polygon","coordinates":[[[179.999219,-16.168555],[179.56416,-16.636914],[179.568164,-16.747461],[179.930371,-16.519434],[179.92793,-16.744434],[179.419336,-16.806543],[179.202344,-16.712695],[178.706641,-16.976172],[178.497461,-16.787891],[178.583594,-16.621875],[180,-16.15293],[179.999219,-16.168555]]]}},{"type":"Feature","properties":{"scalerank":0,"featurecla":"Land","min_zoom":4},"bbox":[177.182813,-17.163867,177.287402,-17.048633],"geometry":{"type":"Polygon","coordinates":[[[177.23418,-17.14707],[177.182813,-17.163867],[177.210156,-17.084277],[177.239258,-17.059375],[177.25752,-17.054199],[177.287402,-17.048633],[177.275781,-17.104883],[177.23418,-17.14707]]]}},{"type":"Feature","properties":{"scalerank":0,"featurecla":"Land","min_zoom":4},"bbox":[127.286426,0.758447,127.372656,0.862012],"geometry":{"type":"Polygon","coordinates":[[[127.372656,0.791309],[127.338379,0.758447],[127.306055,0.769434],[127.286426,0.811914],[127.292773,0.84248],[127.319824,0.862012],[127.353809,0.847461],[127.372656,0.791309]]]}},{"type":"Feature","properties":{"scalerank":0,"featurecla":"Land","min_zoom":3},"bbox":[-81.42168,24.629932,-81.319824,24.75],"geometry":{"type":"Polygon","coordinates":[[[-81.334814,24.650488],[-81.420068,24.75],[-81.319824,24.667627],[-81.334814,24.650488]]]}},{"type":"Feature","properties":{"scalerank":0,"featurecla":"Land","min_zoom":4},"bbox":[-80.84834,24.803662,-80.785205,24.846289],"geometry":{"type":"Polygon","coordinates":[[[-80.829395,24.803662],[-80.84834,24.803662],[-80.838867,24.817871],[-80.799414,24.846289],[-80.785205,24.835254],[-80.786768,24.821045],[-80.829395,24.803662]]]}},{"type":"Feature","properties":{"scalerank":0,"featurecla":"Land","min_zoom":4},"bbox":[-80.665137,24.898438,-80.6146,24.941113],"geometry":{"type":"Polygon","coordinates":[[[-80.638281,24.903174],[-80.665137,24.898438],[-80.625684,24.941113],[-80.6146,24.937939],[-80.638281,24.903174]]]}},{"type":"Feature","properties":{"scalerank":0,"featurecla":"Land","min_zoom":0},"bbox":[113.184766,-39.145508,153.616895,-10.707324],"geometry":{"type":"Polygon","coordinates":[[[143.178906,-11.954492],[143.110254,-12.303516],[143.401563,-12.639941],[143.548438,-13.741016],[143.756348,-14.348828],[143.961816,-14.462891],[144.473047,-14.231836],[144.648047,-14.49248],[145.287695,-14.943164],[145.426074,-16.406152],[145.754785,-16.879492],[145.912109,-16.9125],[146.125879,-17.635254],[146.032227,-18.272852],[146.333203,-18.553711],[146.383398,-18.977051],[147.13877,-19.393164],[147.418555,-19.378125],[147.742383,-19.770117],[148.759375,-20.289551],[148.884766,-20.480859],[148.72998,-20.467773],[148.683691,-20.580176],[149.454102,-21.578711],[149.703906,-22.440527],[149.822461,-22.389844],[149.974414,-22.550684],[150.020605,-22.168359],[150.541309,-22.559082],[150.622852,-22.367285],[150.763867,-22.576172],[150.843164,-23.458008],[151.153809,-23.784082],[151.831641,-24.122949],[152.913477,-25.432129],[152.920508,-25.688574],[153.164941,-25.96416],[153.116797,-27.194434],[153.575684,-28.240527],[153.616895,-28.673047],[153.030566,-30.563379],[152.943945,-31.434863],[152.559277,-32.045703],[152.47041,-32.439063],[152.164258,-32.757422],[151.812891,-32.901074],[151.29209,-33.580957],[151.280273,-33.92666],[151.124805,-34.005273],[151.231543,-34.029688],[150.871289,-34.499121],[150.80459,-35.012891],[150.195312,-35.833594],[149.932715,-37.528516],[149.480859,-37.771191],[147.876758,-37.93418],[146.856836,-38.663477],[146.21748,-38.727441],[146.336621,-38.894238],[146.466602,-38.840332],[146.4,-39.145508],[146.158398,-38.865723],[145.935352,-38.901758],[145.79082,-38.666992],[145.397266,-38.535352],[145.542188,-38.393848],[145.475781,-38.24375],[145.292773,-38.237598],[144.95957,-38.500781],[144.717773,-38.340332],[144.911426,-38.344043],[145.119922,-38.091309],[144.891309,-37.899805],[144.395508,-38.136914],[144.665234,-38.209961],[143.538965,-38.820898],[142.455859,-38.386328],[141.725,-38.271387],[141.424219,-38.363477],[141.010938,-38.076953],[140.39043,-37.89668],[139.784277,-37.245801],[139.857324,-36.662109],[139.729004,-36.371387],[138.968945,-35.580762],[139.289453,-35.611328],[139.28252,-35.375391],[138.521875,-35.642383],[138.184375,-35.612695],[138.511133,-35.024414],[138.489941,-34.763574],[138.089258,-34.169824],[137.691699,-35.142969],[136.883594,-35.239746],[137.014258,-34.91582],[137.391016,-34.913281],[137.493848,-34.161133],[137.931836,-33.579102],[137.852344,-33.200781],[137.992578,-33.094238],[137.783203,-32.578125],[137.790918,-32.823242],[137.237305,-33.629492],[136.430664,-34.02998],[135.891016,-34.660938],[135.969727,-34.981836],[135.792383,-34.863281],[135.647559,-34.939648],[135.123047,-34.585742],[135.216797,-34.487305],[135.45,-34.581055],[135.218945,-33.959766],[134.719043,-33.255176],[134.30127,-33.165039],[134.100391,-32.748633],[134.227148,-32.730566],[134.23418,-32.548535],[133.665332,-32.207227],[133.212109,-32.183789],[132.757422,-31.95625],[132.214648,-32.007129],[131.143652,-31.495703],[128.946191,-31.702637],[127.319824,-32.264063],[125.917188,-32.296973],[124.758789,-32.882715],[124.24375,-33.015234],[123.506836,-33.916211],[122.150977,-33.991797],[122.061133,-33.874414],[121.405078,-33.826758],[119.854102,-33.974707],[119.450586,-34.368262],[118.895312,-34.479883],[117.863086,-35.05498],[116.517188,-34.987891],[115.986719,-34.79502],[115.565039,-34.425781],[115.008789,-34.255859],[114.993848,-33.515332],[115.358789,-33.639941],[115.683008,-33.192871],[115.698438,-31.694531],[115.07793,-30.560449],[114.856836,-29.142969],[114.165137,-28.080664],[114.028125,-27.347266],[113.184766,-26.182227],[113.323242,-26.243848],[113.356055,-26.080469],[113.581641,-26.558105],[113.836426,-26.500586],[113.852832,-26.332129],[113.395312,-25.713281],[113.451367,-25.599121],[113.713086,-25.830762],[113.72373,-26.129785],[113.853906,-26.014453],[113.991992,-26.321484],[114.090332,-26.393652],[114.215723,-26.289453],[114.214258,-25.851562],[113.417676,-24.435645],[113.489844,-23.869629],[113.757031,-23.418164],[113.795117,-22.914551],[113.682813,-22.637793],[114.022852,-21.881445],[114.123926,-21.828613],[114.141602,-22.483105],[114.377734,-22.341504],[114.709277,-21.823438],[115.456152,-21.491699],[116.706738,-20.653809],[117.40625,-20.721191],[118.751465,-20.261914],[119.104492,-19.995313],[119.585938,-20.038281],[120.997949,-19.604395],[121.337695,-19.319922],[121.833789,-18.477051],[122.34541,-18.111914],[122.147461,-17.549023],[122.260938,-17.135742],[122.970703,-16.436816],[123.563086,-17.520898],[123.593555,-17.030371],[123.831055,-17.120801],[123.874414,-16.918652],[123.49043,-16.490723],[123.625977,-16.416309],[123.607031,-16.224023],[123.728906,-16.19248],[123.85918,-16.382324],[124.044434,-16.264941],[124.771973,-16.402637],[124.404883,-16.298926],[124.648535,-15.870215],[124.504297,-15.972461],[124.381641,-15.758203],[124.439551,-15.493555],[124.561621,-15.496289],[124.692578,-15.273633],[125.062988,-15.442285],[125.072949,-15.306738],[124.90918,-15.310059],[124.839063,-15.160742],[125.038184,-15.004102],[125.355664,-15.119824],[125.178711,-14.714746],[125.579785,-14.483203],[125.627734,-14.256641],[125.661621,-14.529492],[125.819531,-14.469141],[125.890625,-14.617969],[126.020703,-14.494531],[126.053906,-13.977246],[126.258496,-14.163574],[126.403125,-14.018945],[126.569727,-14.160938],[126.903223,-13.744141],[127.457617,-14.031445],[128.199414,-14.751758],[128.069434,-15.329297],[128.155469,-15.225586],[128.254688,-15.298535],[128.175,-15.043164],[128.575781,-14.774512],[129.058203,-14.884375],[129.21582,-15.160254],[129.267578,-14.871484],[129.634766,-15.139746],[129.637109,-14.850977],[129.84873,-14.828906],[129.604688,-14.64707],[129.697949,-14.557422],[129.378711,-14.39248],[129.709863,-13.97998],[129.838867,-13.572949],[130.259766,-13.302246],[130.134961,-13.145508],[130.168164,-12.957422],[130.399902,-12.687891],[130.61748,-12.646875],[130.622656,-12.431055],[130.867383,-12.557813],[130.873828,-12.367188],[131.291602,-12.067871],[131.438281,-12.276953],[132.253223,-12.186035],[132.411035,-12.295117],[132.510547,-12.134863],[132.712793,-12.123438],[132.674219,-11.649023],[131.822461,-11.302441],[131.961523,-11.180859],[132.155469,-11.311133],[132.333984,-11.223535],[132.682813,-11.505566],[132.961035,-11.407324],[133.185254,-11.705664],[134.417383,-12.052734],[134.730273,-11.984375],[135.029688,-12.19375],[135.217969,-12.22168],[135.922461,-11.825781],[135.704395,-12.209863],[136.008496,-12.191406],[136.081836,-12.422461],[136.260645,-12.433789],[136.270117,-12.131641],[136.540234,-11.957617],[136.947461,-12.349902],[136.537012,-12.784277],[136.594336,-13.003809],[136.461035,-13.225195],[136.294141,-13.137988],[135.927344,-13.304297],[135.954492,-13.934863],[135.405176,-14.758203],[135.45332,-14.923145],[136.291406,-15.570117],[136.704883,-15.685254],[136.784668,-15.894238],[137.002148,-15.87832],[137.703711,-16.233008],[138.24502,-16.718359],[139.009863,-16.899316],[139.248438,-17.328613],[140.03584,-17.702637],[140.511133,-17.624512],[140.830469,-17.414453],[141.411914,-16.069531],[141.625488,-15.056641],[141.472559,-13.797559],[141.64541,-13.259082],[141.613574,-12.943457],[141.929785,-12.739844],[141.677734,-12.491406],[141.688574,-12.351074],[141.870508,-11.975586],[141.961133,-12.054297],[142.168359,-10.946582],[142.456445,-10.707324],[142.605078,-10.748242],[142.552734,-10.874414],[142.779688,-11.115332],[142.872559,-11.821387],[143.066406,-11.924121],[143.178906,-11.954492]]]}},{"type":"Feature","properties":{"scalerank":0,"featurecla":"Land","min_zoom":0.5},"bbox":[177.254883,-18.264063,178.667676,-17.312988],"geometry":{"type":"Polygon","coordinates":[[[178.280176,-17.371973],[178.591602,-17.651465],[178.667676,-18.080859],[177.955469,-18.264063],[177.321387,-18.077539],[177.263965,-17.863477],[177.504492,-17.539551],[178.247168,-17.329102],[178.280176,-17.371973]]]}},{"type":"Feature","properties":{"scalerank":0,"featurecla":"Land","min_zoom":1},"bbox":[164.037305,-22.376172,167.004297,-20.141504],"geometry":{"type":"Polygon","coordinates":[[[164.202344,-20.246094],[165.191797,-20.768848],[165.662793,-21.267188],[166.942383,-22.090137],[166.970313,-22.322852],[166.467969,-22.256055],[164.927441,-21.289844],[164.169727,-20.480176],[164.059668,-20.141504],[164.202344,-20.246094]]]}},{"type":"Feature","properties":{"scalerank":0,"featurecla":"Land","min_zoom":1},"bbox":[127.420313,-0.892676,128.899609,2.199023],"geometry":{"type":"Polygon","coordinates":[[[127.732715,0.848145],[127.881055,0.832129],[128.222461,1.400635],[128.688379,1.572559],[128.702637,1.106396],[128.298828,0.876807],[128.260645,0.733789],[128.899609,0.21626],[127.983105,0.471875],[127.887402,0.29834],[127.977832,-0.24834],[128.425488,-0.892676],[128.046387,-0.706055],[127.691602,-0.241895],[127.708691,0.288086],[127.537109,0.610889],[127.608008,0.848242],[127.428516,1.13999],[127.631738,1.843701],[128.036426,2.199023],[127.886816,1.832959],[128.010938,1.701221],[128.011719,1.331738],[127.652832,1.013867],[127.677441,0.886572],[127.732715,0.848145]]]}},{"type":"Feature","properties":{"scalerank":0,"featurecla":"Land","min_zoom":0.5},"bbox":[68.769531,-49.709863,70.555469,-48.656445],"geometry":{"type":"Polygon","coordinates":[[[69.184863,-49.10957],[69.592773,-48.970996],[69.644043,-49.117383],[69.405078,-49.181738],[69.542383,-49.255664],[70.320215,-49.058594],[70.555469,-49.201465],[70.386133,-49.433984],[70.16582,-49.342969],[69.759961,-49.430176],[69.986426,-49.581641],[70.307129,-49.583496],[70.124316,-49.704395],[69.153125,-49.529687],[68.992969,-49.70498],[68.814746,-49.699609],[68.883398,-49.164941],[68.769531,-49.065918],[69.057227,-48.656445],[69.136133,-48.861035],[69.052148,-49.081934],[69.184863,-49.10957]]]}},{"type":"Feature","properties":{"scalerank":0,"featurecla":"Land","min_zoom":1.5},"bbox":[62.520313,80.697607,65.437402,81.198486],"geometry":{"type":"Polygon","coordinates":[[[63.373828,80.700098],[62.520313,80.821875],[64.095703,80.99834],[64.310156,81.175195],[64.575391,81.198486],[65.171973,81.144043],[65.437402,80.930713],[64.54834,80.75542],[63.373828,80.700098]]]}},{"type":"Feature","properties":{"scalerank":0,"featurecla":"Land","min_zoom":2},"bbox":[57.011133,80.104053,59.255469,80.493945],"geometry":{"type":"Polygon","coordinates":[[[57.95625,80.123242],[57.332324,80.158105],[57.011133,80.468311],[59.255469,80.343213],[58.397949,80.31875],[58.163184,80.196533],[57.95625,80.123242]]]}},{"type":"Feature","properties":{"scalerank":0,"featurecla":"Land","min_zoom":0},"bbox":[-28.036816,70.454004,-25.346338,71.043652],"geometry":{"type":"Polygon","coordinates":[[[-25.432324,70.921338],[-25.402246,70.652686],[-26.217871,70.454053],[-26.604687,70.553369],[-28.035254,70.486816],[-27.617236,70.91377],[-26.621777,70.875635],[-25.818896,71.043652],[-25.458252,70.942529],[-25.432324,70.921338]]]}},{"type":"Feature","properties":{"scalerank":0,"featurecla":"Land","min_zoom":1},"bbox":[159.607422,-9.928613,160.818945,-9.268652],"geometry":{"type":"Polygon","coordinates":[[[159.750391,-9.272656],[159.970605,-9.433301],[160.35459,-9.421582],[160.818945,-9.862793],[159.853711,-9.791504],[159.621875,-9.532129],[159.686328,-9.268652],[159.750391,-9.272656]]]}},{"type":"Feature","properties":{"scalerank":0,"featurecla":"Land","min_zoom":1},"bbox":[117.218555,8.367285,119.686914,11.346436],"geometry":{"type":"Polygon","coordinates":[[[117.311133,8.4396],[117.218555,8.367285],[117.349902,8.713574],[119.223828,10.477295],[119.305664,10.973633],[119.55332,11.313525],[119.52666,10.953174],[119.686914,10.500342],[119.369336,10.327295],[119.191504,10.061084],[118.782129,9.916113],[118.434961,9.256006],[117.4125,8.49585],[117.311133,8.4396]]]}},{"type":"Feature","properties":{"scalerank":0,"featurecla":"Land","min_zoom":1},"bbox":[121.891211,10.444385,123.158301,11.897363],"geometry":{"type":"Polygon","coordinates":[[[122.496191,11.615088],[122.838086,11.595654],[122.894531,11.441309],[123.158301,11.535547],[123.119531,11.286816],[122.769922,10.823828],[121.954004,10.444385],[122.103516,11.64292],[121.891211,11.790869],[122.029199,11.89541],[122.399219,11.702197],[122.496191,11.615088]]]}},{"type":"Feature","properties":{"scalerank":0,"featurecla":"Land","min_zoom":1},"bbox":[122.399512,9.053369,123.567578,10.993945],"geometry":{"type":"Polygon","coordinates":[[[123.130859,9.064111],[122.994727,9.058838],[122.866602,9.319824],[122.5625,9.482812],[122.399512,9.823047],[122.471484,9.961523],[122.855566,10.086914],[122.816992,10.503809],[122.983301,10.886621],[123.256641,10.993945],[123.510645,10.923047],[123.567578,10.780762],[123.162012,9.864258],[123.149805,9.606152],[123.321875,9.31748],[123.19248,9.087891],[123.130859,9.064111]]]}},{"type":"Feature","properties":{"scalerank":0,"featurecla":"Land","min_zoom":0},"bbox":[124.308203,10.033105,125.268457,11.535205],"geometry":{"type":"Polygon","coordinates":[[[124.574609,11.343066],[124.92998,11.372852],[125.026563,11.211719],[125.013184,10.785693],[125.268457,10.307715],[125.142578,10.189453],[124.9875,10.367578],[125.026563,10.033105],[124.780762,10.168066],[124.786719,10.781396],[124.662695,10.961963],[124.445508,10.923584],[124.330664,11.535205],[124.548242,11.39502],[124.574609,11.343066]]]}},{"type":"Feature","properties":{"scalerank":0,"featurecla":"Land","min_zoom":0},"bbox":[124.294727,11.049609,125.749121,12.572559],"geometry":{"type":"Polygon","coordinates":[[[125.239551,12.527881],[125.535645,12.191406],[125.491797,11.594336],[125.735645,11.049609],[125.233398,11.145068],[125.034277,11.34126],[124.916992,11.558398],[124.99502,11.764941],[124.445703,12.152783],[124.294727,12.569336],[125.150195,12.572559],[125.239551,12.527881]]]}},{"type":"Feature","properties":{"scalerank":0,"featurecla":"Land","min_zoom":1.5},"bbox":[120.338477,12.218799,121.540625,13.522412],"geometry":{"type":"Polygon","coordinates":[[[120.704395,13.479492],[121.202734,13.432324],[121.522754,13.131201],[121.540625,12.638184],[121.236719,12.218799],[120.922168,12.511621],[120.651367,13.169141],[120.338477,13.412354],[120.40127,13.517041],[120.65332,13.497607],[120.704395,13.479492]]]}},{"type":"Feature","properties":{"scalerank":0,"featurecla":"Land","min_zoom":1},"bbox":[154.708984,-6.862793,155.957617,-5.444434],"geometry":{"type":"Polygon","coordinates":[[[155.957617,-6.686816],[155.719336,-6.862793],[155.344043,-6.72168],[155.202148,-6.307617],[154.759277,-5.931348],[154.729297,-5.444434],[155.093848,-5.620215],[155.927637,-6.565039],[155.957617,-6.686816]]]}},{"type":"Feature","properties":{"scalerank":0,"featurecla":"Land","min_zoom":1.5},"bbox":[150.746094,-4.832422,153.13252,-2.572949],"geometry":{"type":"Polygon","coordinates":[[[152.96582,-4.756348],[152.891699,-4.832422],[152.739941,-4.63584],[152.668164,-4.131836],[152.279395,-3.582422],[150.746094,-2.738867],[150.825391,-2.572949],[152.03291,-3.251367],[153.016797,-4.105664],[153.13252,-4.352441],[153.023242,-4.666309],[152.96582,-4.756348]]]}},{"type":"Feature","properties":{"scalerank":0,"featurecla":"Land","min_zoom":0.5},"bbox":[137.650391,-8.411719,138.989063,-7.37959],"geometry":{"type":"Polygon","coordinates":[[[138.535352,-8.273633],[138.296289,-8.405176],[137.650391,-8.386133],[138.081836,-7.566211],[138.769824,-7.39043],[138.989063,-7.696094],[138.611719,-8.19834],[138.535352,-8.273633]]]}},{"type":"Feature","properties":{"scalerank":0,"featurecla":"Land","min_zoom":1},"bbox":[127.87793,-3.857715,130.859961,-2.785742],"geometry":{"type":"Polygon","coordinates":[[[129.754688,-2.86582],[130.569922,-3.130859],[130.859961,-3.570312],[130.805078,-3.857715],[129.844141,-3.327148],[129.511719,-3.328516],[129.467676,-3.453223],[128.8625,-3.234961],[128.516602,-3.449121],[128.132031,-3.157422],[127.902344,-3.496289],[127.87793,-3.22207],[128.198535,-2.865918],[128.991113,-2.828516],[129.116309,-2.937012],[129.600488,-2.806152],[129.754688,-2.86582]]]}},{"type":"Feature","properties":{"scalerank":0,"featurecla":"Land","min_zoom":1.5},"bbox":[126.026465,-3.823633,127.244238,-3.065234],"geometry":{"type":"Polygon","coordinates":[[[126.861133,-3.087891],[127.227344,-3.391016],[127.22959,-3.633008],[126.686328,-3.823633],[126.056543,-3.420996],[126.088281,-3.105469],[126.808301,-3.069141],[126.861133,-3.087891]]]}},{"type":"Feature","properties":{"scalerank":0,"featurecla":"Land","min_zoom":1},"bbox":[119.807031,-8.935449,123.005957,-8.093262],"geometry":{"type":"Polygon","coordinates":[[[122.78291,-8.611719],[121.035254,-8.935449],[120.550488,-8.801855],[119.909375,-8.857617],[119.80791,-8.697656],[119.874805,-8.419824],[120.610254,-8.24043],[121.444531,-8.577832],[121.966504,-8.455176],[122.323242,-8.62832],[122.850488,-8.304395],[122.919141,-8.221875],[122.758594,-8.185938],[122.845703,-8.093262],[123.005957,-8.329102],[122.82002,-8.595703],[122.78291,-8.611719]]]}},{"type":"Feature","properties":{"scalerank":0,"featurecla":"Land","min_zoom":1.5},"bbox":[118.958789,-10.294043,120.832617,-9.301465],"geometry":{"type":"Polygon","coordinates":[[[120.0125,-9.374707],[120.291113,-9.647852],[120.555566,-9.719043],[120.804199,-10.108496],[120.43916,-10.294043],[120.255469,-10.242285],[119.601074,-9.773535],[119.085449,-9.706934],[118.958789,-9.519336],[119.185645,-9.384473],[119.973828,-9.321582],[120.0125,-9.374707]]]}},{"type":"Feature","properties":{"scalerank":0,"featurecla":"Land","min_zoom":1},"bbox":[116.767969,-9.099023,119.129687,-8.089063],"geometry":{"type":"Polygon","coordinates":[[[118.242383,-8.317773],[118.611914,-8.280664],[118.713867,-8.414941],[118.926172,-8.297656],[119.129687,-8.668164],[118.478613,-8.856445],[118.378906,-8.674609],[118.189941,-8.840527],[117.061328,-9.099023],[116.788477,-9.006348],[116.835059,-8.532422],[117.164844,-8.367188],[117.56709,-8.426367],[117.806055,-8.711133],[117.969531,-8.728027],[118.234863,-8.591895],[117.814844,-8.34209],[117.755273,-8.149512],[118.11748,-8.122266],[118.202832,-8.267285],[118.242383,-8.317773]]]}},{"type":"Feature","properties":{"scalerank":0,"featurecla":"Land","min_zoom":2},"bbox":[115.857324,-8.929004,116.734082,-8.204199],"geometry":{"type":"Polygon","coordinates":[[[116.64082,-8.613867],[116.514258,-8.820996],[116.586523,-8.886133],[115.857324,-8.787891],[116.076465,-8.744922],[116.061133,-8.437402],[116.304297,-8.237988],[116.734082,-8.386914],[116.64082,-8.613867]]]}},{"type":"Feature","properties":{"scalerank":0,"featurecla":"Land","min_zoom":0.5},"bbox":[114.467578,-8.849023,115.704297,-8.065723],"geometry":{"type":"Polygon","coordinates":[[[115.447852,-8.155176],[115.704297,-8.407129],[115.144922,-8.849023],[115.055078,-8.573047],[114.613184,-8.37832],[114.467578,-8.166309],[115.340234,-8.11543],[115.447852,-8.155176]]]}},{"type":"Feature","properties":{"scalerank":0,"featurecla":"Land","min_zoom":2},"bbox":[105.133398,-3.071777,106.818457,-1.50498],"geometry":{"type":"Polygon","coordinates":[[[106.045703,-1.669434],[106.365918,-2.464844],[106.818457,-2.57334],[106.612012,-2.895508],[106.667188,-3.071777],[105.99873,-2.824902],[105.78584,-2.181348],[105.133398,-2.042578],[105.45957,-1.574707],[105.585449,-1.526758],[105.700879,-1.731055],[105.72041,-1.533887],[106.027344,-1.593164],[106.045703,-1.669434]]]}},{"type":"Feature","properties":{"scalerank":0,"featurecla":"Land","min_zoom":2},"bbox":[21.854492,57.931348,23.323242,58.627393],"geometry":{"type":"Polygon","coordinates":[[[22.617383,58.62124],[23.323242,58.45083],[22.37168,58.217139],[21.996875,57.931348],[22.187695,58.154346],[21.882129,58.262354],[21.984082,58.38667],[21.862305,58.497168],[22.546973,58.627393],[22.617383,58.62124]]]}},{"type":"Feature","properties":{"scalerank":0,"featurecla":"Land","min_zoom":1},"bbox":[20.22793,77.26665,24.901855,78.597559],"geometry":{"type":"Polygon","coordinates":[[[21.608105,78.595703],[22.043164,78.576953],[22.299512,78.228174],[23.451953,78.149463],[23.116699,77.991504],[24.901855,77.756592],[22.801758,77.275781],[22.426953,77.315918],[22.685352,77.553516],[20.928125,77.459668],[20.873145,77.565332],[21.201074,77.619482],[21.653125,77.923535],[21.035449,78.05918],[20.52832,78.325586],[20.560254,78.419385],[20.22793,78.477832],[21.454785,78.597559],[21.608105,78.595703]]]}},{"type":"Feature","properties":{"scalerank":0,"featurecla":"Land","min_zoom":1.5},"bbox":[59.288184,80.418604,62.227734,80.89292],"geometry":{"type":"Polygon","coordinates":[[[62.167773,80.834766],[62.075781,80.616943],[61.05127,80.418604],[59.649805,80.43125],[59.288184,80.572656],[59.71582,80.836377],[62.10293,80.866602],[62.167773,80.834766]]]}},{"type":"Feature","properties":{"scalerank":0,"featurecla":"Land","min_zoom":1},"bbox":[44.90498,80.446729,48.686523,80.853662],"geometry":{"type":"Polygon","coordinates":[[[47.441992,80.853662],[48.445703,80.806006],[48.683594,80.633252],[47.705273,80.765186],[46.141406,80.446729],[45.969043,80.569482],[44.90498,80.611279],[47.352344,80.85293],[47.441992,80.853662]]]}},{"type":"Feature","properties":{"scalerank":0,"featurecla":"Land","min_zoom":1},"bbox":[46.644434,80.081689,51.703613,80.927246],"geometry":{"type":"Polygon","coordinates":[[[50.278125,80.927246],[51.703613,80.687646],[48.896094,80.369189],[48.677051,80.300049],[48.95957,80.265674],[48.977539,80.162598],[48.38623,80.095801],[47.737305,80.081689],[47.632422,80.111963],[47.977539,80.212549],[46.991016,80.182764],[46.644434,80.300342],[47.895801,80.529053],[49.087793,80.515771],[49.244336,80.821387],[50.124316,80.923877],[50.278125,80.927246]]]}},{"type":"Feature","properties":{"scalerank":0,"featurecla":"Land","min_zoom":2},"bbox":[48.278809,68.733154,50.283008,69.51123],"geometry":{"type":"Polygon","coordinates":[[[50.265234,69.185596],[50.220605,69.048779],[50.093945,69.125537],[49.62627,68.859717],[48.910352,68.743066],[48.439063,68.804883],[48.278809,69.040332],[48.413867,69.345654],[48.95332,69.509277],[50.167285,69.25708],[50.265234,69.185596]]]}},{"type":"Feature","properties":{"scalerank":0,"featurecla":"Land","min_zoom":2},"bbox":[58.473047,69.687695,60.480664,70.465186],"geometry":{"type":"Polygon","coordinates":[[[60.450488,69.934863],[60.440234,69.725928],[59.724609,69.706201],[59.502637,69.866211],[58.952734,69.892773],[58.473047,70.266846],[59.048047,70.460498],[60.392578,69.962402],[60.450488,69.934863]]]}},{"type":"Feature","properties":{"scalerank":0,"featurecla":"Land","min_zoom":2},"bbox":[69.920117,73.037158,71.630469,73.514404],"geometry":{"type":"Polygon","coordinates":[[[70.673926,73.09502],[69.920117,73.084521],[69.995898,73.359375],[70.35,73.477637],[71.023242,73.504199],[71.630469,73.224805],[70.886719,73.119629],[70.673926,73.09502]]]}},{"type":"Feature","properties":{"scalerank":0,"featurecla":"Land","min_zoom":2},"bbox":[91.070312,79.675488,93.803125,80.052295],"geometry":{"type":"Polygon","coordinates":[[[92.683496,79.685205],[92.153711,79.684668],[91.070312,79.981494],[92.173438,80.045459],[93.803125,79.904541],[92.92627,79.704492],[92.683496,79.685205]]]}},{"type":"Feature","properties":{"scalerank":0,"featurecla":"Land","min_zoom":2},"bbox":[111.503418,74.095068,113.387207,74.548975],"geometry":{"type":"Polygon","coordinates":[[[113.387207,74.400439],[112.782422,74.095068],[111.503418,74.353076],[111.879785,74.363818],[112.084473,74.548975],[113.28623,74.441016],[113.387207,74.400439]]]}},{"type":"Feature","properties":{"scalerank":0,"featurecla":"Land","min_zoom":2},"bbox":[140.101562,73.918652,141.097461,74.273779],"geometry":{"type":"Polygon","coordinates":[[[141.010254,73.999463],[140.409473,73.92168],[140.183203,74.00459],[140.101562,74.184277],[140.944336,74.264648],[141.079492,74.209326],[141.046875,74.050391],[141.010254,73.999463]]]}},{"type":"Feature","properties":{"scalerank":0,"featurecla":"Land","min_zoom":1},"bbox":[23.547559,34.934473,26.320215,35.655518],"geometry":{"type":"Polygon","coordinates":[[[23.852246,35.535449],[24.166016,35.595215],[24.108984,35.495801],[24.354004,35.359473],[25.730176,35.348584],[25.791309,35.122852],[26.320215,35.315137],[26.165625,35.018604],[24.799805,34.934473],[24.463672,35.160352],[23.592773,35.257227],[23.569824,35.534766],[23.736914,35.655518],[23.793359,35.556201],[23.852246,35.535449]]]}},{"type":"Feature","properties":{"scalerank":0,"featurecla":"Land","min_zoom":0},"bbox":[22.870313,37.969922,24.588379,39.034912],"geometry":{"type":"Polygon","coordinates":[[[23.41543,38.958643],[23.525,38.813477],[24.127539,38.648486],[24.275781,38.22002],[24.563281,38.14751],[24.578516,38.020166],[24.359473,38.018555],[24.040137,38.38999],[23.650781,38.443066],[23.252148,38.801221],[22.870313,38.870508],[23.312695,39.034912],[23.41543,38.958643]]]}},{"type":"Feature","properties":{"scalerank":0,"featurecla":"Land","min_zoom":1},"bbox":[32.300977,34.56958,34.556055,35.662061],"geometry":{"type":"Polygon","coordinates":[[[34.463184,35.593506],[33.941992,35.292041],[34.050195,34.988379],[33.699414,34.969873],[33.00791,34.56958],[32.449023,34.729443],[32.317188,34.95332],[32.300977,35.082959],[32.879883,35.180566],[32.941602,35.39043],[33.607617,35.35415],[34.556055,35.662061],[34.463184,35.593506]]]}},{"type":"Feature","properties":{"scalerank":0,"featurecla":"Land","min_zoom":2},"bbox":[18.105078,56.920508,19.076465,57.915479],"geometry":{"type":"Polygon","coordinates":[[[19.076465,57.835938],[18.813867,57.706201],[18.790918,57.483105],[18.90791,57.39834],[18.146387,56.920508],[18.285352,57.083203],[18.105078,57.271875],[18.136523,57.556641],[18.537402,57.830566],[18.956445,57.9],[19.076465,57.835938]]]}},{"type":"Feature","properties":{"scalerank":0,"featurecla":"Land","min_zoom":1},"bbox":[10.978906,54.772607,12.608398,56.122119],"geometry":{"type":"Polygon","coordinates":[[[12.56875,55.785059],[12.545215,55.655811],[12.215039,55.466504],[12.413086,55.286182],[12.089941,55.188135],[12.050391,54.815332],[11.862305,54.772607],[11.653809,55.186914],[11.286328,55.204443],[10.978906,55.721533],[11.322266,55.752539],[11.627734,55.956885],[11.690918,55.729004],[11.819727,55.697656],[11.866406,55.968164],[12.218945,56.118652],[12.578711,56.064062],[12.524805,55.918457],[12.56875,55.785059]]]}},{"type":"Feature","properties":{"scalerank":0,"featurecla":"Land","min_zoom":2},"bbox":[9.858984,55.048779,10.819238,55.612842],"geometry":{"type":"Polygon","coordinates":[[[10.645117,55.609814],[10.819238,55.321875],[10.785254,55.133398],[10.623828,55.052441],[9.98877,55.163184],[9.858984,55.357227],[9.860645,55.515479],[10.622754,55.612842],[10.645117,55.609814]]]}},{"type":"Feature","properties":{"scalerank":0,"featurecla":"Land","min_zoom":2},"bbox":[2.37002,39.30127,3.461816,39.970508],"geometry":{"type":"Polygon","coordinates":[[[3.145313,39.790088],[3.461816,39.697754],[3.072852,39.30127],[2.700586,39.542139],[2.499512,39.477881],[2.37002,39.57207],[2.904785,39.908301],[3.197559,39.961084],[3.158691,39.836572],[3.145313,39.790088]]]}},{"type":"Feature","properties":{"scalerank":0,"featurecla":"Land","min_zoom":1},"bbox":[-123.346191,-74.403125,-120.272461,-73.672949],"geometry":{"type":"Polygon","coordinates":[[[-120.55625,-73.756055],[-120.272461,-73.98916],[-120.989502,-74.157031],[-121.002441,-74.326367],[-122.286621,-74.403125],[-122.938428,-74.302051],[-122.764746,-74.218652],[-122.880762,-74.099023],[-122.624707,-73.965527],[-123.346191,-73.843066],[-123.0125,-73.672949],[-120.722217,-73.751953],[-120.55625,-73.756055]]]}},{"type":"Feature","properties":{"scalerank":0,"featurecla":"Land","min_zoom":1},"bbox":[-127.429053,-74.256152,-123.800439,-73.278906],"geometry":{"type":"Polygon","coordinates":[[[-126.329883,-73.28623],[-125.735791,-73.405664],[-125.263965,-73.666406],[-125.857031,-73.780176],[-124.53999,-73.739746],[-124.042041,-73.880371],[-124.151807,-73.944238],[-123.800439,-74.07627],[-123.836719,-74.225684],[-125.089551,-74.182422],[-126.244092,-73.890918],[-126.582666,-73.669922],[-127.211621,-73.724414],[-127.23291,-73.585547],[-127.414355,-73.516309],[-127.267627,-73.304004],[-126.596875,-73.278906],[-126.329883,-73.28623]]]}},{"type":"Feature","properties":{"scalerank":0,"featurecla":"Land","min_zoom":2},"bbox":[-67.80874,-80.081445,-65.504443,-79.528418],"geometry":{"type":"Polygon","coordinates":[[[-66.173633,-80.077832],[-67.80874,-79.545898],[-66.01416,-79.624414],[-65.539551,-79.836914],[-65.504443,-79.954297],[-65.989404,-80.054004],[-66.173633,-80.077832]]]}},{"type":"Feature","properties":{"scalerank":0,"featurecla":"Land","min_zoom":0},"bbox":[-58.438086,-64.410059,-57.222266,-63.803809],"geometry":{"type":"Polygon","coordinates":[[[-57.845996,-64.053906],[-57.479736,-63.961621],[-57.222266,-64.221387],[-57.413965,-64.295898],[-57.294678,-64.366992],[-57.70332,-64.293262],[-57.909766,-64.410059],[-58.304443,-64.314551],[-58.019971,-64.241992],[-58.14707,-64.097363],[-58.438086,-64.113477],[-58.274805,-63.916211],[-57.925684,-63.806055],[-57.779492,-63.868262],[-57.826953,-63.949219],[-57.845996,-64.053906]]]}},{"type":"Feature","properties":{"scalerank":0,"featurecla":"Land","min_zoom":2},"bbox":[-64.27207,-64.834277,-62.836523,-64.260547],"geometry":{"type":"Polygon","coordinates":[[[-63.180566,-64.469531],[-63.276953,-64.57334],[-62.836523,-64.571875],[-63.739502,-64.834277],[-64.27207,-64.697559],[-63.53418,-64.272949],[-63.333594,-64.266211],[-63.270703,-64.380664],[-63.180566,-64.469531]]]}},{"type":"Feature","properties":{"scalerank":0,"featurecla":"Land","min_zoom":2},"bbox":[-76.511523,-71.132812,-73.550342,-70.55293],"geometry":{"type":"Polygon","coordinates":[[[-73.706641,-70.635156],[-73.550342,-70.723438],[-74.805811,-71.012305],[-76.271289,-71.132812],[-76.511523,-70.99082],[-76.248877,-70.86377],[-75.126953,-70.751758],[-74.953613,-70.590234],[-74.589697,-70.791992],[-74.456152,-70.586719],[-73.879492,-70.578125],[-73.706641,-70.635156]]]}},{"type":"Feature","properties":{"scalerank":0,"featurecla":"Land","min_zoom":2},"bbox":[-75.812939,-70.179297,-74.437988,-69.727832],"geometry":{"type":"Polygon","coordinates":[[[-74.987109,-69.727832],[-74.437988,-69.949609],[-74.848828,-70.179297],[-75.80415,-70.038184],[-75.759521,-69.916113],[-75.136377,-69.740625],[-74.987109,-69.727832]]]}},{"type":"Feature","properties":{"scalerank":0,"featurecla":"Land","min_zoom":1},"bbox":[-102.313623,-72.57832,-95.531055,-71.76377],"geometry":{"type":"Polygon","coordinates":[[[-98.091113,-71.9125],[-98.167969,-72.123047],[-97.923145,-72.116602],[-97.816016,-71.918848],[-97.584766,-71.882617],[-97.473486,-72.000293],[-97.581982,-72.095117],[-97.345215,-72.189063],[-96.869434,-71.850977],[-96.38335,-71.836328],[-96.125,-71.895508],[-96.978906,-72.221875],[-95.6854,-72.056641],[-95.531055,-72.24873],[-95.575391,-72.409961],[-96.078174,-72.453809],[-96.051758,-72.577246],[-98.163428,-72.556055],[-102.313623,-72.081055],[-100.218652,-71.83291],[-99.783984,-72.044336],[-98.61543,-71.76377],[-98.18916,-71.82002],[-98.091113,-71.9125]]]}},{"type":"Feature","properties":{"scalerank":0,"featurecla":"Land","min_zoom":2},"bbox":[-76.096387,-73.611328,-74.223877,-72.82041],"geometry":{"type":"Polygon","coordinates":[[[-74.354443,-73.098438],[-74.667676,-73.275293],[-74.366113,-73.464258],[-74.574658,-73.611328],[-75.90083,-73.332617],[-76.096387,-73.150488],[-75.276221,-73.050391],[-75.731055,-72.879297],[-75.376855,-72.82041],[-74.223877,-72.99707],[-74.354443,-73.098438]]]}},{"type":"Feature","properties":{"scalerank":0,"featurecla":"Land","min_zoom":2},"bbox":[-69.138037,-67.753418,-67.681152,-66.624316],"geometry":{"type":"Polygon","coordinates":[[[-67.988477,-67.474414],[-68.818311,-67.753418],[-69.138037,-67.515234],[-68.335938,-66.802051],[-67.711133,-66.633008],[-67.968408,-67.032227],[-67.687842,-67.147363],[-68.235107,-67.371973],[-67.969482,-67.450293],[-67.988477,-67.474414]]]}},{"type":"Feature","properties":{"scalerank":0,"featurecla":"Land","min_zoom":0},"bbox":[-180,70.918994,-177.498486,71.596191],"geometry":{"type":"Polygon","coordinates":[[[-178.876465,71.577051],[-178.353564,71.529199],[-177.498486,71.219141],[-177.821777,71.067578],[-179.156885,70.939844],[-180,70.993018],[-180,71.537744],[-178.994043,71.593213],[-178.876465,71.577051]]]}},{"type":"Feature","properties":{"scalerank":0,"featurecla":"Land","min_zoom":0.5},"bbox":[-59.64917,-52.308008,-57.791797,-51.269922],"geometry":{"type":"Polygon","coordinates":[[[-58.850195,-51.269922],[-58.42583,-51.324219],[-58.508936,-51.483594],[-58.271582,-51.574707],[-58.259229,-51.41709],[-57.976514,-51.384375],[-57.808496,-51.517969],[-57.960449,-51.583203],[-57.791797,-51.636133],[-58.683496,-51.93623],[-58.652783,-52.099219],[-59.19585,-52.017676],[-59.068018,-52.173047],[-59.341504,-52.195996],[-59.395654,-52.308008],[-59.532227,-52.236426],[-59.64873,-52.134375],[-59.570801,-51.925391],[-59.059521,-51.685449],[-59.096631,-51.491406],[-58.91748,-51.27207],[-58.850195,-51.269922]]]}},{"type":"Feature","properties":{"scalerank":0,"featurecla":"Land","min_zoom":2},"bbox":[-38.017432,-54.866797,-35.798584,-53.984082],"geometry":{"type":"Polygon","coordinates":[[[-37.10332,-54.065625],[-36.703809,-54.108105],[-36.647412,-54.262305],[-36.326465,-54.251172],[-36.073145,-54.554102],[-35.895312,-54.554785],[-35.913281,-54.71084],[-35.798584,-54.763477],[-36.085498,-54.866797],[-36.885986,-54.339453],[-38.017432,-54.008008],[-37.232812,-54.060547],[-37.10332,-54.065625]]]}},{"type":"Feature","properties":{"scalerank":0,"featurecla":"Land","min_zoom":0},"bbox":[-74.387354,-43.371973,-73.4229,-41.795508],"geometry":{"type":"Polygon","coordinates":[[[-73.773389,-43.345898],[-74.387354,-43.231641],[-74.209473,-42.878711],[-74.03667,-41.795508],[-73.527832,-41.896289],[-73.4229,-42.192871],[-73.532812,-42.314453],[-73.470801,-42.466309],[-73.789258,-42.585742],[-73.436328,-42.936523],[-73.749658,-43.159082],[-73.737891,-43.291406],[-73.773389,-43.345898]]]}},{"type":"Feature","properties":{"scalerank":0,"featurecla":"Land","min_zoom":0.5},"bbox":[-60.961426,-52.194727,-59.268066,-51.354297],"geometry":{"type":"Polygon","coordinates":[[[-60.28623,-51.461914],[-59.268066,-51.427539],[-59.921387,-51.969531],[-60.246338,-51.986426],[-60.384229,-52.154004],[-60.686377,-52.188379],[-60.961426,-52.057324],[-60.238477,-51.771973],[-60.58252,-51.712695],[-60.245166,-51.638867],[-60.568457,-51.357812],[-60.445459,-51.399414],[-60.28623,-51.461914]]]}},{"type":"Feature","properties":{"scalerank":0,"featurecla":"Land","min_zoom":0},"bbox":[-75.570117,-50.019238,-74.458838,-48.705078],"geometry":{"type":"Polygon","coordinates":[[[-74.476172,-49.147852],[-74.458838,-49.691113],[-74.594727,-50.006641],[-74.762988,-50.011426],[-74.88042,-49.725879],[-74.723828,-49.423828],[-74.960107,-49.533008],[-75.066016,-49.852344],[-75.549805,-49.791309],[-75.520752,-49.62168],[-75.337061,-49.628223],[-75.305859,-49.494043],[-75.46748,-49.358887],[-75.086035,-49.270215],[-75.210156,-49.148047],[-74.949219,-48.960156],[-74.969531,-48.791309],[-74.793457,-48.705078],[-74.530664,-48.812598],[-74.476172,-49.147852]]]}},{"type":"Feature","properties":{"scalerank":0,"featurecla":"Land","min_zoom":0},"bbox":[-73.445068,-44.859961,-72.764062,-44.334961],"geometry":{"type":"Polygon","coordinates":[[[-72.986133,-44.780078],[-73.228467,-44.859961],[-73.39707,-44.774316],[-73.445068,-44.641016],[-73.26001,-44.350293],[-72.776367,-44.508594],[-72.897168,-44.712012],[-72.986133,-44.780078]]]}},{"type":"Feature","properties":{"scalerank":0,"featurecla":"Land","min_zoom":1},"bbox":[-64.485205,49.079102,-61.696143,49.944385],"geometry":{"type":"Polygon","coordinates":[[[-61.801123,49.093896],[-63.041504,49.224951],[-64.485205,49.886963],[-64.131445,49.94165],[-63.088818,49.772705],[-61.817139,49.283545],[-61.745508,49.105762],[-61.801123,49.093896]]]}},{"type":"Feature","properties":{"scalerank":0,"featurecla":"Land","min_zoom":1},"bbox":[-61.495312,45.57251,-59.828027,47.009717],"geometry":{"type":"Polygon","coordinates":[[[-61.105176,45.944727],[-60.865234,45.983496],[-61.037549,45.882227],[-61.059033,45.703369],[-60.737891,45.751416],[-60.460596,45.968701],[-60.733301,45.956592],[-60.297949,46.31123],[-60.226465,46.195557],[-59.865039,46.159521],[-59.934033,46.019434],[-59.828027,45.965137],[-60.672949,45.59082],[-61.283691,45.573877],[-61.449805,45.716211],[-61.408643,46.170361],[-60.870166,46.796777],[-60.489062,47.009717],[-60.331738,46.767822],[-60.494531,46.270264],[-60.912207,46.04458],[-61.105176,45.944727]]]}},{"type":"Feature","properties":{"scalerank":0,"featurecla":"Land","min_zoom":1.5},"bbox":[-171.819385,62.956104,-168.716016,63.727002],"geometry":{"type":"Polygon","coordinates":[[[-171.463037,63.640039],[-170.43042,63.698828],[-169.554541,63.373486],[-168.716016,63.310596],[-168.852393,63.17124],[-169.364697,63.171143],[-169.676367,62.956104],[-169.818604,63.122363],[-170.848389,63.444385],[-171.631836,63.351221],[-171.819385,63.477246],[-171.646484,63.727002],[-171.463037,63.640039]]]}},{"type":"Feature","properties":{"scalerank":0,"featurecla":"Land","min_zoom":1.5},"bbox":[-167.436426,59.764111,-165.591797,60.396777],"geometry":{"type":"Polygon","coordinates":[[[-166.135449,60.383545],[-165.729688,60.314209],[-165.591797,59.913135],[-166.14873,59.764111],[-167.138867,60.008545],[-167.436426,60.206641],[-166.184961,60.396777],[-166.135449,60.383545]]]}},{"type":"Feature","properties":{"scalerank":0,"featurecla":"Land","min_zoom":0},"bbox":[-164.903955,54.404346,-163.083252,55.05083],"geometry":{"type":"Polygon","coordinates":[[[-163.476025,54.980713],[-163.083252,54.668994],[-164.073291,54.620996],[-164.59082,54.404346],[-164.823438,54.419092],[-164.903955,54.544775],[-164.478613,54.906836],[-163.510889,55.014307],[-163.476025,54.980713]]]}},{"type":"Feature","properties":{"scalerank":0,"featurecla":"Land","min_zoom":1},"bbox":[-78.339502,17.714941,-76.210791,18.522217],"geometry":{"type":"Polygon","coordinates":[[[-77.261475,18.457422],[-76.349854,18.151855],[-76.210791,17.913525],[-76.853223,17.97373],[-76.944141,17.848779],[-77.119482,17.880078],[-77.20498,17.714941],[-77.768164,17.877393],[-78.339502,18.287207],[-78.216699,18.448096],[-77.873437,18.522217],[-77.354248,18.466455],[-77.261475,18.457422]]]}},{"type":"Feature","properties":{"scalerank":0,"featurecla":"Land","min_zoom":1},"bbox":[-67.264062,17.947266,-65.62085,18.522168],"geometry":{"type":"Polygon","coordinates":[[[-66.129395,18.444922],[-65.628809,18.381396],[-65.62085,18.242334],[-65.970801,17.974365],[-67.196875,17.994189],[-67.264062,18.3646],[-67.158643,18.499219],[-66.153076,18.470654],[-66.129395,18.444922]]]}},{"type":"Feature","properties":{"scalerank":0,"featurecla":"Land","min_zoom":1},"bbox":[-154.712207,56.774219,-152.215283,57.971973],"geometry":{"type":"Polygon","coordinates":[[[-152.898047,57.823926],[-152.42876,57.825684],[-152.482617,57.70332],[-152.216211,57.577002],[-152.412207,57.454785],[-152.940771,57.498096],[-152.679053,57.345117],[-153.732568,57.052344],[-153.643311,56.960742],[-153.972705,56.774219],[-154.07085,56.820654],[-153.793213,56.989502],[-154.24375,57.143018],[-154.381104,57.096533],[-154.184326,57.005322],[-154.338965,56.920898],[-154.705957,57.335352],[-154.535303,57.559424],[-154.116162,57.651221],[-153.687695,57.305127],[-153.838135,57.63584],[-153.693164,57.663428],[-153.904443,57.819873],[-153.695605,57.87124],[-153.487939,57.730957],[-153.21748,57.795752],[-153.225928,57.957617],[-152.850391,57.896777],[-152.898047,57.823926]]]}},{"type":"Feature","properties":{"scalerank":0,"featurecla":"Land","min_zoom":2},"bbox":[-153.381348,57.993701,-151.974365,58.450586],"geometry":{"type":"Polygon","coordinates":[[[-152.416943,58.360205],[-152.125244,58.374268],[-151.98252,58.244336],[-152.109082,58.161133],[-152.268359,58.251709],[-152.309229,58.133887],[-152.598242,58.162598],[-152.928418,57.993701],[-153.381348,58.087207],[-152.771875,58.278564],[-152.841113,58.416406],[-152.478467,58.399707],[-152.416943,58.360205]]]}},{"type":"Feature","properties":{"scalerank":0,"featurecla":"Land","min_zoom":0},"bbox":[-131.846094,55.16582,-130.965039,55.955371],"geometry":{"type":"Polygon","coordinates":[[[-130.97915,55.48916],[-131.187891,55.206299],[-131.420703,55.275879],[-131.447559,55.408789],[-131.810986,55.223096],[-131.846094,55.41626],[-131.647559,55.585547],[-131.624951,55.831689],[-131.236182,55.948975],[-130.965039,55.568018],[-130.97915,55.48916]]]}},{"type":"Feature","properties":{"scalerank":0,"featurecla":"Land","min_zoom":1},"bbox":[-133.755176,54.712549,-131.976416,56.339209],"geometry":{"type":"Polygon","coordinates":[[[-133.566113,56.339209],[-133.202979,56.319824],[-133.096631,56.090039],[-132.597607,55.89502],[-132.172705,55.480615],[-132.511279,55.593945],[-132.631299,55.473193],[-132.417871,55.48291],[-132.160254,55.322998],[-132.206689,55.224414],[-131.976416,55.208594],[-132.02168,54.726318],[-132.549365,54.952588],[-132.622168,55.135937],[-132.782324,55.048486],[-133.118555,55.327637],[-132.958887,55.395557],[-133.033398,55.589697],[-133.680176,55.785156],[-133.241504,55.920801],[-133.37124,56.035889],[-133.742529,55.964844],[-133.530859,56.145654],[-133.598633,56.31626],[-133.566113,56.339209]]]}},{"type":"Feature","properties":{"scalerank":0,"featurecla":"Land","min_zoom":2},"bbox":[-133.979443,56.451758,-132.950586,57.068701],"geometry":{"type":"Polygon","coordinates":[[[-133.366211,57.003516],[-132.99624,56.93042],[-132.95918,56.677051],[-133.034912,56.620752],[-133.328955,56.830078],[-133.158154,56.495166],[-133.602783,56.464111],[-133.680957,56.79751],[-133.979443,57.00957],[-133.707715,57.062842],[-133.366211,57.003516]]]}},{"type":"Feature","properties":{"scalerank":0,"featurecla":"Land","min_zoom":1},"bbox":[-135.822754,56.216162,-134.610547,57.534375],"geometry":{"type":"Polygon","coordinates":[[[-134.969775,57.351416],[-134.620703,56.718311],[-134.681885,56.216162],[-134.980566,56.518945],[-134.883447,56.679053],[-135.330615,56.821875],[-135.199609,57.027344],[-135.454932,57.249414],[-135.812305,57.009521],[-135.822754,57.28042],[-135.487305,57.516504],[-135.065234,57.416699],[-134.969775,57.351416]]]}},{"type":"Feature","properties":{"scalerank":0,"featurecla":"Land","min_zoom":2},"bbox":[-134.933105,57.042578,-133.822754,58.354639],"geometry":{"type":"Polygon","coordinates":[[[-134.680273,58.16167],[-134.240088,58.143994],[-133.822754,57.628662],[-134.306885,58.034375],[-133.937012,57.581592],[-133.908838,57.368701],[-134.435303,57.056982],[-134.613086,57.137939],[-134.486768,57.482031],[-134.659863,57.638086],[-134.923486,58.354639],[-134.733203,58.225],[-134.680273,58.16167]]]}},{"type":"Feature","properties":{"scalerank":0,"featurecla":"Land","min_zoom":1},"bbox":[-136.568604,57.419922,-134.873096,58.268506],"geometry":{"type":"Polygon","coordinates":[[[-135.730371,58.244238],[-135.5875,58.146777],[-135.693115,58.038525],[-135.613232,57.991846],[-135.346631,58.124121],[-134.954688,58.015332],[-134.970654,57.817236],[-135.338477,57.768652],[-134.978857,57.724365],[-134.931494,57.481152],[-135.564209,57.666406],[-135.691943,57.419922],[-135.910791,57.446582],[-136.568604,57.972168],[-136.321973,58.218896],[-136.14375,58.098486],[-135.787061,58.268506],[-135.730371,58.244238]]]}},{"type":"Feature","properties":{"scalerank":0,"featurecla":"Land","min_zoom":0},"bbox":[-129.184326,52.289648,-128.506543,53.279932],"geometry":{"type":"Polygon","coordinates":[[[-128.552441,52.939746],[-128.509912,52.518604],[-128.678955,52.289648],[-128.746338,52.763379],[-128.899805,52.673828],[-129.184326,52.990674],[-129.033252,53.279932],[-128.632666,53.1125],[-128.552441,52.939746]]]}},{"type":"Feature","properties":{"scalerank":0,"featurecla":"Land","min_zoom":1},"bbox":[-133.097949,53.189209,-131.667627,54.158936],"geometry":{"type":"Polygon","coordinates":[[[-132.655518,54.12749],[-132.303369,54.098877],[-132.166113,53.955225],[-132.534668,53.651709],[-132.186963,53.684814],[-132.134424,54.034277],[-131.667627,54.141357],[-132.011328,53.265186],[-132.520459,53.194043],[-132.74751,53.310498],[-132.425,53.336963],[-132.84502,53.507715],[-133.052246,53.778125],[-133.063867,54.144043],[-132.893066,54.140771],[-132.655518,54.12749]]]}},{"type":"Feature","properties":{"scalerank":0,"featurecla":"Land","min_zoom":1},"bbox":[-132.546777,52.153613,-131.116162,53.231445],"geometry":{"type":"Polygon","coordinates":[[[-131.753711,53.195557],[-131.634668,52.922168],[-131.971777,52.879834],[-131.455225,52.701709],[-131.590576,52.578223],[-131.259717,52.415918],[-131.319922,52.303076],[-131.142627,52.291113],[-131.221533,52.153613],[-132.165088,52.783301],[-132.258105,52.933887],[-132.14375,52.999316],[-132.546777,53.1375],[-131.853467,53.229736],[-131.753711,53.195557]]]}},{"type":"Feature","properties":{"scalerank":0,"featurecla":"Land","min_zoom":1},"bbox":[-64.403125,45.966895,-62.02373,47.061572],"geometry":{"type":"Polygon","coordinates":[[[-63.811279,46.468701],[-63.681445,46.561914],[-63.129395,46.422217],[-62.02373,46.421582],[-62.526074,46.202881],[-62.478076,45.999707],[-62.804883,45.973193],[-63.02207,46.066602],[-62.894531,46.123584],[-63.056348,46.223926],[-62.978467,46.316357],[-63.213477,46.159863],[-63.568896,46.209229],[-63.758643,46.397607],[-64.11084,46.425439],[-64.136035,46.599707],[-64.403125,46.691602],[-63.993555,47.061572],[-64.087891,46.775439],[-63.833594,46.493896],[-63.811279,46.468701]]]}},{"type":"Feature","properties":{"scalerank":0,"featurecla":"Land","min_zoom":0},"bbox":[-74.032031,40.570508,-71.903223,41.153027],"geometry":{"type":"Polygon","coordinates":[[[-72.509766,40.986035],[-72.580859,40.921338],[-71.903223,41.060693],[-73.194287,40.654199],[-74.032031,40.638672],[-73.573828,40.919629],[-72.625098,40.991846],[-72.274121,41.153027],[-72.427393,41.038525],[-72.509766,40.986035]]]}},{"type":"Feature","properties":{"scalerank":0,"featurecla":"Land","min_zoom":1},"bbox":[148.337207,-6.300879,152.405664,-4.2],"geometry":{"type":"Polygon","coordinates":[[[151.915625,-4.296777],[152.117188,-4.212207],[152.405664,-4.340723],[152.351172,-4.822168],[151.983691,-5.074414],[152.142969,-5.357031],[152.077051,-5.458301],[151.515137,-5.552344],[151.229297,-5.919922],[150.473535,-6.263379],[149.652539,-6.29043],[148.337207,-5.669434],[148.432031,-5.471777],[149.831445,-5.524121],[149.962793,-5.447754],[150.090039,-5.011816],[150.183105,-5.523633],[150.900293,-5.447168],[151.326563,-4.960352],[151.671191,-4.883301],[151.593066,-4.200781],[151.864746,-4.26084],[151.915625,-4.296777]]]}},{"type":"Feature","properties":{"scalerank":0,"featurecla":"Land","min_zoom":1},"bbox":[123.589258,-10.347168,127.296094,-8.315723],"geometry":{"type":"Polygon","coordinates":[[[127.296094,-8.424512],[126.486914,-8.912695],[125.408008,-9.275781],[124.427539,-10.148633],[123.857617,-10.343555],[123.604785,-10.270117],[123.716406,-10.078613],[123.589258,-9.966797],[123.709375,-9.614844],[123.977148,-9.372949],[124.889746,-8.968457],[125.178027,-8.647852],[126.966406,-8.315723],[127.257031,-8.394531],[127.296094,-8.424512]]]}},{"type":"Feature","properties":{"scalerank":0,"featurecla":"Land","min_zoom":0},"bbox":[144.646094,-43.619336,148.342578,-40.672266],"geometry":{"type":"Polygon","coordinates":[[[145.042969,-40.786719],[145.283008,-40.769922],[146.31748,-41.163477],[146.723438,-41.078027],[146.848145,-41.168066],[146.989844,-40.992383],[147.454785,-41.00166],[147.96875,-40.77959],[148.215234,-40.854883],[148.342578,-42.215332],[148.213672,-41.97002],[148.022754,-42.259473],[147.912109,-42.658496],[147.980859,-43.157031],[147.78584,-43.22002],[147.647949,-43.020605],[147.8,-42.928125],[147.573828,-42.845703],[147.452344,-43.033398],[147.297949,-42.790918],[147.24502,-43.215918],[146.996973,-43.156348],[147.077344,-43.275879],[146.873926,-43.6125],[146.043164,-43.547168],[145.994434,-43.376074],[146.208008,-43.316211],[145.873242,-43.292383],[145.487598,-42.92666],[145.198828,-42.230859],[145.468262,-42.492871],[145.516602,-42.354492],[145.331055,-42.14707],[145.234863,-42.196973],[145.238184,-42.019629],[144.77793,-41.418848],[144.646094,-40.980859],[144.718555,-40.672266],[144.818555,-40.72168],[145.042969,-40.786719]]]}},{"type":"Feature","properties":{"scalerank":0,"featurecla":"Land","min_zoom":0},"bbox":[91.523828,80.009619,97.869922,81.280469],"geometry":{"type":"Polygon","coordinates":[[[96.526563,81.075586],[97.831836,80.798291],[97.856445,80.698096],[97.113086,80.614063],[97.025391,80.535547],[97.416992,80.323145],[97.175195,80.241016],[93.872363,80.010107],[91.523828,80.358545],[92.57793,80.533252],[93.2625,80.79126],[92.592578,80.780859],[93.065137,80.988477],[94.837891,81.139404],[95.15957,81.270996],[95.800684,81.280469],[96.471094,81.099268],[96.526563,81.075586]]]}},{"type":"Feature","properties":{"scalerank":0,"featurecla":"Land","min_zoom":0},"bbox":[93.070801,78.787793,100.06123,80.168262],"geometry":{"type":"Polygon","coordinates":[[[97.674512,80.158252],[98.017773,80.022852],[97.626953,79.850439],[97.65166,79.760645],[98.353125,79.884326],[98.596484,80.052197],[99.946582,79.848975],[100.06123,79.7771],[99.781641,79.628271],[99.680664,79.32334],[99.041797,79.293018],[99.814648,79.09585],[99.929297,78.961426],[99.439551,78.834229],[97.555469,78.826562],[96.807813,78.984961],[94.791016,79.086621],[94.21875,79.402344],[93.070801,79.495312],[94.987305,80.096826],[97.586816,80.168262],[97.674512,80.158252]]]}},{"type":"Feature","properties":{"scalerank":0,"featurecla":"Land","min_zoom":0.5},"bbox":[99.287109,77.956836,105.342676,79.433203],"geometry":{"type":"Polygon","coordinates":[[[102.884766,79.253955],[102.412305,78.835449],[102.950391,79.055762],[103.800781,79.149268],[104.633203,78.835156],[105.145996,78.818848],[105.342676,78.593945],[104.741797,78.339746],[101.204102,78.191943],[99.84502,77.956836],[99.287109,78.038086],[100.018945,78.338916],[100.416406,78.753174],[100.955762,78.788477],[100.85625,78.897754],[101.052246,79.123242],[101.590625,79.350439],[102.25127,79.256055],[102.180664,79.373389],[102.404883,79.433203],[103.097949,79.299121],[102.939648,79.271191],[102.884766,79.253955]]]}},{"type":"Feature","properties":{"scalerank":0,"featurecla":"Land","min_zoom":0},"bbox":[136.947656,74.656543,145.359961,76.199707],"geometry":{"type":"Polygon","coordinates":[[[140.04873,75.828955],[140.815918,75.630713],[140.944141,75.700488],[140.985352,75.964502],[141.485449,76.137158],[142.669531,75.863428],[143.68584,75.863672],[145.359961,75.530469],[144.726758,75.365576],[144.883496,75.268945],[144.019727,75.044678],[143.170313,75.116895],[142.820117,75.267822],[142.699609,75.448877],[142.986035,75.633252],[142.941797,75.713281],[142.30791,75.691699],[142.08623,75.660645],[142.198828,75.392676],[143.12793,74.970313],[142.472754,74.82041],[141.987305,74.99126],[140.267871,74.846924],[139.68125,74.964062],[139.099121,74.656543],[138.092285,74.797461],[136.947656,75.325537],[137.289746,75.348633],[137.268848,75.749414],[137.706543,75.75957],[137.501172,75.909668],[137.625391,75.988184],[138.813965,76.199707],[139.743359,75.953076],[140.04873,75.828955]]]}},{"type":"Feature","properties":{"scalerank":0,"featurecla":"Land","min_zoom":1},"bbox":[139.685547,73.220752,143.491309,73.914941],"geometry":{"type":"Polygon","coordinates":[[[142.184863,73.895898],[143.34375,73.56875],[143.491309,73.246436],[139.685547,73.425732],[140.380664,73.483008],[141.084766,73.865869],[141.931836,73.914941],[142.184863,73.895898]]]}},{"type":"Feature","properties":{"scalerank":0,"featurecla":"Land","min_zoom":1},"bbox":[146.148535,74.772461,150.822363,75.581787],"geometry":{"type":"Polygon","coordinates":[[[146.795215,75.370752],[148.432422,75.413525],[148.590137,75.236377],[150.822363,75.156543],[150.580273,74.918945],[149.050195,74.772461],[148.092383,74.825684],[146.148535,75.198291],[146.438477,75.558203],[146.748242,75.428662],[146.795215,75.370752]]]}},{"type":"Feature","properties":{"scalerank":0,"featurecla":"Land","min_zoom":0},"bbox":[172.705957,-41.610645,178.53623,-34.429102],"geometry":{"type":"Polygon","coordinates":[[[173.269434,-34.934766],[173.447852,-34.844336],[173.472656,-34.946973],[174.104004,-35.142871],[174.143164,-35.3],[174.320312,-35.24668],[174.580664,-35.785547],[174.395801,-35.797363],[174.802148,-36.309473],[174.722461,-36.841211],[175.299512,-36.993262],[175.385352,-37.206934],[175.54248,-37.201367],[175.385547,-36.556348],[175.46084,-36.475684],[175.772168,-36.735156],[176.108398,-37.645117],[177.274023,-37.993457],[178.00918,-37.554883],[178.53623,-37.69209],[178.267676,-38.551172],[177.976172,-38.722266],[177.908789,-39.239551],[177.522949,-39.073828],[177.076758,-39.221777],[176.939258,-39.555273],[177.109863,-39.673145],[176.842188,-40.157813],[175.98291,-41.213281],[175.309766,-41.610645],[175.165625,-41.417383],[174.881348,-41.424023],[174.865625,-41.223047],[174.635352,-41.289453],[175.1625,-40.621582],[175.254102,-40.289355],[175.155957,-40.114941],[175.009277,-39.952148],[173.934375,-39.509082],[173.763672,-39.31875],[173.844336,-39.139355],[174.597363,-38.785059],[174.80166,-37.895508],[174.928027,-37.804492],[174.58584,-37.097754],[174.734277,-37.215234],[174.928906,-37.084766],[174.782031,-36.94375],[174.475586,-36.941895],[174.188867,-36.492285],[174.401563,-36.601953],[174.392773,-36.240039],[174.036426,-36.122461],[173.914453,-35.908691],[174.166406,-36.327637],[174.054688,-36.359766],[173.412207,-35.542578],[173.626172,-35.319141],[173.313965,-35.443359],[173.116699,-35.205273],[173.190625,-35.016211],[172.705957,-34.455176],[173.043945,-34.429102],[172.96377,-34.535156],[173.240527,-34.899023],[173.269434,-34.934766]]]}},{"type":"Feature","properties":{"scalerank":0,"featurecla":"Land","min_zoom":0},"bbox":[166.477637,-46.630664,174.370117,-40.490039],"geometry":{"type":"Polygon","coordinates":[[[173.115332,-41.279297],[173.947168,-40.924121],[173.797852,-41.271973],[173.999414,-40.993262],[174.302539,-41.019531],[174.038574,-41.241895],[174.370117,-41.103711],[174.069336,-41.429492],[174.161133,-41.561816],[174.083691,-41.670801],[174.283105,-41.740625],[174.21543,-41.850195],[173.221191,-42.976562],[172.624023,-43.272461],[172.734766,-43.354785],[172.52666,-43.464746],[173.073242,-43.676172],[173.093945,-43.844141],[172.502734,-43.843652],[172.583789,-43.773535],[172.480371,-43.72666],[172.296582,-43.867871],[172.035547,-43.701758],[172.179785,-43.895996],[171.240723,-44.26416],[171.146289,-44.912305],[170.999023,-44.911426],[171.113281,-45.039258],[170.700586,-45.684277],[170.77627,-45.870898],[170.335449,-45.991797],[169.686621,-46.55166],[169.098633,-46.630664],[168.382129,-46.605371],[168.18916,-46.362207],[167.841992,-46.366211],[167.539453,-46.148535],[166.830762,-46.225488],[166.712109,-46.133691],[166.916699,-45.957227],[166.730273,-46.052734],[166.717969,-45.889355],[166.493164,-45.963867],[166.512891,-45.811719],[167.00332,-45.712109],[166.797656,-45.645605],[166.99082,-45.531738],[166.733984,-45.543555],[166.77832,-45.409668],[166.919922,-45.40791],[166.869238,-45.31123],[167.155664,-45.410938],[167.117773,-45.317969],[167.230078,-45.290332],[167.025879,-45.123633],[167.259473,-45.082227],[167.171875,-44.99707],[167.410742,-44.82793],[167.466211,-44.958301],[167.484961,-44.771387],[167.787012,-44.59502],[167.908984,-44.664746],[167.856543,-44.500684],[168.366602,-44.082031],[169.178906,-43.913086],[169.169531,-43.777051],[169.833887,-43.537012],[170.240234,-43.163867],[170.396094,-43.182227],[170.302832,-43.107617],[170.735254,-43.029785],[170.969922,-42.718359],[171.038379,-42.862109],[171.027734,-42.696094],[171.313379,-42.460156],[171.48623,-41.794727],[171.948047,-41.538672],[172.272754,-40.758691],[172.640625,-40.518262],[172.943652,-40.51875],[172.732617,-40.54375],[172.704395,-40.667773],[172.988672,-40.848242],[173.068652,-41.18584],[173.115332,-41.279297]]]}},{"type":"Feature","properties":{"scalerank":0,"featurecla":"Land","min_zoom":0},"bbox":[121.904199,5.598975,126.593359,9.759131],"geometry":{"type":"Polygon","coordinates":[[[126.005957,9.320947],[126.193359,9.276709],[126.30459,8.952051],[126.139551,8.595654],[126.365332,8.483887],[126.458691,8.202832],[126.581543,7.247754],[126.19209,6.852539],[126.189355,6.309668],[125.824414,7.333301],[125.689258,7.263037],[125.380664,6.689941],[125.588477,6.465771],[125.667969,5.978662],[125.346484,5.598975],[125.231543,6.069531],[124.927344,5.875342],[124.078125,6.404443],[123.985254,6.993701],[124.206641,7.396436],[123.66582,7.817773],[123.493066,7.80791],[123.390918,7.40752],[123.09668,7.700439],[122.842969,7.529297],[122.791797,7.722461],[122.616211,7.763135],[122.14248,6.949658],[121.964258,6.968213],[121.924609,7.199512],[122.131836,7.810498],[122.337109,8.028418],[122.911133,8.156445],[123.050586,8.433936],[123.43457,8.70332],[123.849219,8.432715],[123.799414,8.049121],[124.197656,8.229541],[124.404883,8.599854],[124.731152,8.562988],[124.868945,8.972266],[125.141016,8.86875],[125.209668,9.027148],[125.49873,9.014746],[125.471289,9.756787],[125.954688,9.42666],[126.005957,9.320947]]]}},{"type":"Feature","properties":{"scalerank":0,"featurecla":"Land","min_zoom":0},"bbox":[119.761816,12.56709,124.142773,18.615283],"geometry":{"type":"Polygon","coordinates":[[[121.101562,18.615283],[121.845605,18.29541],[122.265527,18.458838],[122.152344,17.664404],[122.519141,17.124854],[122.135156,16.184814],[121.595313,15.933252],[121.607031,15.669824],[121.392285,15.324414],[121.69541,14.737305],[121.62793,14.581152],[121.766602,14.168066],[122.211719,13.930176],[122.199707,14.148047],[122.627148,14.317529],[122.93418,14.188086],[123.101953,13.750244],[123.296973,13.836426],[123.320312,14.06167],[123.815723,13.837109],[123.80625,13.721729],[123.549609,13.645752],[123.819238,13.269482],[123.785156,13.110547],[124.142773,13.035791],[124.059766,12.56709],[123.877832,12.689697],[123.948535,12.916406],[123.310938,13.044092],[123.163281,13.441748],[122.595215,13.907617],[122.467969,13.886719],[122.667871,13.395361],[122.599902,13.194141],[122.376563,13.520605],[121.77793,13.937646],[121.344141,13.649121],[120.840723,13.884717],[120.637109,13.804492],[120.616797,14.188037],[120.941309,14.645068],[120.583691,14.88125],[120.588672,14.483105],[120.43877,14.453369],[120.250781,14.793311],[120.082129,14.851074],[119.772559,16.255127],[119.830762,16.326562],[120.159766,16.047656],[120.36875,16.10957],[120.358398,17.638184],[120.599707,18.507861],[121.051367,18.613672],[121.101562,18.615283]]]}},{"type":"Feature","properties":{"scalerank":0,"featurecla":"Land","min_zoom":0},"bbox":[130.995898,-10.654883,150.849512,-0.347461],"geometry":{"type":"Polygon","coordinates":[[[133.472656,-0.726172],[134.111523,-0.846777],[134.071973,-1.001855],[134.25957,-1.362988],[134.105859,-1.720996],[134.194824,-2.309082],[134.459961,-2.832324],[134.483301,-2.583008],[134.627441,-2.536719],[134.702148,-2.933594],[134.843359,-2.90918],[134.886816,-3.209863],[135.092188,-3.348535],[135.486621,-3.345117],[136.243262,-2.583105],[136.389941,-2.27334],[137.07207,-2.105078],[137.171094,-2.025488],[137.123438,-1.840918],[137.911133,-1.483789],[139.789551,-2.348242],[140.622559,-2.445801],[140.747461,-2.607129],[141.185645,-2.627832],[142.549023,-3.20459],[143.508984,-3.431152],[144.066406,-3.805176],[144.477734,-3.825293],[145.087793,-4.349121],[145.33457,-4.385254],[145.766992,-4.823047],[145.745215,-5.402441],[147.422754,-5.966211],[147.802051,-6.315234],[147.810449,-6.703613],[147.119141,-6.72168],[146.960742,-6.928809],[147.260156,-7.464063],[148.126758,-8.103613],[148.246875,-8.554297],[148.451172,-8.694531],[148.583105,-9.051758],[149.19834,-9.03125],[149.263184,-9.497852],[150.011035,-9.688184],[149.76123,-9.805859],[149.874414,-10.012988],[150.849512,-10.236035],[150.446094,-10.307324],[150.647168,-10.517969],[150.319922,-10.654883],[149.754102,-10.353027],[147.768652,-10.070117],[147.017188,-9.387891],[146.96377,-9.05957],[146.630859,-8.951172],[146.033203,-8.076367],[144.509863,-7.567383],[144.142871,-7.757227],[143.654883,-7.460352],[143.942285,-7.944238],[143.518164,-8.000684],[143.61377,-8.200391],[142.524121,-8.32168],[142.206836,-8.195801],[142.474805,-8.369434],[143.111816,-8.474512],[143.377246,-8.762207],[143.366211,-8.961035],[142.647168,-9.327832],[142.22959,-9.169922],[141.133203,-9.221289],[140.00293,-8.195508],[140.116992,-7.92373],[139.934766,-8.101172],[139.385645,-8.189063],[139.248828,-7.982422],[138.933496,-8.262402],[138.856152,-8.145117],[139.087988,-7.587207],[138.747949,-7.251465],[139.176855,-7.19043],[138.845703,-7.136328],[138.601367,-6.936523],[138.864551,-6.858398],[138.438672,-6.343359],[138.296289,-5.949023],[138.374609,-5.843652],[138.199609,-5.807031],[138.339648,-5.675684],[138.087109,-5.70918],[138.06084,-5.465234],[137.279785,-4.94541],[136.618848,-4.81875],[135.979688,-4.530859],[135.195605,-4.450684],[134.679688,-4.079102],[134.706543,-3.954785],[134.886523,-3.938477],[134.266211,-3.945801],[134.14707,-3.796777],[133.973828,-3.817969],[133.67832,-3.479492],[133.841504,-3.054785],[133.700391,-3.0875],[133.653125,-3.364355],[133.518164,-3.411914],[133.400879,-3.899023],[133.24873,-4.062305],[132.968555,-4.094922],[132.753906,-3.703613],[132.869727,-3.550977],[132.751367,-3.294629],[131.971191,-2.788574],[132.230664,-2.680371],[132.725,-2.789062],[133.191016,-2.437793],[133.700098,-2.624609],[133.904883,-2.390918],[133.791016,-2.293652],[133.921582,-2.102051],[132.962793,-2.272559],[132.307617,-2.242285],[132.023438,-1.990332],[131.930371,-1.559668],[130.995898,-1.424707],[131.257227,-0.855469],[131.804297,-0.703809],[132.39375,-0.355469],[132.856445,-0.417383],[133.268457,-0.635742],[133.472656,-0.726172]]]}},{"type":"Feature","properties":{"scalerank":0,"featurecla":"Land","min_zoom":0},"bbox":[118.783301,-5.693359,125.233789,1.701025],"geometry":{"type":"Polygon","coordinates":[[[124.888867,0.995312],[124.427539,0.470605],[123.753809,0.305518],[123.26543,0.326611],[122.996875,0.493506],[121.012988,0.441699],[120.579004,0.52832],[120.192285,0.268506],[120.013281,-0.196191],[120.062891,-0.555566],[120.667383,-1.370117],[121.148535,-1.339453],[121.575586,-0.828516],[121.969629,-0.933301],[122.27998,-0.757031],[122.88877,-0.755176],[122.829492,-0.658887],[123.171484,-0.570703],[123.43418,-0.778223],[123.37793,-1.004102],[122.902832,-0.900977],[122.250684,-1.555273],[121.650977,-1.89541],[121.355469,-1.878223],[122.291699,-2.907617],[122.399023,-3.200879],[122.25293,-3.62041],[122.689648,-4.084473],[122.847949,-4.064551],[122.872266,-4.391992],[122.114258,-4.540234],[122.038086,-4.832422],[121.588672,-4.75957],[121.486523,-4.581055],[121.618066,-4.092676],[120.891797,-3.520605],[121.054297,-3.16709],[121.052148,-2.75166],[120.653613,-2.667578],[120.261035,-2.949316],[120.436621,-3.707324],[120.420117,-4.617383],[120.279297,-5.146094],[120.430371,-5.591016],[119.951563,-5.577637],[119.717285,-5.693359],[119.557422,-5.611035],[119.360352,-5.31416],[119.623633,-4.034375],[119.46748,-3.512988],[118.994629,-3.537598],[118.867676,-3.398047],[118.783301,-2.720801],[119.092188,-2.48291],[119.321875,-1.929688],[119.308984,-1.408203],[119.508203,-0.906738],[119.711328,-0.680762],[119.844336,-0.861914],[119.721875,-0.088477],[120.269531,0.970801],[120.602539,0.854395],[120.867969,1.252832],[121.081738,1.327637],[121.591797,1.067969],[122.436621,1.018066],[122.838281,0.845703],[123.066504,0.941797],[123.930762,0.850439],[124.533691,1.230469],[124.94707,1.672168],[125.110938,1.685693],[125.233789,1.502295],[124.966797,1.082617],[124.888867,0.995312]]]}},{"type":"Feature","properties":{"scalerank":0,"featurecla":"Land","min_zoom":0},"bbox":[105.243164,-8.769629,114.599219,-5.904199],"geometry":{"type":"Polygon","coordinates":[[[107.373926,-6.007617],[107.666797,-6.21582],[108.330176,-6.286035],[108.677832,-6.790527],[110.42627,-6.947266],[110.834766,-6.424219],[111.181543,-6.686719],[111.540332,-6.648242],[112.087305,-6.893359],[112.539258,-6.926465],[112.794336,-7.304492],[112.794531,-7.552441],[113.013574,-7.657715],[114.070703,-7.633008],[114.409277,-7.79248],[114.386914,-8.405176],[114.583789,-8.769629],[113.25332,-8.286719],[112.678809,-8.40918],[111.509961,-8.305078],[110.607227,-8.149414],[109.281641,-7.704883],[108.741211,-7.66709],[108.451758,-7.796973],[107.91748,-7.724121],[107.284961,-7.47168],[106.455273,-7.368652],[106.519727,-7.053711],[106.198242,-6.927832],[105.255469,-6.835254],[105.370898,-6.664355],[105.483691,-6.781543],[105.655078,-6.469531],[105.786914,-6.456934],[105.868262,-6.116406],[106.075,-5.91416],[106.825195,-6.098242],[107.046289,-5.904199],[107.331836,-5.978125],[107.373926,-6.007617]]]}},{"type":"Feature","properties":{"scalerank":0,"featurecla":"Land","min_zoom":0},"bbox":[95.206641,-5.90791,106.058398,5.628809],"geometry":{"type":"Polygon","coordinates":[[[96.492578,5.229346],[97.547168,5.205859],[98.248438,4.414551],[98.307324,4.092871],[99.732324,3.183057],[100.523828,2.18916],[100.887891,1.948242],[100.828223,2.242578],[101.046191,2.257471],[101.47666,1.693066],[102.019922,1.442139],[102.389941,0.841992],[103.031836,0.578906],[103.00752,0.415332],[102.55,0.216455],[103.338965,0.513721],[103.672656,0.288916],[103.786719,0.046973],[103.428516,-0.191797],[103.438574,-0.575586],[103.721094,-0.886719],[104.360547,-1.038379],[104.515918,-1.819434],[104.845215,-2.092969],[104.650781,-2.595215],[104.970801,-2.370898],[105.396973,-2.380176],[106.044336,-3.10625],[105.84375,-3.613672],[105.887207,-5.00957],[105.74834,-5.818262],[105.349414,-5.549512],[105.081348,-5.745508],[104.639551,-5.52041],[104.683984,-5.892676],[104.601562,-5.90459],[103.831445,-5.07959],[102.537695,-4.152148],[102.127539,-3.599219],[101.578613,-3.166992],[100.889551,-2.248535],[100.855273,-1.93418],[100.308203,-0.82666],[99.669824,0.045068],[99.15918,0.351758],[98.595313,1.8646],[97.700781,2.358545],[97.59082,2.846582],[96.968945,3.575146],[96.444727,3.816309],[95.578613,4.661963],[95.206641,5.284033],[95.227832,5.564795],[95.737305,5.579297],[96.250879,5.266992],[96.492578,5.229346]]]}},{"type":"Feature","properties":{"scalerank":0,"featurecla":"Land","min_zoom":0},"bbox":[108.905859,-4.169727,119.266309,6.990234],"geometry":{"type":"Polygon","coordinates":[[[116.807715,6.691064],[116.788086,6.606104],[117.128516,6.968896],[117.229883,6.93999],[117.294043,6.676904],[117.69375,6.35],[117.644531,6.001855],[117.501172,5.884668],[118.003809,6.05332],[118.11582,5.8625],[117.934766,5.7875],[117.973633,5.70625],[118.353125,5.806055],[118.594824,5.59209],[119.255566,5.365918],[119.132227,5.100488],[118.260547,4.988867],[118.185352,4.828516],[118.5625,4.502148],[118.54834,4.379248],[118.008203,4.250244],[117.696484,4.342822],[117.497461,4.133398],[117.777246,3.689258],[117.055957,3.622656],[117.346289,3.426611],[117.352441,3.19375],[117.610645,3.064355],[117.569141,2.929297],[118.066602,2.317822],[117.789258,2.026855],[118.984961,0.982129],[118.534766,0.813525],[118.196094,0.874365],[117.911621,1.098682],[117.964258,0.889551],[117.745117,0.729639],[117.522168,0.235889],[117.462891,-0.32373],[117.5625,-0.770898],[116.913965,-1.223633],[116.739844,-1.044238],[116.753418,-1.327344],[116.275488,-1.784863],[116.424316,-1.784863],[116.313965,-2.139844],[116.528125,-2.20791],[116.549219,-2.41084],[116.316797,-2.551855],[116.330664,-2.902148],[116.154102,-2.983789],[116.257227,-3.126367],[115.956152,-3.59502],[114.693555,-4.169727],[114.525586,-3.37666],[114.344336,-3.444434],[114.344336,-3.235156],[114.236328,-3.361133],[114.082227,-3.278906],[113.705078,-3.455273],[113.610059,-3.195703],[113.343164,-3.246484],[113.033984,-2.933496],[112.971484,-3.187109],[112.758008,-3.322168],[112.284961,-3.320996],[111.858105,-3.551855],[111.823047,-3.057227],[111.694727,-2.889453],[110.930078,-3.071094],[110.829688,-2.995117],[110.899316,-2.908594],[110.703125,-3.020898],[110.574023,-2.891406],[110.256055,-2.966113],[110.096582,-2.001367],[109.959863,-1.862793],[109.983301,-1.274805],[109.681738,-0.944238],[109.288867,-0.845801],[109.372754,-0.638184],[109.130273,-0.44541],[109.25752,0.031152],[108.944531,0.355664],[108.905859,0.793945],[108.958594,1.134619],[109.131543,1.253857],[109.010254,1.239648],[109.075879,1.495898],[109.378516,1.922705],[109.628906,2.027539],[109.864844,1.764453],[110.349219,1.719727],[111.223242,1.39585],[111.028711,1.557812],[111.268164,2.139746],[111.208594,2.379639],[111.443848,2.381543],[111.5125,2.743018],[112.987891,3.161914],[113.923926,4.243213],[114.0125,4.575244],[114.424414,4.6604],[114.99541,5.022363],[115.026758,4.899707],[115.427637,4.969189],[115.582031,5.194141],[115.419043,5.413184],[115.603906,5.603418],[115.877148,5.613525],[116.776172,6.990234],[116.841992,6.77207],[116.807715,6.691064]]]}},{"type":"Feature","properties":{"scalerank":0,"featurecla":"Land","min_zoom":0},"bbox":[53.762891,73.297217,68.941699,77.011572],"geometry":{"type":"Polygon","coordinates":[[[67.765332,76.237598],[61.355957,75.314844],[60.276855,75.007568],[60.501367,74.904639],[59.747266,74.745898],[59.674023,74.610156],[59.240137,74.692969],[59.04043,74.485547],[58.534668,74.498926],[58.617871,74.227393],[57.767383,74.013818],[57.872266,73.850439],[57.755957,73.769189],[57.313086,73.838037],[57.542578,73.658203],[56.63418,73.304297],[55.006836,73.453857],[54.299902,73.350977],[54.131543,73.481006],[54.20459,73.542041],[53.762891,73.766162],[54.642676,73.95957],[55.340918,74.419629],[56.137109,74.496094],[55.582227,74.627686],[56.49873,74.95708],[55.998047,75.003369],[55.821191,75.090625],[55.920703,75.168359],[56.570312,75.097754],[56.87627,75.244385],[56.844434,75.351416],[57.606836,75.34126],[58.058301,75.663086],[60.279297,76.09624],[60.942188,76.071289],[61.20166,76.282031],[62.971484,76.23667],[64.463477,76.378174],[67.534961,77.007764],[68.485742,76.933691],[68.911719,76.760547],[68.899805,76.572949],[68.16543,76.284863],[67.765332,76.237598]]]}},{"type":"Feature","properties":{"scalerank":0,"featurecla":"Land","min_zoom":0},"bbox":[51.428613,70.562988,57.625391,73.387646],"geometry":{"type":"Polygon","coordinates":[[[55.319824,73.308301],[56.42959,73.201172],[56.188965,73.033008],[56.12168,72.806592],[55.723438,72.766406],[55.40332,72.549072],[55.35957,72.408691],[55.518066,72.220654],[55.297852,71.935352],[56.454395,71.107373],[57.625391,70.728809],[57.145898,70.589111],[56.260059,70.714746],[56.561328,70.593555],[56.43457,70.562988],[53.722363,70.814453],[53.383594,70.873535],[53.613574,70.914648],[53.670508,71.086914],[54.155664,71.125488],[53.409961,71.340137],[53.319043,71.39917],[53.411621,71.530127],[51.937891,71.474707],[51.59043,71.571143],[51.438672,71.776807],[51.58252,72.071191],[52.252051,72.129736],[52.62207,72.300977],[52.916602,72.668896],[52.550586,72.768555],[53.369824,72.916748],[53.247266,72.973145],[53.251172,73.182959],[55.121387,73.356836],[55.319824,73.308301]]]}},{"type":"Feature","properties":{"scalerank":0,"featurecla":"Land","min_zoom":0},"bbox":[141.66084,45.917041,144.71377,54.416113],"geometry":{"type":"Polygon","coordinates":[[[142.761035,54.393945],[142.976172,54.140967],[142.917969,53.794238],[143.324707,52.963086],[143.190625,51.944482],[143.455469,51.471484],[143.816016,50.282617],[144.341211,49.180518],[144.685547,48.87124],[144.71377,48.640283],[144.04873,49.24917],[143.10498,49.198828],[142.574219,48.072168],[142.556934,47.737891],[143.217676,46.794873],[143.485645,46.752051],[143.580664,46.360693],[143.431641,46.028662],[143.282324,46.558984],[142.578027,46.700781],[142.077148,45.917041],[141.830371,46.451074],[142.038672,47.140283],[141.964063,47.587451],[142.181738,48.013379],[141.866309,48.750098],[142.142285,49.569141],[142.066016,50.630469],[142.206738,51.222559],[141.722363,51.736328],[141.808105,51.789209],[141.668457,51.93335],[141.66084,52.272949],[141.855566,52.793506],[141.823535,53.339502],[142.141992,53.495605],[142.526172,53.447461],[142.705957,53.895703],[142.334961,54.280713],[142.692773,54.416113],[142.761035,54.393945]]]}},{"type":"Feature","properties":{"scalerank":0,"featurecla":"Land","min_zoom":0},"bbox":[139.820898,41.423242,145.833008,45.509521],"geometry":{"type":"Polygon","coordinates":[[[143.824316,44.116992],[144.715234,43.927979],[145.369531,44.327393],[145.126367,43.869385],[145.139648,43.6625],[145.34082,43.302539],[145.833008,43.385937],[144.921387,43.000928],[143.969336,42.881396],[143.429492,42.418896],[143.236523,42.000195],[141.851367,42.579053],[141.406641,42.546924],[140.986133,42.342139],[140.709766,42.555615],[140.480469,42.559375],[140.32666,42.293359],[141.150977,41.805078],[140.659863,41.815576],[140.270117,41.456006],[140.036621,41.473779],[140.108398,41.912939],[139.835449,42.278076],[139.860156,42.581738],[140.432227,42.954102],[140.392383,43.303125],[141.138184,43.179932],[141.374121,43.279639],[141.397656,43.642627],[141.760938,44.48252],[141.782227,44.716357],[141.583008,45.155957],[141.667969,45.40127],[141.980859,45.483496],[142.884766,44.670117],[143.759082,44.131641],[143.824316,44.116992]]]}},{"type":"Feature","properties":{"scalerank":0,"featurecla":"Land","min_zoom":0},"bbox":[130.889258,33.486963,141.993164,41.505566],"geometry":{"type":"Polygon","coordinates":[[[141.229297,41.372656],[141.455469,41.404736],[141.430469,40.72334],[141.79707,40.291162],[141.99082,39.792236],[141.976953,39.428809],[141.900781,39.111328],[141.546289,38.762842],[141.46748,38.40415],[141.108398,38.337939],[140.962109,38.148877],[141.00166,37.114648],[140.573535,36.231348],[140.874023,35.724951],[140.457422,35.510254],[140.354688,35.181445],[139.843945,34.914893],[139.826465,35.29668],[140.096875,35.585156],[139.834766,35.658057],[139.65,35.409131],[139.675,35.149268],[139.474414,35.298535],[139.249414,35.278027],[139.086035,34.83916],[138.8375,34.619238],[138.802734,34.974805],[138.903613,35.025244],[138.719629,35.124072],[138.189063,34.596338],[137.061719,34.582812],[137.275195,34.77251],[136.963281,34.834912],[136.871289,34.733105],[136.89707,35.035547],[136.804199,35.050293],[136.533008,34.678369],[136.880273,34.433594],[136.853711,34.324072],[136.329883,34.176855],[135.916211,33.561719],[135.695312,33.486963],[135.452832,33.553369],[135.12793,34.006982],[135.100098,34.288379],[135.415918,34.61748],[134.740039,34.765234],[134.246875,34.713867],[133.142383,34.302441],[132.312598,34.324951],[132.146484,33.83877],[131.740527,34.052051],[130.918848,33.975732],[130.889258,34.261816],[131.004199,34.392578],[131.354395,34.413184],[132.922949,35.511279],[133.98125,35.507227],[135.174316,35.74707],[135.326953,35.525537],[135.903125,35.606885],[136.095313,35.767627],[136.06748,36.116846],[136.698145,36.742041],[136.719238,37.198389],[136.843457,37.382129],[137.322656,37.52207],[136.899902,37.117676],[137.016699,36.837207],[137.246289,36.753174],[138.319922,37.218408],[138.885059,37.843945],[139.363867,38.099023],[139.801953,38.881592],[140.064746,39.624414],[139.994727,39.855078],[139.741504,39.92085],[140.011133,40.260352],[139.966699,40.672754],[140.28125,40.846094],[140.385938,41.229785],[140.627637,41.19541],[140.748633,40.830322],[141.183203,40.924023],[141.200391,41.243604],[140.800586,41.138818],[140.891504,41.479785],[141.105859,41.455859],[141.229297,41.372656]]]}},{"type":"Feature","properties":{"scalerank":0,"featurecla":"Land","min_zoom":1.5},"bbox":[132.032617,32.752002,134.738867,34.358398],"geometry":{"type":"Polygon","coordinates":[[[134.357422,34.256348],[134.6375,34.226611],[134.738867,33.820508],[134.377051,33.608398],[134.181641,33.247217],[133.958691,33.44834],[133.632031,33.510986],[133.285938,33.359961],[132.804297,32.752002],[132.641797,32.762451],[132.708984,32.90249],[132.495117,32.916602],[132.412793,33.430469],[132.032617,33.33999],[132.643066,33.689941],[132.935156,34.095312],[133.133691,33.927295],[133.47207,33.972803],[133.626758,34.069385],[133.602637,34.243848],[134.219238,34.319043],[134.357422,34.256348]]]}},{"type":"Feature","properties":{"scalerank":0,"featurecla":"Land","min_zoom":0},"bbox":[129.580078,31.015137,132.008594,33.927783],"geometry":{"type":"Polygon","coordinates":[[[131.174609,33.602588],[131.696289,33.602832],[131.537402,33.274072],[131.896582,33.25459],[131.847852,33.118066],[132.002148,32.882373],[131.660352,32.465625],[131.337207,31.404687],[131.070801,31.436865],[131.098438,31.256152],[130.685742,31.015137],[130.77627,31.706299],[130.556055,31.563086],[130.58877,31.178516],[130.147266,31.408496],[130.294141,31.450684],[130.321973,31.601465],[130.187891,31.768848],[130.194434,32.090771],[130.640527,32.619238],[130.497852,32.656934],[130.547266,32.831592],[130.2375,33.177637],[130.126855,33.104834],[130.175,32.851318],[130.326465,32.852637],[130.34043,32.701855],[130.054102,32.770801],[129.768555,32.570996],[129.826758,32.725342],[129.679102,33.059961],[129.991699,32.851562],[129.580078,33.236279],[130.669531,33.915479],[130.953125,33.872021],[131.058105,33.672852],[131.174609,33.602588]]]}},{"type":"Feature","properties":{"scalerank":0,"featurecla":"Land","min_zoom":1},"bbox":[120.072461,21.925,121.929004,25.276904],"geometry":{"type":"Polygon","coordinates":[[[121.008789,22.620361],[120.839844,21.925],[120.742773,21.956006],[120.083398,23.093701],[120.132129,23.65293],[121.040625,25.032812],[121.593652,25.275342],[121.929004,24.97373],[121.397461,23.17251],[121.16123,22.776367],[121.008789,22.620361]]]}},{"type":"Feature","properties":{"scalerank":0,"featurecla":"Land","min_zoom":1},"bbox":[108.635645,18.218262,111.013672,20.137744],"geometry":{"type":"Polygon","coordinates":[[[110.88877,19.991943],[111.013672,19.655469],[110.640918,19.291211],[110.45127,18.747949],[110.067383,18.447559],[109.519336,18.218262],[108.701563,18.535254],[108.665527,19.304102],[109.27666,19.761133],[109.177441,19.768457],[109.263477,19.882666],[110.171582,20.053711],[110.588184,19.976367],[110.651758,20.137744],[110.809082,20.014404],[110.88877,19.991943]]]}},{"type":"Feature","properties":{"scalerank":0,"featurecla":"Land","min_zoom":1},"bbox":[79.707812,5.949365,81.876953,9.812695],"geometry":{"type":"Polygon","coordinates":[[[79.982324,9.812695],[80.252832,9.796338],[80.711133,9.366357],[81.372852,8.431445],[81.874121,7.28833],[81.861426,6.90127],[81.637402,6.425146],[80.724121,5.979053],[80.267383,6.009766],[80.095313,6.153174],[79.859375,6.829297],[79.712988,8.182324],[79.749805,8.294238],[79.783496,8.018457],[79.928906,8.899219],[80.099609,9.209961],[80.086328,9.577832],[80.42832,9.480957],[79.966992,9.792627],[79.982324,9.812695]]]}},{"type":"Feature","properties":{"scalerank":0,"featurecla":"Land","min_zoom":0},"bbox":[43.257129,-25.570508,50.482715,-12.07959],"geometry":{"type":"Polygon","coordinates":[[[49.538281,-12.432129],[49.9375,-13.072266],[50.235352,-14.732031],[50.441309,-15.149316],[50.40459,-15.629102],[50.184961,-15.957813],[49.892578,-15.457715],[49.664355,-15.521582],[49.839063,-16.486523],[49.767188,-16.815137],[49.449316,-17.240625],[49.477832,-17.898535],[49.362891,-18.336328],[47.177344,-24.787207],[46.728516,-25.149902],[46.158691,-25.230371],[45.508008,-25.563184],[45.115234,-25.543066],[44.035352,-24.995703],[43.67002,-24.300293],[43.722266,-23.529688],[43.264844,-22.383594],[43.501855,-21.356445],[43.800195,-21.179199],[44.404688,-19.92207],[44.448828,-19.428711],[44.040039,-18.288477],[43.979395,-17.391602],[44.421387,-16.702637],[44.476172,-16.217285],[44.90918,-16.174512],[45.222852,-15.950488],[45.598242,-15.992578],[45.700195,-15.81377],[46.15752,-15.738281],[46.399609,-15.924609],[46.331445,-15.713672],[46.475098,-15.513477],[46.942285,-15.219043],[47.099219,-15.43418],[47.092578,-15.150098],[47.351953,-14.766113],[47.464746,-14.713281],[47.47832,-15.009375],[47.774023,-14.636719],[47.96416,-14.672559],[47.77334,-14.369922],[47.995508,-13.960449],[47.895996,-13.730664],[48.039844,-13.596289],[48.255273,-13.719336],[48.796484,-13.26748],[48.919434,-12.839063],[48.786328,-12.470898],[49.207031,-12.07959],[49.479785,-12.348438],[49.538281,-12.432129]]]}},{"type":"Feature","properties":{"scalerank":0,"featurecla":"Land","min_zoom":3},"bbox":[53.018555,38.756152,53.10957,39.096582],"geometry":{"type":"Polygon","coordinates":[[[53.10957,38.803076],[53.100195,38.756152],[53.045898,38.897217],[53.018555,39.052734],[53.05332,39.096582],[53.092188,39.094092],[53.055176,39.037939],[53.10957,38.803076]]]}},{"type":"Feature","properties":{"scalerank":0,"featurecla":"Land","min_zoom":3},"bbox":[49.995117,44.826465,50.184473,45.081934],"geometry":{"type":"Polygon","coordinates":[[[50.184473,44.854639],[49.995117,44.936963],[50.109863,45.081934],[50.098145,44.881543],[50.184473,44.854639]]]}},{"type":"Feature","properties":{"scalerank":0,"featurecla":"Land","min_zoom":4},"bbox":[50.256152,44.958594,50.349707,45.083008],"geometry":{"type":"Polygon","coordinates":[[[50.311719,44.97207],[50.277246,44.958594],[50.256152,45.022412],[50.294922,45.075928],[50.349707,45.083008],[50.330859,44.998437],[50.311719,44.97207]]]}},{"type":"Feature","properties":{"scalerank":0,"featurecla":"Land","min_zoom":1},"bbox":[-164.281641,-79.844531,-158.996582,-78.719141],"geometry":{"type":"Polygon","coordinates":[[[-159.05293,-79.807422],[-160.3021,-79.844531],[-161.865527,-79.703516],[-163.712402,-79.441992],[-164.281641,-79.245508],[-164.125537,-78.995313],[-163.256104,-78.72207],[-162.390039,-78.760156],[-159.684082,-79.402441],[-159.00957,-79.780469],[-159.05293,-79.807422]]]}},{"type":"Feature","properties":{"scalerank":0,"featurecla":"Land","min_zoom":1.5},"bbox":[-71.783545,-79.683008,-66.728076,-78.315723],"geometry":{"type":"Polygon","coordinates":[[[-70.334082,-79.679883],[-71.525781,-79.623633],[-71.783545,-79.444336],[-71.454004,-79.128906],[-70.543994,-78.883691],[-67.478516,-78.3625],[-66.728076,-78.383691],[-69.250879,-79.210352],[-69.686475,-79.443359],[-69.731738,-79.618359],[-70.116309,-79.666016],[-70.334082,-79.679883]]]}},{"type":"Feature","properties":{"scalerank":0,"featurecla":"Land","min_zoom":0},"bbox":[-54.371582,-80.870117,-42.944678,-77.785254],"geometry":{"type":"Polygon","coordinates":[[[-45.222656,-78.810742],[-43.627344,-78.846094],[-42.965381,-79.477051],[-42.98999,-79.80127],[-43.267285,-79.978613],[-43.758203,-80.020508],[-43.48999,-80.095508],[-43.52793,-80.191406],[-49.1875,-80.642773],[-49.773047,-80.78418],[-54.1625,-80.870117],[-54.350781,-80.760352],[-54.347168,-80.569434],[-53.393896,-80.108789],[-52.297168,-80.141211],[-50.401562,-79.511719],[-50.294922,-79.429688],[-50.378662,-79.338184],[-50.733057,-79.282715],[-50.50249,-78.949902],[-50.241943,-78.833301],[-50.377393,-78.780469],[-50.219629,-78.605273],[-49.08125,-78.047461],[-47.463477,-77.819043],[-46.257861,-77.804883],[-44.594482,-78.035156],[-43.78457,-78.336328],[-43.947217,-78.597559],[-45.067822,-78.661426],[-45.352344,-78.791211],[-45.222656,-78.810742]]]}},{"type":"Feature","properties":{"scalerank":0,"featurecla":"Land","min_zoom":1},"bbox":[-66.771143,-80.948145,-59.32168,-79.741016],"geometry":{"type":"Polygon","coordinates":[[[-59.733936,-80.344141],[-59.825488,-80.733301],[-60.582812,-80.948145],[-62.670508,-80.834277],[-63.143994,-80.594824],[-64.268262,-80.748535],[-66.771143,-80.293848],[-66.376953,-80.222266],[-65.980078,-80.384473],[-61.633301,-80.344141],[-61.193994,-80.256641],[-61.597461,-80.205859],[-61.68418,-80.019727],[-60.578809,-79.741016],[-59.87334,-79.776953],[-59.706348,-79.875293],[-59.787793,-80.100977],[-59.32168,-80.196191],[-59.683301,-80.315332],[-59.733936,-80.344141]]]}},{"type":"Feature","properties":{"scalerank":0,"featurecla":"Land","min_zoom":1},"bbox":[-75.382715,-72.669727,-68.227832,-68.788965],"geometry":{"type":"Polygon","coordinates":[[[-70.051123,-69.189063],[-70.079346,-69.310938],[-69.707568,-69.320898],[-69.416943,-69.583203],[-68.314014,-70.911719],[-68.241016,-71.822168],[-68.542578,-72.157617],[-69.209326,-72.53418],[-72.36748,-72.669727],[-73.057422,-72.447559],[-72.7375,-72.280566],[-70.872607,-72.366406],[-70.206006,-72.227734],[-71.661475,-72.249805],[-71.897559,-72.120801],[-71.034375,-72.03457],[-70.820996,-71.906543],[-71.816162,-71.821875],[-72.336621,-71.632227],[-72.927637,-71.92168],[-73.775977,-71.848926],[-73.537109,-72.022363],[-73.995605,-72.169824],[-74.78584,-72.063574],[-75.382715,-71.82793],[-75.335449,-71.645215],[-75.099658,-71.555371],[-74.391797,-71.638184],[-74.425391,-71.456934],[-74.236084,-71.388379],[-73.479004,-71.578711],[-73.380176,-71.52793],[-73.604492,-71.350781],[-72.21167,-71.335059],[-73.0604,-71.126953],[-72.710449,-71.072949],[-71.718506,-71.145117],[-71.194043,-70.984766],[-70.380664,-70.946387],[-69.869775,-71.125684],[-69.875781,-70.875977],[-70.916943,-70.78584],[-71.190039,-70.65957],[-70.328076,-70.36123],[-69.618359,-70.398047],[-70.327637,-70.159668],[-71.120508,-70.196484],[-71.728516,-70.053711],[-71.879248,-69.908984],[-71.74292,-69.422754],[-72.080664,-69.267188],[-72.137891,-69.114551],[-71.868994,-68.941016],[-70.416992,-68.788965],[-70.105469,-68.959375],[-70.052734,-69.139551],[-70.051123,-69.189063]]]}},{"type":"Feature","properties":{"scalerank":0,"featurecla":"Land","min_zoom":0},"bbox":[-71.927734,-55.032129,-65.179004,-52.48623],"geometry":{"type":"Polygon","coordinates":[[[-69.167041,-52.667578],[-68.789795,-52.576758],[-68.571191,-52.694922],[-68.240137,-53.081836],[-68.431152,-53.055273],[-68.488525,-53.260938],[-68.161133,-53.306445],[-68.008496,-53.564063],[-67.294238,-54.049805],[-66.235645,-54.533496],[-65.179004,-54.678125],[-65.471143,-54.914648],[-66.511133,-55.032129],[-68.220117,-54.817578],[-69.081641,-54.909863],[-69.723437,-54.712109],[-70.497168,-54.80957],[-71.901562,-54.601562],[-71.800146,-54.433984],[-71.079932,-54.444238],[-70.797266,-54.327246],[-70.701123,-54.485449],[-70.310986,-54.528516],[-70.863086,-54.110449],[-70.867725,-53.88418],[-70.644482,-53.822852],[-70.695605,-53.727441],[-70.531299,-53.627344],[-70.379736,-53.986719],[-70.629834,-54.005566],[-70.243359,-54.347656],[-69.741846,-54.305859],[-69.364795,-54.437598],[-69.312061,-54.571484],[-69.045215,-54.428418],[-69.988135,-54.109082],[-70.151123,-53.888086],[-70.091113,-53.721777],[-69.352441,-53.47998],[-69.393555,-53.373437],[-70.212842,-53.413965],[-70.460254,-53.20625],[-70.390674,-53.026465],[-70.130615,-52.942773],[-70.380127,-52.751953],[-69.935449,-52.821094],[-69.414062,-52.48623],[-69.167041,-52.667578]]]}},{"type":"Feature","properties":{"scalerank":0,"featurecla":"Land","min_zoom":0},"bbox":[-84.887207,19.855469,-74.136816,23.19043],"geometry":{"type":"Polygon","coordinates":[[[-81.837451,23.163037],[-80.650146,23.103076],[-80.364893,22.943408],[-79.820264,22.887012],[-79.275684,22.407617],[-78.686475,22.366846],[-77.636816,21.797363],[-77.497266,21.871631],[-77.144141,21.643604],[-77.366162,21.612646],[-77.252881,21.483496],[-77.098633,21.589014],[-76.867432,21.33042],[-75.722949,21.111035],[-75.595801,20.994678],[-75.724561,20.714551],[-74.882568,20.650635],[-74.16748,20.292187],[-74.153711,20.168555],[-75.116406,19.901416],[-75.151611,20.00835],[-75.290479,19.893115],[-76.158447,19.989746],[-77.715088,19.855469],[-77.103809,20.40752],[-77.22959,20.64375],[-78.116357,20.761865],[-78.490771,21.053711],[-78.727686,21.592725],[-79.357422,21.585156],[-80.231348,21.872168],[-80.485449,22.123437],[-81.035645,22.073584],[-81.185498,22.267969],[-81.284375,22.109424],[-81.849414,22.213672],[-82.077734,22.387695],[-81.710352,22.49668],[-81.838818,22.672461],[-82.738037,22.689258],[-83.379639,22.222998],[-83.900732,22.170117],[-84.030957,21.943115],[-84.502588,21.776172],[-84.501367,21.930273],[-84.887207,21.856982],[-84.326367,22.074316],[-84.361279,22.378906],[-84.044922,22.666016],[-83.257812,22.967578],[-82.101367,23.19043],[-81.837451,23.163037]]]}},{"type":"Feature","properties":{"scalerank":0,"featurecla":"Land","min_zoom":0},"bbox":[17.916895,79.194287,27.198633,80.477832],"geometry":{"type":"Polygon","coordinates":[[[20.897852,80.249951],[21.549219,80.24292],[22.289746,80.049219],[22.442676,80.190283],[22.450781,80.402246],[23.008008,80.473975],[23.31543,80.425244],[23.114551,80.186963],[24.402637,80.355176],[26.86084,80.16001],[27.14834,80.059229],[27.198633,79.906592],[26.005859,79.617041],[25.641211,79.403027],[23.947754,79.194287],[22.695703,79.329053],[22.865527,79.411865],[20.128223,79.4896],[19.674609,79.591162],[20.784082,79.748584],[18.725,79.760742],[18.255371,79.929199],[18.855957,80.036621],[17.916895,80.143115],[19.343359,80.116406],[19.537109,80.163232],[19.17832,80.331543],[19.751074,80.227197],[19.810352,80.326807],[19.614355,80.462549],[19.733301,80.477832],[20.693457,80.298682],[20.897852,80.249951]]]}},{"type":"Feature","properties":{"scalerank":0,"featurecla":"Land","min_zoom":0},"bbox":[10.682129,76.579297,21.38877,80.052588],"geometry":{"type":"Polygon","coordinates":[[[16.786719,79.906738],[17.83457,79.800049],[17.956152,79.704248],[17.6875,79.53335],[17.66875,79.385937],[18.397363,79.605176],[18.815234,79.42666],[18.677832,79.261719],[19.893555,79.056201],[20.611035,79.106641],[20.767188,79.059131],[20.500684,78.981396],[21.38877,78.74043],[19.676758,78.60957],[19.150488,78.379395],[18.983789,78.234229],[18.995117,78.081494],[18.439258,78.025049],[18.22793,77.522607],[17.62334,77.399365],[17.152539,77.048926],[17.249023,76.969189],[16.97666,76.811621],[17.062695,76.658984],[16.700488,76.579297],[14.36582,77.234473],[13.995703,77.508203],[14.69502,77.525049],[14.920801,77.688818],[17.033301,77.797705],[16.914062,77.897998],[14.089941,77.771387],[13.791113,77.853809],[13.680566,78.028125],[14.307227,78.005078],[14.248145,78.071387],[15.698047,78.227588],[15.783887,78.327051],[17.171973,78.417139],[16.448633,78.503564],[16.782617,78.663623],[15.417383,78.473242],[15.254199,78.589062],[15.38418,78.771191],[15.016309,78.630127],[14.689258,78.720947],[14.467188,78.675391],[14.431836,78.49248],[14.638281,78.4146],[14.110449,78.270898],[13.150195,78.2375],[11.36543,78.950391],[12.40332,78.953223],[11.981836,79.025293],[11.892773,79.152344],[12.083984,79.267529],[11.97832,79.292676],[11.208105,79.129639],[10.737598,79.520166],[10.810742,79.640918],[10.682129,79.758252],[11.702344,79.820605],[12.287793,79.713135],[12.219141,79.7979],[13.692871,79.860986],[13.921094,79.761719],[12.555371,79.569482],[13.333789,79.574805],[13.957227,79.339648],[14.039844,79.585645],[14.593652,79.79873],[14.831836,79.766406],[15.764063,79.174268],[16.34375,78.976123],[15.816113,79.681836],[16.100195,79.884424],[16.093848,80.007324],[16.524023,80.020508],[16.786719,79.906738]]]}},{"type":"Feature","properties":{"scalerank":0,"featurecla":"Land","min_zoom":1},"bbox":[8.180859,38.909668,9.805273,41.25708],"geometry":{"type":"Polygon","coordinates":[[[9.632031,40.882031],[9.805273,40.499561],[9.642969,40.268408],[9.706738,40.017041],[9.5625,39.166016],[9.056348,39.23916],[8.966602,38.963721],[8.648535,38.926562],[8.418164,39.205713],[8.547754,39.839209],[8.407813,39.917236],[8.471289,40.292676],[8.189941,40.651611],[8.203809,40.870703],[8.698926,40.895264],[9.228418,41.25708],[9.615332,41.017285],[9.574023,40.914746],[9.632031,40.882031]]]}},{"type":"Feature","properties":{"scalerank":0,"featurecla":"Land","min_zoom":1},"bbox":[8.565625,41.384912,9.556445,43.021484],"geometry":{"type":"Polygon","coordinates":[[[9.480371,42.80542],[9.550684,42.129736],[9.186133,41.384912],[8.80752,41.588379],[8.886816,41.700684],[8.621875,41.930713],[8.700977,42.095605],[8.565625,42.357715],[8.814844,42.60791],[9.313379,42.713184],[9.363184,43.017383],[9.478613,42.860498],[9.480371,42.80542]]]}},{"type":"Feature","properties":{"scalerank":0,"featurecla":"Land","min_zoom":1},"bbox":[12.435547,36.687842,15.634668,38.295898],"geometry":{"type":"Polygon","coordinates":[[[15.576563,38.220312],[15.099512,37.458594],[15.295703,37.055176],[15.112598,36.687842],[14.501855,36.798682],[14.259082,37.046436],[12.640234,37.594336],[12.435547,37.819775],[12.734375,38.183057],[12.902734,38.034863],[13.291113,38.191455],[13.788867,37.981201],[15.634668,38.267578],[15.576563,38.220312]]]}},{"type":"Feature","properties":{"scalerank":0,"featurecla":"Land","min_zoom":0},"bbox":[-54.919141,69.256641,-51.900195,70.317285],"geometry":{"type":"Polygon","coordinates":[[[-52.731152,69.944727],[-52.045312,69.807227],[-51.900195,69.604785],[-53.754346,69.260156],[-54.182715,69.403516],[-53.658301,69.465137],[-53.825,69.540332],[-54.919141,69.713623],[-54.787891,69.949854],[-54.322607,69.941895],[-54.773633,70.052539],[-54.830469,70.161084],[-54.705957,70.256152],[-54.007227,70.296436],[-53.10293,70.140869],[-52.731152,69.944727]]]}},{"type":"Feature","properties":{"scalerank":0,"featurecla":"Land","min_zoom":1},"bbox":[-128.349902,48.322803,-123.283789,50.860547],"geometry":{"type":"Polygon","coordinates":[[[-127.197314,50.640381],[-125.48208,50.316797],[-124.830615,49.530078],[-123.995801,49.224023],[-123.283789,48.455176],[-123.573145,48.322803],[-125.120703,48.760791],[-124.812646,49.212646],[-124.927344,49.014209],[-125.489453,48.933789],[-125.828516,49.091846],[-125.644238,49.185791],[-125.95166,49.248047],[-125.9354,49.401465],[-126.519141,49.396777],[-126.541895,49.590479],[-126.134082,49.672314],[-126.525244,49.71958],[-126.90332,49.944141],[-127.114307,49.879736],[-127.249805,50.137988],[-127.349414,50.051953],[-127.467139,50.163428],[-127.863916,50.127734],[-127.905859,50.445215],[-127.486523,50.404639],[-127.465918,50.583105],[-128.05835,50.498486],[-128.349902,50.696582],[-128.101318,50.857764],[-127.713037,50.820752],[-127.197314,50.640381]]]}},{"type":"Feature","properties":{"scalerank":0,"featurecla":"Land","min_zoom":0},"bbox":[-74.478125,17.635596,-68.33916,19.928076],"geometry":{"type":"Polygon","coordinates":[[[-71.954297,19.72168],[-71.557764,19.895361],[-70.95415,19.913965],[-70.193848,19.638037],[-69.956836,19.671875],[-69.739404,19.299219],[-69.232471,19.271826],[-69.623633,19.117822],[-68.684766,18.904785],[-68.359277,18.538086],[-68.687402,18.214941],[-68.934961,18.408008],[-69.274512,18.439844],[-69.770654,18.443555],[-70.479932,18.217285],[-70.644678,18.33623],[-71.027832,18.273193],[-71.438965,17.635596],[-72.059863,18.228564],[-72.87666,18.151758],[-73.514844,18.245361],[-73.884961,18.041895],[-74.459961,18.393066],[-74.3875,18.624707],[-74.227734,18.662695],[-72.789355,18.434814],[-72.376074,18.574463],[-72.347656,18.674951],[-72.811084,19.071582],[-72.703223,19.441064],[-73.438379,19.722119],[-73.315332,19.85459],[-72.876514,19.928076],[-72.219824,19.744629],[-71.954297,19.72168]]]}},{"type":"Feature","properties":{"scalerank":0,"featurecla":"Land","min_zoom":0},"bbox":[-50.796094,-1.800684,-48.379687,-0.116406],"geometry":{"type":"Polygon","coordinates":[[[-49.628662,-0.229199],[-49.116992,-0.163574],[-48.379687,-0.352832],[-48.928906,-1.482324],[-49.172705,-1.412598],[-49.233984,-1.599512],[-49.506641,-1.511621],[-49.587891,-1.712402],[-49.805127,-1.790234],[-50.065723,-1.703809],[-50.443457,-1.800684],[-50.723828,-1.371484],[-50.729492,-1.126758],[-50.576953,-1.103125],[-50.783301,-1.010352],[-50.780957,-0.689844],[-50.645508,-0.272852],[-50.248242,-0.116406],[-49.628662,-0.229199]]]}},{"type":"Feature","properties":{"scalerank":0,"featurecla":"Land","min_zoom":0},"bbox":[-6.133691,50.021387,1.746582,58.65],"geometry":{"type":"Polygon","coordinates":[[[-3.109668,58.515479],[-3.212354,58.32124],[-3.990039,57.959033],[-4.035596,57.852002],[-3.857129,57.818555],[-4.134521,57.577734],[-3.402783,57.708252],[-2.074072,57.702393],[-1.780664,57.474023],[-2.592676,56.561572],[-3.309961,56.363477],[-2.885156,56.39751],[-2.674268,56.253418],[-3.362256,56.027637],[-3.789062,56.095215],[-3.04873,55.951953],[-2.599316,56.027295],[-2.14707,55.902979],[-1.655371,55.570361],[-1.232422,54.703711],[-0.084375,54.118066],[-0.205566,54.021729],[0.115332,53.609277],[-0.659912,53.724023],[-0.293701,53.692334],[0.270996,53.335498],[0.355762,53.159961],[0.045898,52.905615],[0.279785,52.808691],[0.558789,52.966943],[1.055566,52.958984],[1.656738,52.753711],[1.746582,52.468994],[1.591406,52.119775],[1.232422,51.97124],[1.188477,51.803369],[0.752246,51.72959],[0.898047,51.689404],[0.890918,51.571436],[0.424512,51.465625],[1.414941,51.363281],[1.397559,51.182031],[0.960156,50.925879],[0.205078,50.763037],[-1.416455,50.896875],[-1.334473,50.820801],[-2.031055,50.725391],[-2.03584,50.603076],[-2.999414,50.716602],[-3.40459,50.632422],[-3.679785,50.239941],[-4.19458,50.393311],[-4.727979,50.290479],[-5.118506,50.03833],[-5.622119,50.050684],[-5.65625,50.131885],[-4.893555,50.533691],[-4.188184,51.188525],[-3.135986,51.205029],[-2.433057,51.740723],[-3.293115,51.39043],[-3.890771,51.59165],[-4.23457,51.569092],[-4.091016,51.659912],[-4.386279,51.741064],[-4.902295,51.62627],[-5.168359,51.740723],[-5.262305,51.880176],[-5.18335,51.949658],[-4.217725,52.277441],[-3.980322,52.541748],[-4.101465,52.915479],[-4.683057,52.806152],[-4.268555,53.144531],[-3.764209,53.307617],[-3.097559,53.260303],[-3.165576,53.394678],[-3.064746,53.426855],[-2.749512,53.310205],[-3.0646,53.512842],[-2.925098,53.732764],[-3.026758,53.905908],[-2.846484,54.135303],[-3.165967,54.12793],[-3.592041,54.564355],[-3.4646,54.773096],[-3.03623,54.953076],[-3.550439,54.947412],[-3.95791,54.780957],[-4.818066,54.846143],[-4.91123,54.689453],[-5.032324,54.761377],[-5.172705,54.985889],[-5.055859,54.988135],[-4.676758,55.501318],[-4.891846,55.699121],[-4.87168,55.873926],[-4.584082,55.938672],[-4.844092,56.051172],[-4.800293,56.15835],[-5.228223,55.886328],[-5.222949,56.06582],[-4.996973,56.23335],[-5.084326,56.197461],[-5.410449,55.995361],[-5.556445,55.3896],[-5.730664,55.334131],[-5.681348,55.623975],[-5.504492,55.802393],[-5.622852,55.813135],[-5.60957,56.055273],[-5.188379,56.758057],[-5.652441,56.531982],[-6.133691,56.706689],[-5.730615,56.853076],[-5.861426,56.902686],[-5.561914,57.232715],[-5.794922,57.378809],[-5.581787,57.546777],[-5.744922,57.668311],[-5.60835,57.881348],[-5.157227,57.881348],[-5.413184,58.069727],[-5.338281,58.238721],[-5.008301,58.262646],[-5.016748,58.566553],[-3.056982,58.58877],[-3.109668,58.515479]]]}},{"type":"Feature","properties":{"scalerank":0,"featurecla":"Land","min_zoom":0},"bbox":[-10.390234,51.47373,-5.47041,55.36582],"geometry":{"type":"Polygon","coordinates":[[[-7.178613,55.056885],[-6.947168,55.18252],[-6.12915,55.217383],[-5.716846,54.81748],[-5.878613,54.641309],[-5.58252,54.663428],[-5.47041,54.500195],[-5.671094,54.549756],[-5.606787,54.272559],[-6.345166,53.987207],[-6.027393,52.9271],[-6.463184,52.345361],[-6.325,52.24668],[-6.890234,52.159229],[-6.965771,52.249512],[-8.057812,51.825586],[-8.40918,51.88877],[-8.407812,51.712061],[-9.296484,51.498242],[-9.835352,51.48335],[-9.579834,51.689258],[-10.120752,51.600684],[-9.598828,51.874414],[-10.341064,51.798926],[-9.909668,52.122949],[-10.356689,52.206934],[-9.772119,52.250098],[-9.906055,52.403711],[-9.632227,52.546924],[-8.783447,52.679639],[-8.990283,52.75542],[-9.175391,52.634912],[-9.916602,52.569727],[-9.464893,52.823193],[-9.299219,53.097559],[-8.930127,53.20708],[-10.09126,53.412842],[-10.116992,53.548535],[-9.720654,53.604492],[-9.901611,53.727197],[-9.578223,53.80542],[-9.914062,53.863721],[-9.856445,54.095361],[-10.092676,54.155762],[-10.056396,54.257812],[-8.545557,54.241211],[-8.623145,54.346875],[-8.133447,54.64082],[-8.763916,54.681201],[-8.377295,54.889453],[-8.274609,55.146289],[-7.66709,55.256494],[-7.556641,55.122217],[-7.65874,54.970947],[-7.478418,55.046973],[-7.517871,55.247949],[-7.301758,55.298779],[-7.365967,55.360205],[-6.96167,55.237891],[-7.218652,55.091992],[-7.178613,55.056885]]]}},{"type":"Feature","properties":{"scalerank":0,"featurecla":"Land","min_zoom":0},"bbox":[-180,64.279736,-169.72915,68.983447],"geometry":{"type":"Polygon","coordinates":[[[-179.798535,68.94043],[-178.873877,68.754102],[-178.538525,68.585645],[-178.751465,68.660449],[-178.692627,68.545996],[-178.097461,68.424805],[-178.055811,68.264893],[-177.796777,68.337988],[-178.373047,68.565674],[-177.527246,68.294385],[-177.589209,68.224219],[-175.345215,67.678076],[-175.23252,67.44668],[-175.374707,67.357373],[-175.002686,67.4375],[-174.849854,67.348877],[-174.938135,67.093018],[-174.771191,66.784326],[-174.924902,66.623145],[-174.50376,66.537939],[-174.394092,66.344238],[-174.084766,66.473096],[-174.065039,66.22959],[-173.773975,66.434668],[-174.231592,66.631885],[-174.005518,66.778613],[-174.086426,66.942871],[-174.550098,67.090625],[-173.157813,67.069092],[-173.323535,66.954834],[-173.258936,66.840088],[-173.193018,66.993604],[-172.520117,66.95249],[-173.00752,67.064893],[-171.795557,66.931738],[-170.473096,66.320264],[-170.604443,66.248926],[-170.301221,66.294043],[-170.243945,66.169287],[-169.72915,66.058105],[-170.540674,65.86543],[-170.666309,65.621533],[-171.451172,65.794238],[-171.054248,65.549951],[-171.169971,65.5021],[-171.907129,65.495947],[-172.783301,65.681055],[-172.232812,65.455713],[-172.309277,65.275635],[-172.661914,65.248535],[-172.286035,65.205713],[-172.213184,65.048145],[-173.066211,64.847168],[-172.801074,64.790527],[-172.900879,64.628857],[-172.37876,64.431543],[-172.73916,64.412256],[-172.903174,64.526074],[-172.915869,64.369434],[-173.157422,64.279736],[-173.375684,64.354883],[-173.32749,64.539551],[-173.729736,64.364502],[-174.570557,64.717773],[-175.442139,64.816699],[-175.853857,65.01084],[-175.856152,65.232812],[-176.093262,65.471045],[-177.05625,65.613623],[-178.4125,65.495557],[-178.502344,65.74043],[-178.939063,66.032764],[-178.746729,66.013672],[-178.526563,66.401562],[-178.868115,66.187061],[-179.105078,66.231934],[-179.143408,66.375049],[-179.340137,66.2875],[-179.327197,66.162598],[-179.683301,66.184131],[-179.789697,65.900879],[-179.365967,65.638623],[-179.3521,65.516748],[-180,65.067236],[-179.999951,68.983447],[-179.798535,68.94043]]]}},{"type":"Feature","properties":{"scalerank":0,"featurecla":"Land","min_zoom":0},"bbox":[-24.475684,63.406689,-13.556104,66.526074],"geometry":{"type":"Polygon","coordinates":[[[-15.543115,66.228516],[-14.59585,66.381543],[-15.116406,66.102441],[-14.698193,66.020215],[-14.8271,65.764258],[-14.391846,65.787402],[-14.318164,65.684473],[-14.473389,65.575342],[-14.166943,65.642285],[-13.617871,65.519336],[-13.804785,65.354785],[-13.569678,65.068115],[-13.854004,64.992871],[-14.044434,64.741895],[-14.385107,64.745215],[-14.432568,64.53833],[-14.628223,64.415967],[-15.83291,64.17666],[-16.640332,63.865479],[-17.815723,63.712988],[-17.946924,63.535742],[-18.653613,63.406689],[-20.198145,63.555811],[-20.494043,63.687354],[-20.413965,63.805176],[-20.650928,63.737402],[-21.105957,63.939844],[-22.652197,63.827734],[-22.701172,64.083203],[-22.187598,64.039209],[-21.46333,64.37915],[-22.053369,64.313916],[-21.90127,64.391602],[-22.000684,64.413184],[-21.950342,64.51499],[-21.590625,64.626367],[-22.106006,64.533057],[-22.467041,64.794971],[-23.818994,64.73916],[-24.026172,64.863428],[-21.892139,65.048779],[-21.763721,65.17373],[-22.509082,65.196777],[-21.844385,65.447363],[-22.90249,65.580469],[-23.899902,65.407568],[-24.475684,65.525195],[-24.248926,65.61499],[-23.856738,65.538379],[-24.092627,65.776465],[-23.615918,65.67959],[-23.285352,65.75],[-23.832617,65.849219],[-23.524951,65.880029],[-23.777344,66.017578],[-23.434473,66.024219],[-23.598535,66.108838],[-23.452539,66.181006],[-23.018994,65.982129],[-22.659863,66.025928],[-22.616016,65.86748],[-22.441699,65.908301],[-22.445312,66.07002],[-22.9479,66.212744],[-22.484424,66.266309],[-23.116943,66.338721],[-22.889209,66.440625],[-22.426123,66.430127],[-21.406885,66.025586],[-21.51665,65.967578],[-21.308789,65.895313],[-21.374902,65.741895],[-21.658447,65.723584],[-21.364746,65.578223],[-21.432178,65.474072],[-21.129687,65.266602],[-20.804346,65.636426],[-20.454834,65.571045],[-20.356592,66.033252],[-20.20752,66.100098],[-19.489697,65.768066],[-19.382959,66.075684],[-18.845898,66.183936],[-18.141943,65.734082],[-18.297168,66.157422],[-17.906982,66.143311],[-17.550439,65.964404],[-17.153027,66.202832],[-16.48501,66.195947],[-16.540674,66.446729],[-16.249316,66.5229],[-15.9854,66.514648],[-15.647363,66.258789],[-15.543115,66.228516]]]}},{"type":"Feature","properties":{"scalerank":0,"featurecla":"Land","min_zoom":4},"bbox":[-65.023633,18.321289,-64.84502,18.385205],"geometry":{"type":"Polygon","coordinates":[[[-64.84502,18.330078],[-64.919971,18.321289],[-65.023633,18.367578],[-64.942041,18.385205],[-64.889111,18.374219],[-64.84502,18.330078]]]}},{"type":"Feature","properties":{"scalerank":0,"featurecla":"Land","min_zoom":4},"bbox":[178.475,51.899121,178.607324,51.994678],"geometry":{"type":"Polygon","coordinates":[[[178.575488,51.91626],[178.475,51.967725],[178.607324,51.953027],[178.575488,51.91626]]]}},{"type":"Feature","properties":{"scalerank":0,"featurecla":"Land","min_zoom":4},"bbox":[14.180371,36.012158,14.320898,36.075781],"geometry":{"type":"Polygon","coordinates":[[[14.313477,36.027588],[14.180371,36.0604],[14.320898,36.03623],[14.313477,36.027588]]]}},{"type":"Feature","properties":{"scalerank":0,"featurecla":"Land","min_zoom":4},"bbox":[13.853516,40.696973,13.962109,40.761816],"geometry":{"type":"Polygon","coordinates":[[[13.938281,40.705615],[13.871191,40.761816],[13.96084,40.718164],[13.938281,40.705615]]]}},{"type":"Feature","properties":{"scalerank":0,"featurecla":"Land","min_zoom":4},"bbox":[11.936426,36.745996,12.05127,36.843066],"geometry":{"type":"Polygon","coordinates":[[[12.05127,36.757031],[11.936426,36.828613],[12.048047,36.776367],[12.05127,36.757031]]]}},{"type":"Feature","properties":{"scalerank":0,"featurecla":"Land","min_zoom":4},"bbox":[6.159277,53.476807,6.333398,53.51499],"geometry":{"type":"Polygon","coordinates":[[[6.333398,53.510742],[6.193262,53.476807],[6.159277,53.483936],[6.167676,53.49375],[6.290918,53.51499],[6.333398,53.510742]]]}},{"type":"Feature","properties":{"scalerank":0,"featurecla":"Land","min_zoom":4},"bbox":[5.654297,53.442627,5.929297,53.475098],"geometry":{"type":"Polygon","coordinates":[[[5.929297,53.458838],[5.654297,53.466504],[5.928223,53.46499],[5.929297,53.458838]]]}},{"type":"Feature","properties":{"scalerank":0,"featurecla":"Land","min_zoom":4},"bbox":[4.90791,53.23457,5.108594,53.310205],"geometry":{"type":"Polygon","coordinates":[[[5.108594,53.308008],[4.92373,53.23457],[4.90791,53.24624],[5.027051,53.310205],[5.108594,53.308008]]]}},{"type":"Feature","properties":{"scalerank":0,"featurecla":"Land","min_zoom":4},"bbox":[5.190234,53.377783,5.582617,53.443555],"geometry":{"type":"Polygon","coordinates":[[[5.325781,53.385742],[5.232617,53.377783],[5.190234,53.391797],[5.415137,53.431445],[5.557422,53.443555],[5.582617,53.438086],[5.325781,53.385742]]]}},{"type":"Feature","properties":{"scalerank":0,"featurecla":"Land","min_zoom":4},"bbox":[-179.079004,-17.991797,-178.988086,-17.92041],"geometry":{"type":"Polygon","coordinates":[[[-178.988086,-17.97666],[-179.018408,-17.991797],[-179.039209,-17.988379],[-179.063818,-17.972363],[-179.079004,-17.944141],[-179.047607,-17.92041],[-178.999121,-17.947363],[-178.988086,-17.97666]]]}},{"type":"Feature","properties":{"scalerank":0,"featurecla":"Land","min_zoom":4},"bbox":[-178.8479,-18.252441,-178.761914,-18.186328],"geometry":{"type":"Polygon","coordinates":[[[-178.761914,-18.233887],[-178.773633,-18.252441],[-178.827344,-18.222168],[-178.8479,-18.202051],[-178.790869,-18.186328],[-178.763086,-18.191406],[-178.761914,-18.233887]]]}},{"type":"Feature","properties":{"scalerank":0,"featurecla":"Land","min_zoom":4},"bbox":[-178.357227,-17.963281,-178.251123,-17.875781],"geometry":{"type":"Polygon","coordinates":[[[-178.251123,-17.952734],[-178.306836,-17.963281],[-178.357227,-17.920898],[-178.325391,-17.875781],[-178.280322,-17.886426],[-178.25459,-17.92998],[-178.251123,-17.952734]]]}},{"type":"Feature","properties":{"scalerank":0,"featurecla":"Land","min_zoom":4},"bbox":[-151.512402,-16.665137,-151.438086,-16.574023],"geometry":{"type":"Polygon","coordinates":[[[-151.466602,-16.65752],[-151.505762,-16.574023],[-151.438086,-16.623438],[-151.466602,-16.65752]]]}},{"type":"Feature","properties":{"scalerank":0,"featurecla":"Land","min_zoom":3},"bbox":[-149.911816,-17.571094,-149.782422,-17.469531],"geometry":{"type":"Polygon","coordinates":[[[-149.813672,-17.54502],[-149.902148,-17.469531],[-149.782422,-17.487793],[-149.813672,-17.54502]]]}},{"type":"Feature","properties":{"scalerank":0,"featurecla":"Land","min_zoom":4},"bbox":[-120.441553,34.022266,-120.306592,34.073291],"geometry":{"type":"Polygon","coordinates":[[[-120.306592,34.024854],[-120.359717,34.022266],[-120.441553,34.03291],[-120.412939,34.056299],[-120.367725,34.073291],[-120.35332,34.060596],[-120.306592,34.024854]]]}},{"type":"Feature","properties":{"scalerank":0,"featurecla":"Land","min_zoom":4},"bbox":[-119.575195,33.215332,-119.438037,33.282031],"geometry":{"type":"Polygon","coordinates":[[[-119.438037,33.217187],[-119.575195,33.27832],[-119.442041,33.232422],[-119.438037,33.217187]]]}},{"type":"Feature","properties":{"scalerank":0,"featurecla":"Land","min_zoom":3},"bbox":[-67.849707,-55.891699,-67.509814,-55.816113],"geometry":{"type":"Polygon","coordinates":[[[-67.575195,-55.889648],[-67.849707,-55.842578],[-67.545264,-55.877441],[-67.575195,-55.889648]]]}},{"type":"Feature","properties":{"scalerank":0,"featurecla":"Land","min_zoom":3},"bbox":[-70.066113,12.422998,-69.895703,12.614111],"geometry":{"type":"Polygon","coordinates":[[[-69.899121,12.452002],[-70.035107,12.614111],[-69.911816,12.480469],[-69.899121,12.452002]]]}},{"type":"Feature","properties":{"scalerank":0,"featurecla":"Land","min_zoom":3},"bbox":[-65.414648,10.883984,-65.2125,10.973828],"geometry":{"type":"Polygon","coordinates":[[[-65.2125,10.906445],[-65.414648,10.937891],[-65.226562,10.930225],[-65.2125,10.906445]]]}},{"type":"Feature","properties":{"scalerank":0,"featurecla":"Land","min_zoom":2},"bbox":[-73.285254,18.707129,-72.80459,18.967285],"geometry":{"type":"Polygon","coordinates":[[[-72.80459,18.777686],[-73.077979,18.790918],[-73.276416,18.954053],[-72.919238,18.861475],[-72.80459,18.777686]]]}},{"type":"Feature","properties":{"scalerank":0,"featurecla":"Land","min_zoom":3},"bbox":[-25.198389,36.941553,-25.027344,37.024023],"geometry":{"type":"Polygon","coordinates":[[[-25.027344,36.959961],[-25.198389,36.996533],[-25.044336,37.000195],[-25.027344,36.959961]]]}},{"type":"Feature","properties":{"scalerank":0,"featurecla":"Land","min_zoom":3},"bbox":[16.650684,42.895508,17.188281,42.996582],"geometry":{"type":"Polygon","coordinates":[[[16.650684,42.996582],[17.188281,42.917041],[16.666309,42.959912],[16.650684,42.996582]]]}},{"type":"Feature","properties":{"scalerank":0,"featurecla":"Land","min_zoom":3},"bbox":[16.376465,43.11543,17.194043,43.229248],"geometry":{"type":"Polygon","coordinates":[[[17.194043,43.125781],[16.376465,43.21377],[17.061133,43.143896],[17.194043,43.125781]]]}},{"type":"Feature","properties":{"scalerank":0,"featurecla":"Land","min_zoom":3},"bbox":[16.423145,43.268066,16.891309,43.387061],"geometry":{"type":"Polygon","coordinates":[[[16.785254,43.270654],[16.423145,43.317236],[16.873633,43.297949],[16.785254,43.270654]]]}},{"type":"Feature","properties":{"scalerank":0,"featurecla":"Land","min_zoom":4},"bbox":[-2.646143,49.428711,-2.512305,49.506592],"geometry":{"type":"Polygon","coordinates":[[[-2.512305,49.494531],[-2.547363,49.428711],[-2.639014,49.450928],[-2.646143,49.468213],[-2.542187,49.506592],[-2.520898,49.506299],[-2.512305,49.494531]]]}},{"type":"Feature","properties":{"scalerank":0,"featurecla":"Land","min_zoom":3},"bbox":[-2.23584,49.169824,-2.009912,49.266357],"geometry":{"type":"Polygon","coordinates":[[[-2.018652,49.23125],[-2.23584,49.176367],[-2.082227,49.255371],[-2.018652,49.23125]]]}},{"type":"Feature","properties":{"scalerank":0,"featurecla":"Land","min_zoom":4},"bbox":[145.645508,18.725244,145.708398,18.806787],"geometry":{"type":"Polygon","coordinates":[[[145.708398,18.7625],[145.678125,18.725244],[145.652539,18.752637],[145.645508,18.806787],[145.690137,18.801611],[145.706641,18.790479],[145.708398,18.7625]]]}},{"type":"Feature","properties":{"scalerank":0,"featurecla":"Land","min_zoom":4},"bbox":[145.631055,16.332129,145.719531,16.379639],"geometry":{"type":"Polygon","coordinates":[[[145.712109,16.339111],[145.631055,16.377979],[145.719531,16.359766],[145.712109,16.339111]]]}},{"type":"Feature","properties":{"scalerank":0,"featurecla":"Land","min_zoom":4},"bbox":[145.152148,14.111328,145.26543,14.189453],"geometry":{"type":"Polygon","coordinates":[[[145.264844,14.158105],[145.152148,14.163623],[145.26543,14.180225],[145.264844,14.158105]]]}},{"type":"Feature","properties":{"scalerank":0,"featurecla":"Land","min_zoom":3},"bbox":[-60.11748,43.903906,-59.727148,44.002832],"geometry":{"type":"Polygon","coordinates":[[[-59.787598,43.9396],[-60.11748,43.953369],[-59.727148,44.002832],[-59.787598,43.9396]]]}},{"type":"Feature","properties":{"scalerank":0,"featurecla":"Land","min_zoom":3},"bbox":[-97.036035,27.89917,-96.839746,28.13291],"geometry":{"type":"Polygon","coordinates":[[[-97.014355,27.901611],[-96.857422,28.13291],[-96.921338,28.016016],[-97.014355,27.901611]]]}},{"type":"Feature","properties":{"scalerank":0,"featurecla":"Land","min_zoom":4},"bbox":[-88.943604,29.660254,-88.872656,29.752979],"geometry":{"type":"Polygon","coordinates":[[[-88.889307,29.712598],[-88.943604,29.660254],[-88.941113,29.680225],[-88.901172,29.732617],[-88.872656,29.752979],[-88.889307,29.712598]]]}},{"type":"Feature","properties":{"scalerank":0,"featurecla":"Land","min_zoom":4},"bbox":[-88.722852,30.204785,-88.558105,30.264258],"geometry":{"type":"Polygon","coordinates":[[[-88.558105,30.215918],[-88.570654,30.204785],[-88.659229,30.225586],[-88.713086,30.244922],[-88.722852,30.264258],[-88.573975,30.22915],[-88.558105,30.215918]]]}},{"type":"Feature","properties":{"scalerank":0,"featurecla":"Land","min_zoom":4},"bbox":[-88.31626,30.230908,-88.071338,30.27373],"geometry":{"type":"Polygon","coordinates":[[[-88.071338,30.252344],[-88.159326,30.230908],[-88.289746,30.23291],[-88.31626,30.24043],[-88.263916,30.254736],[-88.109375,30.27373],[-88.071338,30.252344]]]}},{"type":"Feature","properties":{"scalerank":0,"featurecla":"Land","min_zoom":4},"bbox":[-63.124707,18.019189,-63.009424,18.115332],"geometry":{"type":"Polygon","coordinates":[[[-63.012305,18.04541],[-63.124707,18.064307],[-63.009424,18.104297],[-63.012305,18.04541]]]}},{"type":"Feature","properties":{"scalerank":0,"featurecla":"Land","min_zoom":3},"bbox":[-65.572217,18.099512,-65.294873,18.165039],"geometry":{"type":"Polygon","coordinates":[[[-65.425586,18.105615],[-65.572217,18.137305],[-65.294873,18.13335],[-65.425586,18.105615]]]}},{"type":"Feature","properties":{"scalerank":0,"featurecla":"Land","min_zoom":4},"bbox":[-62.624902,17.100586,-62.532227,17.201025],"geometry":{"type":"Polygon","coordinates":[[[-62.532227,17.121875],[-62.582422,17.100586],[-62.624902,17.12959],[-62.615283,17.199121],[-62.574707,17.201025],[-62.53418,17.170117],[-62.532227,17.121875]]]}},{"type":"Feature","properties":{"scalerank":0,"featurecla":"Land","min_zoom":4},"bbox":[-64.44375,18.457422,-64.324658,18.51748],"geometry":{"type":"Polygon","coordinates":[[[-64.395215,18.4646],[-64.421143,18.457422],[-64.438037,18.458984],[-64.44375,18.473389],[-64.426074,18.513086],[-64.324658,18.51748],[-64.395215,18.4646]]]}},{"type":"Feature","properties":{"scalerank":0,"featurecla":"Land","min_zoom":4},"bbox":[-64.787695,18.327881,-64.659814,18.371973],"geometry":{"type":"Polygon","coordinates":[[[-64.659814,18.354346],[-64.725977,18.327881],[-64.770605,18.331592],[-64.787695,18.341113],[-64.752441,18.371973],[-64.659814,18.354346]]]}},{"type":"Feature","properties":{"scalerank":0,"featurecla":"Land","min_zoom":4},"bbox":[-64.695117,18.399121,-64.545166,18.446289],"geometry":{"type":"Polygon","coordinates":[[[-64.593652,18.402832],[-64.671826,18.399121],[-64.695117,18.41167],[-64.650977,18.442529],[-64.569141,18.446289],[-64.545166,18.438135],[-64.593652,18.402832]]]}},{"type":"Feature","properties":{"scalerank":0,"featurecla":"Land","min_zoom":3},"bbox":[-64.889111,17.701709,-64.580469,17.794336],"geometry":{"type":"Polygon","coordinates":[[[-64.765625,17.794336],[-64.681836,17.750195],[-64.580469,17.750195],[-64.686279,17.706104],[-64.889111,17.701709],[-64.884717,17.772266],[-64.765625,17.794336]]]}},{"type":"Feature","properties":{"scalerank":0,"featurecla":"Land","min_zoom":3},"bbox":[-77.561914,24.993115,-77.269141,25.083008],"geometry":{"type":"Polygon","coordinates":[[[-77.347559,25.013867],[-77.561914,25.030029],[-77.269141,25.043848],[-77.347559,25.013867]]]}},{"type":"Feature","properties":{"scalerank":0,"featurecla":"Land","min_zoom":3},"bbox":[-81.137354,24.693115,-80.930469,24.759473],"geometry":{"type":"Polygon","coordinates":[[[-81.044189,24.716797],[-81.08999,24.693115],[-81.137354,24.710498],[-81.085254,24.73418],[-80.930469,24.759473],[-80.988916,24.727881],[-81.044189,24.716797]]]}},{"type":"Feature","properties":{"scalerank":0,"featurecla":"Land","min_zoom":4},"bbox":[114.134473,22.195166,114.246875,22.296631],"geometry":{"type":"Polygon","coordinates":[[[114.232031,22.210547],[114.134473,22.292236],[114.243555,22.233545],[114.232031,22.210547]]]}},{"type":"Feature","properties":{"scalerank":0,"featurecla":"Land","min_zoom":4},"bbox":[-76.673926,34.652539,-76.54624,34.700146],"geometry":{"type":"Polygon","coordinates":[[[-76.54624,34.654883],[-76.568506,34.652539],[-76.607812,34.663574],[-76.661963,34.684668],[-76.673926,34.700146],[-76.622266,34.694531],[-76.54624,34.654883]]]}},{"type":"Feature","properties":{"scalerank":0,"featurecla":"Land","min_zoom":3},"bbox":[-175.362354,-21.263672,-175.078174,-21.068262],"geometry":{"type":"Polygon","coordinates":[[[-175.161914,-21.169336],[-175.078174,-21.129004],[-175.156592,-21.263672],[-175.362354,-21.106836],[-175.199756,-21.155664],[-175.161914,-21.169336]]]}},{"type":"Feature","properties":{"scalerank":0,"featurecla":"Land","min_zoom":4},"bbox":[52.554297,45.401318,52.692969,45.528027],"geometry":{"type":"Polygon","coordinates":[[[52.682422,45.411816],[52.554297,45.473975],[52.692969,45.460742],[52.682422,45.411816]]]}},{"type":"Feature","properties":{"scalerank":0,"featurecla":"Land","min_zoom":4},"bbox":[47.917578,45.469971,47.987109,45.64707],"geometry":{"type":"Polygon","coordinates":[[[47.983008,45.488232],[47.967676,45.469971],[47.920313,45.562061],[47.917578,45.618164],[47.947168,45.64707],[47.987109,45.554053],[47.983008,45.488232]]]}},{"type":"Feature","properties":{"scalerank":0,"featurecla":"Land","min_zoom":4},"bbox":[-58.541406,-52.099023,-58.432715,-51.999414],"geometry":{"type":"Polygon","coordinates":[[[-58.438818,-52.011035],[-58.432715,-52.099023],[-58.512842,-52.071094],[-58.541406,-52.028418],[-58.49707,-51.999414],[-58.460547,-52.001563],[-58.438818,-52.011035]]]}},{"type":"Feature","properties":{"scalerank":0,"featurecla":"Land","min_zoom":4},"bbox":[42.549023,15.281201,42.624512,15.43252],"geometry":{"type":"Polygon","coordinates":[[[42.590234,15.303418],[42.602344,15.43252],[42.610449,15.332275],[42.590234,15.303418]]]}},{"type":"Feature","properties":{"scalerank":0,"featurecla":"Land","min_zoom":4},"bbox":[39.996094,15.985742,40.110059,16.104492],"geometry":{"type":"Polygon","coordinates":[[[40.076465,16.082422],[40.110059,15.985742],[40.012402,16.022656],[39.996094,16.042676],[40.039062,16.080957],[40.048145,16.104492],[40.076465,16.082422]]]}},{"type":"Feature","properties":{"scalerank":0,"featurecla":"Land","min_zoom":3},"bbox":[36.504297,25.383057,36.954785,25.688721],"geometry":{"type":"Polygon","coordinates":[[[36.90166,25.383057],[36.533594,25.688721],[36.954785,25.414648],[36.90166,25.383057]]]}},{"type":"Feature","properties":{"scalerank":0,"featurecla":"Land","min_zoom":4},"bbox":[36.543945,25.699219,36.595605,25.855518],"geometry":{"type":"Polygon","coordinates":[[[36.595508,25.712793],[36.582715,25.855518],[36.595605,25.734863],[36.595508,25.712793]]]}},{"type":"Feature","properties":{"scalerank":0,"featurecla":"Land","min_zoom":4},"bbox":[101.26543,2.97041,101.328418,3.067383],"geometry":{"type":"Polygon","coordinates":[[[101.318555,2.988477],[101.268066,2.97041],[101.26543,2.996484],[101.274219,3.032812],[101.31123,3.067383],[101.328418,3.047607],[101.318555,2.988477]]]}},{"type":"Feature","properties":{"scalerank":0,"featurecla":"Land","min_zoom":4},"bbox":[134.633691,-6.558887,134.728516,-6.456055],"geometry":{"type":"Polygon","coordinates":[[[134.716113,-6.549414],[134.66084,-6.558887],[134.633691,-6.477246],[134.679102,-6.456055],[134.728516,-6.505859],[134.716113,-6.549414]]]}},{"type":"Feature","properties":{"scalerank":0,"featurecla":"Land","min_zoom":3},"bbox":[123.48252,-1.71084,123.616406,-1.502832],"geometry":{"type":"Polygon","coordinates":[[[123.597559,-1.704297],[123.48252,-1.681445],[123.486621,-1.534863],[123.616406,-1.627441],[123.597559,-1.704297]]]}},{"type":"Feature","properties":{"scalerank":0,"featurecla":"Land","min_zoom":4},"bbox":[126.646094,34.296436,126.769922,34.395898],"geometry":{"type":"Polygon","coordinates":[[[126.753027,34.343994],[126.769922,34.296436],[126.689063,34.30542],[126.646094,34.351123],[126.651855,34.390332],[126.7,34.395898],[126.753027,34.343994]]]}},{"type":"Feature","properties":{"scalerank":0,"featurecla":"Land","min_zoom":4},"bbox":[152.558594,76.085791,152.885938,76.194824],"geometry":{"type":"Polygon","coordinates":[[[152.885938,76.121729],[152.558594,76.143604],[152.86377,76.163428],[152.885938,76.121729]]]}},{"type":"Feature","properties":{"scalerank":0,"featurecla":"Land","min_zoom":3},"bbox":[67.025879,69.442529,67.344922,69.575391],"geometry":{"type":"Polygon","coordinates":[[[67.344922,69.529834],[67.025879,69.483203],[67.328906,69.572119],[67.344922,69.529834]]]}},{"type":"Feature","properties":{"scalerank":0,"featurecla":"Land","min_zoom":4},"bbox":[66.394824,70.501465,66.568555,70.772656],"geometry":{"type":"Polygon","coordinates":[[[66.560938,70.541748],[66.407617,70.615771],[66.457715,70.698779],[66.560938,70.541748]]]}},{"type":"Feature","properties":{"scalerank":0,"featurecla":"Land","min_zoom":4},"bbox":[54.979688,80.226807,55.479688,80.325391],"geometry":{"type":"Polygon","coordinates":[[[55.479688,80.273828],[54.979688,80.256445],[55.434766,80.302246],[55.479688,80.273828]]]}},{"type":"Feature","properties":{"scalerank":0,"featurecla":"Land","min_zoom":4},"bbox":[18.349902,59.01958,18.485547,59.107861],"geometry":{"type":"Polygon","coordinates":[[[18.416211,59.029102],[18.371875,59.01958],[18.349902,59.022607],[18.377246,59.069043],[18.397559,59.089111],[18.464941,59.107861],[18.485547,59.10459],[18.416211,59.029102]]]}},{"type":"Feature","properties":{"scalerank":0,"featurecla":"Land","min_zoom":4},"bbox":[18.545117,59.437256,18.698438,59.547803],"geometry":{"type":"Polygon","coordinates":[[[18.59541,59.470361],[18.698438,59.534619],[18.623828,59.492188],[18.59541,59.470361]]]}},{"type":"Feature","properties":{"scalerank":0,"featurecla":"Land","min_zoom":4},"bbox":[-122.911914,47.185059,-122.84917,47.274707],"geometry":{"type":"Polygon","coordinates":[[[-122.853076,47.204736],[-122.862598,47.185059],[-122.876758,47.186133],[-122.907959,47.226123],[-122.911914,47.254346],[-122.885107,47.274707],[-122.84917,47.216309],[-122.853076,47.204736]]]}},{"type":"Feature","properties":{"scalerank":0,"featurecla":"Land","min_zoom":3},"bbox":[105.584082,-10.56416,105.725391,-10.430664],"geometry":{"type":"Polygon","coordinates":[[[105.725391,-10.492969],[105.584082,-10.5125],[105.705469,-10.430664],[105.725391,-10.492969]]]}},{"type":"Feature","properties":{"scalerank":0,"featurecla":"Land","min_zoom":3},"bbox":[-86.63042,16.300244,-86.255518,16.439209],"geometry":{"type":"Polygon","coordinates":[[[-86.419922,16.378369],[-86.63042,16.301758],[-86.255518,16.428223],[-86.419922,16.378369]]]}},{"type":"Feature","properties":{"scalerank":0,"featurecla":"Land","min_zoom":3},"bbox":[163.737207,-74.832715,164.208496,-74.607715],"geometry":{"type":"Polygon","coordinates":[[[163.975977,-74.832715],[163.741699,-74.711523],[164.208496,-74.607715],[164.05918,-74.752734],[163.975977,-74.832715]]]}},{"type":"Feature","properties":{"scalerank":0,"featurecla":"Land","min_zoom":3},"bbox":[164.638965,-67.568848,164.918652,-67.259375],"geometry":{"type":"Polygon","coordinates":[[[164.833594,-67.54043],[164.638965,-67.500098],[164.683984,-67.259375],[164.907227,-67.418555],[164.860449,-67.503906],[164.833594,-67.54043]]]}},{"type":"Feature","properties":{"scalerank":0,"featurecla":"Land","min_zoom":3},"bbox":[166.0125,-78.306445,167.642773,-77.992383],"geometry":{"type":"Polygon","coordinates":[[[167.642773,-78.141406],[166.284863,-78.306445],[166.0125,-78.13125],[166.863672,-78.196387],[167.497852,-77.992383],[167.639844,-78.111719],[167.642773,-78.141406]]]}},{"type":"Feature","properties":{"scalerank":0,"featurecla":"Land","min_zoom":3},"bbox":[163.089648,-66.881934,163.301953,-66.688477],"geometry":{"type":"Polygon","coordinates":[[[163.301953,-66.821191],[163.089648,-66.700586],[163.299121,-66.798438],[163.301953,-66.821191]]]}},{"type":"Feature","properties":{"scalerank":0,"featurecla":"Land","min_zoom":2},"bbox":[166.216797,-77.850977,169.352734,-77.161719],"geometry":{"type":"Polygon","coordinates":[[[167.084082,-77.32168],[169.352734,-77.524707],[168.518848,-77.68125],[167.392285,-77.648633],[166.729004,-77.850977],[166.216797,-77.524609],[166.626367,-77.376758],[166.413086,-77.251953],[166.506348,-77.189355],[166.987305,-77.186523],[167.084961,-77.307422],[167.084082,-77.32168]]]}},{"type":"Feature","properties":{"scalerank":0,"featurecla":"Land","min_zoom":3},"bbox":[169.479492,-73.625293,169.960352,-73.32041],"geometry":{"type":"Polygon","coordinates":[[[169.843652,-73.60498],[169.479492,-73.539453],[169.740039,-73.32041],[169.960352,-73.514355],[169.858789,-73.568066],[169.843652,-73.60498]]]}},{"type":"Feature","properties":{"scalerank":0,"featurecla":"Land","min_zoom":4},"bbox":[162.591211,-75.696191,162.968066,-75.557324],"geometry":{"type":"Polygon","coordinates":[[[162.968066,-75.56709],[162.591211,-75.668555],[162.916992,-75.557324],[162.968066,-75.56709]]]}},{"type":"Feature","properties":{"scalerank":0,"featurecla":"Land","min_zoom":2},"bbox":[100.270312,-65.70127,101.258984,-65.378125],"geometry":{"type":"Polygon","coordinates":[[[100.981445,-65.677539],[100.270312,-65.60332],[100.545117,-65.408984],[100.883398,-65.378125],[101.238379,-65.564551],[100.981445,-65.677539]]]}},{"type":"Feature","properties":{"scalerank":0,"featurecla":"Land","min_zoom":3},"bbox":[85.314453,-66.979688,85.937695,-66.72334],"geometry":{"type":"Polygon","coordinates":[[[85.822363,-66.95332],[85.650098,-66.979688],[85.314453,-66.775977],[85.80625,-66.774609],[85.937695,-66.894141],[85.822363,-66.95332]]]}},{"type":"Feature","properties":{"scalerank":0,"featurecla":"Land","min_zoom":3},"bbox":[92.248145,-65.82168,92.669629,-65.702148],"geometry":{"type":"Polygon","coordinates":[[[92.601367,-65.808301],[92.248145,-65.739941],[92.669629,-65.774805],[92.601367,-65.808301]]]}},{"type":"Feature","properties":{"scalerank":0,"featurecla":"Land","min_zoom":3},"bbox":[86.232227,-66.791992,86.651953,-66.674805],"geometry":{"type":"Polygon","coordinates":[[[86.541797,-66.76748],[86.232227,-66.73291],[86.651953,-66.718164],[86.541797,-66.76748]]]}},{"type":"Feature","properties":{"scalerank":0,"featurecla":"Land","min_zoom":4},"bbox":[85.06875,-66.643457,85.328516,-66.518555],"geometry":{"type":"Polygon","coordinates":[[[85.328516,-66.611914],[85.06875,-66.583789],[85.193945,-66.556055],[85.328516,-66.611914]]]}},{"type":"Feature","properties":{"scalerank":0,"featurecla":"Land","min_zoom":4},"bbox":[69.692578,-72.04668,69.918359,-71.893945],"geometry":{"type":"Polygon","coordinates":[[[69.918359,-71.917773],[69.791992,-72.04668],[69.692578,-71.968262],[69.895215,-71.907813],[69.918359,-71.917773]]]}},{"type":"Feature","properties":{"scalerank":0,"featurecla":"Land","min_zoom":3},"bbox":[68.408887,-72.300195,68.84043,-72.08916],"geometry":{"type":"Polygon","coordinates":[[[68.461719,-72.300098],[68.66709,-72.103125],[68.84043,-72.16543],[68.669531,-72.275977],[68.461719,-72.300098]]]}},{"type":"Feature","properties":{"scalerank":0,"featurecla":"Land","min_zoom":3},"bbox":[96.307031,-66.225,97.018848,-66.03584],"geometry":{"type":"Polygon","coordinates":[[[96.612695,-66.03584],[97.015625,-66.163965],[96.307031,-66.18584],[96.499805,-66.045898],[96.612695,-66.03584]]]}},{"type":"Feature","properties":{"scalerank":0,"featurecla":"Land","min_zoom":3},"bbox":[71.637109,-70.633008,72.097363,-70.264258],"geometry":{"type":"Polygon","coordinates":[[[72.002246,-70.632617],[71.659375,-70.497461],[71.646582,-70.336328],[71.796582,-70.264258],[72.078125,-70.609082],[72.002246,-70.632617]]]}},{"type":"Feature","properties":{"scalerank":0,"featurecla":"Land","min_zoom":3},"bbox":[162.297266,-66.525098,162.611426,-66.25127],"geometry":{"type":"Polygon","coordinates":[[[162.611426,-66.477344],[162.302734,-66.399707],[162.310547,-66.25127],[162.563281,-66.432617],[162.611426,-66.477344]]]}},{"type":"Feature","properties":{"scalerank":0,"featurecla":"Land","min_zoom":4},"bbox":[100.07627,-66.229492,100.290527,-66.112402],"geometry":{"type":"Polygon","coordinates":[[[100.264746,-66.216602],[100.07627,-66.188086],[100.281543,-66.17998],[100.264746,-66.216602]]]}},{"type":"Feature","properties":{"scalerank":0,"featurecla":"Land","min_zoom":3},"bbox":[98.596484,-66.481641,98.949805,-66.369238],"geometry":{"type":"Polygon","coordinates":[[[98.846094,-66.469824],[98.596484,-66.382617],[98.949805,-66.420508],[98.846094,-66.469824]]]}},{"type":"Feature","properties":{"scalerank":0,"featurecla":"Land","min_zoom":3},"bbox":[102.75957,-65.468555,103.397266,-65.129688],"geometry":{"type":"Polygon","coordinates":[[[103.397266,-65.445312],[103.175977,-65.454688],[103.112793,-65.312012],[102.75957,-65.167871],[103.136816,-65.190625],[103.378906,-65.426465],[103.397266,-65.445312]]]}},{"type":"Feature","properties":{"scalerank":0,"featurecla":"Land","min_zoom":4},"bbox":[-148.001074,-76.662793,-147.578857,-76.558008],"geometry":{"type":"Polygon","coordinates":[[[-147.588281,-76.649805],[-148.001074,-76.577148],[-147.649121,-76.61084],[-147.588281,-76.649805]]]}},{"type":"Feature","properties":{"scalerank":0,"featurecla":"Land","min_zoom":3},"bbox":[-146.15083,-75.716113,-145.238086,-75.504785],"geometry":{"type":"Polygon","coordinates":[[[-145.238086,-75.71123],[-146.15083,-75.573535],[-145.760791,-75.513867],[-145.252246,-75.682813],[-145.238086,-75.71123]]]}},{"type":"Feature","properties":{"scalerank":0,"featurecla":"Land","min_zoom":3},"bbox":[-147.115625,-77.005664,-146.163965,-76.837109],"geometry":{"type":"Polygon","coordinates":[[[-146.606738,-76.961328],[-147.078906,-76.992773],[-147.115625,-76.866211],[-146.163965,-76.948535],[-146.606738,-76.961328]]]}},{"type":"Feature","properties":{"scalerank":0,"featurecla":"Land","min_zoom":3},"bbox":[-132.857178,-74.498438,-132.362305,-74.386621],"geometry":{"type":"Polygon","coordinates":[[[-132.39126,-74.441895],[-132.546289,-74.498438],[-132.857178,-74.461719],[-132.831689,-74.421582],[-132.55249,-74.386621],[-132.362305,-74.409961],[-132.39126,-74.441895]]]}},{"type":"Feature","properties":{"scalerank":0,"featurecla":"Land","min_zoom":3},"bbox":[-149.302539,-77.019141,-148.439746,-76.900195],"geometry":{"type":"Polygon","coordinates":[[[-148.59585,-77.006836],[-149.302539,-76.91582],[-148.474316,-76.997754],[-148.59585,-77.006836]]]}},{"type":"Feature","properties":{"scalerank":0,"featurecla":"Land","min_zoom":3},"bbox":[-149.468945,-76.845313,-148.320801,-76.717383],"geometry":{"type":"Polygon","coordinates":[[[-149.333252,-76.717383],[-148.320801,-76.77168],[-148.983887,-76.845313],[-149.468945,-76.757129],[-149.333252,-76.717383]]]}},{"type":"Feature","properties":{"scalerank":0,"featurecla":"Land","min_zoom":2},"bbox":[-132.162646,-74.604785,-130.956787,-74.323828],"geometry":{"type":"Polygon","coordinates":[[[-131.066699,-74.583789],[-132.162646,-74.425781],[-131.594092,-74.329688],[-130.981104,-74.414062],[-130.967285,-74.515039],[-131.066699,-74.583789]]]}},{"type":"Feature","properties":{"scalerank":0,"featurecla":"Land","min_zoom":1},"bbox":[-119.905127,-74.12207,-118.877344,-73.774902],"geometry":{"type":"Polygon","coordinates":[[[-119.548926,-74.110254],[-119.905127,-74.081543],[-119.661572,-73.989355],[-119.802588,-73.814648],[-118.877344,-73.878027],[-119.448535,-74.076172],[-119.548926,-74.110254]]]}},{"type":"Feature","properties":{"scalerank":0,"featurecla":"Land","min_zoom":2},"bbox":[-117.398291,-74.192773,-116.15498,-73.865527],"geometry":{"type":"Polygon","coordinates":[[[-116.738623,-74.165039],[-117.398291,-74.122461],[-116.381299,-73.865527],[-116.15498,-73.910449],[-116.570898,-74.125684],[-116.738623,-74.165039]]]}},{"type":"Feature","properties":{"scalerank":0,"featurecla":"Land","min_zoom":2},"bbox":[-128.133447,-74.640527,-127.145166,-74.312207],"geometry":{"type":"Polygon","coordinates":[[[-127.36582,-74.622656],[-127.915234,-74.542578],[-128.133447,-74.327441],[-127.229736,-74.425195],[-127.145166,-74.480176],[-127.231934,-74.578418],[-127.36582,-74.622656]]]}},{"type":"Feature","properties":{"scalerank":0,"featurecla":"Land","min_zoom":4},"bbox":[-149.662354,-77.386816,-148.928857,-77.274707],"geometry":{"type":"Polygon","coordinates":[[[-149.218115,-77.336328],[-148.928857,-77.386816],[-149.662354,-77.300977],[-149.249121,-77.315039],[-149.218115,-77.336328]]]}},{"type":"Feature","properties":{"scalerank":0,"featurecla":"Land","min_zoom":3},"bbox":[-163.795947,-83.141797,-161.635156,-82.842676],"geometry":{"type":"Polygon","coordinates":[[[-161.993799,-83.11875],[-163.046533,-83.096777],[-163.795947,-82.842676],[-161.635156,-83.026953],[-161.828223,-83.042578],[-161.993799,-83.11875]]]}},{"type":"Feature","properties":{"scalerank":0,"featurecla":"Land","min_zoom":3},"bbox":[-150.873535,-76.788965,-150.084766,-76.691309],"geometry":{"type":"Polygon","coordinates":[[[-150.23252,-76.776465],[-150.873535,-76.736719],[-150.084766,-76.735156],[-150.23252,-76.776465]]]}},{"type":"Feature","properties":{"scalerank":0,"featurecla":"Land","min_zoom":3},"bbox":[-147.420898,-76.260938,-146.690137,-76.062793],"geometry":{"type":"Polygon","coordinates":[[[-146.690137,-76.246387],[-147.420898,-76.090234],[-146.949023,-76.098145],[-146.690137,-76.246387]]]}},{"type":"Feature","properties":{"scalerank":0,"featurecla":"Land","min_zoom":3},"bbox":[-147.355322,-76.714063,-146.790039,-76.531543],"geometry":{"type":"Polygon","coordinates":[[[-146.790039,-76.633105],[-146.907813,-76.714063],[-147.355322,-76.618848],[-146.877881,-76.563281],[-146.790039,-76.633105]]]}},{"type":"Feature","properties":{"scalerank":0,"featurecla":"Land","min_zoom":2},"bbox":[-163.951221,-81.597852,-160.467139,-81.281445],"geometry":{"type":"Polygon","coordinates":[[[-160.467139,-81.589453],[-163.951221,-81.390918],[-162.456494,-81.313281],[-160.485449,-81.566992],[-160.467139,-81.589453]]]}},{"type":"Feature","properties":{"scalerank":0,"featurecla":"Land","min_zoom":3},"bbox":[-151.511621,-77.37373,-150.35625,-77.22002],"geometry":{"type":"Polygon","coordinates":[[[-150.39707,-77.369141],[-151.511621,-77.27334],[-151.021533,-77.22002],[-150.35625,-77.349023],[-150.39707,-77.369141]]]}},{"type":"Feature","properties":{"scalerank":0,"featurecla":"Land","min_zoom":3},"bbox":[-155.751172,-80.036035,-153.930469,-79.765527],"geometry":{"type":"Polygon","coordinates":[[[-153.930469,-80.033301],[-155.751172,-79.82959],[-154.025391,-79.987695],[-153.930469,-80.033301]]]}},{"type":"Feature","properties":{"scalerank":0,"featurecla":"Land","min_zoom":2},"bbox":[-150.788525,-77.136621,-149.230664,-76.875],"geometry":{"type":"Polygon","coordinates":[[[-149.230664,-77.120508],[-150.788525,-76.981641],[-149.870605,-76.875],[-149.28833,-77.093164],[-149.230664,-77.120508]]]}},{"type":"Feature","properties":{"scalerank":0,"featurecla":"Land","min_zoom":3},"bbox":[-158.988721,-82.112012,-157.83457,-81.779297],"geometry":{"type":"Polygon","coordinates":[[[-157.9875,-82.10498],[-158.988721,-81.779297],[-157.83457,-82.030762],[-157.9875,-82.10498]]]}},{"type":"Feature","properties":{"scalerank":0,"featurecla":"Land","min_zoom":3},"bbox":[-6.437988,-70.611523,-5.894092,-70.404688],"geometry":{"type":"Polygon","coordinates":[[[-5.894092,-70.552246],[-6.156104,-70.611523],[-6.437988,-70.452637],[-5.949512,-70.432227],[-5.894092,-70.552246]]]}},{"type":"Feature","properties":{"scalerank":0,"featurecla":"Land","min_zoom":3},"bbox":[2.584668,-70.623535,3.259863,-70.381641],"geometry":{"type":"Polygon","coordinates":[[[3.036914,-70.597363],[2.584668,-70.53457],[3.072168,-70.381641],[3.259863,-70.448828],[3.171094,-70.553906],[3.036914,-70.597363]]]}},{"type":"Feature","properties":{"scalerank":0,"featurecla":"Land","min_zoom":3},"bbox":[-3.403857,-71.236621,-2.95498,-71.051758],"geometry":{"type":"Polygon","coordinates":[[[-2.95498,-71.21377],[-3.403857,-71.119824],[-3.191357,-71.094824],[-2.95498,-71.21377]]]}},{"type":"Feature","properties":{"scalerank":0,"featurecla":"Land","min_zoom":3},"bbox":[0.949609,-70.381348,1.460938,-70.022754],"geometry":{"type":"Polygon","coordinates":[[[1.299316,-70.255176],[1.156348,-70.378125],[0.949609,-70.094043],[1.314844,-70.022754],[1.460938,-70.135645],[1.299316,-70.255176]]]}},{"type":"Feature","properties":{"scalerank":0,"featurecla":"Land","min_zoom":2},"bbox":[-3.574658,-71.16748,-2.092285,-70.674414],"geometry":{"type":"Polygon","coordinates":[[[-2.532812,-70.767773],[-2.092285,-70.820898],[-2.783496,-71.16748],[-2.800537,-70.982227],[-3.006982,-70.851465],[-3.574658,-70.703125],[-2.749805,-70.694141],[-2.532812,-70.767773]]]}},{"type":"Feature","properties":{"scalerank":0,"featurecla":"Land","min_zoom":3},"bbox":[4.069727,-70.502637,4.617578,-70.24082],"geometry":{"type":"Polygon","coordinates":[[[4.525879,-70.478711],[4.179688,-70.45127],[4.069727,-70.290234],[4.49502,-70.251367],[4.589941,-70.43252],[4.525879,-70.478711]]]}},{"type":"Feature","properties":{"scalerank":0,"featurecla":"Land","min_zoom":3},"bbox":[48.293945,-66.807324,48.785547,-66.700977],"geometry":{"type":"Polygon","coordinates":[[[48.545996,-66.78418],[48.293945,-66.750098],[48.774707,-66.77832],[48.545996,-66.78418]]]}},{"type":"Feature","properties":{"scalerank":0,"featurecla":"Land","min_zoom":2},"bbox":[15.562598,-70.071973,16.625488,-69.70498],"geometry":{"type":"Polygon","coordinates":[[[16.222656,-70.007617],[15.562598,-69.862793],[15.90957,-69.728418],[16.625488,-69.750293],[16.31543,-69.844434],[16.222656,-70.007617]]]}},{"type":"Feature","properties":{"scalerank":0,"featurecla":"Land","min_zoom":2},"bbox":[25.954102,-70.447949,26.874805,-70.060547],"geometry":{"type":"Polygon","coordinates":[[[26.857227,-70.381152],[26.357617,-70.434277],[26.005371,-70.372949],[25.954102,-70.261426],[26.425586,-70.060547],[26.68623,-70.114453],[26.874805,-70.32998],[26.857227,-70.381152]]]}},{"type":"Feature","properties":{"scalerank":0,"featurecla":"Land","min_zoom":2},"bbox":[-32.000293,-80.01084,-29.614453,-79.634277],"geometry":{"type":"Polygon","coordinates":[[[-31.118848,-79.798438],[-30.84082,-79.771289],[-30.779932,-79.647363],[-29.614453,-79.90957],[-30.422119,-80.01084],[-31.824121,-79.849512],[-32.000293,-79.732422],[-31.604883,-79.644727],[-31.118848,-79.798438]]]}},{"type":"Feature","properties":{"scalerank":0,"featurecla":"Land","min_zoom":2},"bbox":[-36.600781,-79.357129,-33.93418,-79.090039],"geometry":{"type":"Polygon","coordinates":[[[-33.93418,-79.32041],[-36.600781,-79.282715],[-35.534668,-79.090039],[-33.947168,-79.305371],[-33.93418,-79.32041]]]}},{"type":"Feature","properties":{"scalerank":0,"featurecla":"Land","min_zoom":2},"bbox":[-3.496826,-70.535449,-2.682715,-70.279688],"geometry":{"type":"Polygon","coordinates":[[[-3.280225,-70.533789],[-3.496826,-70.488379],[-2.949902,-70.279688],[-2.713525,-70.320215],[-2.738037,-70.507031],[-3.280225,-70.533789]]]}},{"type":"Feature","properties":{"scalerank":0,"featurecla":"Land","min_zoom":2},"bbox":[-22.035352,-74.492676,-20.411426,-73.619238],"geometry":{"type":"Polygon","coordinates":[[[-20.607422,-73.886621],[-20.64126,-74.150586],[-20.42334,-74.317383],[-20.489014,-74.492676],[-20.817676,-74.454785],[-21.166553,-74.132617],[-22.035352,-74.106543],[-21.126367,-73.939844],[-20.690137,-73.625195],[-20.580225,-73.619238],[-20.520703,-73.797852],[-20.607422,-73.886621]]]}},{"type":"Feature","properties":{"scalerank":0,"featurecla":"Land","min_zoom":3},"bbox":[-16.516553,-72.702832,-16.104492,-72.458594],"geometry":{"type":"Polygon","coordinates":[[[-16.104492,-72.679102],[-16.317578,-72.702148],[-16.516553,-72.530859],[-16.355859,-72.458594],[-16.17251,-72.6],[-16.104492,-72.679102]]]}},{"type":"Feature","properties":{"scalerank":0,"featurecla":"Land","min_zoom":3},"bbox":[-12.963281,-72.196094,-12.508887,-72.000684],"geometry":{"type":"Polygon","coordinates":[[[-12.508887,-72.17334],[-12.963281,-72.064453],[-12.788867,-72.006543],[-12.534766,-72.140039],[-12.508887,-72.17334]]]}},{"type":"Feature","properties":{"scalerank":0,"featurecla":"Land","min_zoom":3},"bbox":[-32.583252,-79.682813,-31.933447,-79.529883],"geometry":{"type":"Polygon","coordinates":[[[-32.342529,-79.673633],[-32.583252,-79.658301],[-32.376611,-79.534668],[-32.001172,-79.607031],[-32.342529,-79.673633]]]}},{"type":"Feature","properties":{"scalerank":0,"featurecla":"Land","min_zoom":3},"bbox":[-45.956299,-60.733008,-45.172852,-60.520898],"geometry":{"type":"Polygon","coordinates":[[[-45.717773,-60.520898],[-45.173682,-60.733008],[-45.954785,-60.597461],[-45.83418,-60.543457],[-45.717773,-60.520898]]]}},{"type":"Feature","properties":{"scalerank":0,"featurecla":"Land","min_zoom":4},"bbox":[-54.192236,-61.308496,-54.024316,-61.135254],"geometry":{"type":"Polygon","coordinates":[[[-54.070703,-61.299121],[-54.192236,-61.246582],[-54.024316,-61.135254],[-54.041309,-61.255371],[-54.070703,-61.299121]]]}},{"type":"Feature","properties":{"scalerank":0,"featurecla":"Land","min_zoom":2},"bbox":[-68.548926,-79.501172,-67.068652,-79.214063],"geometry":{"type":"Polygon","coordinates":[[[-67.261914,-79.452637],[-68.548926,-79.437402],[-68.032568,-79.227148],[-67.068652,-79.268457],[-67.304883,-79.394043],[-67.261914,-79.452637]]]}},{"type":"Feature","properties":{"scalerank":0,"featurecla":"Land","min_zoom":3},"bbox":[-55.440234,-61.248535,-54.670996,-61.072656],"geometry":{"type":"Polygon","coordinates":[[[-55.16543,-61.22041],[-55.440234,-61.106152],[-54.670996,-61.116992],[-55.057617,-61.168652],[-55.16543,-61.22041]]]}},{"type":"Feature","properties":{"scalerank":0,"featurecla":"Land","min_zoom":2},"bbox":[-56.505322,-63.437305,-55.075195,-63.12832],"geometry":{"type":"Polygon","coordinates":[[[-55.528027,-63.173535],[-55.15625,-63.204785],[-55.075195,-63.324316],[-55.830469,-63.298438],[-56.378516,-63.437305],[-56.505322,-63.334277],[-56.042187,-63.157129],[-55.528711,-63.156836],[-55.528027,-63.173535]]]}},{"type":"Feature","properties":{"scalerank":0,"featurecla":"Land","min_zoom":3},"bbox":[-56.235205,-63.57998,-55.719189,-63.407324],"geometry":{"type":"Polygon","coordinates":[[[-55.872559,-63.535645],[-56.235205,-63.468848],[-55.719189,-63.49209],[-55.872559,-63.535645]]]}},{"type":"Feature","properties":{"scalerank":0,"featurecla":"Land","min_zoom":3},"bbox":[-57.4479,-64.570703,-56.894727,-64.333008],"geometry":{"type":"Polygon","coordinates":[[[-57.240479,-64.566797],[-57.445898,-64.459863],[-56.894727,-64.333008],[-56.991016,-64.467969],[-57.240479,-64.566797]]]}},{"type":"Feature","properties":{"scalerank":0,"featurecla":"Land","min_zoom":3},"bbox":[-59.202441,-62.347754,-58.837939,-62.239063],"geometry":{"type":"Polygon","coordinates":[[[-58.837939,-62.302539],[-59.202441,-62.283105],[-58.878662,-62.267871],[-58.837939,-62.302539]]]}},{"type":"Feature","properties":{"scalerank":0,"featurecla":"Land","min_zoom":2},"bbox":[-59.003711,-62.247754,-57.636523,-61.911914],"geometry":{"type":"Polygon","coordinates":[[[-57.978418,-61.911914],[-57.639551,-62.02041],[-58.46665,-62.137207],[-58.561963,-62.243945],[-59.003711,-62.209766],[-58.683594,-62.008203],[-58.265186,-61.95332],[-57.978418,-61.911914]]]}},{"type":"Feature","properties":{"scalerank":0,"featurecla":"Land","min_zoom":4},"bbox":[-62.043896,-64.080371,-61.798242,-63.966602],"geometry":{"type":"Polygon","coordinates":[[[-61.952441,-64.077148],[-62.043896,-64.080371],[-61.798242,-63.966602],[-61.911133,-64.054492],[-61.952441,-64.077148]]]}},{"type":"Feature","properties":{"scalerank":0,"featurecla":"Land","min_zoom":2},"bbox":[-62.567676,-69.729492,-61.783691,-69.145996],"geometry":{"type":"Polygon","coordinates":[[[-61.997607,-69.721875],[-62.567676,-69.180469],[-62.238965,-69.175781],[-61.815967,-69.376172],[-61.970117,-69.691406],[-61.997607,-69.721875]]]}},{"type":"Feature","properties":{"scalerank":0,"featurecla":"Land","min_zoom":3},"bbox":[-63.55835,-64.906543,-63.177246,-64.729785],"geometry":{"type":"Polygon","coordinates":[[[-63.316211,-64.861133],[-63.55835,-64.905957],[-63.177246,-64.73877],[-63.256934,-64.79082],[-63.316211,-64.861133]]]}},{"type":"Feature","properties":{"scalerank":0,"featurecla":"Land","min_zoom":2},"bbox":[-62.781787,-64.514258,-62.058496,-64.012402],"geometry":{"type":"Polygon","coordinates":[[[-62.325781,-64.424414],[-62.781787,-64.479004],[-62.504004,-64.253418],[-62.610742,-64.116309],[-62.451416,-64.012402],[-62.058496,-64.138086],[-62.303711,-64.401367],[-62.325781,-64.424414]]]}},{"type":"Feature","properties":{"scalerank":0,"featurecla":"Land","min_zoom":3},"bbox":[-62.655273,-63.073828,-62.317432,-62.874121],"geometry":{"type":"Polygon","coordinates":[[[-62.615088,-63.069336],[-62.317432,-62.874121],[-62.411475,-62.971582],[-62.615088,-63.069336]]]}},{"type":"Feature","properties":{"scalerank":0,"featurecla":"Land","min_zoom":3},"bbox":[-59.660693,-62.451465,-59.353369,-62.352148],"geometry":{"type":"Polygon","coordinates":[[[-59.389014,-62.444336],[-59.660693,-62.354297],[-59.353369,-62.412891],[-59.389014,-62.444336]]]}},{"type":"Feature","properties":{"scalerank":0,"featurecla":"Land","min_zoom":3},"bbox":[-56.61416,-63.173145,-56.051025,-62.982227],"geometry":{"type":"Polygon","coordinates":[[[-56.059961,-63.078516],[-56.354102,-63.168848],[-56.61416,-63.045117],[-56.051025,-63.054688],[-56.059961,-63.078516]]]}},{"type":"Feature","properties":{"scalerank":0,"featurecla":"Land","min_zoom":2},"bbox":[-61.152393,-62.74541,-59.849561,-62.475195],"geometry":{"type":"Polygon","coordinates":[[[-60.625,-62.560059],[-59.849561,-62.614941],[-60.220947,-62.74541],[-60.378027,-62.616504],[-61.149805,-62.63418],[-60.731836,-62.491016],[-60.625,-62.560059]]]}},{"type":"Feature","properties":{"scalerank":0,"featurecla":"Land","min_zoom":3},"bbox":[-57.683252,-63.878516,-57.104004,-63.791406],"geometry":{"type":"Polygon","coordinates":[[[-57.37417,-63.807227],[-57.104004,-63.841211],[-57.683252,-63.812695],[-57.439355,-63.791406],[-57.37417,-63.807227]]]}},{"type":"Feature","properties":{"scalerank":0,"featurecla":"Land","min_zoom":3},"bbox":[-61.404346,-69.97793,-61.10791,-69.856348],"geometry":{"type":"Polygon","coordinates":[[[-61.158447,-69.975781],[-61.404346,-69.93252],[-61.327148,-69.856348],[-61.10791,-69.955273],[-61.158447,-69.975781]]]}},{"type":"Feature","properties":{"scalerank":0,"featurecla":"Land","min_zoom":3},"bbox":[-61.014941,-68.79502,-60.655908,-68.680664],"geometry":{"type":"Polygon","coordinates":[[[-60.655908,-68.767578],[-61.014941,-68.709766],[-60.704834,-68.72207],[-60.655908,-68.767578]]]}},{"type":"Feature","properties":{"scalerank":0,"featurecla":"Land","min_zoom":3},"bbox":[-60.975537,-70.710547,-60.448975,-70.508789],"geometry":{"type":"Polygon","coordinates":[[[-60.740625,-70.710547],[-60.896484,-70.689648],[-60.941797,-70.53252],[-60.553662,-70.508789],[-60.487695,-70.64668],[-60.740625,-70.710547]]]}},{"type":"Feature","properties":{"scalerank":0,"featurecla":"Land","min_zoom":3},"bbox":[-60.946484,-71.058691,-60.516309,-70.914062],"geometry":{"type":"Polygon","coordinates":[[[-60.552246,-71.05293],[-60.946484,-70.967383],[-60.613135,-70.920117],[-60.535937,-71.040918],[-60.552246,-71.05293]]]}},{"type":"Feature","properties":{"scalerank":0,"featurecla":"Land","min_zoom":4},"bbox":[-60.74043,-63.017969,-60.504883,-62.895215],"geometry":{"type":"Polygon","coordinates":[[[-60.504883,-62.967383],[-60.74043,-62.948633],[-60.637402,-62.895215],[-60.504883,-62.967383]]]}},{"type":"Feature","properties":{"scalerank":0,"featurecla":"Land","min_zoom":3},"bbox":[-60.972168,-63.902148,-60.562354,-63.668848],"geometry":{"type":"Polygon","coordinates":[[[-60.653125,-63.866602],[-60.972168,-63.849023],[-60.810059,-63.836621],[-60.714844,-63.668848],[-60.562354,-63.695898],[-60.65498,-63.850098],[-60.653125,-63.866602]]]}},{"type":"Feature","properties":{"scalerank":0,"featurecla":"Land","min_zoom":4},"bbox":[-94.113184,-72.920215,-93.755811,-72.819727],"geometry":{"type":"Polygon","coordinates":[[[-93.795605,-72.919727],[-94.113184,-72.860059],[-93.755811,-72.907617],[-93.795605,-72.919727]]]}},{"type":"Feature","properties":{"scalerank":0,"featurecla":"Land","min_zoom":2},"bbox":[-91.67002,-73.207129,-90.750977,-72.547363],"geometry":{"type":"Polygon","coordinates":[[[-91.160693,-73.182227],[-91.51084,-73.195508],[-91.356885,-72.909473],[-91.67002,-72.62373],[-90.807129,-72.610645],[-90.895361,-72.823633],[-90.775586,-72.992969],[-90.998437,-73.136523],[-91.160693,-73.182227]]]}},{"type":"Feature","properties":{"scalerank":0,"featurecla":"Land","min_zoom":3},"bbox":[-105.131787,-73.212109,-104.537939,-72.941016],"geometry":{"type":"Polygon","coordinates":[[[-104.537939,-73.166309],[-105.05293,-73.125977],[-105.131787,-72.991504],[-104.972412,-72.941016],[-104.537939,-73.166309]]]}},{"type":"Feature","properties":{"scalerank":0,"featurecla":"Land","min_zoom":3},"bbox":[-95.272949,-72.669824,-94.426025,-72.468066],"geometry":{"type":"Polygon","coordinates":[[[-95.027051,-72.665039],[-95.272949,-72.646875],[-94.566113,-72.468066],[-94.426025,-72.612598],[-95.027051,-72.665039]]]}},{"type":"Feature","properties":{"scalerank":0,"featurecla":"Land","min_zoom":1},"bbox":[-71.795264,-70.442285,-71.340283,-70.265137],"geometry":{"type":"Polygon","coordinates":[[[-71.69502,-70.265137],[-71.340283,-70.31748],[-71.684668,-70.442285],[-71.795264,-70.288379],[-71.69502,-70.265137]]]}},{"type":"Feature","properties":{"scalerank":0,"featurecla":"Land","min_zoom":2},"bbox":[-72.957324,-69.740137,-71.985352,-69.413086],"geometry":{"type":"Polygon","coordinates":[[[-71.985352,-69.698438],[-72.776758,-69.64502],[-72.957324,-69.529102],[-72.726172,-69.413086],[-72.331152,-69.491797],[-71.985352,-69.698438]]]}},{"type":"Feature","properties":{"scalerank":0,"featurecla":"Land","min_zoom":3},"bbox":[-74.146631,-73.376074,-73.542432,-73.100391],"geometry":{"type":"Polygon","coordinates":[[[-73.878418,-73.356836],[-74.146631,-73.31543],[-73.832129,-73.113281],[-73.542432,-73.123828],[-73.721387,-73.296289],[-73.878418,-73.356836]]]}},{"type":"Feature","properties":{"scalerank":0,"featurecla":"Land","min_zoom":3},"bbox":[-66.181445,-65.880859,-65.636914,-65.527246],"geometry":{"type":"Polygon","coordinates":[[[-65.845264,-65.84248],[-66.181445,-65.826367],[-65.968311,-65.570996],[-65.636914,-65.547754],[-65.835742,-65.81377],[-65.845264,-65.84248]]]}},{"type":"Feature","properties":{"scalerank":0,"featurecla":"Land","min_zoom":3},"bbox":[-66.867529,-66.312695,-66.575195,-66.066797],"geometry":{"type":"Polygon","coordinates":[[[-66.595312,-66.200684],[-66.867529,-66.293848],[-66.779004,-66.11084],[-66.575195,-66.082422],[-66.592627,-66.178613],[-66.595312,-66.200684]]]}},{"type":"Feature","properties":{"scalerank":0,"featurecla":"Land","min_zoom":3},"bbox":[-67.743262,-67.785254,-67.149414,-67.590625],"geometry":{"type":"Polygon","coordinates":[[[-67.348926,-67.766211],[-67.693359,-67.763477],[-67.743262,-67.66123],[-67.149414,-67.650195],[-67.299707,-67.737207],[-67.348926,-67.766211]]]}},{"type":"Feature","properties":{"scalerank":0,"featurecla":"Land","min_zoom":3},"bbox":[-67.593262,-66.901953,-67.256982,-66.736914],"geometry":{"type":"Polygon","coordinates":[[[-67.362402,-66.894531],[-67.593262,-66.875586],[-67.425977,-66.736914],[-67.256982,-66.840918],[-67.362402,-66.894531]]]}},{"type":"Feature","properties":{"scalerank":0,"featurecla":"Land","min_zoom":3},"bbox":[-180,-16.962988,-179.822314,-16.688281],"geometry":{"type":"Polygon","coordinates":[[[-179.974902,-16.924805],[-179.999951,-16.785547],[-179.860986,-16.688281],[-179.867773,-16.850293],[-179.974902,-16.924805]]]}},{"type":"Feature","properties":{"scalerank":0,"featurecla":"Land","min_zoom":1},"bbox":[-180,-16.540039,-179.900928,-16.431543],"geometry":{"type":"Polygon","coordinates":[[[-179.929443,-16.502832],[-180,-16.540039],[-180,-16.512891],[-179.999951,-16.488867],[-179.943652,-16.441406],[-179.900928,-16.431543],[-179.927344,-16.479102],[-179.929443,-16.502832]]]}},{"type":"Feature","properties":{"scalerank":0,"featurecla":"Land","min_zoom":3},"bbox":[179.896973,-17.000293,180,-16.785742],"geometry":{"type":"Polygon","coordinates":[[[180,-16.963086],[179.925879,-17.000293],[179.896973,-16.964063],[179.930957,-16.875977],[180,-16.785742],[179.999219,-16.858789],[180,-16.963086]]]}},{"type":"Feature","properties":{"scalerank":0,"featurecla":"Land","min_zoom":3},"bbox":[-78.964941,8.231934,-78.83916,8.460254],"geometry":{"type":"Polygon","coordinates":[[[-78.89834,8.274268],[-78.960596,8.43584],[-78.856152,8.448242],[-78.853223,8.302441],[-78.89834,8.274268]]]}},{"type":"Feature","properties":{"scalerank":0,"featurecla":"Land","min_zoom":3},"bbox":[154.610938,49.267676,154.899609,49.646924],"geometry":{"type":"Polygon","coordinates":[[[154.810449,49.312012],[154.610938,49.294043],[154.824902,49.646924],[154.829883,49.3479],[154.810449,49.312012]]]}},{"type":"Feature","properties":{"scalerank":0,"featurecla":"Land","min_zoom":3},"bbox":[58.610156,81.292285,59.374609,81.397705],"geometry":{"type":"Polygon","coordinates":[[[59.313086,81.305225],[58.610156,81.337256],[59.374609,81.325049],[59.313086,81.305225]]]}},{"type":"Feature","properties":{"scalerank":0,"featurecla":"Land","min_zoom":3},"bbox":[53.811914,80.421338,54.437305,80.605273],"geometry":{"type":"Polygon","coordinates":[[[54.415332,80.472803],[53.811914,80.476221],[53.877246,80.605273],[54.437305,80.498682],[54.415332,80.472803]]]}},{"type":"Feature","properties":{"scalerank":0,"featurecla":"Land","min_zoom":3},"bbox":[60.058203,80.929688,61.567383,81.103955],"geometry":{"type":"Polygon","coordinates":[[[61.14082,80.950342],[60.058203,80.984619],[60.586621,81.087695],[61.567383,81.050293],[61.471973,81.011035],[61.14082,80.950342]]]}},{"type":"Feature","properties":{"scalerank":0,"featurecla":"Land","min_zoom":3},"bbox":[52.213379,80.173242,53.85166,80.412646],"geometry":{"type":"Polygon","coordinates":[[[53.521387,80.185205],[52.213379,80.263721],[53.185645,80.412646],[53.85166,80.268359],[53.65293,80.222559],[53.521387,80.185205]]]}},{"type":"Feature","properties":{"scalerank":0,"featurecla":"Land","min_zoom":2},"bbox":[55.724023,80.071484,57.122656,80.366162],"geometry":{"type":"Polygon","coordinates":[[[57.078711,80.350928],[57.118945,80.193945],[56.986914,80.071484],[55.724023,80.104736],[56.012207,80.203906],[56.024414,80.341309],[56.944531,80.366162],[57.078711,80.350928]]]}},{"type":"Feature","properties":{"scalerank":0,"featurecla":"Land","min_zoom":3},"bbox":[58.919238,79.923047,59.911035,80.118848],"geometry":{"type":"Polygon","coordinates":[[[59.688867,79.955811],[58.919238,79.984619],[59.544531,80.118848],[59.911035,79.994287],[59.688867,79.955811]]]}},{"type":"Feature","properties":{"scalerank":0,"featurecla":"Land","min_zoom":4},"bbox":[-66.636621,-55.272852,-66.435791,-55.165527],"geometry":{"type":"Polygon","coordinates":[[[-66.472119,-55.229102],[-66.636621,-55.234375],[-66.435791,-55.189746],[-66.472119,-55.229102]]]}},{"type":"Feature","properties":{"scalerank":0,"featurecla":"Land","min_zoom":4},"bbox":[-75.142139,-44.906543,-75.032227,-44.795117],"geometry":{"type":"Polygon","coordinates":[[[-75.04248,-44.890137],[-75.142139,-44.815625],[-75.032227,-44.870508],[-75.04248,-44.890137]]]}},{"type":"Feature","properties":{"scalerank":0,"featurecla":"Land","min_zoom":0},"bbox":[-75.650928,-48.764648,-75.155518,-48.019727],"geometry":{"type":"Polygon","coordinates":[[[-75.510254,-48.763477],[-75.622852,-48.764648],[-75.650928,-48.586328],[-75.518457,-48.328809],[-75.560693,-48.070898],[-75.391406,-48.019727],[-75.158496,-48.622656],[-75.433984,-48.721191],[-75.510254,-48.763477]]]}},{"type":"Feature","properties":{"scalerank":0,"featurecla":"Land","min_zoom":3},"bbox":[-75.477393,-50.772363,-75.115332,-50.480566],"geometry":{"type":"Polygon","coordinates":[[[-75.302002,-50.67998],[-75.438525,-50.741113],[-75.427637,-50.480566],[-75.115332,-50.510449],[-75.292334,-50.596875],[-75.302002,-50.67998]]]}},{"type":"Feature","properties":{"scalerank":0,"featurecla":"Land","min_zoom":0},"bbox":[-74.712012,-53.358398,-73.135205,-52.733887],"geometry":{"type":"Polygon","coordinates":[[[-74.385742,-52.922363],[-73.654004,-53.069824],[-73.135205,-53.353906],[-74.270215,-53.081543],[-74.712012,-52.74873],[-74.422266,-52.860059],[-74.385742,-52.922363]]]}},{"type":"Feature","properties":{"scalerank":0,"featurecla":"Land","min_zoom":0},"bbox":[-69.987988,-55.650586,-68.045557,-54.882031],"geometry":{"type":"Polygon","coordinates":[[[-69.702979,-54.919043],[-68.458008,-54.959668],[-68.399805,-55.041992],[-68.613281,-55.155566],[-68.282666,-55.255176],[-68.04834,-55.643164],[-68.867041,-55.450195],[-68.890088,-55.241211],[-69.192627,-55.171875],[-69.359229,-55.300684],[-69.180859,-55.474805],[-69.411816,-55.444238],[-69.979785,-55.147461],[-69.884424,-54.882031],[-69.702979,-54.919043]]]}},{"type":"Feature","properties":{"scalerank":0,"featurecla":"Land","min_zoom":0},"bbox":[-75.641162,-49.230664,-75.106689,-48.772949],"geometry":{"type":"Polygon","coordinates":[[[-75.106689,-48.836523],[-75.389941,-49.15918],[-75.641162,-49.19541],[-75.487646,-49.082422],[-75.619141,-48.885938],[-75.118604,-48.772949],[-75.106689,-48.836523]]]}},{"type":"Feature","properties":{"scalerank":0,"featurecla":"Land","min_zoom":3},"bbox":[-60.275879,-51.395996,-60.069824,-51.273438],"geometry":{"type":"Polygon","coordinates":[[[-60.111719,-51.395898],[-60.275342,-51.280566],[-60.076465,-51.342578],[-60.111719,-51.395898]]]}},{"type":"Feature","properties":{"scalerank":0,"featurecla":"Land","min_zoom":4},"bbox":[-26.451025,-58.492285,-26.259863,-58.382227],"geometry":{"type":"Polygon","coordinates":[[[-26.264111,-58.435156],[-26.451025,-58.415332],[-26.279395,-58.401758],[-26.264111,-58.435156]]]}},{"type":"Feature","properties":{"scalerank":0,"featurecla":"Land","min_zoom":2},"bbox":[53.31582,12.318994,54.511133,12.715771],"geometry":{"type":"Polygon","coordinates":[[[53.763184,12.636816],[54.511133,12.552783],[53.718848,12.318994],[53.31582,12.533154],[53.638477,12.707373],[53.763184,12.636816]]]}},{"type":"Feature","properties":{"scalerank":0,"featurecla":"Land","min_zoom":3},"bbox":[53.190918,24.25293,53.445312,24.411035],"geometry":{"type":"Polygon","coordinates":[[[53.332227,24.258594],[53.190918,24.290918],[53.412402,24.411035],[53.382617,24.280859],[53.332227,24.258594]]]}},{"type":"Feature","properties":{"scalerank":0,"featurecla":"Land","min_zoom":2},"bbox":[58.640918,20.203613,58.950781,20.680566],"geometry":{"type":"Polygon","coordinates":[[[58.72207,20.21875],[58.641211,20.337354],[58.884375,20.680566],[58.950781,20.516162],[58.772266,20.266846],[58.72207,20.21875]]]}},{"type":"Feature","properties":{"scalerank":0,"featurecla":"Land","min_zoom":4},"bbox":[52.582227,24.281299,52.657617,24.376758],"geometry":{"type":"Polygon","coordinates":[[[52.616895,24.288574],[52.6,24.281299],[52.582227,24.335254],[52.583594,24.352344],[52.629395,24.376758],[52.657617,24.332617],[52.616895,24.288574]]]}},{"type":"Feature","properties":{"scalerank":0,"featurecla":"Land","min_zoom":2},"bbox":[55.29502,26.583105,56.279395,27.003271],"geometry":{"type":"Polygon","coordinates":[[[56.187988,26.921143],[55.954297,26.701123],[55.29502,26.639209],[55.762598,26.811963],[55.757617,26.947656],[56.279395,26.9521],[56.187988,26.921143]]]}},{"type":"Feature","properties":{"scalerank":0,"featurecla":"Land","min_zoom":3},"bbox":[53.634473,24.135547,53.928125,24.258936],"geometry":{"type":"Polygon","coordinates":[[[53.927832,24.177197],[53.634473,24.169775],[53.89375,24.215137],[53.927832,24.177197]]]}},{"type":"Feature","properties":{"scalerank":0,"featurecla":"Land","min_zoom":2},"bbox":[41.776074,16.570703,42.17041,17.002539],"geometry":{"type":"Polygon","coordinates":[[[41.987695,16.715625],[42.059961,16.803516],[42.157813,16.570703],[41.801563,16.77876],[41.860449,17.002539],[41.94668,16.748926],[41.987695,16.715625]]]}},{"type":"Feature","properties":{"scalerank":0,"featurecla":"Land","min_zoom":2},"bbox":[39.939941,15.577344,40.408203,15.889404],"geometry":{"type":"Polygon","coordinates":[[[40.141211,15.696143],[40.399023,15.579883],[39.975195,15.612451],[39.947461,15.696143],[40.070508,15.676611],[39.939941,15.744531],[39.956738,15.889404],[40.132422,15.795264],[40.141211,15.696143]]]}},{"type":"Feature","properties":{"scalerank":0,"featurecla":"Land","min_zoom":4},"bbox":[42.689746,13.673633,42.794141,13.769287],"geometry":{"type":"Polygon","coordinates":[[[42.755859,13.704297],[42.689746,13.673633],[42.734961,13.752979],[42.78125,13.769287],[42.794141,13.766113],[42.755859,13.704297]]]}},{"type":"Feature","properties":{"scalerank":0,"featurecla":"Land","min_zoom":3},"bbox":[50.452441,25.806787,50.61748,26.246436],"geometry":{"type":"Polygon","coordinates":[[[50.607227,25.883105],[50.574902,25.806787],[50.465918,25.965527],[50.469922,26.228955],[50.585938,26.240723],[50.61748,26.002344],[50.607227,25.883105]]]}},{"type":"Feature","properties":{"scalerank":0,"featurecla":"Land","min_zoom":4},"bbox":[42.694043,13.950244,42.79834,14.06748],"geometry":{"type":"Polygon","coordinates":[[[42.787402,13.971484],[42.774219,13.950244],[42.756055,13.954883],[42.694043,14.00791],[42.762109,14.06748],[42.79834,14.012256],[42.787402,13.971484]]]}},{"type":"Feature","properties":{"scalerank":0,"featurecla":"Land","min_zoom":2},"bbox":[48.081445,29.601953,48.348242,29.978857],"geometry":{"type":"Polygon","coordinates":[[[48.275391,29.624316],[48.081445,29.798926],[48.184766,29.978857],[48.340234,29.694727],[48.275391,29.624316]]]}},{"type":"Feature","properties":{"scalerank":0,"featurecla":"Land","min_zoom":4},"bbox":[179.373145,-17.393848,179.447168,-17.256152],"geometry":{"type":"Polygon","coordinates":[[[179.422363,-17.366797],[179.388965,-17.393848],[179.373145,-17.256152],[179.407617,-17.257324],[179.432813,-17.271582],[179.447168,-17.30625],[179.422363,-17.366797]]]}},{"type":"Feature","properties":{"scalerank":0,"featurecla":"Land","min_zoom":3},"bbox":[179.253516,-18.110449,179.362402,-17.944043],"geometry":{"type":"Polygon","coordinates":[[[179.349316,-18.102344],[179.306445,-17.944043],[179.362402,-18.065234],[179.349316,-18.102344]]]}},{"type":"Feature","properties":{"scalerank":0,"featurecla":"Land","min_zoom":3},"bbox":[178.747656,-17.746777,178.852539,-17.618848],"geometry":{"type":"Polygon","coordinates":[[[178.827539,-17.729004],[178.776074,-17.746777],[178.747656,-17.685742],[178.787109,-17.624414],[178.831055,-17.618848],[178.852539,-17.68125],[178.827539,-17.729004]]]}},{"type":"Feature","properties":{"scalerank":0,"featurecla":"Land","min_zoom":3},"bbox":[168.124316,-16.835059,168.476562,-16.593848],"geometry":{"type":"Polygon","coordinates":[[[168.446777,-16.778809],[168.181445,-16.804004],[168.135352,-16.636914],[168.366016,-16.758789],[168.446777,-16.778809]]]}},{"type":"Feature","properties":{"scalerank":0,"featurecla":"Land","min_zoom":2},"bbox":[167.929004,-16.346777,168.297949,-16.081641],"geometry":{"type":"Polygon","coordinates":[[[168.29668,-16.336523],[167.929004,-16.228711],[168.163867,-16.081641],[168.297949,-16.29873],[168.29668,-16.336523]]]}},{"type":"Feature","properties":{"scalerank":0,"featurecla":"Land","min_zoom":2},"bbox":[168.158203,-17.807227,168.584961,-17.542188],"geometry":{"type":"Polygon","coordinates":[[[168.445801,-17.542188],[168.584961,-17.695898],[168.524609,-17.798047],[168.158203,-17.710547],[168.341016,-17.552051],[168.445801,-17.542188]]]}},{"type":"Feature","properties":{"scalerank":0,"featurecla":"Land","min_zoom":3},"bbox":[167.674219,-15.481836,168.002539,-15.283203],"geometry":{"type":"Polygon","coordinates":[[[167.911328,-15.435938],[167.844238,-15.481836],[167.720215,-15.477441],[167.674219,-15.451563],[167.82627,-15.312012],[168.002539,-15.283203],[167.911328,-15.435938]]]}},{"type":"Feature","properties":{"scalerank":0,"featurecla":"Land","min_zoom":1},"bbox":[166.526074,-15.634863,167.200781,-14.636523],"geometry":{"type":"Polygon","coordinates":[[[166.745801,-14.826855],[166.810156,-15.157422],[167.075586,-14.935645],[167.200781,-15.443066],[167.093945,-15.580859],[166.758301,-15.631152],[166.631055,-15.406055],[166.526074,-14.759766],[166.567383,-14.641797],[166.662598,-14.735059],[166.745801,-14.826855]]]}},{"type":"Feature","properties":{"scalerank":0,"featurecla":"Land","min_zoom":3},"bbox":[168.122852,-15.97168,168.267773,-15.461816],"geometry":{"type":"Polygon","coordinates":[[[168.212891,-15.97041],[168.159961,-15.461816],[168.256348,-15.955176],[168.212891,-15.97041]]]}},{"type":"Feature","properties":{"scalerank":0,"featurecla":"Land","min_zoom":3},"bbox":[168.104199,-15.390625,168.18916,-14.986426],"geometry":{"type":"Polygon","coordinates":[[[168.18916,-15.328711],[168.114941,-14.988574],[168.186914,-15.196875],[168.18916,-15.328711]]]}},{"type":"Feature","properties":{"scalerank":0,"featurecla":"Land","min_zoom":1.5},"bbox":[167.151465,-16.574316,167.836621,-15.876758],"geometry":{"type":"Polygon","coordinates":[[[167.4125,-16.095898],[167.836621,-16.449707],[167.449316,-16.55498],[167.349219,-16.154492],[167.151465,-16.080469],[167.199512,-15.885059],[167.335742,-15.916699],[167.4125,-16.095898]]]}},{"type":"Feature","properties":{"scalerank":0,"featurecla":"Land","min_zoom":1},"bbox":[167.094727,-15.750098,167.234375,-15.622559],"geometry":{"type":"Polygon","coordinates":[[[167.218945,-15.724121],[167.200781,-15.750098],[167.094727,-15.685254],[167.119043,-15.622559],[167.234375,-15.64502],[167.218945,-15.724121]]]}},{"type":"Feature","properties":{"scalerank":0,"featurecla":"Land","min_zoom":1},"bbox":[158.457422,-8.557422,159.880859,-7.544727],"geometry":{"type":"Polygon","coordinates":[[[159.879102,-8.534277],[158.944043,-8.040723],[158.457422,-7.544727],[159.431445,-8.029004],[159.843066,-8.326953],[159.848633,-8.463477],[159.879102,-8.534277]]]}},{"type":"Feature","properties":{"scalerank":0,"featurecla":"Land","min_zoom":1.5},"bbox":[156.452539,-7.425684,157.518652,-6.608887],"geometry":{"type":"Polygon","coordinates":[[[157.486719,-7.330371],[157.441309,-7.425684],[157.101562,-7.323633],[156.452539,-6.638281],[157.030273,-6.891992],[157.451563,-7.313672],[157.486719,-7.330371]]]}},{"type":"Feature","properties":{"scalerank":0,"featurecla":"Land","min_zoom":4},"bbox":[153.591504,-4.123047,153.662988,-4.041211],"geometry":{"type":"Polygon","coordinates":[[[153.659277,-4.099316],[153.650098,-4.123047],[153.591504,-4.095996],[153.639746,-4.044727],[153.662988,-4.041211],[153.659277,-4.099316]]]}},{"type":"Feature","properties":{"scalerank":0,"featurecla":"Land","min_zoom":2},"bbox":[120.876367,5.869971,121.414648,6.095996],"geometry":{"type":"Polygon","coordinates":[[[121.159375,6.075635],[121.411035,5.939844],[120.930664,5.896191],[120.898242,6.006934],[121.037695,6.095996],[121.159375,6.075635]]]}},{"type":"Feature","properties":{"scalerank":0,"featurecla":"Land","min_zoom":4},"bbox":[114.298828,-7.173145,114.412598,-7.073438],"geometry":{"type":"Polygon","coordinates":[[[114.412598,-7.133496],[114.298828,-7.097559],[114.383594,-7.080664],[114.412598,-7.133496]]]}},{"type":"Feature","properties":{"scalerank":0,"featurecla":"Land","min_zoom":3},"bbox":[134.182129,34.423047,134.372266,34.534375],"geometry":{"type":"Polygon","coordinates":[[[134.351855,34.483643],[134.182129,34.519238],[134.372266,34.522363],[134.351855,34.483643]]]}},{"type":"Feature","properties":{"scalerank":0,"featurecla":"Land","min_zoom":3},"bbox":[-75.261035,-47.850684,-74.916016,-47.690625],"geometry":{"type":"Polygon","coordinates":[[[-75.112207,-47.837695],[-75.261035,-47.763867],[-74.926465,-47.723145],[-75.084473,-47.824512],[-75.112207,-47.837695]]]}},{"type":"Feature","properties":{"scalerank":0,"featurecla":"Land","min_zoom":3},"bbox":[-74.842676,-43.625391,-74.664795,-43.535938],"geometry":{"type":"Polygon","coordinates":[[[-74.66875,-43.607812],[-74.841992,-43.570312],[-74.664795,-43.599609],[-74.66875,-43.607812]]]}},{"type":"Feature","properties":{"scalerank":0,"featurecla":"Land","min_zoom":3},"bbox":[-73.818457,-44.83291,-73.616602,-44.544238],"geometry":{"type":"Polygon","coordinates":[[[-73.632178,-44.821484],[-73.779492,-44.55918],[-73.616602,-44.75293],[-73.632178,-44.821484]]]}},{"type":"Feature","properties":{"scalerank":0,"featurecla":"Land","min_zoom":0},"bbox":[-75.247266,-48.626465,-74.567285,-47.839355],"geometry":{"type":"Polygon","coordinates":[[[-74.567285,-48.591992],[-74.923047,-48.626465],[-75.247266,-48.026758],[-74.827441,-47.850391],[-74.618213,-48.425195],[-74.567285,-48.591992]]]}},{"type":"Feature","properties":{"scalerank":0,"featurecla":"Land","min_zoom":3},"bbox":[-64.757324,-54.902539,-63.81543,-54.716211],"geometry":{"type":"Polygon","coordinates":[[[-64.54917,-54.716211],[-63.81543,-54.725098],[-64.637354,-54.902539],[-64.757324,-54.826562],[-64.581348,-54.752734],[-64.54917,-54.716211]]]}},{"type":"Feature","properties":{"scalerank":0,"featurecla":"Land","min_zoom":3},"bbox":[-62.093018,-39.234863,-61.865967,-39.08623],"geometry":{"type":"Polygon","coordinates":[[[-61.875781,-39.171875],[-62.093018,-39.08623],[-61.907129,-39.135645],[-61.875781,-39.171875]]]}},{"type":"Feature","properties":{"scalerank":0,"featurecla":"Land","min_zoom":4},"bbox":[-59.793311,-52.250879,-59.681006,-52.13418],"geometry":{"type":"Polygon","coordinates":[[[-59.682666,-52.231641],[-59.793311,-52.13418],[-59.681006,-52.180078],[-59.682666,-52.231641]]]}},{"type":"Feature","properties":{"scalerank":0,"featurecla":"Land","min_zoom":3},"bbox":[-61.14502,-51.946289,-60.875977,-51.785742],"geometry":{"type":"Polygon","coordinates":[[[-61.01875,-51.785742],[-60.875977,-51.794238],[-60.947559,-51.946289],[-61.14502,-51.839453],[-61.05166,-51.813965],[-61.01875,-51.785742]]]}},{"type":"Feature","properties":{"scalerank":0,"featurecla":"Land","min_zoom":0},"bbox":[-73.845459,-54.126563,-72.20542,-53.394434],"geometry":{"type":"Polygon","coordinates":[[[-72.923242,-53.481641],[-72.882227,-53.57832],[-72.482275,-53.588086],[-72.20542,-53.807422],[-72.408545,-54.003809],[-72.870996,-54.126563],[-72.958594,-54.065918],[-72.76377,-53.864844],[-73.039453,-53.832813],[-73.080762,-53.998047],[-73.210645,-53.98584],[-73.314355,-53.729199],[-73.845459,-53.545801],[-73.686523,-53.426855],[-72.947266,-53.44248],[-72.923242,-53.481641]]]}},{"type":"Feature","properties":{"scalerank":0,"featurecla":"Land","min_zoom":0},"bbox":[-68.301367,-55.292578,-67.079932,-54.929395],"geometry":{"type":"Polygon","coordinates":[[[-67.079932,-55.153809],[-67.339697,-55.292578],[-67.494727,-55.177441],[-68.07002,-55.221094],[-68.301367,-54.980664],[-67.245264,-54.977637],[-67.085498,-55.115234],[-67.079932,-55.153809]]]}},{"type":"Feature","properties":{"scalerank":0,"featurecla":"Land","min_zoom":0},"bbox":[-71.437207,-55.177051,-70.283057,-54.83457],"geometry":{"type":"Polygon","coordinates":[[[-70.991602,-54.867969],[-70.804834,-54.967676],[-70.417529,-54.908887],[-70.297852,-55.11377],[-70.475586,-55.177051],[-71.437207,-54.889258],[-71.088623,-54.86748],[-70.991602,-54.867969]]]}},{"type":"Feature","properties":{"scalerank":0,"featurecla":"Land","min_zoom":3},"bbox":[-67.563477,-55.784766,-67.262451,-55.585156],"geometry":{"type":"Polygon","coordinates":[[[-67.288867,-55.776855],[-67.563477,-55.707813],[-67.374072,-55.589355],[-67.267285,-55.762793],[-67.288867,-55.776855]]]}},{"type":"Feature","properties":{"scalerank":0,"featurecla":"Land","min_zoom":2},"bbox":[-75.300049,-51.625391,-74.558643,-51.207129],"geometry":{"type":"Polygon","coordinates":[[[-74.558643,-51.277051],[-74.620361,-51.395703],[-75.047363,-51.39834],[-75.289111,-51.625391],[-75.153662,-51.278809],[-74.570508,-51.24541],[-74.558643,-51.277051]]]}},{"type":"Feature","properties":{"scalerank":0,"featurecla":"Land","min_zoom":0},"bbox":[-75.449121,-50.37627,-74.838574,-50.011816],"geometry":{"type":"Polygon","coordinates":[[[-75.054785,-50.296094],[-75.449121,-50.343359],[-75.32666,-50.011816],[-74.875977,-50.109961],[-74.838574,-50.197266],[-74.963379,-50.237305],[-75.054785,-50.296094]]]}},{"type":"Feature","properties":{"scalerank":0,"featurecla":"Land","min_zoom":0},"bbox":[-75.105371,-52.279199,-74.531836,-51.630176],"geometry":{"type":"Polygon","coordinates":[[[-74.822949,-51.630176],[-74.780127,-51.824707],[-74.536816,-51.965137],[-74.694482,-52.279199],[-74.851807,-52.270703],[-75.105371,-51.788867],[-74.909668,-51.65],[-74.822949,-51.630176]]]}},{"type":"Feature","properties":{"scalerank":0,"featurecla":"Land","min_zoom":3},"bbox":[-74.142969,-43.921973,-73.789648,-43.783789],"geometry":{"type":"Polygon","coordinates":[[[-73.810645,-43.827246],[-74.142969,-43.872168],[-73.841406,-43.788965],[-73.810645,-43.827246]]]}},{"type":"Feature","properties":{"scalerank":0,"featurecla":"Land","min_zoom":0},"bbox":[-72.210449,-54.374023,-71.004883,-53.884863],"geometry":{"type":"Polygon","coordinates":[[[-71.390479,-54.032813],[-71.021924,-54.111816],[-71.004883,-54.24668],[-71.143262,-54.374023],[-71.473291,-54.231152],[-71.948535,-54.300879],[-72.210449,-54.047754],[-71.996484,-53.884863],[-71.55415,-53.956055],[-71.390479,-54.032813]]]}},{"type":"Feature","properties":{"scalerank":0,"featurecla":"Land","min_zoom":3},"bbox":[-74.475391,-51.94209,-74.11543,-51.724902],"geometry":{"type":"Polygon","coordinates":[[[-74.142187,-51.931055],[-74.475391,-51.725684],[-74.118896,-51.911133],[-74.142187,-51.931055]]]}},{"type":"Feature","properties":{"scalerank":0,"featurecla":"Land","min_zoom":0},"bbox":[-74.617773,-45.344922,-73.703223,-44.134863],"geometry":{"type":"Polygon","coordinates":[[[-73.735352,-44.394531],[-74.002051,-44.590918],[-73.7521,-45.266797],[-74.099072,-45.325391],[-74.089258,-45.195703],[-74.617773,-44.647949],[-74.501807,-44.473535],[-74.097217,-44.389355],[-73.994922,-44.140234],[-73.703711,-44.325391],[-73.735352,-44.394531]]]}},{"type":"Feature","properties":{"scalerank":0,"featurecla":"Land","min_zoom":0},"bbox":[-74.689844,-45.757227,-74.229199,-45.172656],"geometry":{"type":"Polygon","coordinates":[[[-74.312891,-45.691504],[-74.689844,-45.662598],[-74.502344,-45.285156],[-74.310547,-45.172656],[-74.243896,-45.653613],[-74.312891,-45.691504]]]}},{"type":"Feature","properties":{"scalerank":0,"featurecla":"Land","min_zoom":3},"bbox":[-73.960547,45.441406,-73.476074,45.704736],"geometry":{"type":"Polygon","coordinates":[[[-73.566504,45.469092],[-73.960547,45.441406],[-73.476074,45.704736],[-73.55166,45.489844],[-73.566504,45.469092]]]}},{"type":"Feature","properties":{"scalerank":0,"featurecla":"Land","min_zoom":3},"bbox":[-73.857715,45.564893,-73.572363,45.694482],"geometry":{"type":"Polygon","coordinates":[[[-73.695312,45.585498],[-73.815918,45.564893],[-73.857715,45.573584],[-73.724658,45.671826],[-73.572363,45.694482],[-73.695312,45.585498]]]}},{"type":"Feature","properties":{"scalerank":0,"featurecla":"Land","min_zoom":4},"bbox":[-61.081738,45.481738,-60.912451,45.577344],"geometry":{"type":"Polygon","coordinates":[[[-60.961572,45.489941],[-61.081738,45.557812],[-60.953027,45.515527],[-60.961572,45.489941]]]}},{"type":"Feature","properties":{"scalerank":0,"featurecla":"Land","min_zoom":3},"bbox":[-62.008301,47.218994,-61.395508,47.646777],"geometry":{"type":"Polygon","coordinates":[[[-61.914111,47.284521],[-61.772559,47.259814],[-62.008301,47.234277],[-61.924707,47.425146],[-61.395508,47.637646],[-61.886621,47.344629],[-61.914111,47.284521]]]}},{"type":"Feature","properties":{"scalerank":0,"featurecla":"Land","min_zoom":3},"bbox":[-64.68457,47.747607,-64.508594,47.886719],"geometry":{"type":"Polygon","coordinates":[[[-64.508594,47.886719],[-64.68457,47.753613],[-64.564844,47.86626],[-64.508594,47.886719]]]}},{"type":"Feature","properties":{"scalerank":0,"featurecla":"Land","min_zoom":4},"bbox":[-64.591309,47.907227,-64.476074,48.01377],"geometry":{"type":"Polygon","coordinates":[[[-64.476074,47.958887],[-64.591309,47.907227],[-64.540723,47.984961],[-64.51958,48.005078],[-64.500195,48.01377],[-64.48125,48.006934],[-64.476074,47.958887]]]}},{"type":"Feature","properties":{"scalerank":0,"featurecla":"Land","min_zoom":3},"bbox":[-71.11665,46.864844,-70.825781,46.996094],"geometry":{"type":"Polygon","coordinates":[[[-71.025732,46.872949],[-71.11665,46.864844],[-70.825781,46.995361],[-70.913477,46.919531],[-71.025732,46.872949]]]}},{"type":"Feature","properties":{"scalerank":0,"featurecla":"Land","min_zoom":4},"bbox":[-66.324121,44.257324,-66.210352,44.392041],"geometry":{"type":"Polygon","coordinates":[[[-66.273779,44.292285],[-66.324121,44.257324],[-66.311914,44.291602],[-66.250488,44.379004],[-66.210352,44.392041],[-66.273779,44.292285]]]}},{"type":"Feature","properties":{"scalerank":0,"featurecla":"Land","min_zoom":4},"bbox":[-68.703027,44.17627,-68.623193,44.256201],"geometry":{"type":"Polygon","coordinates":[[[-68.623193,44.196045],[-68.661182,44.17627],[-68.701709,44.182666],[-68.703027,44.231982],[-68.690771,44.24873],[-68.676758,44.256201],[-68.655957,44.242334],[-68.623193,44.196045]]]}},{"type":"Feature","properties":{"scalerank":0,"featurecla":"Land","min_zoom":3},"bbox":[-66.89707,44.628906,-66.74541,44.805371],"geometry":{"type":"Polygon","coordinates":[[[-66.7625,44.681787],[-66.89707,44.628906],[-66.844727,44.763916],[-66.802148,44.805371],[-66.74541,44.791406],[-66.753369,44.709814],[-66.7625,44.681787]]]}},{"type":"Feature","properties":{"scalerank":0,"featurecla":"Land","min_zoom":3},"bbox":[-68.411719,44.249707,-68.187256,44.456494],"geometry":{"type":"Polygon","coordinates":[[[-68.187256,44.332471],[-68.411719,44.294336],[-68.299414,44.456494],[-68.190918,44.364355],[-68.187256,44.332471]]]}},{"type":"Feature","properties":{"scalerank":0,"featurecla":"Land","min_zoom":2},"bbox":[112.725879,-7.224121,114.083008,-6.873047],"geometry":{"type":"Polygon","coordinates":[[[113.844531,-7.105371],[113.126953,-7.224121],[112.725879,-7.072754],[112.868066,-6.899902],[113.067383,-6.87998],[114.073633,-6.960156],[113.885352,-7.049023],[113.844531,-7.105371]]]}},{"type":"Feature","properties":{"scalerank":0,"featurecla":"Land","min_zoom":4},"bbox":[158.835938,-54.749219,158.958887,-54.472363],"geometry":{"type":"Polygon","coordinates":[[[158.878809,-54.709766],[158.845215,-54.749219],[158.835938,-54.704004],[158.896973,-54.506055],[158.958887,-54.472363],[158.945605,-54.575],[158.878809,-54.709766]]]}},{"type":"Feature","properties":{"scalerank":0,"featurecla":"Land","min_zoom":3},"bbox":[-174.069141,-18.698633,-173.921875,-18.565332],"geometry":{"type":"Polygon","coordinates":[[[-173.953516,-18.639355],[-174.069141,-18.640234],[-173.923975,-18.608496],[-173.953516,-18.639355]]]}},{"type":"Feature","properties":{"scalerank":0,"featurecla":"Land","min_zoom":3},"bbox":[-151.485498,-16.879297,-151.364502,-16.739648],"geometry":{"type":"Polygon","coordinates":[[[-151.409814,-16.877734],[-151.466748,-16.739648],[-151.364502,-16.864258],[-151.409814,-16.877734]]]}},{"type":"Feature","properties":{"scalerank":0,"featurecla":"Land","min_zoom":3},"bbox":[-157.578955,1.731738,-157.175781,2.029297],"geometry":{"type":"Polygon","coordinates":[[[-157.342139,1.855566],[-157.175781,1.739844],[-157.578955,1.902051],[-157.43584,1.847266],[-157.365186,1.946094],[-157.492188,2.029297],[-157.321875,1.968555],[-157.342139,1.855566]]]}},{"type":"Feature","properties":{"scalerank":0,"featurecla":"Land","min_zoom":3},"bbox":[-139.166455,-9.845703,-138.827344,-9.695215],"geometry":{"type":"Polygon","coordinates":[[[-139.024316,-9.695215],[-138.827344,-9.741602],[-139.073682,-9.845703],[-139.166455,-9.770215],[-139.024316,-9.695215]]]}},{"type":"Feature","properties":{"scalerank":0,"featurecla":"Land","min_zoom":4},"bbox":[-139.134229,-10.00957,-139.059717,-9.91543],"geometry":{"type":"Polygon","coordinates":[[[-139.059717,-9.931348],[-139.133984,-10.00957],[-139.134229,-9.92627],[-139.107471,-9.91543],[-139.083154,-9.91543],[-139.059717,-9.931348]]]}},{"type":"Feature","properties":{"scalerank":0,"featurecla":"Land","min_zoom":4},"bbox":[-138.690381,-10.532422,-138.624463,-10.425586],"geometry":{"type":"Polygon","coordinates":[[[-138.651123,-10.515332],[-138.687744,-10.532422],[-138.690381,-10.425586],[-138.64292,-10.445898],[-138.624463,-10.462988],[-138.632373,-10.492188],[-138.651123,-10.515332]]]}},{"type":"Feature","properties":{"scalerank":0,"featurecla":"Land","min_zoom":2},"bbox":[-149.63501,-17.862305,-149.150879,-17.496387],"geometry":{"type":"Polygon","coordinates":[[[-149.321533,-17.690039],[-149.177686,-17.736621],[-149.181787,-17.862305],[-149.578906,-17.734961],[-149.63501,-17.564258],[-149.330078,-17.588965],[-149.321533,-17.690039]]]}},{"type":"Feature","properties":{"scalerank":0,"featurecla":"Land","min_zoom":3},"bbox":[-140.252686,-8.933984,-140.043701,-8.781543],"geometry":{"type":"Polygon","coordinates":[[[-140.072607,-8.910449],[-140.217432,-8.929688],[-140.240039,-8.797559],[-140.046143,-8.873633],[-140.072607,-8.910449]]]}},{"type":"Feature","properties":{"scalerank":0,"featurecla":"Land","min_zoom":4},"bbox":[-140.144385,-9.444141,-140.031104,-9.328125],"geometry":{"type":"Polygon","coordinates":[[[-140.075635,-9.425977],[-140.097363,-9.444141],[-140.138037,-9.384375],[-140.144385,-9.359375],[-140.070947,-9.328125],[-140.031104,-9.344727],[-140.075635,-9.425977]]]}},{"type":"Feature","properties":{"scalerank":0,"featurecla":"Land","min_zoom":2},"bbox":[-172.778516,-13.804297,-172.176855,-13.465234],"geometry":{"type":"Polygon","coordinates":[[[-172.333496,-13.465234],[-172.176855,-13.684668],[-172.224951,-13.804297],[-172.535693,-13.791699],[-172.778516,-13.516797],[-172.510889,-13.482813],[-172.333496,-13.465234]]]}},{"type":"Feature","properties":{"scalerank":0,"featurecla":"Land","min_zoom":4},"bbox":[-179.017676,-17.307031,-178.914844,-17.14834],"geometry":{"type":"Polygon","coordinates":[[[-178.956494,-17.272852],[-179.005029,-17.14834],[-178.924561,-17.248633],[-178.956494,-17.272852]]]}},{"type":"Feature","properties":{"scalerank":0,"featurecla":"Land","min_zoom":4},"bbox":[-159.409033,3.796582,-159.259326,3.923535],"geometry":{"type":"Polygon","coordinates":[[[-159.339063,3.923535],[-159.274756,3.796582],[-159.369043,3.916992],[-159.339063,3.923535]]]}},{"type":"Feature","properties":{"scalerank":0,"featurecla":"Land","min_zoom":2},"bbox":[-172.045898,-14.047266,-171.449561,-13.807129],"geometry":{"type":"Polygon","coordinates":[[[-171.454102,-14.046484],[-171.911914,-14.00166],[-172.045898,-13.857129],[-171.858154,-13.807129],[-171.449561,-14.022461],[-171.454102,-14.046484]]]}},{"type":"Feature","properties":{"scalerank":0,"featurecla":"Land","min_zoom":3},"bbox":[-170.820508,-14.359766,-170.568115,-14.257422],"geometry":{"type":"Polygon","coordinates":[[[-170.72627,-14.351172],[-170.820508,-14.312109],[-170.640479,-14.282227],[-170.72627,-14.351172]]]}},{"type":"Feature","properties":{"scalerank":0,"featurecla":"Land","min_zoom":3},"bbox":[-169.94834,-19.137891,-169.793408,-18.966016],"geometry":{"type":"Polygon","coordinates":[[[-169.803418,-19.083008],[-169.94834,-19.072852],[-169.861572,-18.968652],[-169.793408,-19.042578],[-169.803418,-19.083008]]]}},{"type":"Feature","properties":{"scalerank":0,"featurecla":"Land","min_zoom":4},"bbox":[-176.195361,-13.340918,-176.128076,-13.22168],"geometry":{"type":"Polygon","coordinates":[[[-176.160596,-13.332813],[-176.176904,-13.340918],[-176.195361,-13.30166],[-176.171191,-13.242578],[-176.147949,-13.22168],[-176.128076,-13.268164],[-176.160596,-13.332813]]]}},{"type":"Feature","properties":{"scalerank":0,"featurecla":"Land","min_zoom":4},"bbox":[-174.972949,-21.450586,-174.913135,-21.300488],"geometry":{"type":"Polygon","coordinates":[[[-174.913135,-21.300488],[-174.918652,-21.450586],[-174.967529,-21.381738],[-174.972949,-21.349805],[-174.923486,-21.303418],[-174.913135,-21.300488]]]}},{"type":"Feature","properties":{"scalerank":0,"featurecla":"Land","min_zoom":3},"bbox":[134.50625,7.360645,134.65957,7.712109],"geometry":{"type":"Polygon","coordinates":[[[134.59541,7.382031],[134.515723,7.525781],[134.651172,7.712109],[134.598242,7.438281],[134.59541,7.382031]]]}},{"type":"Feature","properties":{"scalerank":0,"featurecla":"Land","min_zoom":4},"bbox":[145.729102,18.056934,145.835449,18.172656],"geometry":{"type":"Polygon","coordinates":[[[145.777539,18.078955],[145.729102,18.056934],[145.789258,18.15542],[145.807422,18.172656],[145.835449,18.136768],[145.777539,18.078955]]]}},{"type":"Feature","properties":{"scalerank":0,"featurecla":"Land","min_zoom":3},"bbox":[145.684277,15.107227,145.821875,15.265381],"geometry":{"type":"Polygon","coordinates":[[[145.751953,15.133154],[145.821875,15.265381],[145.782324,15.174609],[145.751953,15.133154]]]}},{"type":"Feature","properties":{"scalerank":0,"featurecla":"Land","min_zoom":3},"bbox":[144.649316,13.25752,144.94082,13.622363],"geometry":{"type":"Polygon","coordinates":[[[144.741797,13.259277],[144.649316,13.428711],[144.909668,13.599023],[144.779883,13.411133],[144.741797,13.259277]]]}},{"type":"Feature","properties":{"scalerank":0,"featurecla":"Land","min_zoom":4},"bbox":[145.586719,14.919531,145.662305,15.060156],"geometry":{"type":"Polygon","coordinates":[[[145.662305,14.970508],[145.620996,14.919531],[145.591602,14.998828],[145.586719,15.030811],[145.624805,15.060156],[145.647363,15.059473],[145.662305,14.970508]]]}},{"type":"Feature","properties":{"scalerank":0,"featurecla":"Land","min_zoom":3},"bbox":[138.061914,9.419043,138.213574,9.593311],"geometry":{"type":"Polygon","coordinates":[[[138.142676,9.500684],[138.06709,9.419043],[138.18584,9.593311],[138.18252,9.507373],[138.142676,9.500684]]]}},{"type":"Feature","properties":{"scalerank":0,"featurecla":"Land","min_zoom":3},"bbox":[177.958691,-19.15166,178.487891,-18.934473],"geometry":{"type":"Polygon","coordinates":[[[178.487891,-18.974121],[177.958691,-19.121582],[178.420313,-18.950781],[178.487891,-18.974121]]]}},{"type":"Feature","properties":{"scalerank":0,"featurecla":"Land","min_zoom":3},"bbox":[167.403516,-14.311621,167.598926,-14.142188],"geometry":{"type":"Polygon","coordinates":[[[167.584863,-14.260938],[167.430273,-14.294922],[167.410742,-14.197461],[167.598926,-14.183789],[167.584863,-14.260938]]]}},{"type":"Feature","properties":{"scalerank":0,"featurecla":"Land","min_zoom":3},"bbox":[167.391797,-13.91709,167.553516,-13.709473],"geometry":{"type":"Polygon","coordinates":[[[167.488867,-13.907227],[167.391797,-13.788379],[167.481055,-13.709473],[167.498633,-13.88457],[167.488867,-13.907227]]]}},{"type":"Feature","properties":{"scalerank":0,"featurecla":"Land","min_zoom":3},"bbox":[169.7375,-20.241797,169.896289,-20.144727],"geometry":{"type":"Polygon","coordinates":[[[169.896289,-20.186621],[169.7375,-20.202148],[169.852344,-20.147949],[169.896289,-20.186621]]]}},{"type":"Feature","properties":{"scalerank":0,"featurecla":"Land","min_zoom":3},"bbox":[169.21748,-19.648828,169.491309,-19.321777],"geometry":{"type":"Polygon","coordinates":[[[169.491309,-19.540137],[169.347266,-19.623535],[169.247461,-19.344727],[169.359961,-19.457813],[169.491309,-19.540137]]]}},{"type":"Feature","properties":{"scalerank":0,"featurecla":"Land","min_zoom":2},"bbox":[168.986914,-18.988574,169.334375,-18.61748],"geometry":{"type":"Polygon","coordinates":[[[169.334375,-18.940234],[168.986914,-18.871289],[169.01582,-18.64375],[169.143848,-18.631055],[169.296191,-18.866797],[169.334375,-18.940234]]]}},{"type":"Feature","properties":{"scalerank":0,"featurecla":"Land","min_zoom":2},"bbox":[167.81543,-21.643164,168.139063,-21.337891],"geometry":{"type":"Polygon","coordinates":[[[168.010938,-21.42998],[168.139063,-21.445215],[168.120703,-21.61582],[167.966797,-21.641602],[167.81543,-21.392676],[167.994629,-21.406934],[168.010938,-21.42998]]]}},{"type":"Feature","properties":{"scalerank":0,"featurecla":"Land","min_zoom":3},"bbox":[166.493555,-20.708594,166.670801,-20.413379],"geometry":{"type":"Polygon","coordinates":[[[166.546777,-20.69873],[166.58252,-20.413379],[166.670801,-20.450195],[166.588867,-20.661914],[166.546777,-20.69873]]]}},{"type":"Feature","properties":{"scalerank":0,"featurecla":"Land","min_zoom":2},"bbox":[167.032715,-21.16875,167.430566,-20.673535],"geometry":{"type":"Polygon","coordinates":[[[167.400879,-21.160645],[167.072656,-20.997266],[167.189453,-20.803516],[167.055762,-20.720215],[167.268945,-20.700586],[167.430273,-21.087012],[167.400879,-21.160645]]]}},{"type":"Feature","properties":{"scalerank":0,"featurecla":"Land","min_zoom":3},"bbox":[167.42207,-22.661133,167.544434,-22.541406],"geometry":{"type":"Polygon","coordinates":[[[167.544434,-22.623242],[167.42207,-22.618555],[167.529492,-22.579199],[167.544434,-22.623242]]]}},{"type":"Feature","properties":{"scalerank":0,"featurecla":"Land","min_zoom":4},"bbox":[159.928223,-19.333105,159.975098,-19.114648],"geometry":{"type":"Polygon","coordinates":[[[159.951758,-19.311719],[159.936426,-19.333105],[159.928223,-19.174316],[159.959863,-19.114648],[159.975098,-19.238281],[159.951758,-19.311719]]]}},{"type":"Feature","properties":{"scalerank":0,"featurecla":"Land","min_zoom":3},"bbox":[166.747461,-11.681348,166.929199,-11.571289],"geometry":{"type":"Polygon","coordinates":[[[166.929199,-11.665137],[166.747461,-11.59082],[166.875098,-11.629688],[166.929199,-11.665137]]]}},{"type":"Feature","properties":{"scalerank":0,"featurecla":"Land","min_zoom":3},"bbox":[165.79043,-10.851465,166.162109,-10.661133],"geometry":{"type":"Polygon","coordinates":[[[166.133203,-10.757812],[165.791016,-10.784766],[165.90918,-10.674316],[166.129883,-10.745215],[166.133203,-10.757812]]]}},{"type":"Feature","properties":{"scalerank":0,"featurecla":"Land","min_zoom":2},"bbox":[159.979297,-11.832227,160.57627,-11.471973],"geometry":{"type":"Polygon","coordinates":[[[160.57627,-11.797852],[159.986328,-11.494727],[160.537109,-11.758789],[160.57627,-11.797852]]]}},{"type":"Feature","properties":{"scalerank":0,"featurecla":"Land","min_zoom":1.5},"bbox":[160.59043,-9.61123,161.377539,-8.313965],"geometry":{"type":"Polygon","coordinates":[[[160.749414,-8.313965],[160.997656,-8.612012],[160.944336,-8.799023],[161.158691,-8.961816],[161.367383,-9.61123],[160.77207,-8.963867],[160.59043,-8.372754],[160.702148,-8.316504],[160.749414,-8.313965]]]}},{"type":"Feature","properties":{"scalerank":0,"featurecla":"Land","min_zoom":1.5},"bbox":[161.285547,-10.832129,162.37334,-10.204395],"geometry":{"type":"Polygon","coordinates":[[[161.715332,-10.387305],[162.105371,-10.453809],[162.37334,-10.823242],[161.786816,-10.716895],[161.537891,-10.566406],[161.487012,-10.361426],[161.293945,-10.326465],[161.304785,-10.204395],[161.697949,-10.371289],[161.715332,-10.387305]]]}},{"type":"Feature","properties":{"scalerank":0,"featurecla":"Land","min_zoom":1},"bbox":[161.36416,-9.769727,161.558887,-9.353418],"geometry":{"type":"Polygon","coordinates":[[[161.547852,-9.625684],[161.553809,-9.769727],[161.409766,-9.681641],[161.406836,-9.368457],[161.547852,-9.625684]]]}},{"type":"Feature","properties":{"scalerank":0,"featurecla":"Land","min_zoom":3},"bbox":[159.036328,-9.125977,159.233984,-8.993066],"geometry":{"type":"Polygon","coordinates":[[[159.188574,-9.123535],[159.036328,-9.075],[159.129785,-8.993066],[159.233984,-9.09375],[159.188574,-9.123535]]]}},{"type":"Feature","properties":{"scalerank":0,"featurecla":"Land","min_zoom":3},"bbox":[160.096289,-9.18125,160.40752,-8.995508],"geometry":{"type":"Polygon","coordinates":[[[160.168164,-8.995508],[160.40752,-9.140332],[160.096289,-9.033984],[160.168164,-8.995508]]]}},{"type":"Feature","properties":{"scalerank":0,"featurecla":"Land","min_zoom":3},"bbox":[159.538477,-8.521484,159.687695,-8.379492],"geometry":{"type":"Polygon","coordinates":[[[159.687695,-8.50791],[159.538477,-8.451367],[159.646289,-8.450391],[159.687695,-8.50791]]]}},{"type":"Feature","properties":{"scalerank":0,"featurecla":"Land","min_zoom":2},"bbox":[157.217578,-8.612012,157.898438,-7.965723],"geometry":{"type":"Polygon","coordinates":[[[157.763477,-8.242188],[157.898438,-8.506348],[157.819336,-8.612012],[157.587891,-8.44541],[157.558008,-8.269922],[157.217578,-8.262793],[157.490625,-7.965723],[157.65127,-8.216797],[157.763477,-8.242188]]]}},{"type":"Feature","properties":{"scalerank":0,"featurecla":"Land","min_zoom":4},"bbox":[158.155371,-8.825781,158.253418,-8.678125],"geometry":{"type":"Polygon","coordinates":[[[158.200781,-8.821973],[158.178809,-8.825781],[158.155371,-8.785938],[158.209961,-8.678125],[158.236328,-8.764844],[158.253418,-8.797363],[158.200781,-8.821973]]]}},{"type":"Feature","properties":{"scalerank":0,"featurecla":"Land","min_zoom":3},"bbox":[157.879297,-8.763086,158.132227,-8.508203],"geometry":{"type":"Polygon","coordinates":[[[158.10791,-8.68418],[158.009473,-8.763086],[157.879297,-8.66875],[157.998438,-8.508203],[158.103516,-8.646484],[158.10791,-8.68418]]]}},{"type":"Feature","properties":{"scalerank":0,"featurecla":"Land","min_zoom":3},"bbox":[157.212305,-8.728125,157.410938,-8.420898],"geometry":{"type":"Polygon","coordinates":[[[157.388965,-8.713477],[157.212305,-8.565039],[157.379492,-8.420898],[157.332227,-8.650684],[157.388965,-8.713477]]]}},{"type":"Feature","properties":{"scalerank":0,"featurecla":"Land","min_zoom":2},"bbox":[156.502441,-7.936816,156.809082,-7.574023],"geometry":{"type":"Polygon","coordinates":[[[156.687891,-7.923047],[156.510938,-7.707813],[156.560938,-7.574023],[156.809082,-7.722852],[156.708008,-7.876953],[156.687891,-7.923047]]]}},{"type":"Feature","properties":{"scalerank":0,"featurecla":"Land","min_zoom":3},"bbox":[156.539648,-8.196289,156.612402,-7.958789],"geometry":{"type":"Polygon","coordinates":[[[156.603906,-8.171582],[156.570312,-7.958789],[156.612402,-8.096191],[156.603906,-8.171582]]]}},{"type":"Feature","properties":{"scalerank":0,"featurecla":"Land","min_zoom":2},"bbox":[156.958301,-8.123242,157.200586,-7.855469],"geometry":{"type":"Polygon","coordinates":[[[157.171875,-8.108105],[157.041211,-8.11748],[156.958984,-7.937988],[157.102734,-7.855469],[157.191504,-8.081836],[157.171875,-8.108105]]]}},{"type":"Feature","properties":{"scalerank":0,"featurecla":"Land","min_zoom":3},"bbox":[155.677539,-7.121094,155.864648,-6.972949],"geometry":{"type":"Polygon","coordinates":[[[155.839844,-7.097168],[155.739355,-7.121094],[155.677539,-7.088965],[155.70498,-7.012695],[155.738965,-6.972949],[155.864648,-7.043262],[155.839844,-7.097168]]]}},{"type":"Feature","properties":{"scalerank":0,"featurecla":"Land","min_zoom":4},"bbox":[162.921094,5.277246,162.993457,5.33501],"geometry":{"type":"Polygon","coordinates":[[[162.983203,5.325732],[162.993457,5.277246],[162.929883,5.300781],[162.921094,5.31792],[162.958203,5.33501],[162.983203,5.325732]]]}},{"type":"Feature","properties":{"scalerank":0,"featurecla":"Land","min_zoom":3},"bbox":[158.127637,6.791016,158.334961,6.977734],"geometry":{"type":"Polygon","coordinates":[[[158.314844,6.813672],[158.183398,6.80127],[158.134766,6.944824],[158.309375,6.854639],[158.314844,6.813672]]]}},{"type":"Feature","properties":{"scalerank":0,"featurecla":"Land","min_zoom":3},"bbox":[175.336621,-36.333887,175.551172,-36.070898],"geometry":{"type":"Polygon","coordinates":[[[175.543164,-36.279297],[175.336621,-36.134766],[175.512598,-36.176953],[175.543164,-36.279297]]]}},{"type":"Feature","properties":{"scalerank":0,"featurecla":"Land","min_zoom":3},"bbox":[173.780859,-40.921777,173.964453,-40.712988],"geometry":{"type":"Polygon","coordinates":[[[173.914648,-40.863672],[173.780859,-40.921777],[173.812402,-40.793652],[173.958008,-40.786816],[173.914648,-40.863672]]]}},{"type":"Feature","properties":{"scalerank":0,"featurecla":"Land","min_zoom":3},"bbox":[166.532031,-45.729883,166.746289,-45.615039],"geometry":{"type":"Polygon","coordinates":[[[166.746289,-45.655859],[166.532031,-45.699805],[166.731445,-45.638672],[166.746289,-45.655859]]]}},{"type":"Feature","properties":{"scalerank":0,"featurecla":"Land","min_zoom":2},"bbox":[-176.847656,-44.116602,-176.177637,-43.717578],"geometry":{"type":"Polygon","coordinates":[[[-176.177637,-43.740332],[-176.381738,-43.866797],[-176.499121,-43.768066],[-176.333838,-44.048438],[-176.571533,-44.114941],[-176.555127,-43.851953],[-176.847656,-43.823926],[-176.566113,-43.717578],[-176.177637,-43.740332]]]}},{"type":"Feature","properties":{"scalerank":0,"featurecla":"Land","min_zoom":4},"bbox":[-176.229297,-44.330566,-176.122559,-44.224512],"geometry":{"type":"Polygon","coordinates":[[[-176.176465,-44.32168],[-176.220801,-44.330566],[-176.2146,-44.273535],[-176.229297,-44.236719],[-176.154687,-44.224512],[-176.122559,-44.268457],[-176.176465,-44.32168]]]}},{"type":"Feature","properties":{"scalerank":0,"featurecla":"Land","min_zoom":4},"bbox":[169.021777,-52.570312,169.233496,-52.485156],"geometry":{"type":"Polygon","coordinates":[[[169.178223,-52.497266],[169.021777,-52.49541],[169.128613,-52.485156],[169.178223,-52.497266]]]}},{"type":"Feature","properties":{"scalerank":0,"featurecla":"Land","min_zoom":3},"bbox":[165.88916,-50.846094,166.26748,-50.530957],"geometry":{"type":"Polygon","coordinates":[[[166.221094,-50.761523],[166.242871,-50.845703],[165.88916,-50.807715],[166.101367,-50.538965],[166.26748,-50.558594],[166.200781,-50.750879],[166.221094,-50.761523]]]}},{"type":"Feature","properties":{"scalerank":0,"featurecla":"Land","min_zoom":2},"bbox":[167.521973,-47.263672,168.260645,-46.694434],"geometry":{"type":"Polygon","coordinates":[[[168.144922,-46.862207],[168.043164,-46.932617],[168.240918,-47.07002],[167.521973,-47.258691],[167.800781,-46.906543],[167.783984,-46.699805],[167.955762,-46.694434],[168.144922,-46.862207]]]}},{"type":"Feature","properties":{"scalerank":0,"featurecla":"Land","min_zoom":3},"bbox":[136.942676,-15.824414,137.093652,-15.594824],"geometry":{"type":"Polygon","coordinates":[[[137.093652,-15.778125],[136.942676,-15.711719],[137.00957,-15.594824],[137.071094,-15.738086],[137.093652,-15.778125]]]}},{"type":"Feature","properties":{"scalerank":0,"featurecla":"Land","min_zoom":4},"bbox":[136.845605,-15.627344,136.890234,-15.502539],"geometry":{"type":"Polygon","coordinates":[[[136.862695,-15.619922],[136.846777,-15.627344],[136.845605,-15.544043],[136.876855,-15.502539],[136.890234,-15.588867],[136.862695,-15.619922]]]}},{"type":"Feature","properties":{"scalerank":0,"featurecla":"Land","min_zoom":3},"bbox":[136.502734,-15.632422,136.612305,-15.533691],"geometry":{"type":"Polygon","coordinates":[[[136.591016,-15.628223],[136.502734,-15.583105],[136.612305,-15.544141],[136.591016,-15.628223]]]}},{"type":"Feature","properties":{"scalerank":0,"featurecla":"Land","min_zoom":3},"bbox":[132.483789,-11.318359,132.629102,-10.968848],"geometry":{"type":"Polygon","coordinates":[[[132.593359,-11.302832],[132.483789,-11.037305],[132.578809,-10.968848],[132.629102,-11.169141],[132.593359,-11.302832]]]}},{"type":"Feature","properties":{"scalerank":0,"featurecla":"Land","min_zoom":4},"bbox":[148.938867,-20.302539,149.045313,-20.153516],"geometry":{"type":"Polygon","coordinates":[[[149.04375,-20.291504],[148.938867,-20.283691],[148.981055,-20.153516],[149.045313,-20.277539],[149.04375,-20.291504]]]}},{"type":"Feature","properties":{"scalerank":0,"featurecla":"Land","min_zoom":4},"bbox":[148.886914,-20.154297,148.967871,-20.044336],"geometry":{"type":"Polygon","coordinates":[[[148.935547,-20.149902],[148.967871,-20.044336],[148.95625,-20.134668],[148.935547,-20.149902]]]}},{"type":"Feature","properties":{"scalerank":0,"featurecla":"Land","min_zoom":3},"bbox":[146.098828,-18.484766,146.341992,-18.225879],"geometry":{"type":"Polygon","coordinates":[[[146.27832,-18.23125],[146.298828,-18.484766],[146.098828,-18.251758],[146.249121,-18.225879],[146.27832,-18.23125]]]}},{"type":"Feature","properties":{"scalerank":0,"featurecla":"Land","min_zoom":3},"bbox":[142.125488,-10.762012,142.274805,-10.591992],"geometry":{"type":"Polygon","coordinates":[[[142.274805,-10.704785],[142.191406,-10.762012],[142.137207,-10.731934],[142.125488,-10.668457],[142.131055,-10.640625],[142.197949,-10.591992],[142.274805,-10.704785]]]}},{"type":"Feature","properties":{"scalerank":0,"featurecla":"Land","min_zoom":3},"bbox":[142.195117,-10.254199,142.338965,-10.14043],"geometry":{"type":"Polygon","coordinates":[[[142.338965,-10.192188],[142.279395,-10.254199],[142.216211,-10.235645],[142.195117,-10.199316],[142.21875,-10.149414],[142.29873,-10.14043],[142.338965,-10.192188]]]}},{"type":"Feature","properties":{"scalerank":0,"featurecla":"Land","min_zoom":4},"bbox":[142.097656,-10.18125,142.191992,-10.051758],"geometry":{"type":"Polygon","coordinates":[[[142.167578,-10.154102],[142.141992,-10.18125],[142.097656,-10.121777],[142.148828,-10.051758],[142.191992,-10.085254],[142.167578,-10.154102]]]}},{"type":"Feature","properties":{"scalerank":0,"featurecla":"Land","min_zoom":2},"bbox":[139.147656,-16.741699,139.697754,-16.395215],"geometry":{"type":"Polygon","coordinates":[[[139.507812,-16.573047],[139.15957,-16.741699],[139.292969,-16.467285],[139.587891,-16.395215],[139.697754,-16.514941],[139.559668,-16.529492],[139.507812,-16.573047]]]}},{"type":"Feature","properties":{"scalerank":0,"featurecla":"Land","min_zoom":3},"bbox":[139.408203,-17.131641,139.570898,-16.99043],"geometry":{"type":"Polygon","coordinates":[[[139.45918,-17.114551],[139.492773,-16.99043],[139.570898,-17.094434],[139.45918,-17.114551]]]}},{"type":"Feature","properties":{"scalerank":0,"featurecla":"Land","min_zoom":2},"bbox":[136.335449,-14.293066,136.950781,-13.675879],"geometry":{"type":"Polygon","coordinates":[[[136.714648,-13.803906],[136.89082,-13.786621],[136.745313,-14.072656],[136.950781,-14.184277],[136.894336,-14.293066],[136.335449,-14.211816],[136.424707,-13.864844],[136.695996,-13.726172],[136.714648,-13.803906]]]}},{"type":"Feature","properties":{"scalerank":0,"featurecla":"Land","min_zoom":3},"bbox":[136.122266,-13.835938,136.275391,-13.664746],"geometry":{"type":"Polygon","coordinates":[[[136.237402,-13.824512],[136.122656,-13.816602],[136.21543,-13.664746],[136.275391,-13.791113],[136.237402,-13.824512]]]}},{"type":"Feature","properties":{"scalerank":0,"featurecla":"Land","min_zoom":3},"bbox":[136.52168,-11.438867,136.780273,-11.0125],"geometry":{"type":"Polygon","coordinates":[[[136.598535,-11.378906],[136.526563,-11.438867],[136.780273,-11.0125],[136.741406,-11.194629],[136.598535,-11.378906]]]}},{"type":"Feature","properties":{"scalerank":0,"featurecla":"Land","min_zoom":3},"bbox":[136.180273,-11.676758,136.479297,-11.465918],"geometry":{"type":"Polygon","coordinates":[[[136.338672,-11.602344],[136.180273,-11.676758],[136.479297,-11.465918],[136.379395,-11.583203],[136.338672,-11.602344]]]}},{"type":"Feature","properties":{"scalerank":0,"featurecla":"Land","min_zoom":2},"bbox":[130.043262,-11.835645,130.60625,-11.336816],"geometry":{"type":"Polygon","coordinates":[[[130.459277,-11.679297],[130.60625,-11.816602],[130.043262,-11.787305],[130.294922,-11.336816],[130.432813,-11.592188],[130.459277,-11.679297]]]}},{"type":"Feature","properties":{"scalerank":0,"featurecla":"Land","min_zoom":2},"bbox":[130.368555,-11.926465,131.538574,-11.180469],"geometry":{"type":"Polygon","coordinates":[[[130.618848,-11.376074],[131.268262,-11.189844],[131.538574,-11.436914],[130.950977,-11.926465],[130.511914,-11.617871],[130.368555,-11.214941],[130.559766,-11.305957],[130.618848,-11.376074]]]}},{"type":"Feature","properties":{"scalerank":0,"featurecla":"Land","min_zoom":3},"bbox":[125.091211,-14.641699,125.198828,-14.456055],"geometry":{"type":"Polygon","coordinates":[[[125.198828,-14.579492],[125.091211,-14.591699],[125.159961,-14.456055],[125.193555,-14.552637],[125.198828,-14.579492]]]}},{"type":"Feature","properties":{"scalerank":0,"featurecla":"Land","min_zoom":3},"bbox":[124.482813,-15.430176,124.605078,-15.26748],"geometry":{"type":"Polygon","coordinates":[[[124.597266,-15.401953],[124.519336,-15.26748],[124.605078,-15.356543],[124.597266,-15.401953]]]}},{"type":"Feature","properties":{"scalerank":0,"featurecla":"Land","min_zoom":3},"bbox":[115.308594,-20.866016,115.457617,-20.667969],"geometry":{"type":"Polygon","coordinates":[[[115.446191,-20.787793],[115.318066,-20.850586],[115.457617,-20.716309],[115.446191,-20.787793]]]}},{"type":"Feature","properties":{"scalerank":0,"featurecla":"Land","min_zoom":3},"bbox":[112.908203,-26.094531,113.183008,-25.520215],"geometry":{"type":"Polygon","coordinates":[[[113.183008,-26.053125],[112.964258,-25.783105],[112.94707,-25.531543],[113.14834,-25.973828],[113.183008,-26.053125]]]}},{"type":"Feature","properties":{"scalerank":0,"featurecla":"Land","min_zoom":3},"bbox":[147.104688,-43.500781,147.356055,-43.278906],"geometry":{"type":"Polygon","coordinates":[[[147.356055,-43.396973],[147.308887,-43.500781],[147.10498,-43.431152],[147.283887,-43.278906],[147.34248,-43.346289],[147.356055,-43.396973]]]}},{"type":"Feature","properties":{"scalerank":0,"featurecla":"Land","min_zoom":3},"bbox":[148.022754,-42.719238,148.169531,-42.593164],"geometry":{"type":"Polygon","coordinates":[[[148.104297,-42.710449],[148.072559,-42.593164],[148.100586,-42.680566],[148.104297,-42.710449]]]}},{"type":"Feature","properties":{"scalerank":0,"featurecla":"Land","min_zoom":3},"bbox":[147.296094,-43.24082,147.43457,-43.080273],"geometry":{"type":"Polygon","coordinates":[[[147.43457,-43.240723],[147.296094,-43.161719],[147.397266,-43.118262],[147.43457,-43.240723]]]}},{"type":"Feature","properties":{"scalerank":0,"featurecla":"Land","min_zoom":4},"bbox":[144.710156,-40.589453,144.79082,-40.434863],"geometry":{"type":"Polygon","coordinates":[[[144.784375,-40.506738],[144.748047,-40.589453],[144.710156,-40.485254],[144.751172,-40.470215],[144.783398,-40.434863],[144.79082,-40.440332],[144.784375,-40.506738]]]}},{"type":"Feature","properties":{"scalerank":0,"featurecla":"Land","min_zoom":2},"bbox":[143.838574,-40.120215,144.141016,-39.580176],"geometry":{"type":"Polygon","coordinates":[[[143.92793,-40.116113],[143.838574,-39.904102],[143.948828,-39.583691],[144.120898,-39.785254],[144.035059,-40.078223],[143.92793,-40.116113]]]}},{"type":"Feature","properties":{"scalerank":0,"featurecla":"Land","min_zoom":3},"bbox":[148.010449,-40.497266,148.474219,-40.306934],"geometry":{"type":"Polygon","coordinates":[[[148.32627,-40.306934],[148.474219,-40.432422],[148.404004,-40.486523],[148.010449,-40.380566],[148.198145,-40.35791],[148.32627,-40.306934]]]}},{"type":"Feature","properties":{"scalerank":0,"featurecla":"Land","min_zoom":2},"bbox":[147.767188,-40.262109,148.323242,-39.725977],"geometry":{"type":"Polygon","coordinates":[[[148.000391,-39.757617],[148.297363,-39.985742],[148.313574,-40.173535],[148.046875,-40.212793],[147.767188,-39.870313],[147.933008,-39.725977],[148.000391,-39.757617]]]}},{"type":"Feature","properties":{"scalerank":0,"featurecla":"Land","min_zoom":4},"bbox":[148.117285,-40.592578,148.236914,-40.503125],"geometry":{"type":"Polygon","coordinates":[[[148.236914,-40.515137],[148.187793,-40.592578],[148.126953,-40.543945],[148.117285,-40.521484],[148.193164,-40.503125],[148.218359,-40.505078],[148.236914,-40.515137]]]}},{"type":"Feature","properties":{"scalerank":0,"featurecla":"Land","min_zoom":2},"bbox":[136.540625,-36.074805,138.123438,-35.59248],"geometry":{"type":"Polygon","coordinates":[[[137.596484,-35.738672],[137.928906,-35.726074],[138.123438,-35.852344],[137.670898,-35.897949],[137.448438,-36.074805],[136.755078,-36.033105],[136.540625,-35.890137],[136.638672,-35.748828],[137.334082,-35.59248],[137.584961,-35.620215],[137.598145,-35.722266],[137.596484,-35.738672]]]}},{"type":"Feature","properties":{"scalerank":0,"featurecla":"Land","min_zoom":3},"bbox":[145.280273,-38.420996,145.486523,-38.31416],"geometry":{"type":"Polygon","coordinates":[[[145.486523,-38.354883],[145.33584,-38.420996],[145.280273,-38.390625],[145.28584,-38.341016],[145.295313,-38.318945],[145.426563,-38.31416],[145.486523,-38.354883]]]}},{"type":"Feature","properties":{"scalerank":0,"featurecla":"Land","min_zoom":4},"bbox":[145.128418,-38.557031,145.355078,-38.458594],"geometry":{"type":"Polygon","coordinates":[[[145.314453,-38.49082],[145.128418,-38.527637],[145.287891,-38.472168],[145.314453,-38.49082]]]}},{"type":"Feature","properties":{"scalerank":0,"featurecla":"Land","min_zoom":3},"bbox":[153.395801,-27.711719,153.53877,-27.405371],"geometry":{"type":"Polygon","coordinates":[[[153.53877,-27.436426],[153.426563,-27.706445],[153.400879,-27.505664],[153.521875,-27.422461],[153.53877,-27.436426]]]}},{"type":"Feature","properties":{"scalerank":0,"featurecla":"Land","min_zoom":3},"bbox":[153.365039,-27.330957,153.466797,-27.029883],"geometry":{"type":"Polygon","coordinates":[[[153.44248,-27.316016],[153.432324,-27.029883],[153.426367,-27.201465],[153.44248,-27.316016]]]}},{"type":"Feature","properties":{"scalerank":0,"featurecla":"Land","min_zoom":2},"bbox":[152.97666,-25.77832,153.359277,-24.728906],"geometry":{"type":"Polygon","coordinates":[[[153.077441,-25.750781],[152.97666,-25.551367],[153.038086,-25.193164],[153.227539,-25.005762],[153.14375,-24.814844],[153.256934,-24.728906],[153.350195,-25.063086],[153.083789,-25.68252],[153.077441,-25.750781]]]}},{"type":"Feature","properties":{"scalerank":0,"featurecla":"Land","min_zoom":3},"bbox":[151.033301,-23.775781,151.295801,-23.460547],"geometry":{"type":"Polygon","coordinates":[[[151.146582,-23.49082],[151.238281,-23.775781],[151.059961,-23.460547],[151.146582,-23.49082]]]}},{"type":"Feature","properties":{"scalerank":0,"featurecla":"Land","min_zoom":4},"bbox":[150.462402,-22.324707,150.548828,-22.210742],"geometry":{"type":"Polygon","coordinates":[[[150.516699,-22.322559],[150.488477,-22.210742],[150.548828,-22.306934],[150.516699,-22.322559]]]}},{"type":"Feature","properties":{"scalerank":0,"featurecla":"Land","min_zoom":4},"bbox":[149.869531,-22.223242,149.92832,-22.04873],"geometry":{"type":"Polygon","coordinates":[[[149.92832,-22.193066],[149.893652,-22.223242],[149.869531,-22.150391],[149.875391,-22.074023],[149.912305,-22.04873],[149.92793,-22.149316],[149.92832,-22.193066]]]}},{"type":"Feature","properties":{"scalerank":0,"featurecla":"Land","min_zoom":3},"bbox":[117.272266,8.191016,117.355273,8.31499],"geometry":{"type":"Polygon","coordinates":[[[117.355273,8.214648],[117.287012,8.191016],[117.272266,8.253516],[117.280859,8.31499],[117.32959,8.308496],[117.353711,8.289258],[117.355273,8.214648]]]}},{"type":"Feature","properties":{"scalerank":0,"featurecla":"Land","min_zoom":3},"bbox":[116.969531,7.80752,117.079883,8.069141],"geometry":{"type":"Polygon","coordinates":[[[117.079883,7.883398],[117.02832,7.80752],[116.969531,7.894922],[116.975781,8.01665],[116.993555,8.050537],[117.077051,8.069141],[117.079883,7.883398]]]}},{"type":"Feature","properties":{"scalerank":0,"featurecla":"Land","min_zoom":3},"bbox":[119.764453,10.455273,120.008398,10.640137],"geometry":{"type":"Polygon","coordinates":[[[119.916211,10.485986],[119.764453,10.551611],[119.852051,10.640137],[119.981152,10.538721],[119.916211,10.485986]]]}},{"type":"Feature","properties":{"scalerank":0,"featurecla":"Land","min_zoom":3},"bbox":[119.725586,11.375684,119.88291,11.525342],"geometry":{"type":"Polygon","coordinates":[[[119.861426,11.525342],[119.830664,11.375684],[119.725586,11.474658],[119.826758,11.51543],[119.861426,11.525342]]]}},{"type":"Feature","properties":{"scalerank":0,"featurecla":"Land","min_zoom":2},"bbox":[119.865918,11.99375,120.341406,12.319092],"geometry":{"type":"Polygon","coordinates":[[[120.1,12.167676],[120.228223,12.219824],[120.314551,12.012402],[120.010547,12.008252],[119.885742,12.299854],[120.077539,12.197754],[120.1,12.167676]]]}},{"type":"Feature","properties":{"scalerank":0,"featurecla":"Land","min_zoom":3},"bbox":[119.860938,11.669385,120.073145,11.981348],"geometry":{"type":"Polygon","coordinates":[[[120.03877,11.70332],[119.944922,11.690723],[119.860938,11.953955],[120.035937,11.917236],[120.073145,11.783496],[120.03877,11.70332]]]}},{"type":"Feature","properties":{"scalerank":0,"featurecla":"Land","min_zoom":3},"bbox":[122.516699,10.424951,122.737207,10.740625],"geometry":{"type":"Polygon","coordinates":[[[122.649512,10.472705],[122.538379,10.424951],[122.5375,10.607568],[122.70127,10.740625],[122.68125,10.498242],[122.649512,10.472705]]]}},{"type":"Feature","properties":{"scalerank":0,"featurecla":"Land","min_zoom":1},"bbox":[123.316016,9.422949,124.05791,11.273535],"geometry":{"type":"Polygon","coordinates":[[[123.370313,9.449609],[123.38623,9.96709],[124.038867,11.273535],[124.00498,10.400098],[123.700488,10.12832],[123.493555,9.589307],[123.370313,9.449609]]]}},{"type":"Feature","properties":{"scalerank":0,"featurecla":"Land","min_zoom":3},"bbox":[123.707617,11.150732,123.815625,11.283301],"geometry":{"type":"Polygon","coordinates":[[[123.757031,11.283301],[123.815625,11.150732],[123.736719,11.151465],[123.707617,11.247998],[123.741406,11.27915],[123.757031,11.283301]]]}},{"type":"Feature","properties":{"scalerank":0,"featurecla":"Land","min_zoom":2},"bbox":[123.817187,9.599316,124.593848,10.159912],"geometry":{"type":"Polygon","coordinates":[[[124.593848,9.787207],[124.122461,9.599316],[123.935645,9.623975],[123.817187,9.817383],[124.335742,10.159912],[124.577148,10.026709],[124.582227,9.82959],[124.593848,9.787207]]]}},{"type":"Feature","properties":{"scalerank":0,"featurecla":"Land","min_zoom":3},"bbox":[124.639063,9.083105,124.806641,9.243164],"geometry":{"type":"Polygon","coordinates":[[[124.806641,9.142627],[124.639063,9.175098],[124.790234,9.190088],[124.806641,9.142627]]]}},{"type":"Feature","properties":{"scalerank":0,"featurecla":"Land","min_zoom":3},"bbox":[123.493457,9.10332,123.70625,9.27876],"geometry":{"type":"Polygon","coordinates":[[[123.697656,9.237305],[123.70625,9.133545],[123.540723,9.129736],[123.493555,9.215527],[123.654883,9.27876],[123.697656,9.237305]]]}},{"type":"Feature","properties":{"scalerank":0,"featurecla":"Land","min_zoom":3},"bbox":[119.821484,5.060205,120.250391,5.340088],"geometry":{"type":"Polygon","coordinates":[[[120.250391,5.256592],[119.821484,5.069531],[120.229395,5.284082],[120.250391,5.256592]]]}},{"type":"Feature","properties":{"scalerank":0,"featurecla":"Land","min_zoom":2},"bbox":[121.808691,6.414551,122.323535,6.740723],"geometry":{"type":"Polygon","coordinates":[[[122.092871,6.42832],[121.95918,6.41582],[121.832031,6.664062],[122.058301,6.740723],[122.288086,6.638916],[122.200977,6.48291],[122.092871,6.42832]]]}},{"type":"Feature","properties":{"scalerank":0,"featurecla":"Land","min_zoom":3},"bbox":[125.991211,9.760791,126.172559,10.059229],"geometry":{"type":"Polygon","coordinates":[[[126.059375,9.766211],[126.073828,10.059229],[126.136914,9.767773],[126.059375,9.766211]]]}},{"type":"Feature","properties":{"scalerank":0,"featurecla":"Land","min_zoom":2},"bbox":[125.494824,9.886475,125.70332,10.440137],"geometry":{"type":"Polygon","coordinates":[[[125.690234,9.914453],[125.494824,10.118701],[125.666797,10.440137],[125.69248,9.939014],[125.690234,9.914453]]]}},{"type":"Feature","properties":{"scalerank":0,"featurecla":"Land","min_zoom":3},"bbox":[120.099414,13.682959,120.272852,13.858057],"geometry":{"type":"Polygon","coordinates":[[[120.271289,13.750684],[120.104199,13.782373],[120.211426,13.820654],[120.271289,13.750684]]]}},{"type":"Feature","properties":{"scalerank":0,"featurecla":"Land","min_zoom":2},"bbox":[121.815039,13.20498,122.122363,13.566162],"geometry":{"type":"Polygon","coordinates":[[[121.914844,13.540332],[122.114551,13.463184],[122.004883,13.20498],[121.829199,13.328613],[121.866211,13.566162],[121.914844,13.540332]]]}},{"type":"Feature","properties":{"scalerank":0,"featurecla":"Land","min_zoom":2},"bbox":[121.923242,12.105615,122.14502,12.652637],"geometry":{"type":"Polygon","coordinates":[[[122.094043,12.354883],[122.013965,12.105615],[121.923242,12.331299],[122.001563,12.598535],[122.14502,12.652637],[122.131641,12.537549],[122.094043,12.354883]]]}},{"type":"Feature","properties":{"scalerank":0,"featurecla":"Land","min_zoom":4},"bbox":[122.247852,12.498291,122.31084,12.59292],"geometry":{"type":"Polygon","coordinates":[[[122.31084,12.528809],[122.279785,12.498291],[122.260938,12.503076],[122.247852,12.556934],[122.278027,12.59292],[122.2875,12.589258],[122.31084,12.528809]]]}},{"type":"Feature","properties":{"scalerank":0,"featurecla":"Land","min_zoom":3},"bbox":[122.422949,12.285596,122.683301,12.491943],"geometry":{"type":"Polygon","coordinates":[[[122.654492,12.309033],[122.422949,12.455078],[122.603613,12.491602],[122.683301,12.382324],[122.654492,12.309033]]]}},{"type":"Feature","properties":{"scalerank":0,"featurecla":"Land","min_zoom":3},"bbox":[122.949023,12.70083,123.367188,13.116162],"geometry":{"type":"Polygon","coordinates":[[[123.281836,12.853418],[123.367188,12.70083],[122.95752,13.107178],[123.20625,12.90542],[123.281836,12.853418]]]}},{"type":"Feature","properties":{"scalerank":0,"featurecla":"Land","min_zoom":3},"bbox":[123.587207,12.36626,123.779102,12.674902],"geometry":{"type":"Polygon","coordinates":[[[123.775391,12.453906],[123.779102,12.36626],[123.587207,12.633301],[123.708691,12.610791],[123.775391,12.453906]]]}},{"type":"Feature","properties":{"scalerank":0,"featurecla":"Land","min_zoom":2},"bbox":[123.155859,11.752441,124.055664,12.583496],"geometry":{"type":"Polygon","coordinates":[[[123.716602,12.287354],[124.040332,11.966797],[124.045508,11.752441],[123.47373,12.21665],[123.157813,11.925635],[123.236426,12.583496],[123.574805,12.406934],[123.716602,12.287354]]]}},{"type":"Feature","properties":{"scalerank":0,"featurecla":"Land","min_zoom":2},"bbox":[124.038867,13.531543,124.417188,14.077588],"geometry":{"type":"Polygon","coordinates":[[[124.353613,13.632227],[124.175391,13.531543],[124.057031,13.605566],[124.18623,14.059521],[124.417188,13.871045],[124.404004,13.679443],[124.353613,13.632227]]]}},{"type":"Feature","properties":{"scalerank":0,"featurecla":"Land","min_zoom":3},"bbox":[121.945996,14.008008,122.175391,14.22876],"geometry":{"type":"Polygon","coordinates":[[[122.175391,14.048828],[122.172266,14.008008],[121.95625,14.156055],[121.946387,14.181494],[121.945996,14.205127],[121.95918,14.22876],[122.175391,14.048828]]]}},{"type":"Feature","properties":{"scalerank":0,"featurecla":"Land","min_zoom":3},"bbox":[121.820312,14.656055,122.051562,15.046387],"geometry":{"type":"Polygon","coordinates":[[[122.033496,15.005029],[121.933008,14.656055],[121.820312,14.963574],[121.97168,15.046387],[122.033496,15.005029]]]}},{"type":"Feature","properties":{"scalerank":0,"featurecla":"Land","min_zoom":3},"bbox":[121.825195,18.8229,121.987891,19.010449],"geometry":{"type":"Polygon","coordinates":[[[121.92168,18.894727],[121.825195,18.842725],[121.888867,18.991553],[121.987891,18.956641],[121.92168,18.894727]]]}},{"type":"Feature","properties":{"scalerank":0,"featurecla":"Land","min_zoom":4},"bbox":[121.184863,19.015186,121.252246,19.183594],"geometry":{"type":"Polygon","coordinates":[[[121.252246,19.082422],[121.24668,19.015186],[121.196094,19.050684],[121.184863,19.101416],[121.189941,19.138916],[121.213184,19.183594],[121.244727,19.143018],[121.252246,19.082422]]]}},{"type":"Feature","properties":{"scalerank":0,"featurecla":"Land","min_zoom":3},"bbox":[121.374609,19.271338,121.53125,19.399365],"geometry":{"type":"Polygon","coordinates":[[[121.520898,19.361963],[121.47207,19.27334],[121.391602,19.399365],[121.520898,19.361963]]]}},{"type":"Feature","properties":{"scalerank":0,"featurecla":"Land","min_zoom":4},"bbox":[121.914062,20.353711,122.031152,20.47959],"geometry":{"type":"Polygon","coordinates":[[[121.960059,20.365869],[121.941309,20.353711],[121.914062,20.359424],[121.941211,20.453711],[121.991211,20.47959],[122.031152,20.469385],[121.960059,20.365869]]]}},{"type":"Feature","properties":{"scalerank":0,"featurecla":"Land","min_zoom":4},"bbox":[121.790625,20.700293,121.878125,20.84126],"geometry":{"type":"Polygon","coordinates":[[[121.878125,20.781885],[121.82959,20.700293],[121.790625,20.701172],[121.796484,20.746631],[121.847852,20.84126],[121.866992,20.839209],[121.878125,20.781885]]]}},{"type":"Feature","properties":{"scalerank":0,"featurecla":"Land","min_zoom":2},"bbox":[147.781055,-5.833984,148.076074,-5.49082],"geometry":{"type":"Polygon","coordinates":[[[148.025781,-5.826367],[147.781055,-5.627246],[147.794629,-5.492383],[148.054785,-5.611523],[148.060449,-5.764648],[148.025781,-5.826367]]]}},{"type":"Feature","properties":{"scalerank":0,"featurecla":"Land","min_zoom":3},"bbox":[147.005859,-5.437402,147.221875,-5.19082],"geometry":{"type":"Polygon","coordinates":[[[147.17627,-5.431934],[147.014746,-5.257422],[147.131055,-5.19082],[147.221875,-5.381543],[147.17627,-5.431934]]]}},{"type":"Feature","properties":{"scalerank":0,"featurecla":"Land","min_zoom":3},"bbox":[145.883594,-4.755762,146.053418,-4.539258],"geometry":{"type":"Polygon","coordinates":[[[146.019336,-4.726172],[145.904004,-4.733008],[145.900195,-4.604199],[145.995801,-4.539258],[146.053418,-4.640137],[146.019336,-4.726172]]]}},{"type":"Feature","properties":{"scalerank":0,"featurecla":"Land","min_zoom":4},"bbox":[147.735547,-2.335742,147.876953,-2.246777],"geometry":{"type":"Polygon","coordinates":[[[147.876953,-2.283105],[147.735547,-2.315527],[147.83584,-2.246777],[147.876953,-2.283105]]]}},{"type":"Feature","properties":{"scalerank":0,"featurecla":"Land","min_zoom":2},"bbox":[146.531348,-2.210449,147.444141,-1.948535],"geometry":{"type":"Polygon","coordinates":[[[147.067578,-1.960156],[147.438086,-2.058984],[147.206348,-2.181934],[146.546484,-2.208594],[146.595898,-2.016895],[146.857129,-1.948535],[147.067578,-1.960156]]]}},{"type":"Feature","properties":{"scalerank":0,"featurecla":"Land","min_zoom":1},"bbox":[154.540039,-5.440625,154.727148,-5.013867],"geometry":{"type":"Polygon","coordinates":[[[154.647266,-5.432715],[154.540039,-5.11084],[154.632617,-5.013867],[154.698438,-5.382812],[154.647266,-5.432715]]]}},{"type":"Feature","properties":{"scalerank":0,"featurecla":"Land","min_zoom":3},"bbox":[152.543262,-3.221191,152.670605,-3.042773],"geometry":{"type":"Polygon","coordinates":[[[152.670605,-3.133398],[152.646191,-3.221191],[152.585059,-3.169824],[152.543262,-3.095605],[152.569922,-3.0625],[152.63877,-3.042773],[152.670605,-3.133398]]]}},{"type":"Feature","properties":{"scalerank":0,"featurecla":"Land","min_zoom":3},"bbox":[151.95459,-2.997852,152.099219,-2.845605],"geometry":{"type":"Polygon","coordinates":[[[152.099219,-2.947363],[151.95459,-2.870508],[152.074609,-2.918457],[152.099219,-2.947363]]]}},{"type":"Feature","properties":{"scalerank":0,"featurecla":"Land","min_zoom":4},"bbox":[151.929785,-2.830371,152.011328,-2.708594],"geometry":{"type":"Polygon","coordinates":[[[151.957227,-2.830176],[151.933398,-2.830371],[151.929785,-2.750586],[151.946387,-2.708594],[152.001953,-2.737793],[152.011328,-2.80918],[151.957227,-2.830176]]]}},{"type":"Feature","properties":{"scalerank":0,"featurecla":"Land","min_zoom":3},"bbox":[149.545898,-1.58916,149.76543,-1.353223],"geometry":{"type":"Polygon","coordinates":[[[149.76543,-1.553027],[149.545898,-1.47168],[149.580957,-1.353223],[149.725293,-1.430664],[149.76543,-1.553027]]]}},{"type":"Feature","properties":{"scalerank":0,"featurecla":"Land","min_zoom":2},"bbox":[149.961621,-2.675488,150.451563,-2.38418],"geometry":{"type":"Polygon","coordinates":[[[150.436621,-2.661816],[150.165723,-2.660254],[149.961621,-2.473828],[150.227148,-2.38418],[150.429492,-2.47041],[150.446094,-2.632324],[150.436621,-2.661816]]]}},{"type":"Feature","properties":{"scalerank":0,"featurecla":"Land","min_zoom":2},"bbox":[150.776074,-10.194727,151.296484,-9.709082],"geometry":{"type":"Polygon","coordinates":[[[151.080957,-10.020117],[151.296484,-9.956738],[151.230859,-10.194727],[150.95918,-10.092578],[150.776074,-9.709082],[151.044141,-9.983105],[151.080957,-10.020117]]]}},{"type":"Feature","properties":{"scalerank":0,"featurecla":"Land","min_zoom":2},"bbox":[150.109766,-9.518555,150.368164,-9.206348],"geometry":{"type":"Polygon","coordinates":[[[150.34541,-9.493848],[150.109766,-9.361914],[150.134961,-9.25957],[150.320117,-9.26416],[150.368164,-9.396484],[150.34541,-9.493848]]]}},{"type":"Feature","properties":{"scalerank":0,"featurecla":"Land","min_zoom":2},"bbox":[150.431445,-9.702832,150.898633,-9.345605],"geometry":{"type":"Polygon","coordinates":[[[150.528418,-9.346582],[150.788672,-9.417969],[150.894043,-9.66748],[150.43623,-9.624609],[150.498926,-9.345605],[150.528418,-9.346582]]]}},{"type":"Feature","properties":{"scalerank":0,"featurecla":"Land","min_zoom":3},"bbox":[151.00498,-8.804883,151.138574,-8.418848],"geometry":{"type":"Polygon","coordinates":[[[151.106836,-8.733496],[151.00498,-8.523828],[151.117578,-8.418848],[151.138574,-8.568066],[151.106836,-8.733496]]]}},{"type":"Feature","properties":{"scalerank":0,"featurecla":"Land","min_zoom":2},"bbox":[152.515137,-9.224316,152.995313,-8.959375],"geometry":{"type":"Polygon","coordinates":[[[152.630957,-8.959375],[152.95293,-9.070117],[152.966895,-9.208984],[152.720117,-9.166504],[152.577051,-8.97002],[152.630957,-8.959375]]]}},{"type":"Feature","properties":{"scalerank":0,"featurecla":"Land","min_zoom":4},"bbox":[150.785742,-10.643457,150.89873,-10.551855],"geometry":{"type":"Polygon","coordinates":[[[150.89873,-10.565332],[150.884668,-10.643457],[150.802344,-10.620215],[150.785742,-10.603418],[150.799316,-10.554102],[150.87207,-10.551855],[150.89873,-10.565332]]]}},{"type":"Feature","properties":{"scalerank":0,"featurecla":"Land","min_zoom":3},"bbox":[154.023438,-11.425684,154.280762,-11.311426],"geometry":{"type":"Polygon","coordinates":[[[154.280762,-11.361426],[154.023438,-11.347949],[154.237891,-11.338867],[154.280762,-11.361426]]]}},{"type":"Feature","properties":{"scalerank":0,"featurecla":"Land","min_zoom":2},"bbox":[153.203613,-11.630566,153.759863,-11.324121],"geometry":{"type":"Polygon","coordinates":[[[153.536133,-11.476172],[153.759863,-11.586328],[153.286816,-11.516992],[153.203613,-11.324121],[153.306738,-11.356348],[153.536133,-11.476172]]]}},{"type":"Feature","properties":{"scalerank":0,"featurecla":"Land","min_zoom":3},"bbox":[143.321875,-8.484766,143.592578,-8.367578],"geometry":{"type":"Polygon","coordinates":[[[143.586816,-8.481738],[143.321875,-8.367578],[143.592578,-8.459961],[143.586816,-8.481738]]]}},{"type":"Feature","properties":{"scalerank":0,"featurecla":"Land","min_zoom":3},"bbox":[143.206836,-8.677148,143.608203,-8.423438],"geometry":{"type":"Polygon","coordinates":[[[143.590332,-8.633398],[143.206836,-8.423438],[143.443359,-8.518945],[143.590332,-8.633398]]]}},{"type":"Feature","properties":{"scalerank":0,"featurecla":"Land","min_zoom":2},"bbox":[135.383008,-1.216797,136.375293,-0.651367],"geometry":{"type":"Polygon","coordinates":[[[135.383008,-0.651367],[135.893555,-0.725781],[136.375293,-1.094043],[136.164746,-1.214746],[135.915039,-1.178418],[135.74707,-0.823047],[135.645703,-0.881934],[135.387695,-0.704883],[135.383008,-0.651367]]]}},{"type":"Feature","properties":{"scalerank":0,"featurecla":"Land","min_zoom":2},"bbox":[135.469727,-1.893652,136.892578,-1.591797],"geometry":{"type":"Polygon","coordinates":[[[135.474219,-1.591797],[136.892578,-1.799707],[136.228125,-1.893652],[135.469727,-1.616211],[135.474219,-1.591797]]]}},{"type":"Feature","properties":{"scalerank":0,"featurecla":"Land","min_zoom":3},"bbox":[134.808887,-1.134277,134.996289,-0.938477],"geometry":{"type":"Polygon","coordinates":[[[134.965332,-1.116016],[134.82793,-0.978809],[134.996289,-1.034082],[134.965332,-1.116016]]]}},{"type":"Feature","properties":{"scalerank":0,"featurecla":"Land","min_zoom":4},"bbox":[134.335059,-2.13877,134.419043,-2.027637],"geometry":{"type":"Polygon","coordinates":[[[134.374219,-2.123535],[134.345215,-2.13877],[134.335059,-2.095215],[134.350781,-2.036914],[134.369531,-2.027637],[134.391016,-2.030762],[134.419043,-2.051758],[134.374219,-2.123535]]]}},{"type":"Feature","properties":{"scalerank":0,"featurecla":"Land","min_zoom":2},"bbox":[138.563379,-8.401758,138.897656,-8.173438],"geometry":{"type":"Polygon","coordinates":[[[138.895117,-8.388672],[138.563379,-8.309082],[138.796191,-8.173633],[138.897656,-8.3375],[138.895117,-8.388672]]]}},{"type":"Feature","properties":{"scalerank":0,"featurecla":"Land","min_zoom":3},"bbox":[133.320898,-4.299316,133.621875,-4.111035],"geometry":{"type":"Polygon","coordinates":[[[133.570801,-4.245898],[133.621875,-4.299316],[133.50293,-4.257422],[133.333008,-4.169629],[133.320898,-4.111035],[133.464355,-4.199805],[133.570801,-4.245898]]]}},{"type":"Feature","properties":{"scalerank":0,"featurecla":"Land","min_zoom":2},"bbox":[129.737695,-2.063867,130.425,-1.690527],"geometry":{"type":"Polygon","coordinates":[[[130.35332,-1.690527],[130.418848,-1.971289],[130.248047,-2.047754],[129.737695,-1.866895],[130.317969,-1.691992],[130.35332,-1.690527]]]}},{"type":"Feature","properties":{"scalerank":0,"featurecla":"Land","min_zoom":0.5},"bbox":[130.667969,-1.343457,131.073926,-0.890039],"geometry":{"type":"Polygon","coordinates":[[[131.001855,-1.315527],[130.782324,-1.255469],[130.672949,-0.959766],[131.033008,-0.917578],[131.046191,-1.188184],[131.001855,-1.315527]]]}},{"type":"Feature","properties":{"scalerank":0,"featurecla":"Land","min_zoom":3},"bbox":[130.402441,-0.923926,130.905273,-0.765039],"geometry":{"type":"Polygon","coordinates":[[[130.905273,-0.777441],[130.402441,-0.923926],[130.807031,-0.765039],[130.905273,-0.777441]]]}},{"type":"Feature","properties":{"scalerank":0,"featurecla":"Land","min_zoom":3},"bbox":[130.46543,-0.52998,130.684277,-0.417285],"geometry":{"type":"Polygon","coordinates":[[[130.62666,-0.528711],[130.46543,-0.486523],[130.684277,-0.469141],[130.62666,-0.528711]]]}},{"type":"Feature","properties":{"scalerank":0,"featurecla":"Land","min_zoom":2},"bbox":[130.236621,-0.443848,131.339746,-0.004102],"geometry":{"type":"Polygon","coordinates":[[[130.813281,-0.004102],[131.276855,-0.149805],[131.339746,-0.290332],[131.005371,-0.360742],[130.622168,-0.085938],[130.899219,-0.344434],[130.750195,-0.443848],[130.688672,-0.296582],[130.550781,-0.366406],[130.236621,-0.209668],[130.3625,-0.072852],[130.722363,-0.029834],[130.813281,-0.004102]]]}},{"type":"Feature","properties":{"scalerank":0,"featurecla":"Land","min_zoom":3},"bbox":[129.308789,-0.189844,129.548926,0.04541],"geometry":{"type":"Polygon","coordinates":[[[129.548926,-0.187012],[129.505664,-0.189844],[129.469238,-0.131445],[129.370117,-0.066406],[129.308789,0.04541],[129.541992,-0.139258],[129.548926,-0.187012]]]}},{"type":"Feature","properties":{"scalerank":0,"featurecla":"Land","min_zoom":2},"bbox":[128.217969,2.034717,128.688477,2.597607],"geometry":{"type":"Polygon","coordinates":[[[128.453906,2.051758],[128.295898,2.034717],[128.217969,2.297461],[128.602148,2.597607],[128.688477,2.473682],[128.547559,2.09707],[128.453906,2.051758]]]}},{"type":"Feature","properties":{"scalerank":0,"featurecla":"Land","min_zoom":4},"bbox":[127.396777,-0.036621,127.453418,0.142578],"geometry":{"type":"Polygon","coordinates":[[[127.453418,-0.005859],[127.448633,-0.036621],[127.417871,0.006348],[127.396777,0.016602],[127.419531,0.124414],[127.431348,0.142578],[127.449414,0.068994],[127.453418,-0.005859]]]}},{"type":"Feature","properties":{"scalerank":0,"featurecla":"Land","min_zoom":4},"bbox":[127.362891,0.631006,127.445898,0.744385],"geometry":{"type":"Polygon","coordinates":[[[127.419727,0.64209],[127.382617,0.743555],[127.445898,0.683301],[127.419727,0.64209]]]}},{"type":"Feature","properties":{"scalerank":0,"featurecla":"Land","min_zoom":3},"bbox":[127.104395,-0.521191,127.290039,-0.255762],"geometry":{"type":"Polygon","coordinates":[[[127.249902,-0.495313],[127.119141,-0.520508],[127.126465,-0.278613],[127.290039,-0.284375],[127.280566,-0.391016],[127.249902,-0.495313]]]}},{"type":"Feature","properties":{"scalerank":0,"featurecla":"Land","min_zoom":3},"bbox":[127.156445,-0.801563,127.30127,-0.619336],"geometry":{"type":"Polygon","coordinates":[[[127.300391,-0.780957],[127.156445,-0.760938],[127.209082,-0.619336],[127.30127,-0.758398],[127.300391,-0.780957]]]}},{"type":"Feature","properties":{"scalerank":0,"featurecla":"Land","min_zoom":2},"bbox":[127.29707,-0.883691,127.880176,-0.306641],"geometry":{"type":"Polygon","coordinates":[[[127.566992,-0.318945],[127.682422,-0.468359],[127.60498,-0.610156],[127.880176,-0.808691],[127.761133,-0.883691],[127.462695,-0.805957],[127.468652,-0.642969],[127.3,-0.500293],[127.325098,-0.33584],[127.455176,-0.406348],[127.527344,-0.306641],[127.566992,-0.318945]]]}},{"type":"Feature","properties":{"scalerank":0,"featurecla":"Land","min_zoom":2},"bbox":[127.392188,-1.728516,128.153027,-1.332422],"geometry":{"type":"Polygon","coordinates":[[[128.153027,-1.660547],[127.561621,-1.728516],[127.392188,-1.644824],[127.64668,-1.332422],[128.14873,-1.603711],[128.153027,-1.660547]]]}},{"type":"Feature","properties":{"scalerank":0,"featurecla":"Land","min_zoom":1.5},"bbox":[134.153125,-6.365332,134.758105,-5.427344],"geometry":{"type":"Polygon","coordinates":[[[134.746973,-5.707031],[134.71416,-6.295117],[134.441113,-6.334863],[134.154883,-6.062891],[134.301953,-6.009766],[134.343066,-5.833008],[134.205371,-5.707227],[134.341309,-5.712891],[134.506445,-5.438477],[134.700781,-5.603027],[134.746973,-5.707031]]]}},{"type":"Feature","properties":{"scalerank":0,"featurecla":"Land","min_zoom":1.5},"bbox":[134.05918,-6.908789,134.536816,-6.17627],"geometry":{"type":"Polygon","coordinates":[[[134.536816,-6.442285],[134.2,-6.908789],[134.05918,-6.769336],[134.194629,-6.459766],[134.114648,-6.19082],[134.415039,-6.386719],[134.536816,-6.442285]]]}},{"type":"Feature","properties":{"scalerank":0,"featurecla":"Land","min_zoom":3},"bbox":[132.84502,-5.987988,133.172852,-5.310645],"geometry":{"type":"Polygon","coordinates":[[[132.92627,-5.902051],[132.84502,-5.987988],[133.138477,-5.317871],[132.971094,-5.73584],[132.92627,-5.902051]]]}},{"type":"Feature","properties":{"scalerank":0,"featurecla":"Land","min_zoom":3},"bbox":[132.630176,-5.94707,132.807129,-5.607031],"geometry":{"type":"Polygon","coordinates":[[[132.807129,-5.850781],[132.681445,-5.912598],[132.630176,-5.607031],[132.804297,-5.788867],[132.807129,-5.850781]]]}},{"type":"Feature","properties":{"scalerank":0,"featurecla":"Land","min_zoom":3},"bbox":[128.585156,-3.602539,128.722461,-3.494824],"geometry":{"type":"Polygon","coordinates":[[[128.722461,-3.546875],[128.585156,-3.512207],[128.693555,-3.524512],[128.722461,-3.546875]]]}},{"type":"Feature","properties":{"scalerank":0,"featurecla":"Land","min_zoom":3},"bbox":[128.391602,-3.637891,128.562598,-3.514746],"geometry":{"type":"Polygon","coordinates":[[[128.562598,-3.585449],[128.391602,-3.637891],[128.42832,-3.54043],[128.451563,-3.514746],[128.536328,-3.541309],[128.562598,-3.585449]]]}},{"type":"Feature","properties":{"scalerank":0,"featurecla":"Land","min_zoom":2},"bbox":[127.925,-3.770996,128.329102,-3.512305],"geometry":{"type":"Polygon","coordinates":[[[128.275586,-3.674609],[127.925,-3.699316],[128.329102,-3.515918],[128.277441,-3.633203],[128.275586,-3.674609]]]}},{"type":"Feature","properties":{"scalerank":0,"featurecla":"Land","min_zoom":0.5},"bbox":[122.584961,-5.671289,123.203027,-4.386914],"geometry":{"type":"Polygon","coordinates":[[[123.179785,-4.551172],[123.195703,-4.822656],[123.055176,-4.748242],[122.97168,-5.138477],[123.187305,-5.333008],[122.96875,-5.405762],[122.812109,-5.671289],[122.64502,-5.663379],[122.586426,-5.488867],[122.766504,-5.210156],[122.85332,-4.618359],[123.068945,-4.433594],[123.179785,-4.551172]]]}},{"type":"Feature","properties":{"scalerank":0,"featurecla":"Land","min_zoom":0.5},"bbox":[122.283105,-5.391211,122.759863,-4.618652],"geometry":{"type":"Polygon","coordinates":[[[122.645117,-5.269434],[122.563867,-5.3875],[122.283105,-5.319531],[122.368945,-4.767188],[122.701953,-4.618652],[122.759863,-4.933887],[122.614062,-5.138672],[122.645117,-5.269434]]]}},{"type":"Feature","properties":{"scalerank":0,"featurecla":"Land","min_zoom":2},"bbox":[121.808496,-5.464746,122.061816,-5.072266],"geometry":{"type":"Polygon","coordinates":[[[122.042969,-5.437988],[121.808496,-5.256152],[121.913672,-5.072266],[122.061816,-5.221289],[122.042969,-5.437988]]]}},{"type":"Feature","properties":{"scalerank":0,"featurecla":"Land","min_zoom":2},"bbox":[122.969043,-4.233301,123.246973,-3.980957],"geometry":{"type":"Polygon","coordinates":[[[123.242383,-4.112988],[123.076172,-4.227148],[122.969043,-4.02998],[123.246973,-4.040918],[123.242383,-4.112988]]]}},{"type":"Feature","properties":{"scalerank":0,"featurecla":"Land","min_zoom":3},"bbox":[125.862891,-2.469434,126.065723,-1.974805],"geometry":{"type":"Polygon","coordinates":[[[126.055078,-2.45127],[125.862891,-2.077148],[125.922754,-1.974805],[126.065723,-2.36582],[126.055078,-2.45127]]]}},{"type":"Feature","properties":{"scalerank":0,"featurecla":"Land","min_zoom":2},"bbox":[125.387207,-1.940039,126.331738,-1.789746],"geometry":{"type":"Polygon","coordinates":[[[126.024219,-1.789746],[126.331738,-1.822852],[125.479199,-1.940039],[125.387207,-1.843066],[125.720313,-1.81377],[126.024219,-1.789746]]]}},{"type":"Feature","properties":{"scalerank":0,"featurecla":"Land","min_zoom":2},"bbox":[124.329688,-2.006934,125.320215,-1.635938],"geometry":{"type":"Polygon","coordinates":[[[124.969531,-1.705469],[125.187891,-1.712891],[125.314063,-1.877148],[124.417773,-2.005176],[124.380859,-1.6875],[124.663965,-1.635938],[124.969531,-1.705469]]]}},{"type":"Feature","properties":{"scalerank":0,"featurecla":"Land","min_zoom":4},"bbox":[123.777246,-1.995703,123.866016,-1.87832],"geometry":{"type":"Polygon","coordinates":[[[123.848242,-1.955469],[123.866016,-1.995703],[123.803516,-1.994336],[123.777246,-1.918652],[123.783496,-1.87832],[123.848242,-1.955469]]]}},{"type":"Feature","properties":{"scalerank":0,"featurecla":"Land","min_zoom":2},"bbox":[122.81084,-1.616016,123.547266,-1.15752],"geometry":{"type":"Polygon","coordinates":[[[123.212305,-1.171289],[123.237793,-1.389355],[123.434766,-1.236816],[123.511914,-1.447363],[123.274902,-1.437207],[123.172949,-1.616016],[123.150391,-1.304492],[122.89043,-1.587207],[122.832227,-1.283008],[123.158301,-1.15752],[123.212305,-1.171289]]]}},{"type":"Feature","properties":{"scalerank":0,"featurecla":"Land","min_zoom":4},"bbox":[123.070898,-1.898926,123.152539,-1.772656],"geometry":{"type":"Polygon","coordinates":[[[123.152539,-1.816504],[123.078809,-1.898926],[123.070898,-1.854883],[123.08584,-1.814844],[123.106445,-1.786719],[123.1375,-1.772656],[123.152539,-1.816504]]]}},{"type":"Feature","properties":{"scalerank":0,"featurecla":"Land","min_zoom":3},"bbox":[121.655273,-0.526172,121.906836,-0.406836],"geometry":{"type":"Polygon","coordinates":[[[121.864355,-0.406836],[121.88125,-0.502637],[121.655273,-0.526172],[121.797363,-0.417676],[121.864355,-0.406836]]]}},{"type":"Feature","properties":{"scalerank":0,"featurecla":"Land","min_zoom":2},"bbox":[126.704492,4.012598,126.921094,4.5479],"geometry":{"type":"Polygon","coordinates":[[[126.816602,4.033496],[126.704492,4.070996],[126.813574,4.258496],[126.757324,4.5479],[126.921094,4.291016],[126.847656,4.17998],[126.816602,4.033496]]]}},{"type":"Feature","properties":{"scalerank":0,"featurecla":"Land","min_zoom":3},"bbox":[126.6375,3.83252,126.739648,4.041943],"geometry":{"type":"Polygon","coordinates":[[[126.719336,3.874658],[126.721777,3.83252],[126.66123,3.928418],[126.6375,4.041943],[126.685547,4.001416],[126.739648,3.917725],[126.719336,3.874658]]]}},{"type":"Feature","properties":{"scalerank":0,"featurecla":"Land","min_zoom":4},"bbox":[126.777539,3.756934,126.857813,3.85791],"geometry":{"type":"Polygon","coordinates":[[[126.851855,3.768457],[126.778906,3.843164],[126.857813,3.787207],[126.851855,3.768457]]]}},{"type":"Feature","properties":{"scalerank":0,"featurecla":"Land","min_zoom":3},"bbox":[125.455273,3.40542,125.658105,3.733252],"geometry":{"type":"Polygon","coordinates":[[[125.658105,3.436035],[125.511523,3.461133],[125.468848,3.733252],[125.643555,3.476514],[125.658105,3.436035]]]}},{"type":"Feature","properties":{"scalerank":0,"featurecla":"Land","min_zoom":4},"bbox":[125.360059,2.629541,125.446484,2.805371],"geometry":{"type":"Polygon","coordinates":[[[125.407422,2.651611],[125.39082,2.805371],[125.403906,2.707031],[125.407422,2.651611]]]}},{"type":"Feature","properties":{"scalerank":0,"featurecla":"Land","min_zoom":3},"bbox":[120.435547,-6.464844,120.549219,-5.775293],"geometry":{"type":"Polygon","coordinates":[[[120.52832,-6.298438],[120.487305,-6.464844],[120.477344,-5.775293],[120.549219,-5.969238],[120.52832,-6.298438]]]}},{"type":"Feature","properties":{"scalerank":0,"featurecla":"Land","min_zoom":3},"bbox":[131.750781,-7.251367,131.982031,-7.104492],"geometry":{"type":"Polygon","coordinates":[[[131.982031,-7.202051],[131.750781,-7.116797],[131.922266,-7.104492],[131.982031,-7.202051]]]}},{"type":"Feature","properties":{"scalerank":0,"featurecla":"Land","min_zoom":3},"bbox":[130.775195,-8.349902,131.176367,-8.091309],"geometry":{"type":"Polygon","coordinates":[[[130.862207,-8.31875],[130.775195,-8.349902],[131.020117,-8.091309],[131.176367,-8.130762],[130.908105,-8.245703],[130.862207,-8.31875]]]}},{"type":"Feature","properties":{"scalerank":0,"featurecla":"Land","min_zoom":2},"bbox":[131.086816,-8.01084,131.736133,-7.112793],"geometry":{"type":"Polygon","coordinates":[[[131.325586,-7.999512],[131.11377,-7.997363],[131.137793,-7.684863],[131.643457,-7.112793],[131.691113,-7.438867],[131.343457,-7.981445],[131.325586,-7.999512]]]}},{"type":"Feature","properties":{"scalerank":0,"featurecla":"Land","min_zoom":3},"bbox":[129.591895,-8.046484,129.843555,-7.794824],"geometry":{"type":"Polygon","coordinates":[[[129.838867,-7.95459],[129.713477,-8.040723],[129.59873,-7.831348],[129.843555,-7.889355],[129.838867,-7.95459]]]}},{"type":"Feature","properties":{"scalerank":0,"featurecla":"Land","min_zoom":3},"bbox":[128.529785,-7.208594,128.673242,-7.06875],"geometry":{"type":"Polygon","coordinates":[[[128.670117,-7.183301],[128.529785,-7.13457],[128.666895,-7.137988],[128.670117,-7.183301]]]}},{"type":"Feature","properties":{"scalerank":0,"featurecla":"Land","min_zoom":3},"bbox":[127.78623,-8.255371,128.119238,-8.098828],"geometry":{"type":"Polygon","coordinates":[[[127.823438,-8.098828],[128.119238,-8.170703],[128.023535,-8.255371],[127.78623,-8.120313],[127.823438,-8.098828]]]}},{"type":"Feature","properties":{"scalerank":0,"featurecla":"Land","min_zoom":3},"bbox":[127.355273,-7.646484,127.475195,-7.512793],"geometry":{"type":"Polygon","coordinates":[[[127.419434,-7.623047],[127.370703,-7.512793],[127.463965,-7.596875],[127.419434,-7.623047]]]}},{"type":"Feature","properties":{"scalerank":0,"featurecla":"Land","min_zoom":2},"bbox":[125.798242,-7.98457,126.814453,-7.571777],"geometry":{"type":"Polygon","coordinates":[[[126.800977,-7.667871],[126.47207,-7.950391],[126.040039,-7.88584],[125.798242,-7.98457],[125.975293,-7.663379],[126.60957,-7.571777],[126.726367,-7.662207],[126.800977,-7.667871]]]}},{"type":"Feature","properties":{"scalerank":0,"featurecla":"Land","min_zoom":3},"bbox":[125.507129,-8.311816,125.646094,-8.139941],"geometry":{"type":"Polygon","coordinates":[[[125.646094,-8.139941],[125.579492,-8.311816],[125.507129,-8.275098],[125.584082,-8.178613],[125.621094,-8.15],[125.646094,-8.139941]]]}},{"type":"Feature","properties":{"scalerank":0,"featurecla":"Land","min_zoom":1},"bbox":[123.325586,-10.3375,123.496777,-10.139941],"geometry":{"type":"Polygon","coordinates":[[[123.416211,-10.302637],[123.325586,-10.26416],[123.458789,-10.139941],[123.405078,-10.227148],[123.416211,-10.302637]]]}},{"type":"Feature","properties":{"scalerank":0,"featurecla":"Land","min_zoom":2},"bbox":[122.818457,-10.909668,123.418164,-10.472461],"geometry":{"type":"Polygon","coordinates":[[[122.948926,-10.909277],[122.826172,-10.899121],[122.845703,-10.761816],[123.371094,-10.474902],[123.418164,-10.65127],[123.005273,-10.876367],[122.948926,-10.909277]]]}},{"type":"Feature","properties":{"scalerank":0,"featurecla":"Land","min_zoom":3},"bbox":[121.704688,-10.602148,121.99834,-10.433008],"geometry":{"type":"Polygon","coordinates":[[[121.883008,-10.590332],[121.704688,-10.555664],[121.866992,-10.438867],[121.981348,-10.528418],[121.883008,-10.590332]]]}},{"type":"Feature","properties":{"scalerank":0,"featurecla":"Land","min_zoom":2},"bbox":[124.355566,-8.444629,125.131738,-8.135449],"geometry":{"type":"Polygon","coordinates":[[[124.575586,-8.14082],[125.050293,-8.17959],[125.131738,-8.326465],[124.444238,-8.444629],[124.355566,-8.385938],[124.508594,-8.135449],[124.575586,-8.14082]]]}},{"type":"Feature","properties":{"scalerank":0,"featurecla":"Land","min_zoom":2},"bbox":[123.927734,-8.55166,124.304492,-8.201758],"geometry":{"type":"Polygon","coordinates":[[[124.286621,-8.329492],[124.14668,-8.531445],[123.927734,-8.448926],[124.304492,-8.228809],[124.286621,-8.329492]]]}},{"type":"Feature","properties":{"scalerank":0,"featurecla":"Land","min_zoom":2},"bbox":[123.230078,-8.586621,123.924805,-8.19043],"geometry":{"type":"Polygon","coordinates":[[[123.924805,-8.272461],[123.553027,-8.566797],[123.230078,-8.530664],[123.475879,-8.322266],[123.391211,-8.280469],[123.896094,-8.239258],[123.924805,-8.272461]]]}},{"type":"Feature","properties":{"scalerank":0,"featurecla":"Land","min_zoom":3},"bbox":[123.025,-8.398633,123.336035,-8.235449],"geometry":{"type":"Polygon","coordinates":[[[123.31748,-8.354785],[123.025,-8.395508],[123.133496,-8.253809],[123.336035,-8.269043],[123.31748,-8.354785]]]}},{"type":"Feature","properties":{"scalerank":0,"featurecla":"Land","min_zoom":3},"bbox":[119.378906,-8.750488,119.557227,-8.429199],"geometry":{"type":"Polygon","coordinates":[[[119.464063,-8.741016],[119.446484,-8.429199],[119.557227,-8.518848],[119.444043,-8.671777],[119.464063,-8.741016]]]}},{"type":"Feature","properties":{"scalerank":0,"featurecla":"Land","min_zoom":3},"bbox":[119.020898,-8.240039,119.134863,-8.13916],"geometry":{"type":"Polygon","coordinates":[[[119.073828,-8.238867],[119.036621,-8.157813],[119.106738,-8.223438],[119.073828,-8.238867]]]}},{"type":"Feature","properties":{"scalerank":0,"featurecla":"Land","min_zoom":3},"bbox":[115.480469,-8.804199,115.613281,-8.669922],"geometry":{"type":"Polygon","coordinates":[[[115.609961,-8.769824],[115.480469,-8.71543],[115.613281,-8.713184],[115.609961,-8.769824]]]}},{"type":"Feature","properties":{"scalerank":0,"featurecla":"Land","min_zoom":3},"bbox":[115.220313,-6.987793,115.546094,-6.838477],"geometry":{"type":"Polygon","coordinates":[[[115.377051,-6.970801],[115.220313,-6.952539],[115.240527,-6.86123],[115.546094,-6.938672],[115.424121,-6.940625],[115.377051,-6.970801]]]}},{"type":"Feature","properties":{"scalerank":0,"featurecla":"Land","min_zoom":3},"bbox":[112.586035,-5.846484,112.727344,-5.726172],"geometry":{"type":"Polygon","coordinates":[[[112.719434,-5.811035],[112.586035,-5.803613],[112.727344,-5.752734],[112.719434,-5.811035]]]}},{"type":"Feature","properties":{"scalerank":0,"featurecla":"Land","min_zoom":2},"bbox":[117.625098,4.004004,117.922852,4.262402],"geometry":{"type":"Polygon","coordinates":[[[117.922852,4.054297],[117.736816,4.004004],[117.662109,4.250195],[117.917871,4.090527],[117.922852,4.054297]]]}},{"type":"Feature","properties":{"scalerank":0,"featurecla":"Land","min_zoom":3},"bbox":[117.5375,3.247754,117.680859,3.436084],"geometry":{"type":"Polygon","coordinates":[[[117.658398,3.280518],[117.5375,3.386377],[117.680859,3.40752],[117.658398,3.280518]]]}},{"type":"Feature","properties":{"scalerank":0,"featurecla":"Land","min_zoom":3},"bbox":[116.326563,-3.636719,116.426953,-3.399902],"geometry":{"type":"Polygon","coordinates":[[[116.424121,-3.464453],[116.387793,-3.636719],[116.326563,-3.539062],[116.395312,-3.42334],[116.426953,-3.399902],[116.424121,-3.464453]]]}},{"type":"Feature","properties":{"scalerank":0,"featurecla":"Land","min_zoom":0.5},"bbox":[116.018359,-4.054102,116.318652,-3.251074],"geometry":{"type":"Polygon","coordinates":[[[116.30332,-3.868164],[116.058789,-4.006934],[116.063574,-3.45791],[116.269727,-3.251074],[116.289258,-3.820898],[116.30332,-3.868164]]]}},{"type":"Feature","properties":{"scalerank":0,"featurecla":"Land","min_zoom":3},"bbox":[108.803711,-1.661621,108.956836,-1.539844],"geometry":{"type":"Polygon","coordinates":[[[108.953125,-1.619629],[108.837891,-1.661621],[108.803711,-1.567773],[108.877246,-1.539844],[108.956836,-1.564063],[108.953125,-1.619629]]]}},{"type":"Feature","properties":{"scalerank":0,"featurecla":"Land","min_zoom":2},"bbox":[109.428125,-1.282813,109.760547,-0.979102],"geometry":{"type":"Polygon","coordinates":[[[109.710254,-1.180664],[109.463672,-1.277539],[109.475977,-0.985352],[109.699512,-1.007324],[109.750781,-1.14502],[109.710254,-1.180664]]]}},{"type":"Feature","properties":{"scalerank":0,"featurecla":"Land","min_zoom":4},"bbox":[108.786523,2.853027,108.8875,2.998975],"geometry":{"type":"Polygon","coordinates":[[[108.8875,2.90542],[108.838867,2.853027],[108.786523,2.885645],[108.86709,2.991895],[108.885742,2.998975],[108.8875,2.90542]]]}},{"type":"Feature","properties":{"scalerank":0,"featurecla":"Land","min_zoom":2},"bbox":[108.002344,3.653076,108.398828,4.217139],"geometry":{"type":"Polygon","coordinates":[[[108.316016,3.689648],[108.100391,3.704541],[108.243262,3.810352],[108.044531,3.888965],[108.003516,4.042578],[108.24834,4.217139],[108.393555,3.836182],[108.316016,3.689648]]]}},{"type":"Feature","properties":{"scalerank":0,"featurecla":"Land","min_zoom":3},"bbox":[106.200977,3.088232,106.285254,3.22959],"geometry":{"type":"Polygon","coordinates":[[[106.285254,3.157129],[106.283691,3.088232],[106.214551,3.128564],[106.200977,3.204883],[106.22373,3.22959],[106.271191,3.216309],[106.285254,3.157129]]]}},{"type":"Feature","properties":{"scalerank":0,"featurecla":"Land","min_zoom":3},"bbox":[105.692187,2.85918,105.836719,3.0625],"geometry":{"type":"Polygon","coordinates":[[[105.760352,2.863037],[105.692187,3.0625],[105.809375,2.903955],[105.760352,2.863037]]]}},{"type":"Feature","properties":{"scalerank":0,"featurecla":"Land","min_zoom":0.5},"bbox":[101.403418,1.715723,101.773535,2.126709],"geometry":{"type":"Polygon","coordinates":[[[101.708105,2.078418],[101.719434,1.78916],[101.500781,1.733203],[101.409668,2.02168],[101.640723,2.126709],[101.708105,2.078418]]]}},{"type":"Feature","properties":{"scalerank":0,"featurecla":"Land","min_zoom":2},"bbox":[102.228613,0.959766,102.448828,1.39707],"geometry":{"type":"Polygon","coordinates":[[[102.427148,0.990137],[102.27959,1.075684],[102.256348,1.39707],[102.442871,1.234229],[102.428906,1.067285],[102.427148,0.990137]]]}},{"type":"Feature","properties":{"scalerank":0,"featurecla":"Land","min_zoom":2},"bbox":[102.018359,1.330908,102.499414,1.625391],"geometry":{"type":"Polygon","coordinates":[[[102.491895,1.45918],[102.499414,1.330908],[102.018359,1.585645],[102.469531,1.510059],[102.491895,1.45918]]]}},{"type":"Feature","properties":{"scalerank":0,"featurecla":"Land","min_zoom":0.5},"bbox":[102.453906,0.708105,103.027539,1.130225],"geometry":{"type":"Polygon","coordinates":[[[103.027539,0.746631],[102.453906,0.889502],[102.549219,1.130225],[103.002441,0.859277],[103.027539,0.746631]]]}},{"type":"Feature","properties":{"scalerank":0,"featurecla":"Land","min_zoom":2},"bbox":[102.701855,0.84165,103.166406,1.165479],"geometry":{"type":"Polygon","coordinates":[[[103.166406,0.870166],[102.701855,1.053711],[102.725586,1.158838],[103.067578,1.014746],[103.166406,0.870166]]]}},{"type":"Feature","properties":{"scalerank":0,"featurecla":"Land","min_zoom":3},"bbox":[103.139551,0.536182,103.295117,0.699756],"geometry":{"type":"Polygon","coordinates":[[[103.284473,0.541943],[103.139551,0.549072],[103.187402,0.699756],[103.295117,0.613965],[103.284473,0.541943]]]}},{"type":"Feature","properties":{"scalerank":0,"featurecla":"Land","min_zoom":3},"bbox":[103.31543,0.993359,103.429688,1.133643],"geometry":{"type":"Polygon","coordinates":[[[103.423926,1.04834],[103.31543,1.071289],[103.404883,1.072559],[103.423926,1.04834]]]}},{"type":"Feature","properties":{"scalerank":0,"featurecla":"Land","min_zoom":3},"bbox":[103.344434,0.650879,103.497461,0.86958],"geometry":{"type":"Polygon","coordinates":[[[103.450195,0.664453],[103.386133,0.86958],[103.497461,0.722705],[103.450195,0.664453]]]}},{"type":"Feature","properties":{"scalerank":0,"featurecla":"Land","min_zoom":4},"bbox":[103.740039,0.772217,103.833984,0.891357],"geometry":{"type":"Polygon","coordinates":[[[103.828613,0.801025],[103.833984,0.772217],[103.742383,0.82998],[103.740039,0.871826],[103.751953,0.891357],[103.806641,0.846338],[103.828613,0.801025]]]}},{"type":"Feature","properties":{"scalerank":0,"featurecla":"Land","min_zoom":3},"bbox":[103.932227,0.989551,104.139844,1.180566],"geometry":{"type":"Polygon","coordinates":[[[104.024805,1.180566],[104.139844,1.165576],[104.066113,0.989551],[103.939844,1.046484],[103.999805,1.137256],[104.024805,1.180566]]]}},{"type":"Feature","properties":{"scalerank":0,"featurecla":"Land","min_zoom":2},"bbox":[104.244238,0.831934,104.662891,1.216113],"geometry":{"type":"Polygon","coordinates":[[[104.585352,1.216113],[104.662891,1.049512],[104.575195,0.831934],[104.439258,1.050439],[104.251953,1.014893],[104.500098,1.180225],[104.585352,1.216113]]]}},{"type":"Feature","properties":{"scalerank":0,"featurecla":"Land","min_zoom":3},"bbox":[104.098145,0.804883,104.239355,0.943994],"geometry":{"type":"Polygon","coordinates":[[[104.239355,0.833984],[104.101074,0.91748],[104.227051,0.879883],[104.239355,0.833984]]]}},{"type":"Feature","properties":{"scalerank":0,"featurecla":"Land","min_zoom":3},"bbox":[104.499219,0.034668,104.698145,0.23208],"geometry":{"type":"Polygon","coordinates":[[[104.689258,0.059521],[104.499219,0.23208],[104.659863,0.103076],[104.689258,0.059521]]]}},{"type":"Feature","properties":{"scalerank":0,"featurecla":"Land","min_zoom":2},"bbox":[104.44707,-0.32334,105.005371,0.017725],"geometry":{"type":"Polygon","coordinates":[[[104.778613,-0.175977],[105.005371,-0.282813],[104.44707,-0.18916],[104.542676,0.017725],[104.713477,-0.103027],[104.778613,-0.175977]]]}},{"type":"Feature","properties":{"scalerank":0,"featurecla":"Land","min_zoom":2},"bbox":[104.257129,-0.658594,104.590137,-0.334668],"geometry":{"type":"Polygon","coordinates":[[[104.474219,-0.334668],[104.590137,-0.466602],[104.363184,-0.658594],[104.257129,-0.463281],[104.363574,-0.402832],[104.474219,-0.334668]]]}},{"type":"Feature","properties":{"scalerank":0,"featurecla":"Land","min_zoom":3},"bbox":[103.461328,-0.38291,103.764258,-0.227539],"geometry":{"type":"Polygon","coordinates":[[[103.736523,-0.347949],[103.461328,-0.357617],[103.548926,-0.227539],[103.764258,-0.317773],[103.736523,-0.347949]]]}},{"type":"Feature","properties":{"scalerank":0,"featurecla":"Land","min_zoom":2},"bbox":[107.563477,-3.226855,108.290625,-2.530273],"geometry":{"type":"Polygon","coordinates":[[[108.207227,-2.997656],[108.055273,-3.226855],[107.858203,-3.086328],[107.614453,-3.209375],[107.666309,-2.566309],[108.074414,-2.596973],[108.290625,-2.82998],[108.207227,-2.997656]]]}},{"type":"Feature","properties":{"scalerank":0,"featurecla":"Land","min_zoom":4},"bbox":[107.402441,-2.925293,107.499707,-2.834668],"geometry":{"type":"Polygon","coordinates":[[[107.47334,-2.899512],[107.432813,-2.925293],[107.409277,-2.900586],[107.402441,-2.872949],[107.419336,-2.838086],[107.474414,-2.834668],[107.499707,-2.84502],[107.47334,-2.899512]]]}},{"type":"Feature","properties":{"scalerank":0,"featurecla":"Land","min_zoom":3},"bbox":[106.742871,-3.025293,106.910645,-2.898926],"geometry":{"type":"Polygon","coordinates":[[[106.886426,-3.005273],[106.742871,-2.932813],[106.910645,-2.933984],[106.886426,-3.005273]]]}},{"type":"Feature","properties":{"scalerank":0,"featurecla":"Land","min_zoom":3},"bbox":[105.121387,-6.6625,105.277441,-6.523926],"geometry":{"type":"Polygon","coordinates":[[[105.252832,-6.64043],[105.121387,-6.614941],[105.277441,-6.561426],[105.252832,-6.64043]]]}},{"type":"Feature","properties":{"scalerank":0,"featurecla":"Land","min_zoom":2},"bbox":[97.079199,0.564453,97.931934,1.539746],"geometry":{"type":"Polygon","coordinates":[[[97.481543,1.465088],[97.931934,0.973926],[97.82041,0.564453],[97.683984,0.596094],[97.079199,1.425488],[97.355957,1.539746],[97.481543,1.465088]]]}},{"type":"Feature","properties":{"scalerank":0,"featurecla":"Land","min_zoom":3},"bbox":[102.110742,-5.483496,102.405469,-5.28623],"geometry":{"type":"Polygon","coordinates":[[[102.367188,-5.478711],[102.110742,-5.322559],[102.405469,-5.404785],[102.367188,-5.478711]]]}},{"type":"Feature","properties":{"scalerank":0,"featurecla":"Land","min_zoom":2},"bbox":[100.179297,-3.328516,100.468848,-2.783203],"geometry":{"type":"Polygon","coordinates":[[[100.425098,-3.18291],[100.465137,-3.328516],[100.204297,-2.986816],[100.198535,-2.785547],[100.45459,-3.001953],[100.433887,-3.141309],[100.425098,-3.18291]]]}},{"type":"Feature","properties":{"scalerank":0,"featurecla":"Land","min_zoom":3},"bbox":[99.968164,-2.821387,100.204102,-2.510254],"geometry":{"type":"Polygon","coordinates":[[[100.204102,-2.741016],[100.014941,-2.819727],[99.987891,-2.525391],[100.201953,-2.679688],[100.204102,-2.741016]]]}},{"type":"Feature","properties":{"scalerank":0,"featurecla":"Land","min_zoom":3},"bbox":[99.537402,-2.369727,99.847852,-2.016602],"geometry":{"type":"Polygon","coordinates":[[[99.843066,-2.343066],[99.607031,-2.25752],[99.572168,-2.025781],[99.815723,-2.284375],[99.843066,-2.343066]]]}},{"type":"Feature","properties":{"scalerank":0,"featurecla":"Land","min_zoom":2},"bbox":[98.601758,-1.783496,99.271484,-0.915625],"geometry":{"type":"Polygon","coordinates":[[[99.163867,-1.77793],[98.827734,-1.609961],[98.601758,-1.197852],[98.676074,-0.970508],[98.932617,-0.954004],[99.271484,-1.738477],[99.163867,-1.77793]]]}},{"type":"Feature","properties":{"scalerank":0,"featurecla":"Land","min_zoom":2},"bbox":[98.309668,-0.576855,98.544141,0.00708],"geometry":{"type":"Polygon","coordinates":[[[98.459277,-0.530469],[98.309668,-0.531836],[98.427148,-0.226465],[98.322949,-0.000781],[98.520117,-0.379688],[98.459277,-0.530469]]]}},{"type":"Feature","properties":{"scalerank":0,"featurecla":"Land","min_zoom":3},"bbox":[97.108301,2.053271,97.33418,2.232227],"geometry":{"type":"Polygon","coordinates":[[[97.33418,2.075635],[97.108301,2.216895],[97.328711,2.148535],[97.33418,2.075635]]]}},{"type":"Feature","properties":{"scalerank":0,"featurecla":"Land","min_zoom":2},"bbox":[95.717188,2.350684,96.463672,2.916016],"geometry":{"type":"Polygon","coordinates":[[[96.463672,2.36001],[95.808594,2.655615],[95.717188,2.825977],[95.895801,2.889062],[96.459375,2.41582],[96.463672,2.36001]]]}},{"type":"Feature","properties":{"scalerank":0,"featurecla":"Land","min_zoom":3},"bbox":[95.217676,5.784131,95.366016,5.907031],"geometry":{"type":"Polygon","coordinates":[[[95.362109,5.812402],[95.217676,5.889502],[95.366016,5.842676],[95.362109,5.812402]]]}},{"type":"Feature","properties":{"scalerank":0,"featurecla":"Land","min_zoom":3},"bbox":[111.300391,2.402197,111.389258,2.768311],"geometry":{"type":"Polygon","coordinates":[[[111.389258,2.415332],[111.333496,2.768311],[111.380469,2.458936],[111.389258,2.415332]]]}},{"type":"Feature","properties":{"scalerank":0,"featurecla":"Land","min_zoom":3},"bbox":[117.060156,7.115283,117.280762,7.35166],"geometry":{"type":"Polygon","coordinates":[[[117.141602,7.168213],[117.080664,7.115283],[117.064258,7.260693],[117.264063,7.35166],[117.239355,7.184766],[117.141602,7.168213]]]}},{"type":"Feature","properties":{"scalerank":0,"featurecla":"Land","min_zoom":3},"bbox":[31.508789,46.154687,32.150098,46.373145],"geometry":{"type":"Polygon","coordinates":[[[32.012207,46.203906],[32.150098,46.154687],[31.563867,46.257764],[31.508789,46.373145],[31.638477,46.272559],[32.012207,46.203906]]]}},{"type":"Feature","properties":{"scalerank":0,"featurecla":"Land","min_zoom":2},"bbox":[22.05625,58.68999,23.008691,59.087109],"geometry":{"type":"Polygon","coordinates":[[[22.92373,58.826904],[22.542188,58.68999],[22.411035,58.863379],[22.05625,58.943604],[22.649414,59.087109],[23.008691,58.833936],[22.92373,58.826904]]]}},{"type":"Feature","properties":{"scalerank":0,"featurecla":"Land","min_zoom":3},"bbox":[23.063477,58.53999,23.356445,58.678125],"geometry":{"type":"Polygon","coordinates":[[[23.343555,58.550342],[23.063477,58.611084],[23.356445,58.575537],[23.343555,58.550342]]]}},{"type":"Feature","properties":{"scalerank":0,"featurecla":"Land","min_zoom":3},"bbox":[35.528906,64.97666,35.858398,65.197559],"geometry":{"type":"Polygon","coordinates":[[[35.816113,65.18208],[35.778711,64.97666],[35.528906,65.151074],[35.729102,65.197559],[35.816113,65.18208]]]}},{"type":"Feature","properties":{"scalerank":0,"featurecla":"Land","min_zoom":4},"bbox":[42.460059,66.688086,42.713672,66.795508],"geometry":{"type":"Polygon","coordinates":[[[42.713672,66.701709],[42.460059,66.770361],[42.690723,66.735303],[42.713672,66.701709]]]}},{"type":"Feature","properties":{"scalerank":0,"featurecla":"Land","min_zoom":3},"bbox":[26.407715,78.646484,27.007617,78.811475],"geometry":{"type":"Polygon","coordinates":[[[26.875977,78.648926],[26.407715,78.784326],[27.007617,78.69751],[26.875977,78.648926]]]}},{"type":"Feature","properties":{"scalerank":0,"featurecla":"Land","min_zoom":3},"bbox":[27.889063,78.828711,29.69668,78.97085],"geometry":{"type":"Polygon","coordinates":[[[29.04707,78.912061],[29.69668,78.904736],[27.889063,78.852148],[28.845215,78.97085],[29.04707,78.912061]]]}},{"type":"Feature","properties":{"scalerank":0,"featurecla":"Land","min_zoom":3},"bbox":[49.556055,80.060742,50.319141,80.230225],"geometry":{"type":"Polygon","coordinates":[[[50.051758,80.074316],[49.556055,80.158936],[50.319141,80.172363],[50.072266,80.109473],[50.051758,80.074316]]]}},{"type":"Feature","properties":{"scalerank":0,"featurecla":"Land","min_zoom":3},"bbox":[50.091406,79.920508,51.435156,80.094238],"geometry":{"type":"Polygon","coordinates":[[[51.409277,79.944238],[50.091406,79.980566],[50.936328,80.094238],[51.326953,79.972314],[51.409277,79.944238]]]}},{"type":"Feature","properties":{"scalerank":0,"featurecla":"Land","min_zoom":3},"bbox":[31.481934,80.081445,33.629297,80.242334],"geometry":{"type":"Polygon","coordinates":[[[32.525977,80.119141],[31.481934,80.10791],[33.556641,80.198145],[32.525977,80.119141]]]}},{"type":"Feature","properties":{"scalerank":0,"featurecla":"Land","min_zoom":2},"bbox":[55.466016,81.135547,58.563867,81.564648],"geometry":{"type":"Polygon","coordinates":[[[57.810254,81.546045],[58.563867,81.418408],[57.858691,81.368066],[58.015332,81.254834],[57.450977,81.135547],[56.821875,81.237939],[55.716699,81.188477],[55.466016,81.311182],[56.156836,81.303076],[57.091504,81.541211],[57.716602,81.564648],[57.810254,81.546045]]]}},{"type":"Feature","properties":{"scalerank":0,"featurecla":"Land","min_zoom":2},"bbox":[54.04541,80.628418,57.694141,81.115967],"geometry":{"type":"Polygon","coordinates":[[[54.718945,81.115967],[57.694141,80.792285],[55.883398,80.628418],[54.066602,80.813623],[54.633984,81.113184],[54.718945,81.115967]]]}},{"type":"Feature","properties":{"scalerank":0,"featurecla":"Land","min_zoom":4},"bbox":[50.368457,81.04126,50.946191,81.170654],"geometry":{"type":"Polygon","coordinates":[[[50.753711,81.047412],[50.368457,81.12251],[50.946191,81.108154],[50.78877,81.071826],[50.753711,81.047412]]]}},{"type":"Feature","properties":{"scalerank":0,"featurecla":"Land","min_zoom":2},"bbox":[57.210938,80.764893,58.930566,81.118457],"geometry":{"type":"Polygon","coordinates":[[[58.622363,81.04165],[58.930566,80.831689],[57.937891,80.793359],[57.210938,81.01709],[58.507617,81.061768],[58.622363,81.04165]]]}},{"type":"Feature","properties":{"scalerank":0,"featurecla":"Land","min_zoom":3},"bbox":[62.106445,81.596582,63.782422,81.718945],"geometry":{"type":"Polygon","coordinates":[[[63.650977,81.609326],[62.106445,81.679346],[63.782422,81.649805],[63.650977,81.609326]]]}},{"type":"Feature","properties":{"scalerank":0,"featurecla":"Land","min_zoom":3},"bbox":[57.909277,81.695654,59.408496,81.854199],"geometry":{"type":"Polygon","coordinates":[[[58.29541,81.715186],[57.909277,81.721924],[58.13457,81.827979],[59.261816,81.854199],[59.408496,81.825439],[59.356445,81.758984],[58.29541,81.715186]]]}},{"type":"Feature","properties":{"scalerank":0,"featurecla":"Land","min_zoom":4},"bbox":[18.162207,80.245605,18.741602,80.35835],"geometry":{"type":"Polygon","coordinates":[[[18.741602,80.300928],[18.525,80.245605],[18.162207,80.288184],[18.205566,80.331787],[18.291699,80.35835],[18.519336,80.34834],[18.741602,80.300928]]]}},{"type":"Feature","properties":{"scalerank":0,"featurecla":"Land","min_zoom":3},"bbox":[10.557617,78.224854,12.116406,78.90293],"geometry":{"type":"Polygon","coordinates":[[[11.250293,78.610693],[12.116406,78.232568],[11.121289,78.463281],[10.558203,78.90293],[10.96084,78.846387],[11.15498,78.640576],[11.250293,78.610693]]]}},{"type":"Feature","properties":{"scalerank":0,"featurecla":"Land","min_zoom":3},"bbox":[18.797461,74.352148,19.274707,74.51792],"geometry":{"type":"Polygon","coordinates":[[[19.219336,74.391016],[18.797461,74.485693],[19.274707,74.456738],[19.219336,74.391016]]]}},{"type":"Feature","properties":{"scalerank":0,"featurecla":"Land","min_zoom":2},"bbox":[52.239844,70.968701,53.205176,71.403711],"geometry":{"type":"MultiPolygon","coordinates":[[[[53.141406,71.241895],[53.205176,71.159717],[53.022656,70.968701],[52.239844,71.325049],[52.776758,71.399805],[53.074023,71.237939],[53.141406,71.241895]]],[[[53.141406,71.241895],[53.138477,71.243408],[53.145703,71.242188],[53.141406,71.241895]]]]}},{"type":"Feature","properties":{"scalerank":0,"featurecla":"Land","min_zoom":3},"bbox":[74.100195,72.86377,74.961523,73.130469],"geometry":{"type":"Polygon","coordinates":[[[74.660547,72.873437],[74.100195,73.021533],[74.408789,73.130469],[74.961523,73.0625],[74.742578,73.032715],[74.697168,72.907715],[74.660547,72.873437]]]}},{"type":"Feature","properties":{"scalerank":0,"featurecla":"Land","min_zoom":3},"bbox":[75.344336,73.432275,76.051562,73.573633],"geometry":{"type":"Polygon","coordinates":[[[75.503711,73.456641],[75.344336,73.432275],[76.051562,73.549268],[75.827148,73.459131],[75.503711,73.456641]]]}},{"type":"Feature","properties":{"scalerank":0,"featurecla":"Land","min_zoom":3},"bbox":[76.083105,73.439502,76.756055,73.555273],"geometry":{"type":"Polygon","coordinates":[[[76.756055,73.445801],[76.659375,73.439502],[76.234473,73.476221],[76.083105,73.523486],[76.139551,73.554297],[76.250684,73.555273],[76.756055,73.445801]]]}},{"type":"Feature","properties":{"scalerank":0,"featurecla":"Land","min_zoom":2},"bbox":[76.871094,72.281885,78.365137,72.631201],"geometry":{"type":"Polygon","coordinates":[[[77.63252,72.29126],[76.871094,72.317041],[77.578711,72.630859],[78.365137,72.482422],[77.780859,72.308545],[77.63252,72.29126]]]}},{"type":"Feature","properties":{"scalerank":0,"featurecla":"Land","min_zoom":2},"bbox":[78.633203,72.710693,79.541309,73.094336],"geometry":{"type":"Polygon","coordinates":[[[79.501465,72.721924],[78.633203,72.850732],[79.164258,73.094336],[79.541309,72.918652],[79.537891,72.769336],[79.501465,72.721924]]]}},{"type":"Feature","properties":{"scalerank":0,"featurecla":"Land","min_zoom":4},"bbox":[82.329395,74.056445,82.709961,74.161426],"geometry":{"type":"Polygon","coordinates":[[[82.709961,74.090869],[82.329395,74.131104],[82.688965,74.11123],[82.709961,74.090869]]]}},{"type":"Feature","properties":{"scalerank":0,"featurecla":"Land","min_zoom":3},"bbox":[82.817773,74.039551,83.618359,74.151611],"geometry":{"type":"Polygon","coordinates":[[[83.549023,74.071777],[82.817773,74.091602],[83.618359,74.089453],[83.549023,74.071777]]]}},{"type":"Feature","properties":{"scalerank":0,"featurecla":"Land","min_zoom":4},"bbox":[84.389453,74.399805,84.872852,74.515527],"geometry":{"type":"Polygon","coordinates":[[[84.758984,74.459424],[84.389453,74.454443],[84.872852,74.515527],[84.758984,74.459424]]]}},{"type":"Feature","properties":{"scalerank":0,"featurecla":"Land","min_zoom":3},"bbox":[86.258594,74.830762,87.124316,74.992822],"geometry":{"type":"Polygon","coordinates":[[[86.653125,74.981299],[87.124316,74.939893],[86.927148,74.830762],[86.258594,74.893506],[86.605469,74.992822],[86.653125,74.981299]]]}},{"type":"Feature","properties":{"scalerank":0,"featurecla":"Land","min_zoom":3},"bbox":[81.500586,75.247119,82.221582,75.515625],"geometry":{"type":"Polygon","coordinates":[[[82.172363,75.419385],[82.221582,75.350537],[81.978516,75.247119],[81.500586,75.36792],[82.165625,75.515625],[82.172363,75.419385]]]}},{"type":"Feature","properties":{"scalerank":0,"featurecla":"Land","min_zoom":3},"bbox":[95.311133,76.121729,96.613965,76.305371],"geometry":{"type":"Polygon","coordinates":[[[96.532422,76.278125],[96.613965,76.263818],[96.300586,76.121729],[95.311133,76.214746],[96.270703,76.305371],[96.532422,76.278125]]]}},{"type":"Feature","properties":{"scalerank":0,"featurecla":"Land","min_zoom":4},"bbox":[97.310352,76.584424,97.588379,76.706689],"geometry":{"type":"Polygon","coordinates":[[[97.588379,76.599365],[97.535254,76.584424],[97.430371,76.590723],[97.341699,76.628857],[97.310352,76.6896],[97.381641,76.706689],[97.588379,76.599365]]]}},{"type":"Feature","properties":{"scalerank":0,"featurecla":"Land","min_zoom":3},"bbox":[95.270312,76.974951,96.561914,77.205518],"geometry":{"type":"Polygon","coordinates":[[[96.285449,77.02666],[95.270312,77.018848],[96.528418,77.205518],[96.424316,77.071191],[96.285449,77.02666]]]}},{"type":"Feature","properties":{"scalerank":0,"featurecla":"Land","min_zoom":3},"bbox":[89.141699,77.183984,89.67959,77.311035],"geometry":{"type":"Polygon","coordinates":[[[89.514258,77.188818],[89.141699,77.226807],[89.66582,77.254492],[89.514258,77.188818]]]}},{"type":"Feature","properties":{"scalerank":0,"featurecla":"Land","min_zoom":3},"bbox":[76.051562,79.489502,77.588965,79.664453],"geometry":{"type":"Polygon","coordinates":[[[76.248926,79.651074],[77.588965,79.501904],[76.649512,79.493408],[76.051562,79.644727],[76.148438,79.664453],[76.248926,79.651074]]]}},{"type":"Feature","properties":{"scalerank":0,"featurecla":"Land","min_zoom":3},"bbox":[78.977637,80.812061,80.42793,80.975391],"geometry":{"type":"Polygon","coordinates":[[[80.02666,80.848145],[78.977637,80.848242],[79.806641,80.975391],[80.42793,80.927686],[80.344824,80.86792],[80.02666,80.848145]]]}},{"type":"Feature","properties":{"scalerank":0,"featurecla":"Land","min_zoom":3},"bbox":[89.901172,81.063818,91.567187,81.213721],"geometry":{"type":"Polygon","coordinates":[[[91.567187,81.141211],[91.222852,81.063818],[89.901172,81.170703],[91.477832,81.183936],[91.567187,81.141211]]]}},{"type":"Feature","properties":{"scalerank":0,"featurecla":"Land","min_zoom":3},"bbox":[106.415527,78.057764,107.695508,78.189404],"geometry":{"type":"Polygon","coordinates":[[[107.695508,78.130908],[106.415527,78.139844],[107.573242,78.185547],[107.695508,78.130908]]]}},{"type":"Feature","properties":{"scalerank":0,"featurecla":"Land","min_zoom":3},"bbox":[106.023633,78.198633,106.719629,78.340039],"geometry":{"type":"Polygon","coordinates":[[[106.27041,78.206201],[106.023633,78.220117],[106.719629,78.294189],[106.472461,78.24502],[106.27041,78.206201]]]}},{"type":"Feature","properties":{"scalerank":0,"featurecla":"Land","min_zoom":4},"bbox":[107.269531,77.241504,107.679492,77.347119],"geometry":{"type":"Polygon","coordinates":[[[107.414746,77.242676],[107.269531,77.289014],[107.679492,77.268262],[107.414746,77.242676]]]}},{"type":"Feature","properties":{"scalerank":0,"featurecla":"Land","min_zoom":3},"bbox":[111.968945,76.450049,112.66084,76.643799],"geometry":{"type":"Polygon","coordinates":[[[112.478027,76.620898],[112.66084,76.50957],[112.531641,76.450049],[111.968945,76.626172],[112.394141,76.643799],[112.478027,76.620898]]]}},{"type":"Feature","properties":{"scalerank":0,"featurecla":"Land","min_zoom":3},"bbox":[119.64043,73.044873,120.261328,73.167676],"geometry":{"type":"Polygon","coordinates":[[[120.261328,73.089844],[119.64043,73.124316],[120.236816,73.107275],[120.261328,73.089844]]]}},{"type":"Feature","properties":{"scalerank":0,"featurecla":"Land","min_zoom":4},"bbox":[124.335742,73.8479,124.65293,73.943018],"geometry":{"type":"Polygon","coordinates":[[[124.542969,73.850098],[124.336523,73.928369],[124.65293,73.888037],[124.542969,73.850098]]]}},{"type":"Feature","properties":{"scalerank":0,"featurecla":"Land","min_zoom":3},"bbox":[135.451953,75.381982,136.168945,75.845264],"geometry":{"type":"Polygon","coordinates":[[[135.948633,75.40957],[135.451953,75.389551],[135.698633,75.845264],[136.168945,75.605566],[135.983398,75.521924],[136.020508,75.438379],[135.948633,75.40957]]]}},{"type":"Feature","properties":{"scalerank":0,"featurecla":"Land","min_zoom":3},"bbox":[148.398633,76.648242,149.406445,76.78208],"geometry":{"type":"Polygon","coordinates":[[[149.150195,76.659912],[148.398633,76.648242],[149.406445,76.78208],[149.204785,76.677002],[149.150195,76.659912]]]}},{"type":"Feature","properties":{"scalerank":0,"featurecla":"Land","min_zoom":3},"bbox":[135.387012,73.88501,136.25918,74.253369],"geometry":{"type":"Polygon","coordinates":[[[136.197461,73.913623],[135.387012,74.253369],[136.25918,73.984961],[136.197461,73.913623]]]}},{"type":"Feature","properties":{"scalerank":0,"featurecla":"Land","min_zoom":3},"bbox":[137.064063,71.423242,137.959863,71.587891],"geometry":{"type":"Polygon","coordinates":[[[137.959863,71.507666],[137.711816,71.423242],[137.064063,71.529883],[137.933789,71.542773],[137.959863,71.507666]]]}},{"type":"Feature","properties":{"scalerank":0,"featurecla":"Land","min_zoom":4},"bbox":[160.436914,70.805859,160.718945,70.934033],"geometry":{"type":"Polygon","coordinates":[[[160.718945,70.822705],[160.436914,70.851025],[160.448535,70.934033],[160.644922,70.883545],[160.718945,70.822705]]]}},{"type":"Feature","properties":{"scalerank":0,"featurecla":"Land","min_zoom":2},"bbox":[167.788867,69.571436,169.433594,70.015674],"geometry":{"type":"Polygon","coordinates":[[[169.200781,69.580469],[167.788867,69.836865],[168.35791,70.015674],[169.374805,69.882617],[169.418164,69.779199],[169.245801,69.601123],[169.200781,69.580469]]]}},{"type":"Feature","properties":{"scalerank":0,"featurecla":"Land","min_zoom":2},"bbox":[163.427246,58.509375,164.661621,59.226758],"geometry":{"type":"Polygon","coordinates":[[[163.635156,58.603369],[163.431836,58.546143],[163.726562,58.798535],[163.760938,59.015039],[164.572656,59.221143],[164.615723,58.885596],[163.960059,58.74375],[163.635156,58.603369]]]}},{"type":"Feature","properties":{"scalerank":0,"featurecla":"Land","min_zoom":3},"bbox":[167.441504,54.512744,168.081348,54.856934],"geometry":{"type":"Polygon","coordinates":[[[168.039062,54.56499],[167.441504,54.855859],[167.882617,54.690479],[168.039062,54.56499]]]}},{"type":"Feature","properties":{"scalerank":0,"featurecla":"Land","min_zoom":2},"bbox":[165.751074,54.694092,166.650293,55.351465],"geometry":{"type":"Polygon","coordinates":[[[166.650293,54.839062],[166.645117,54.694092],[165.751074,55.294531],[166.275781,55.311963],[166.248047,55.16543],[166.577344,54.907715],[166.650293,54.839062]]]}},{"type":"Feature","properties":{"scalerank":0,"featurecla":"Land","min_zoom":3},"bbox":[156.167969,50.633789,156.4875,50.862109],"geometry":{"type":"Polygon","coordinates":[[[156.405078,50.657617],[156.167969,50.731885],[156.376465,50.862109],[156.483105,50.751221],[156.405078,50.657617]]]}},{"type":"Feature","properties":{"scalerank":0,"featurecla":"Land","min_zoom":2},"bbox":[155.195117,50.04126,156.122852,50.771875],"geometry":{"type":"Polygon","coordinates":[[[155.921094,50.302197],[155.397168,50.04126],[155.195117,50.264551],[155.680176,50.400732],[156.096875,50.771875],[156.044434,50.451758],[155.921094,50.302197]]]}},{"type":"Feature","properties":{"scalerank":0,"featurecla":"Land","min_zoom":3},"bbox":[153.992285,48.73877,154.228418,48.904932],"geometry":{"type":"Polygon","coordinates":[[[154.08125,48.790283],[153.992285,48.77251],[154.204688,48.857178],[154.08125,48.790283]]]}},{"type":"Feature","properties":{"scalerank":0,"featurecla":"Land","min_zoom":3},"bbox":[155.467383,50.810596,155.653613,50.934473],"geometry":{"type":"Polygon","coordinates":[[[155.644824,50.821924],[155.467383,50.913574],[155.653613,50.845361],[155.644824,50.821924]]]}},{"type":"Feature","properties":{"scalerank":0,"featurecla":"Land","min_zoom":4},"bbox":[152.984277,47.706104,153.101074,47.80874],"geometry":{"type":"Polygon","coordinates":[[[153.101074,47.762939],[153.053809,47.706104],[153.004102,47.713477],[152.984277,47.72793],[153.049121,47.797021],[153.079199,47.80874],[153.101074,47.762939]]]}},{"type":"Feature","properties":{"scalerank":0,"featurecla":"Land","min_zoom":3},"bbox":[151.715332,46.787109,152.288867,47.143408],"geometry":{"type":"Polygon","coordinates":[[[152.002051,46.897168],[151.815625,46.787109],[151.715332,46.852686],[152.288867,47.142187],[152.002051,46.897168]]]}},{"type":"Feature","properties":{"scalerank":0,"featurecla":"Land","min_zoom":2},"bbox":[149.44707,45.591357,150.553125,46.213428],"geometry":{"type":"Polygon","coordinates":[[[149.687695,45.642041],[149.44707,45.593359],[149.962305,46.021924],[150.553125,46.208545],[149.883398,45.783154],[149.687695,45.642041]]]}},{"type":"Feature","properties":{"scalerank":0,"featurecla":"Land","min_zoom":2},"bbox":[146.897461,44.404297,148.837109,45.526465],"geometry":{"type":"Polygon","coordinates":[[[148.599512,45.317627],[147.657813,44.977148],[146.897461,44.404297],[147.246582,44.856055],[147.885547,45.225635],[147.924023,45.383301],[148.056055,45.262109],[148.324219,45.282422],[148.772656,45.526465],[148.790723,45.323975],[148.599512,45.317627]]]}},{"type":"Feature","properties":{"scalerank":0,"featurecla":"Land","min_zoom":3},"bbox":[150.470215,59.007422,150.727734,59.160156],"geometry":{"type":"Polygon","coordinates":[[[150.589941,59.01875],[150.470215,59.054053],[150.727734,59.095215],[150.589941,59.01875]]]}},{"type":"Feature","properties":{"scalerank":0,"featurecla":"Land","min_zoom":2},"bbox":[137.23291,54.653271,138.206152,55.197021],"geometry":{"type":"Polygon","coordinates":[[[137.940527,55.092627],[138.206152,55.033545],[137.721484,54.663232],[137.462695,54.873389],[137.23291,54.790576],[137.577344,55.197021],[137.910449,55.110059],[137.940527,55.092627]]]}},{"type":"Feature","properties":{"scalerank":0,"featurecla":"Land","min_zoom":3},"bbox":[136.714648,54.923975,137.178613,55.107813],"geometry":{"type":"Polygon","coordinates":[[[137.178613,55.100439],[137.055273,54.926758],[136.714648,54.956152],[137.156055,55.107813],[137.178613,55.100439]]]}},{"type":"Feature","properties":{"scalerank":0,"featurecla":"Land","min_zoom":3},"bbox":[146.608594,43.716357,146.899023,43.860498],"geometry":{"type":"Polygon","coordinates":[[[146.713965,43.743799],[146.621973,43.812988],[146.899023,43.80415],[146.713965,43.743799]]]}},{"type":"Feature","properties":{"scalerank":0,"featurecla":"Land","min_zoom":0},"bbox":[145.426172,43.6646,146.567773,44.500146],"geometry":{"type":"Polygon","coordinates":[[[146.207617,44.497656],[146.567773,44.44043],[145.914062,44.103711],[145.586816,43.845117],[145.555859,43.6646],[145.439258,43.737061],[146.112109,44.500146],[146.207617,44.497656]]]}},{"type":"Feature","properties":{"scalerank":0,"featurecla":"Land","min_zoom":3},"bbox":[124.084766,24.335059,124.324023,24.587109],"geometry":{"type":"Polygon","coordinates":[[[124.293164,24.515918],[124.135742,24.347607],[124.084766,24.43584],[124.324023,24.566357],[124.293164,24.515918]]]}},{"type":"Feature","properties":{"scalerank":0,"featurecla":"Land","min_zoom":3},"bbox":[123.679785,24.266064,123.934863,24.414453],"geometry":{"type":"Polygon","coordinates":[[[123.888672,24.280127],[123.679785,24.317773],[123.771484,24.414453],[123.928125,24.323633],[123.888672,24.280127]]]}},{"type":"Feature","properties":{"scalerank":0,"featurecla":"Land","min_zoom":3},"bbox":[125.268945,24.71709,125.444141,24.871924],"geometry":{"type":"Polygon","coordinates":[[[125.444141,24.743164],[125.268945,24.73252],[125.283594,24.871924],[125.401855,24.776855],[125.444141,24.743164]]]}},{"type":"Feature","properties":{"scalerank":0,"featurecla":"Land","min_zoom":2},"bbox":[127.649707,26.094727,128.331641,26.881885],"geometry":{"type":"Polygon","coordinates":[[[128.258789,26.652783],[127.86709,26.44248],[127.803613,26.152539],[127.653125,26.094727],[127.907227,26.693604],[128.097656,26.667773],[128.254883,26.881885],[128.310938,26.720703],[128.258789,26.652783]]]}},{"type":"Feature","properties":{"scalerank":0,"featurecla":"Land","min_zoom":3},"bbox":[128.882812,27.70249,129.016406,27.910254],"geometry":{"type":"Polygon","coordinates":[[[128.998145,27.720801],[128.9,27.727783],[128.907617,27.897998],[129.016406,27.770215],[128.998145,27.720801]]]}},{"type":"Feature","properties":{"scalerank":0,"featurecla":"Land","min_zoom":2},"bbox":[129.164648,28.127734,129.714648,28.51748],"geometry":{"type":"Polygon","coordinates":[[[129.452539,28.208984],[129.366406,28.127734],[129.164648,28.249756],[129.689551,28.51748],[129.439063,28.254785],[129.452539,28.208984]]]}},{"type":"Feature","properties":{"scalerank":0,"featurecla":"Land","min_zoom":4},"bbox":[129.19248,28.081592,129.330566,28.19248],"geometry":{"type":"Polygon","coordinates":[[[129.324023,28.104932],[129.330566,28.081592],[129.232422,28.101123],[129.19248,28.19248],[129.257422,28.176172],[129.277344,28.144727],[129.324023,28.104932]]]}},{"type":"Feature","properties":{"scalerank":0,"featurecla":"Land","min_zoom":3},"bbox":[130.388086,30.241406,130.673242,30.465527],"geometry":{"type":"Polygon","coordinates":[[[130.622754,30.262988],[130.445605,30.264697],[130.388086,30.388184],[130.497168,30.465527],[130.673242,30.366895],[130.622754,30.262988]]]}},{"type":"Feature","properties":{"scalerank":0,"featurecla":"Land","min_zoom":3},"bbox":[130.870313,30.386328,131.082617,30.828467],"geometry":{"type":"Polygon","coordinates":[[[130.959766,30.396924],[130.870313,30.444238],[131.060352,30.828467],[130.992578,30.52998],[130.959766,30.396924]]]}},{"type":"Feature","properties":{"scalerank":0,"featurecla":"Land","min_zoom":3},"bbox":[128.649121,32.586133,128.894531,32.783887],"geometry":{"type":"Polygon","coordinates":[[[128.665332,32.783887],[128.894531,32.652148],[128.649121,32.662012],[128.665332,32.783887]]]}},{"type":"Feature","properties":{"scalerank":0,"featurecla":"Land","min_zoom":3},"bbox":[129.960156,32.193994,130.199512,32.541211],"geometry":{"type":"Polygon","coordinates":[[[130.08252,32.229687],[129.960156,32.24375],[130.009766,32.521631],[130.167773,32.541211],[130.199512,32.340576],[130.08252,32.229687]]]}},{"type":"Feature","properties":{"scalerank":0,"featurecla":"Land","min_zoom":3},"bbox":[130.241699,32.419336,130.461426,32.527197],"geometry":{"type":"Polygon","coordinates":[[[130.381055,32.42373],[130.241699,32.462793],[130.418555,32.457715],[130.381055,32.42373]]]}},{"type":"Feature","properties":{"scalerank":0,"featurecla":"Land","min_zoom":3},"bbox":[133.189941,36.166504,133.38125,36.340137],"geometry":{"type":"Polygon","coordinates":[[[133.370508,36.203857],[133.189941,36.232617],[133.295703,36.340137],[133.38125,36.246387],[133.370508,36.203857]]]}},{"type":"Feature","properties":{"scalerank":0,"featurecla":"Land","min_zoom":2},"bbox":[138.225195,37.81958,138.575195,38.315918],"geometry":{"type":"Polygon","coordinates":[[[138.344043,37.822119],[138.225195,37.829395],[138.322266,37.969531],[138.25,38.078467],[138.503613,38.315918],[138.496973,37.903906],[138.344043,37.822119]]]}},{"type":"Feature","properties":{"scalerank":0,"featurecla":"Land","min_zoom":3},"bbox":[139.411523,42.075635,139.558398,42.235205],"geometry":{"type":"Polygon","coordinates":[[[139.48125,42.081006],[139.431348,42.199561],[139.558398,42.235205],[139.505078,42.096387],[139.48125,42.081006]]]}},{"type":"Feature","properties":{"scalerank":0,"featurecla":"Land","min_zoom":3},"bbox":[140.97168,45.269336,141.072754,45.465479],"geometry":{"type":"Polygon","coordinates":[[[141.072754,45.332861],[140.97168,45.465479],[141.069922,45.4],[141.072754,45.332861]]]}},{"type":"Feature","properties":{"scalerank":0,"featurecla":"Land","min_zoom":3},"bbox":[141.135352,45.112207,141.329199,45.247852],"geometry":{"type":"Polygon","coordinates":[[[141.29541,45.119336],[141.135352,45.206201],[141.329199,45.150488],[141.29541,45.119336]]]}},{"type":"Feature","properties":{"scalerank":0,"featurecla":"Land","min_zoom":4},"bbox":[139.768945,33.045459,139.873633,33.129248],"geometry":{"type":"Polygon","coordinates":[[[139.841113,33.056055],[139.777441,33.125146],[139.873633,33.093506],[139.841113,33.056055]]]}},{"type":"Feature","properties":{"scalerank":0,"featurecla":"Land","min_zoom":4},"bbox":[139.366895,34.679541,139.456445,34.775879],"geometry":{"type":"Polygon","coordinates":[[[139.456445,34.726514],[139.445703,34.679541],[139.392383,34.689893],[139.366895,34.720508],[139.37002,34.775439],[139.426172,34.775879],[139.456445,34.726514]]]}},{"type":"Feature","properties":{"scalerank":0,"featurecla":"Land","min_zoom":3},"bbox":[134.667871,34.20293,135.004688,34.544922],"geometry":{"type":"Polygon","coordinates":[[[134.932813,34.288135],[134.824414,34.20293],[134.667871,34.294141],[135.004688,34.544043],[134.905469,34.398291],[134.932813,34.288135]]]}},{"type":"Feature","properties":{"scalerank":0,"featurecla":"Land","min_zoom":3},"bbox":[128.997266,32.829492,129.181934,33.132568],"geometry":{"type":"Polygon","coordinates":[[[129.076953,32.840283],[128.997266,32.951855],[129.109766,33.132568],[129.111621,32.928857],[129.076953,32.840283]]]}},{"type":"Feature","properties":{"scalerank":0,"featurecla":"Land","min_zoom":3},"bbox":[129.37041,33.17583,129.569922,33.361035],"geometry":{"type":"Polygon","coordinates":[[[129.491797,33.223047],[129.37041,33.176025],[129.569922,33.361035],[129.508105,33.284326],[129.491797,33.223047]]]}},{"type":"Feature","properties":{"scalerank":0,"featurecla":"Land","min_zoom":3},"bbox":[129.674805,33.707324,129.795703,33.858398],"geometry":{"type":"Polygon","coordinates":[[[129.795703,33.748828],[129.726562,33.707324],[129.674805,33.739697],[129.7,33.828906],[129.717285,33.858398],[129.776367,33.829199],[129.795703,33.748828]]]}},{"type":"Feature","properties":{"scalerank":0,"featurecla":"Land","min_zoom":3},"bbox":[129.186426,34.082812,129.337109,34.320654],"geometry":{"type":"Polygon","coordinates":[[[129.279492,34.123389],[129.214453,34.082812],[129.186426,34.14502],[129.214844,34.320654],[129.337109,34.284766],[129.335059,34.230811],[129.279492,34.123389]]]}},{"type":"Feature","properties":{"scalerank":0,"featurecla":"Land","min_zoom":3},"bbox":[129.266699,34.305518,129.480176,34.686572],"geometry":{"type":"Polygon","coordinates":[[[129.385645,34.353662],[129.266699,34.370459],[129.451074,34.686572],[129.381445,34.416455],[129.385645,34.353662]]]}},{"type":"Feature","properties":{"scalerank":0,"featurecla":"Land","min_zoom":4},"bbox":[132.460938,34.075098,132.578418,34.172656],"geometry":{"type":"Polygon","coordinates":[[[132.578418,34.115186],[132.460938,34.087256],[132.560156,34.126904],[132.578418,34.115186]]]}},{"type":"Feature","properties":{"scalerank":0,"featurecla":"Land","min_zoom":3},"bbox":[132.200586,33.847021,132.444922,33.947803],"geometry":{"type":"Polygon","coordinates":[[[132.266016,33.945166],[132.444922,33.913184],[132.208008,33.947803],[132.266016,33.945166]]]}},{"type":"Feature","properties":{"scalerank":0,"featurecla":"Land","min_zoom":3},"bbox":[118.287305,24.414355,118.451172,24.522119],"geometry":{"type":"Polygon","coordinates":[[[118.407422,24.522119],[118.451172,24.455566],[118.432715,24.414355],[118.295117,24.436328],[118.287305,24.476611],[118.339355,24.469141],[118.407422,24.522119]]]}},{"type":"Feature","properties":{"scalerank":0,"featurecla":"Land","min_zoom":4},"bbox":[118.076758,24.436133,118.183008,24.552344],"geometry":{"type":"Polygon","coordinates":[[[118.183008,24.496289],[118.090527,24.446143],[118.170703,24.518506],[118.183008,24.496289]]]}},{"type":"Feature","properties":{"scalerank":0,"featurecla":"Land","min_zoom":3},"bbox":[128.489258,34.736865,128.741016,35.013574],"geometry":{"type":"Polygon","coordinates":[[[128.741016,34.798535],[128.64668,34.736865],[128.489258,34.865283],[128.721875,35.013574],[128.741016,34.798535]]]}},{"type":"Feature","properties":{"scalerank":0,"featurecla":"Land","min_zoom":3},"bbox":[127.832227,34.703223,128.06582,34.920996],"geometry":{"type":"Polygon","coordinates":[[[128.06582,34.805859],[127.983984,34.703223],[127.838281,34.81333],[128.037988,34.878613],[128.06582,34.805859]]]}},{"type":"Feature","properties":{"scalerank":0,"featurecla":"Land","min_zoom":4},"bbox":[127.737305,34.584082,127.799023,34.682129],"geometry":{"type":"Polygon","coordinates":[[[127.799023,34.615039],[127.787793,34.584082],[127.737305,34.630908],[127.787109,34.682129],[127.799023,34.615039]]]}},{"type":"Feature","properties":{"scalerank":0,"featurecla":"Land","min_zoom":2},"bbox":[126.165625,33.201514,126.93125,33.553223],"geometry":{"type":"Polygon","coordinates":[[[126.326953,33.223633],[126.165625,33.312012],[126.337695,33.4604],[126.901172,33.515137],[126.872852,33.341162],[126.581738,33.23833],[126.326953,33.223633]]]}},{"type":"Feature","properties":{"scalerank":0,"featurecla":"Land","min_zoom":3},"bbox":[126.108594,34.355176,126.379883,34.56333],"geometry":{"type":"Polygon","coordinates":[[[126.233691,34.370508],[126.108594,34.39873],[126.247461,34.56333],[126.335449,34.426416],[126.233691,34.370508]]]}},{"type":"Feature","properties":{"scalerank":0,"featurecla":"Land","min_zoom":3},"bbox":[126.369336,37.604687,126.520703,37.822656],"geometry":{"type":"Polygon","coordinates":[[[126.520703,37.736816],[126.516016,37.604687],[126.42334,37.623633],[126.369336,37.772021],[126.493555,37.782568],[126.520703,37.736816]]]}},{"type":"Feature","properties":{"scalerank":0,"featurecla":"Land","min_zoom":2},"bbox":[121.211133,31.46377,121.862695,31.805371],"geometry":{"type":"Polygon","coordinates":[[[121.862695,31.492285],[121.519922,31.549609],[121.211133,31.805371],[121.843652,31.526367],[121.862695,31.492285]]]}},{"type":"Feature","properties":{"scalerank":0,"featurecla":"Land","min_zoom":3},"bbox":[121.969434,29.943848,122.322266,30.143115],"geometry":{"type":"Polygon","coordinates":[[[122.295898,29.963428],[122.024023,30.01333],[121.969434,30.143115],[122.322266,30.031396],[122.295898,29.963428]]]}},{"type":"Feature","properties":{"scalerank":0,"featurecla":"Land","min_zoom":4},"bbox":[122.042676,29.660254,122.172559,29.782227],"geometry":{"type":"Polygon","coordinates":[[[122.172559,29.679004],[122.042676,29.735937],[122.165039,29.700781],[122.172559,29.679004]]]}},{"type":"Feature","properties":{"scalerank":0,"featurecla":"Land","min_zoom":4},"bbox":[122.331836,29.846094,122.403906,29.955225],"geometry":{"type":"Polygon","coordinates":[[[122.403906,29.892383],[122.394043,29.846094],[122.367578,29.852686],[122.331836,29.934961],[122.350977,29.955225],[122.401563,29.950244],[122.403906,29.892383]]]}},{"type":"Feature","properties":{"scalerank":0,"featurecla":"Land","min_zoom":3},"bbox":[119.695996,25.410693,119.838672,25.653174],"geometry":{"type":"Polygon","coordinates":[[[119.820898,25.456982],[119.700293,25.432715],[119.722559,25.638818],[119.832422,25.47959],[119.820898,25.456982]]]}},{"type":"Feature","properties":{"scalerank":0,"featurecla":"Land","min_zoom":3},"bbox":[110.264648,20.967725,110.539551,21.093164],"geometry":{"type":"Polygon","coordinates":[[[110.385156,21.093164],[110.521582,21.083105],[110.503906,20.967725],[110.309863,21.074756],[110.385156,21.093164]]]}},{"type":"Feature","properties":{"scalerank":0,"featurecla":"Land","min_zoom":3},"bbox":[107.403516,21.09165,107.602734,21.268945],"geometry":{"type":"Polygon","coordinates":[[[107.602734,21.216797],[107.458691,21.09165],[107.403516,21.093652],[107.452539,21.235303],[107.47627,21.268945],[107.562695,21.22041],[107.602734,21.216797]]]}},{"type":"Feature","properties":{"scalerank":0,"featurecla":"Land","min_zoom":4},"bbox":[107.399219,20.900537,107.55127,21.034033],"geometry":{"type":"Polygon","coordinates":[[[107.521289,20.926611],[107.399219,20.903467],[107.551074,20.981201],[107.521289,20.926611]]]}},{"type":"Feature","properties":{"scalerank":0,"featurecla":"Land","min_zoom":3},"bbox":[106.910645,20.743066,107.064453,20.867041],"geometry":{"type":"Polygon","coordinates":[[[107.031348,20.747021],[106.910645,20.824219],[107.042285,20.761035],[107.031348,20.747021]]]}},{"type":"Feature","properties":{"scalerank":0,"featurecla":"Land","min_zoom":4},"bbox":[106.769434,20.796387,106.865625,20.92793],"geometry":{"type":"Polygon","coordinates":[[[106.865625,20.815723],[106.854102,20.796387],[106.803125,20.84375],[106.769434,20.864209],[106.795313,20.92793],[106.855078,20.858252],[106.865625,20.815723]]]}},{"type":"Feature","properties":{"scalerank":0,"featurecla":"Land","min_zoom":4},"bbox":[106.567969,8.680518,106.658594,8.766357],"geometry":{"type":"Polygon","coordinates":[[[106.61748,8.682812],[106.589258,8.680518],[106.567969,8.700928],[106.658594,8.766357],[106.649512,8.722998],[106.652539,8.701123],[106.61748,8.682812]]]}},{"type":"Feature","properties":{"scalerank":0,"featurecla":"Land","min_zoom":3},"bbox":[103.849512,10.029199,104.083008,10.428369],"geometry":{"type":"Polygon","coordinates":[[[104.063965,10.39082],[104.018457,10.029199],[103.849512,10.371094],[104.027734,10.428369],[104.063965,10.39082]]]}},{"type":"Feature","properties":{"scalerank":0,"featurecla":"Land","min_zoom":4},"bbox":[102.993359,11.275488,103.045117,11.389941],"geometry":{"type":"Polygon","coordinates":[[[103.045117,11.285059],[103.027344,11.275488],[103.010547,11.275781],[102.993359,11.29043],[102.99502,11.348096],[103.00752,11.383301],[103.036816,11.389941],[103.045117,11.285059]]]}},{"type":"Feature","properties":{"scalerank":0,"featurecla":"Land","min_zoom":4},"bbox":[102.532813,11.572168,102.606445,11.691699],"geometry":{"type":"Polygon","coordinates":[[[102.606445,11.676514],[102.589941,11.572168],[102.532813,11.614941],[102.546484,11.667773],[102.568945,11.691699],[102.606445,11.676514]]]}},{"type":"Feature","properties":{"scalerank":0,"featurecla":"Land","min_zoom":3},"bbox":[102.27334,11.964746,102.42998,12.151855],"geometry":{"type":"Polygon","coordinates":[[[102.426758,11.988721],[102.301953,11.980811],[102.277441,12.151855],[102.408398,12.025098],[102.426758,11.988721]]]}},{"type":"Feature","properties":{"scalerank":0,"featurecla":"Land","min_zoom":2},"bbox":[103.650195,1.265381,103.996387,1.44707],"geometry":{"type":"Polygon","coordinates":[[[103.969727,1.331445],[103.650195,1.325537],[103.817969,1.44707],[103.996387,1.365234],[103.969727,1.331445]]]}},{"type":"Feature","properties":{"scalerank":0,"featurecla":"Land","min_zoom":3},"bbox":[104.129102,2.721338,104.223242,2.871729],"geometry":{"type":"Polygon","coordinates":[[[104.221582,2.731738],[104.129102,2.767236],[104.184766,2.871729],[104.223242,2.774219],[104.221582,2.731738]]]}},{"type":"Feature","properties":{"scalerank":0,"featurecla":"Land","min_zoom":3},"bbox":[100.191016,5.266992,100.338867,5.467773],"geometry":{"type":"Polygon","coordinates":[[[100.288965,5.294727],[100.191016,5.282861],[100.203906,5.446875],[100.338867,5.410059],[100.288965,5.294727]]]}},{"type":"Feature","properties":{"scalerank":0,"featurecla":"Land","min_zoom":3},"bbox":[99.646289,6.263281,99.918652,6.465723],"geometry":{"type":"Polygon","coordinates":[[[99.848047,6.465723],[99.918652,6.358594],[99.74375,6.263281],[99.646289,6.418359],[99.82168,6.44502],[99.848047,6.465723]]]}},{"type":"Feature","properties":{"scalerank":0,"featurecla":"Land","min_zoom":3},"bbox":[99.606641,6.516113,99.701367,6.714111],"geometry":{"type":"Polygon","coordinates":[[[99.663086,6.521924],[99.644043,6.516113],[99.606641,6.596826],[99.654004,6.714111],[99.701367,6.570557],[99.663086,6.521924]]]}},{"type":"Feature","properties":{"scalerank":0,"featurecla":"Land","min_zoom":4},"bbox":[99.983398,9.67998,100.074121,9.793555],"geometry":{"type":"Polygon","coordinates":[[[100.074121,9.69668],[99.983398,9.793555],[100.073047,9.749121],[100.074121,9.69668]]]}},{"type":"Feature","properties":{"scalerank":0,"featurecla":"Land","min_zoom":3},"bbox":[99.93125,9.421631,100.075293,9.586035],"geometry":{"type":"Polygon","coordinates":[[[100.070703,9.586035],[99.962402,9.421631],[99.939551,9.559961],[100.042969,9.576855],[100.070703,9.586035]]]}},{"type":"Feature","properties":{"scalerank":0,"featurecla":"Land","min_zoom":4},"bbox":[98.529395,7.917041,98.604297,8.108545],"geometry":{"type":"Polygon","coordinates":[[[98.591992,7.933936],[98.57998,7.917041],[98.529395,8.108545],[98.604297,8.057324],[98.591992,7.933936]]]}},{"type":"Feature","properties":{"scalerank":0,"featurecla":"Land","min_zoom":3},"bbox":[98.262305,7.776074,98.434961,8.166309],"geometry":{"type":"Polygon","coordinates":[[[98.409082,7.902051],[98.296289,7.776074],[98.32207,8.166309],[98.398828,7.964551],[98.409082,7.902051]]]}},{"type":"Feature","properties":{"scalerank":0,"featurecla":"Land","min_zoom":4},"bbox":[98.250781,9.04082,98.3125,9.139111],"geometry":{"type":"Polygon","coordinates":[[[98.30752,9.051465],[98.250781,9.04082],[98.258398,9.09541],[98.273633,9.129883],[98.301172,9.139111],[98.3125,9.080371],[98.30752,9.051465]]]}},{"type":"Feature","properties":{"scalerank":0,"featurecla":"Land","min_zoom":2},"bbox":[93.656348,6.748682,93.92959,7.236621],"geometry":{"type":"Polygon","coordinates":[[[93.890039,6.831055],[93.828809,6.748682],[93.658008,7.016064],[93.68418,7.183594],[93.858984,7.206836],[93.92959,6.973486],[93.890039,6.831055]]]}},{"type":"Feature","properties":{"scalerank":0,"featurecla":"Land","min_zoom":3},"bbox":[93.597266,7.261865,93.733594,7.410596],"geometry":{"type":"Polygon","coordinates":[[[93.733594,7.356494],[93.638477,7.261865],[93.597266,7.31875],[93.614258,7.358105],[93.654688,7.379932],[93.69248,7.410596],[93.733594,7.356494]]]}},{"type":"Feature","properties":{"scalerank":0,"featurecla":"Land","min_zoom":4},"bbox":[93.064258,8.212061,93.170605,8.349365],"geometry":{"type":"Polygon","coordinates":[[[93.140723,8.249512],[93.170605,8.212061],[93.115234,8.218506],[93.064258,8.274951],[93.077539,8.327881],[93.096973,8.349365],[93.140723,8.249512]]]}},{"type":"Feature","properties":{"scalerank":0,"featurecla":"Land","min_zoom":3},"bbox":[93.309375,7.876562,93.447363,8.01792],"geometry":{"type":"Polygon","coordinates":[[[93.442578,7.877832],[93.334473,8.006934],[93.447363,7.899121],[93.442578,7.877832]]]}},{"type":"Feature","properties":{"scalerank":0,"featurecla":"Land","min_zoom":3},"bbox":[93.456445,8.019434,93.536914,8.224658],"geometry":{"type":"Polygon","coordinates":[[[93.536914,8.056641],[93.490039,8.019434],[93.478223,8.024463],[93.471777,8.052686],[93.469727,8.072656],[93.46123,8.108594],[93.456445,8.171875],[93.494043,8.224658],[93.531641,8.21377],[93.511621,8.159766],[93.536914,8.056641]]]}},{"type":"Feature","properties":{"scalerank":0,"featurecla":"Land","min_zoom":4},"bbox":[92.713281,9.130957,92.809277,9.243896],"geometry":{"type":"Polygon","coordinates":[[[92.7875,9.13667],[92.713281,9.204883],[92.809277,9.173389],[92.7875,9.13667]]]}},{"type":"Feature","properties":{"scalerank":0,"featurecla":"Land","min_zoom":2},"bbox":[92.352832,10.520752,92.574316,10.897461],"geometry":{"type":"Polygon","coordinates":[[[92.502832,10.554883],[92.369531,10.547412],[92.370703,10.793506],[92.510352,10.897461],[92.574316,10.704248],[92.502832,10.554883]]]}},{"type":"Feature","properties":{"scalerank":0,"featurecla":"Land","min_zoom":4},"bbox":[92.595703,11.361328,92.693164,11.509131],"geometry":{"type":"Polygon","coordinates":[[[92.693164,11.381152],[92.595703,11.386426],[92.640234,11.509131],[92.687207,11.41123],[92.693164,11.381152]]]}},{"type":"Feature","properties":{"scalerank":0,"featurecla":"Land","min_zoom":4},"bbox":[92.955371,11.899414,93.062109,12.036816],"geometry":{"type":"Polygon","coordinates":[[[93.017383,12.036816],[93.062109,11.899414],[92.981738,11.959473],[92.955371,12.002441],[92.995801,12.031787],[93.017383,12.036816]]]}},{"type":"Feature","properties":{"scalerank":0,"featurecla":"Land","min_zoom":4},"bbox":[92.679688,12.799951,92.730859,12.961572],"geometry":{"type":"Polygon","coordinates":[[[92.717578,12.864893],[92.685742,12.799951],[92.679688,12.939258],[92.694434,12.956787],[92.710645,12.961572],[92.730859,12.948535],[92.717578,12.864893]]]}},{"type":"Feature","properties":{"scalerank":0,"featurecla":"Land","min_zoom":2},"bbox":[92.533887,11.512549,93.07666,13.545459],"geometry":{"type":"Polygon","coordinates":[[[92.722754,11.536084],[92.533887,11.873389],[92.788281,12.225781],[92.720703,12.54126],[92.857324,13.358105],[93.062305,13.545459],[93.066113,13.221582],[92.88623,12.942285],[92.990234,12.538525],[92.747656,11.992773],[92.764648,11.63916],[92.722754,11.536084]]]}},{"type":"Feature","properties":{"scalerank":0,"featurecla":"Land","min_zoom":4},"bbox":[98.477441,10.959375,98.541699,11.086963],"geometry":{"type":"Polygon","coordinates":[[[98.541699,10.961523],[98.518945,10.959375],[98.498047,10.964258],[98.477441,10.979736],[98.526563,11.086963],[98.541699,10.961523]]]}},{"type":"Feature","properties":{"scalerank":0,"featurecla":"Land","min_zoom":3},"bbox":[98.080469,10.739893,98.293457,10.980322],"geometry":{"type":"Polygon","coordinates":[[[98.209766,10.952734],[98.271484,10.739893],[98.080469,10.886621],[98.167285,10.980322],[98.209766,10.952734]]]}},{"type":"Feature","properties":{"scalerank":0,"featurecla":"Land","min_zoom":3},"bbox":[98.118066,9.875391,98.291699,10.051318],"geometry":{"type":"Polygon","coordinates":[[[98.182617,9.933447],[98.118066,9.877881],[98.291699,10.051318],[98.23125,9.953955],[98.182617,9.933447]]]}},{"type":"Feature","properties":{"scalerank":0,"featurecla":"Land","min_zoom":3},"bbox":[98.187305,11.455762,98.30752,11.783008],"geometry":{"type":"Polygon","coordinates":[[[98.22168,11.478223],[98.299609,11.783008],[98.263281,11.523633],[98.22168,11.478223]]]}},{"type":"Feature","properties":{"scalerank":0,"featurecla":"Land","min_zoom":3},"bbox":[98.454492,11.899414,98.60957,12.084277],"geometry":{"type":"Polygon","coordinates":[[[98.516016,11.905029],[98.466211,12.084277],[98.576465,11.925098],[98.516016,11.905029]]]}},{"type":"Feature","properties":{"scalerank":0,"featurecla":"Land","min_zoom":4},"bbox":[98.010352,11.636816,98.083594,11.860254],"geometry":{"type":"Polygon","coordinates":[[[98.075488,11.692383],[98.083594,11.636816],[98.021094,11.695898],[98.010352,11.860254],[98.05957,11.756689],[98.080762,11.733203],[98.075488,11.692383]]]}},{"type":"Feature","properties":{"scalerank":0,"featurecla":"Land","min_zoom":3},"bbox":[98.376465,11.538672,98.553809,11.804932],"geometry":{"type":"Polygon","coordinates":[[[98.553809,11.744873],[98.528418,11.538672],[98.434766,11.56709],[98.376465,11.791504],[98.523535,11.804932],[98.553809,11.744873]]]}},{"type":"Feature","properties":{"scalerank":0,"featurecla":"Land","min_zoom":3},"bbox":[98.037305,12.144873,98.136719,12.291797],"geometry":{"type":"Polygon","coordinates":[[[98.136719,12.150439],[98.071387,12.291797],[98.120117,12.191309],[98.136719,12.150439]]]}},{"type":"Feature","properties":{"scalerank":0,"featurecla":"Land","min_zoom":3},"bbox":[97.938672,12.279004,98.066113,12.397852],"geometry":{"type":"Polygon","coordinates":[[[98.066113,12.389795],[97.951758,12.322314],[98.059863,12.397852],[98.066113,12.389795]]]}},{"type":"Feature","properties":{"scalerank":0,"featurecla":"Land","min_zoom":3},"bbox":[98.302539,12.335986,98.468262,12.678174],"geometry":{"type":"Polygon","coordinates":[[[98.413965,12.597949],[98.459473,12.47373],[98.313867,12.335986],[98.312109,12.678174],[98.396484,12.647119],[98.413965,12.597949]]]}},{"type":"Feature","properties":{"scalerank":0,"featurecla":"Land","min_zoom":3},"bbox":[98.250781,12.934717,98.31543,13.202246],"geometry":{"type":"Polygon","coordinates":[[[98.31543,13.099072],[98.30918,12.934717],[98.298633,13.15166],[98.31543,13.099072]]]}},{"type":"Feature","properties":{"scalerank":0,"featurecla":"Land","min_zoom":3},"bbox":[97.469141,16.240137,97.599609,16.505078],"geometry":{"type":"Polygon","coordinates":[[[97.575,16.253223],[97.469141,16.461035],[97.589355,16.397363],[97.575,16.253223]]]}},{"type":"Feature","properties":{"scalerank":0,"featurecla":"Land","min_zoom":4},"bbox":[99.037695,7.471289,99.104395,7.636523],"geometry":{"type":"Polygon","coordinates":[[[99.078418,7.591846],[99.104395,7.471289],[99.067871,7.495898],[99.037695,7.548486],[99.038086,7.625732],[99.045117,7.636523],[99.078418,7.591846]]]}},{"type":"Feature","properties":{"scalerank":0,"featurecla":"Land","min_zoom":4},"bbox":[94.733496,15.793848,94.838184,15.933008],"geometry":{"type":"Polygon","coordinates":[[[94.804883,15.819336],[94.784375,15.793848],[94.743359,15.812109],[94.733496,15.823047],[94.828027,15.933008],[94.838184,15.89209],[94.804883,15.819336]]]}},{"type":"Feature","properties":{"scalerank":0,"featurecla":"Land","min_zoom":3},"bbox":[94.387891,15.848389,94.618652,16.205518],"geometry":{"type":"Polygon","coordinates":[[[94.476758,15.945947],[94.411914,15.848389],[94.387891,15.994141],[94.60127,16.205518],[94.566113,16.019287],[94.476758,15.945947]]]}},{"type":"Feature","properties":{"scalerank":0,"featurecla":"Land","min_zoom":3},"bbox":[93.4875,18.675684,93.745508,18.888818],"geometry":{"type":"Polygon","coordinates":[[[93.69082,18.684277],[93.4875,18.867529],[93.744727,18.865527],[93.718359,18.715723],[93.69082,18.684277]]]}},{"type":"Feature","properties":{"scalerank":0,"featurecla":"Land","min_zoom":3},"bbox":[93.412891,19.754785,93.513281,19.950342],"geometry":{"type":"Polygon","coordinates":[[[93.491797,19.892578],[93.513281,19.754785],[93.444629,19.806445],[93.419531,19.877588],[93.412891,19.950342],[93.491797,19.892578]]]}},{"type":"Feature","properties":{"scalerank":0,"featurecla":"Land","min_zoom":3},"bbox":[92.912695,19.828857,93.023242,20.086475],"geometry":{"type":"Polygon","coordinates":[[[93.010156,19.923926],[93.023242,19.828857],[92.975195,19.868018],[92.912695,19.999805],[92.914648,20.086475],[92.95957,20.046191],[93.010156,19.923926]]]}},{"type":"Feature","properties":{"scalerank":0,"featurecla":"Land","min_zoom":3},"bbox":[93.644043,19.298682,93.947461,19.558252],"geometry":{"type":"Polygon","coordinates":[[[93.714844,19.558252],[93.945703,19.428613],[93.901953,19.332031],[93.755859,19.325684],[93.688379,19.544434],[93.714844,19.558252]]]}},{"type":"Feature","properties":{"scalerank":0,"featurecla":"Land","min_zoom":4},"bbox":[91.819727,21.750244,91.88252,21.927051],"geometry":{"type":"Polygon","coordinates":[[[91.873828,21.832129],[91.837598,21.750244],[91.88252,21.883643],[91.873828,21.832129]]]}},{"type":"Feature","properties":{"scalerank":0,"featurecla":"Land","min_zoom":3},"bbox":[91.857031,21.50332,91.961914,21.722949],"geometry":{"type":"Polygon","coordinates":[[[91.949219,21.508057],[91.857031,21.708789],[91.961914,21.609766],[91.949219,21.508057]]]}},{"type":"Feature","properties":{"scalerank":0,"featurecla":"Land","min_zoom":3},"bbox":[91.044727,22.105176,91.178223,22.519727],"geometry":{"type":"Polygon","coordinates":[[[91.150781,22.175195],[91.044727,22.105176],[91.079492,22.519727],[91.158301,22.36543],[91.178223,22.283008],[91.150781,22.175195]]]}},{"type":"Feature","properties":{"scalerank":0,"featurecla":"Land","min_zoom":3},"bbox":[91.411328,22.352783,91.556738,22.616504],"geometry":{"type":"Polygon","coordinates":[[[91.556738,22.382227],[91.411328,22.475684],[91.456055,22.616504],[91.54834,22.425391],[91.556738,22.382227]]]}},{"type":"Feature","properties":{"scalerank":0,"featurecla":"Land","min_zoom":4},"bbox":[90.536328,22.92002,90.65957,23.035449],"geometry":{"type":"Polygon","coordinates":[[[90.641797,22.962988],[90.65957,22.92002],[90.603906,22.945557],[90.562305,22.975439],[90.536328,23.014893],[90.579883,23.035449],[90.641797,22.962988]]]}},{"type":"Feature","properties":{"scalerank":0,"featurecla":"Land","min_zoom":0},"bbox":[90.50293,22.054199,90.868164,22.863525],"geometry":{"type":"Polygon","coordinates":[[[90.777637,22.089307],[90.515039,22.065137],[90.680469,22.32749],[90.50293,22.835352],[90.672266,22.813184],[90.868164,22.484863],[90.829883,22.159961],[90.777637,22.089307]]]}},{"type":"Feature","properties":{"scalerank":0,"featurecla":"Land","min_zoom":4},"bbox":[79.845703,9.619824,79.969531,9.744336],"geometry":{"type":"Polygon","coordinates":[[[79.969531,9.630664],[79.906836,9.619824],[79.857422,9.686377],[79.845703,9.714648],[79.858594,9.734375],[79.872266,9.744336],[79.888477,9.741162],[79.911914,9.67915],[79.969531,9.630664]]]}},{"type":"Feature","properties":{"scalerank":0,"featurecla":"Land","min_zoom":4},"bbox":[79.747656,8.975,79.903711,9.10459],"geometry":{"type":"Polygon","coordinates":[[[79.874805,9.050732],[79.903711,8.975],[79.821094,9.026855],[79.766797,9.069775],[79.747656,9.10459],[79.859961,9.065723],[79.874805,9.050732]]]}},{"type":"Feature","properties":{"scalerank":0,"featurecla":"Land","min_zoom":3},"bbox":[-9.098877,70.832666,-7.978809,71.177686],"geometry":{"type":"Polygon","coordinates":[[[-8.953564,70.83916],[-9.098877,70.854883],[-8.343701,71.140137],[-7.978809,71.116895],[-8.635352,70.94043],[-8.953564,70.83916]]]}},{"type":"Feature","properties":{"scalerank":0,"featurecla":"Land","min_zoom":0.5},"bbox":[-156.048682,18.963916,-154.804199,20.27583],"geometry":{"type":"Polygon","coordinates":[[[-155.581348,19.012012],[-155.881299,19.070508],[-156.048682,19.749951],[-155.820312,20.01416],[-155.831641,20.27583],[-155.198779,19.994385],[-154.804199,19.524463],[-155.535254,19.109082],[-155.581348,19.012012]]]}},{"type":"Feature","properties":{"scalerank":0,"featurecla":"Land","min_zoom":1.5},"bbox":[-157.290332,21.056348,-156.712158,21.229785],"geometry":{"type":"Polygon","coordinates":[[[-157.213623,21.215381],[-156.712158,21.155078],[-156.859863,21.056348],[-157.290332,21.112598],[-157.249951,21.229785],[-157.213623,21.215381]]]}},{"type":"Feature","properties":{"scalerank":0,"featurecla":"Land","min_zoom":1.5},"bbox":[-156.697754,20.598779,-155.989844,21.034326],"geometry":{"type":"Polygon","coordinates":[[[-156.486816,20.932568],[-156.277539,20.95127],[-155.989844,20.757129],[-156.438232,20.617871],[-156.480078,20.801221],[-156.689697,20.901416],[-156.656885,21.024512],[-156.532324,20.992676],[-156.486816,20.932568]]]}},{"type":"Feature","properties":{"scalerank":0,"featurecla":"Land","min_zoom":3},"bbox":[-160.243457,21.796875,-160.04873,22.015234],"geometry":{"type":"Polygon","coordinates":[[[-160.180029,21.841064],[-160.04873,22.004639],[-160.153418,21.87876],[-160.180029,21.841064]]]}},{"type":"Feature","properties":{"scalerank":0,"featurecla":"Land","min_zoom":1},"bbox":[-158.273145,21.268604,-157.6354,21.701367],"geometry":{"type":"Polygon","coordinates":[[[-157.799365,21.456641],[-157.6354,21.307617],[-158.110352,21.318604],[-158.273145,21.585254],[-157.9625,21.701367],[-157.82959,21.471436],[-157.799365,21.456641]]]}},{"type":"Feature","properties":{"scalerank":0,"featurecla":"Land","min_zoom":1.5},"bbox":[-159.78916,21.876123,-159.300684,22.223145],"geometry":{"type":"Polygon","coordinates":[[[-159.372754,21.932373],[-159.608838,21.909521],[-159.78916,22.041797],[-159.579199,22.223145],[-159.352051,22.21958],[-159.34375,21.973633],[-159.372754,21.932373]]]}},{"type":"Feature","properties":{"scalerank":0,"featurecla":"Land","min_zoom":3},"bbox":[-157.050586,20.744482,-156.809375,20.930029],"geometry":{"type":"Polygon","coordinates":[[[-156.849609,20.772656],[-156.973389,20.75752],[-157.050586,20.912451],[-156.809375,20.831152],[-156.849609,20.772656]]]}},{"type":"Feature","properties":{"scalerank":0,"featurecla":"Land","min_zoom":3},"bbox":[178.647949,51.372217,179.451563,51.655957],"geometry":{"type":"Polygon","coordinates":[[[179.451563,51.372607],[178.647949,51.643896],[179.415527,51.400879],[179.451563,51.372607]]]}},{"type":"Feature","properties":{"scalerank":0,"featurecla":"Land","min_zoom":3},"bbox":[179.497656,51.880225,179.77998,52.03042],"geometry":{"type":"Polygon","coordinates":[[[179.727734,51.90542],[179.503906,51.97959],[179.77998,51.966846],[179.727734,51.90542]]]}},{"type":"Feature","properties":{"scalerank":0,"featurecla":"Land","min_zoom":3},"bbox":[177.250293,51.841064,177.669629,52.113818],"geometry":{"type":"Polygon","coordinates":[[[177.41543,51.882812],[177.250293,51.90293],[177.669629,52.103027],[177.594141,51.947559],[177.41543,51.882812]]]}},{"type":"Feature","properties":{"scalerank":0,"featurecla":"Land","min_zoom":3},"bbox":[173.402344,52.356641,173.776074,52.504102],"geometry":{"type":"Polygon","coordinates":[[[173.722754,52.35957],[173.402344,52.404785],[173.744727,52.446631],[173.722754,52.35957]]]}},{"type":"Feature","properties":{"scalerank":0,"featurecla":"Land","min_zoom":2},"bbox":[172.494824,52.7521,173.436035,53.012988],"geometry":{"type":"Polygon","coordinates":[[[172.811816,53.012988],[173.436035,52.852051],[172.935156,52.7521],[172.494824,52.937891],[172.67793,53.007568],[172.811816,53.012988]]]}},{"type":"Feature","properties":{"scalerank":0,"featurecla":"Land","min_zoom":3},"bbox":[-173.074023,60.299121,-172.23208,60.606836],"geometry":{"type":"Polygon","coordinates":[[[-172.742236,60.457373],[-172.23208,60.299121],[-173.074023,60.493213],[-172.923877,60.606836],[-172.860205,60.505664],[-172.742236,60.457373]]]}},{"type":"Feature","properties":{"scalerank":0,"featurecla":"Land","min_zoom":3},"bbox":[-170.386621,57.136768,-170.116162,57.241797],"geometry":{"type":"Polygon","coordinates":[[[-170.160547,57.183936],[-170.264014,57.136768],[-170.358008,57.154199],[-170.385889,57.188574],[-170.386621,57.203027],[-170.116162,57.241797],[-170.160547,57.183936]]]}},{"type":"Feature","properties":{"scalerank":0,"featurecla":"Land","min_zoom":4},"bbox":[-160.51748,55.258789,-160.329297,55.356982],"geometry":{"type":"Polygon","coordinates":[[[-160.329297,55.337695],[-160.343311,55.258789],[-160.480762,55.308984],[-160.51748,55.333838],[-160.49292,55.352344],[-160.362305,55.356982],[-160.329297,55.337695]]]}},{"type":"Feature","properties":{"scalerank":0,"featurecla":"Land","min_zoom":3},"bbox":[-160.846533,55.145215,-160.482666,55.404639],"geometry":{"type":"Polygon","coordinates":[[[-160.684912,55.314795],[-160.552783,55.380762],[-160.487549,55.184863],[-160.825488,55.173975],[-160.839648,55.3354],[-160.666357,55.359424],[-160.684912,55.314795]]]}},{"type":"Feature","properties":{"scalerank":0,"featurecla":"Land","min_zoom":3},"bbox":[-162.433887,54.842383,-162.23374,54.983496],"geometry":{"type":"Polygon","coordinates":[[[-162.298145,54.847021],[-162.433887,54.931543],[-162.2646,54.983496],[-162.272559,54.867188],[-162.298145,54.847021]]]}},{"type":"Feature","properties":{"scalerank":0,"featurecla":"Land","min_zoom":3},"bbox":[-162.820557,54.379541,-162.554395,54.494531],"geometry":{"type":"Polygon","coordinates":[[[-162.554395,54.401367],[-162.820557,54.494531],[-162.607959,54.446631],[-162.554395,54.401367]]]}},{"type":"Feature","properties":{"scalerank":0,"featurecla":"Land","min_zoom":4},"bbox":[-159.461914,54.967334,-159.362012,55.058789],"geometry":{"type":"Polygon","coordinates":[[[-159.362012,54.972412],[-159.461914,55.058789],[-159.363184,54.999512],[-159.362012,54.972412]]]}},{"type":"Feature","properties":{"scalerank":0,"featurecla":"Land","min_zoom":3},"bbox":[-160.227051,54.922705,-159.839404,55.272998],"geometry":{"type":"Polygon","coordinates":[[[-159.872998,55.12876],[-160.227051,54.922705],[-160.17207,55.123047],[-159.887354,55.272998],[-159.854102,55.144678],[-159.872998,55.12876]]]}},{"type":"Feature","properties":{"scalerank":0,"featurecla":"Land","min_zoom":4},"bbox":[-159.648486,55.057324,-159.515137,55.225977],"geometry":{"type":"Polygon","coordinates":[[[-159.515137,55.151855],[-159.648486,55.074561],[-159.545068,55.225977],[-159.515137,55.151855]]]}},{"type":"Feature","properties":{"scalerank":0,"featurecla":"Land","min_zoom":3},"bbox":[-169.991846,52.792334,-169.691943,52.883643],"geometry":{"type":"Polygon","coordinates":[[[-169.691943,52.847363],[-169.991846,52.829834],[-169.710986,52.866748],[-169.691943,52.847363]]]}},{"type":"Feature","properties":{"scalerank":0,"featurecla":"Land","min_zoom":3},"bbox":[-170.827051,52.549756,-170.584619,52.697559],"geometry":{"type":"Polygon","coordinates":[[[-170.733398,52.581494],[-170.827051,52.600732],[-170.584619,52.667578],[-170.692285,52.592969],[-170.733398,52.581494]]]}},{"type":"Feature","properties":{"scalerank":0,"featurecla":"Land","min_zoom":3},"bbox":[-166.105811,54.047168,-165.692871,54.211035],"geometry":{"type":"Polygon","coordinates":[[[-165.841553,54.070654],[-166.105811,54.144824],[-165.892871,54.206982],[-165.737891,54.081104],[-165.841553,54.070654]]]}},{"type":"Feature","properties":{"scalerank":0,"featurecla":"Land","min_zoom":3},"bbox":[-165.65415,54.12915,-165.407861,54.284521],"geometry":{"type":"Polygon","coordinates":[[[-165.561133,54.136719],[-165.65415,54.25332],[-165.467578,54.180908],[-165.561133,54.136719]]]}},{"type":"Feature","properties":{"scalerank":0,"featurecla":"Land","min_zoom":2},"bbox":[-169.088916,52.832031,-167.804688,53.558203],"geometry":{"type":"Polygon","coordinates":[[[-167.964355,53.345117],[-169.088916,52.832031],[-168.689844,53.227246],[-168.38042,53.283447],[-168.287695,53.500146],[-167.985693,53.558203],[-167.804688,53.484961],[-167.865137,53.387305],[-167.964355,53.345117]]]}},{"type":"Feature","properties":{"scalerank":0,"featurecla":"Land","min_zoom":2},"bbox":[-167.808789,53.259424,-166.230859,54.005957],"geometry":{"type":"Polygon","coordinates":[[[-166.615332,53.900928],[-166.230859,53.932617],[-166.549219,53.700977],[-166.309473,53.69751],[-166.77041,53.476025],[-167.628613,53.259424],[-167.808789,53.323779],[-167.136084,53.526465],[-167.015723,53.698389],[-166.808984,53.646143],[-166.74126,53.712939],[-167.118164,53.872607],[-166.627393,53.995654],[-166.615332,53.900928]]]}},{"type":"Feature","properties":{"scalerank":0,"featurecla":"Land","min_zoom":4},"bbox":[-166.250732,53.72041,-166.102686,53.843066],"geometry":{"type":"Polygon","coordinates":[[[-166.209766,53.723291],[-166.102686,53.832812],[-166.18374,53.756885],[-166.209766,53.723291]]]}},{"type":"Feature","properties":{"scalerank":0,"featurecla":"Land","min_zoom":3},"bbox":[-172.619824,52.257471,-172.313623,52.388037],"geometry":{"type":"Polygon","coordinates":[[[-172.464795,52.272266],[-172.619824,52.272852],[-172.47041,52.388037],[-172.313623,52.32959],[-172.464795,52.272266]]]}},{"type":"Feature","properties":{"scalerank":0,"featurecla":"Land","min_zoom":3},"bbox":[-173.99248,52.041553,-173.0229,52.14375],"geometry":{"type":"Polygon","coordinates":[[[-173.55332,52.136279],[-173.0229,52.07915],[-173.99248,52.12334],[-173.656836,52.14375],[-173.55332,52.136279]]]}},{"type":"Feature","properties":{"scalerank":0,"featurecla":"Land","min_zoom":2},"bbox":[-175.295557,51.993896,-174.018359,52.420166],"geometry":{"type":"Polygon","coordinates":[[[-174.677393,52.03501],[-175.295557,52.022168],[-174.306152,52.216162],[-174.435547,52.317236],[-174.168896,52.420166],[-174.045605,52.367236],[-174.120654,52.135205],[-174.343555,52.077783],[-174.677393,52.03501]]]}},{"type":"Feature","properties":{"scalerank":0,"featurecla":"Land","min_zoom":4},"bbox":[-176.204443,51.790479,-176.008984,51.886279],"geometry":{"type":"Polygon","coordinates":[[[-176.008984,51.812354],[-176.093359,51.790479],[-176.204443,51.834814],[-176.193652,51.886279],[-176.071631,51.843311],[-176.008984,51.812354]]]}},{"type":"Feature","properties":{"scalerank":0,"featurecla":"Land","min_zoom":4},"bbox":[-176.413721,51.733301,-176.280225,51.861133],"geometry":{"type":"Polygon","coordinates":[[[-176.286719,51.791992],[-176.349658,51.733301],[-176.396094,51.759863],[-176.413721,51.840576],[-176.378564,51.861133],[-176.280225,51.802832],[-176.286719,51.791992]]]}},{"type":"Feature","properties":{"scalerank":0,"featurecla":"Land","min_zoom":2},"bbox":[-176.961621,51.603662,-176.437354,51.986035],"geometry":{"type":"Polygon","coordinates":[[[-176.593311,51.866699],[-176.452344,51.735693],[-176.961621,51.603662],[-176.69834,51.986035],[-176.551611,51.91958],[-176.593311,51.866699]]]}},{"type":"Feature","properties":{"scalerank":0,"featurecla":"Land","min_zoom":3},"bbox":[-176.184521,51.972998,-175.975293,52.099951],"geometry":{"type":"Polygon","coordinates":[[[-176.021533,52.002441],[-176.184521,52.056055],[-175.975293,52.028955],[-176.021533,52.002441]]]}},{"type":"Feature","properties":{"scalerank":0,"featurecla":"Land","min_zoom":3},"bbox":[-177.670215,51.676562,-177.063037,51.929785],"geometry":{"type":"Polygon","coordinates":[[[-177.148193,51.716748],[-177.670215,51.701074],[-177.110059,51.92876],[-177.135107,51.806934],[-177.148193,51.716748]]]}},{"type":"Feature","properties":{"scalerank":0,"featurecla":"Land","min_zoom":3},"bbox":[-178.194531,51.616406,-177.644482,51.918457],"geometry":{"type":"Polygon","coordinates":[[[-177.879053,51.649707],[-178.058887,51.672607],[-177.986377,51.764258],[-178.194531,51.882227],[-177.644482,51.82627],[-177.826953,51.685889],[-177.879053,51.649707]]]}},{"type":"Feature","properties":{"scalerank":0,"featurecla":"Land","min_zoom":3},"bbox":[73.251172,-53.18457,73.837793,-52.966309],"geometry":{"type":"Polygon","coordinates":[[[73.707422,-53.137109],[73.465137,-53.18418],[73.251172,-52.975781],[73.795117,-53.129883],[73.707422,-53.137109]]]}},{"type":"Feature","properties":{"scalerank":0,"featurecla":"Land","min_zoom":3},"bbox":[69.150098,-49.066797,69.394727,-48.878809],"geometry":{"type":"Polygon","coordinates":[[[69.282422,-49.058887],[69.167188,-48.88291],[69.36875,-48.89043],[69.321191,-49.034277],[69.282422,-49.058887]]]}},{"type":"Feature","properties":{"scalerank":0,"featurecla":"Land","min_zoom":3},"bbox":[51.659277,-46.44873,51.83457,-46.326855],"geometry":{"type":"Polygon","coordinates":[[[51.83457,-46.439941],[51.659277,-46.373633],[51.81543,-46.394727],[51.83457,-46.439941]]]}},{"type":"Feature","properties":{"scalerank":0,"featurecla":"Land","min_zoom":3},"bbox":[37.590039,-46.962891,37.887695,-46.824023],"geometry":{"type":"Polygon","coordinates":[[[37.856934,-46.944238],[37.590039,-46.908008],[37.684863,-46.824023],[37.887695,-46.90166],[37.856934,-46.944238]]]}},{"type":"Feature","properties":{"scalerank":0,"featurecla":"Land","min_zoom":2},"bbox":[27.715527,35.908301,28.231836,36.433643],"geometry":{"type":"Polygon","coordinates":[[[27.842773,35.929297],[27.715527,35.957324],[27.716309,36.171582],[28.231836,36.433643],[28.087793,36.065332],[27.965527,36.04751],[27.842773,35.929297]]]}},{"type":"Feature","properties":{"scalerank":0,"featurecla":"Land","min_zoom":3},"bbox":[27.070703,35.409082,27.233594,35.820459],"geometry":{"type":"Polygon","coordinates":[[[27.176074,35.465283],[27.070703,35.597754],[27.223145,35.820459],[27.233594,35.478564],[27.176074,35.465283]]]}},{"type":"Feature","properties":{"scalerank":0,"featurecla":"Land","min_zoom":4},"bbox":[27.785742,36.537988,27.869824,36.641162],"geometry":{"type":"Polygon","coordinates":[[[27.860156,36.553906],[27.785742,36.60752],[27.869043,36.582666],[27.860156,36.553906]]]}},{"type":"Feature","properties":{"scalerank":0,"featurecla":"Land","min_zoom":4},"bbox":[26.888672,36.945215,27.040137,37.087256],"geometry":{"type":"Polygon","coordinates":[[[27.019727,36.959033],[26.888672,37.087256],[27.03457,36.975977],[27.019727,36.959033]]]}},{"type":"Feature","properties":{"scalerank":0,"featurecla":"Land","min_zoom":3},"bbox":[26.918359,36.725928,27.352148,36.905127],"geometry":{"type":"Polygon","coordinates":[[[26.949609,36.7271],[27.352148,36.868896],[27.033594,36.770752],[26.949609,36.7271]]]}},{"type":"Feature","properties":{"scalerank":0,"featurecla":"Land","min_zoom":3},"bbox":[25.361914,36.929688,25.587891,37.196387],"geometry":{"type":"Polygon","coordinates":[[[25.545898,36.967578],[25.361914,37.07041],[25.525293,37.196387],[25.584277,37.039307],[25.545898,36.967578]]]}},{"type":"Feature","properties":{"scalerank":0,"featurecla":"Land","min_zoom":3},"bbox":[25.105469,36.991309,25.278906,37.148535],"geometry":{"type":"Polygon","coordinates":[[[25.278906,37.068408],[25.105469,37.034961],[25.271484,37.08418],[25.278906,37.068408]]]}},{"type":"Feature","properties":{"scalerank":0,"featurecla":"Land","min_zoom":4},"bbox":[25.370508,36.340088,25.482422,36.47373],"geometry":{"type":"Polygon","coordinates":[[[25.482422,36.392627],[25.370508,36.358936],[25.467383,36.435059],[25.482422,36.392627]]]}},{"type":"Feature","properties":{"scalerank":0,"featurecla":"Land","min_zoom":4},"bbox":[25.259961,36.65835,25.406934,36.78916],"geometry":{"type":"Polygon","coordinates":[[[25.381738,36.674023],[25.364355,36.65835],[25.288672,36.721533],[25.259961,36.758447],[25.295898,36.78916],[25.406934,36.717334],[25.381738,36.674023]]]}},{"type":"Feature","properties":{"scalerank":0,"featurecla":"Land","min_zoom":3},"bbox":[26.581055,37.644727,27.055078,37.811426],"geometry":{"type":"Polygon","coordinates":[[[26.824414,37.811426],[27.055078,37.709277],[26.581055,37.72373],[26.743359,37.809766],[26.824414,37.811426]]]}},{"type":"Feature","properties":{"scalerank":0,"featurecla":"Land","min_zoom":3},"bbox":[25.982422,37.525586,26.351367,37.674316],"geometry":{"type":"Polygon","coordinates":[[[26.029297,37.529395],[26.351367,37.674316],[26.204883,37.568506],[26.029297,37.529395]]]}},{"type":"Feature","properties":{"scalerank":0,"featurecla":"Land","min_zoom":3},"bbox":[25.743164,36.782227,26.064453,36.937402],"geometry":{"type":"Polygon","coordinates":[[[25.859375,36.79043],[25.743164,36.789746],[26.064453,36.902734],[25.984668,36.879687],[25.859375,36.79043]]]}},{"type":"Feature","properties":{"scalerank":0,"featurecla":"Land","min_zoom":3},"bbox":[26.269824,36.511377,26.460645,36.638574],"geometry":{"type":"Polygon","coordinates":[[[26.460645,36.5854],[26.27002,36.546924],[26.421289,36.624219],[26.460645,36.5854]]]}},{"type":"Feature","properties":{"scalerank":0,"featurecla":"Land","min_zoom":3},"bbox":[24.277441,37.528271,24.400781,37.682715],"geometry":{"type":"Polygon","coordinates":[[[24.355957,37.576855],[24.288965,37.528271],[24.277441,37.601123],[24.32041,37.677734],[24.379102,37.682715],[24.400781,37.649023],[24.355957,37.576855]]]}},{"type":"Feature","properties":{"scalerank":0,"featurecla":"Land","min_zoom":4},"bbox":[24.369727,37.314111,24.481445,37.475195],"geometry":{"type":"Polygon","coordinates":[[[24.435742,37.344434],[24.369727,37.419629],[24.481445,37.408008],[24.435742,37.344434]]]}},{"type":"Feature","properties":{"scalerank":0,"featurecla":"Land","min_zoom":3},"bbox":[24.325977,36.655615,24.5375,36.76377],"geometry":{"type":"Polygon","coordinates":[[[24.535742,36.76377],[24.325977,36.655615],[24.460352,36.747461],[24.535742,36.76377]]]}},{"type":"Feature","properties":{"scalerank":0,"featurecla":"Land","min_zoom":4},"bbox":[24.895313,37.389697,24.942871,37.508887],"geometry":{"type":"Polygon","coordinates":[[[24.942871,37.493506],[24.937891,37.389697],[24.911523,37.390576],[24.896191,37.406592],[24.895313,37.446338],[24.906543,37.508887],[24.942871,37.493506]]]}},{"type":"Feature","properties":{"scalerank":0,"featurecla":"Land","min_zoom":3},"bbox":[24.700195,37.692383,24.991699,37.990137],"geometry":{"type":"Polygon","coordinates":[[[24.991699,37.759619],[24.700195,37.96167],[24.956348,37.904785],[24.980469,37.796924],[24.991699,37.759619]]]}},{"type":"Feature","properties":{"scalerank":0,"featurecla":"Land","min_zoom":3},"bbox":[24.996484,37.535107,25.255859,37.680664],"geometry":{"type":"Polygon","coordinates":[[[25.255859,37.599609],[25.156348,37.545068],[24.996484,37.676904],[25.225391,37.630664],[25.255859,37.599609]]]}},{"type":"Feature","properties":{"scalerank":0,"featurecla":"Land","min_zoom":4},"bbox":[24.670996,36.91709,24.763184,37.023828],"geometry":{"type":"Polygon","coordinates":[[[24.720898,36.921436],[24.681445,37.021631],[24.763184,36.949219],[24.720898,36.921436]]]}},{"type":"Feature","properties":{"scalerank":0,"featurecla":"Land","min_zoom":2},"bbox":[25.846094,38.161523,26.160352,38.601709],"geometry":{"type":"Polygon","coordinates":[[[26.094043,38.218066],[25.891895,38.243311],[25.991406,38.353516],[25.846094,38.574023],[26.160352,38.540723],[26.103125,38.23418],[26.094043,38.218066]]]}},{"type":"Feature","properties":{"scalerank":0,"featurecla":"Land","min_zoom":0},"bbox":[25.844141,38.972803,26.595605,39.383008],"geometry":{"type":"Polygon","coordinates":[[[26.410156,39.329443],[26.547168,38.994141],[26.16084,39.025879],[26.273145,39.197559],[26.072363,39.095605],[25.844141,39.200049],[26.347754,39.383008],[26.410156,39.329443]]]}},{"type":"Feature","properties":{"scalerank":0,"featurecla":"Land","min_zoom":4},"bbox":[23.593945,39.080566,23.779785,39.208594],"geometry":{"type":"Polygon","coordinates":[[[23.779785,39.114404],[23.735156,39.080566],[23.666113,39.095361],[23.593945,39.208594],[23.779785,39.114404]]]}},{"type":"Feature","properties":{"scalerank":0,"featurecla":"Land","min_zoom":4},"bbox":[23.841211,39.146582,23.970898,39.267725],"geometry":{"type":"Polygon","coordinates":[[[23.887988,39.158301],[23.841211,39.146582],[23.888086,39.226367],[23.970898,39.267725],[23.939746,39.200537],[23.887988,39.158301]]]}},{"type":"Feature","properties":{"scalerank":0,"featurecla":"Land","min_zoom":3},"bbox":[24.461035,38.784814,24.674707,38.980273],"geometry":{"type":"Polygon","coordinates":[[[24.674707,38.809229],[24.541016,38.788672],[24.485645,38.980273],[24.58125,38.878857],[24.674707,38.809229]]]}},{"type":"Feature","properties":{"scalerank":0,"featurecla":"Land","min_zoom":3},"bbox":[25.448047,40.400439,25.685742,40.515869],"geometry":{"type":"Polygon","coordinates":[[[25.685742,40.426562],[25.572656,40.400439],[25.448047,40.482812],[25.568555,40.515869],[25.624316,40.491992],[25.664258,40.463867],[25.685742,40.426562]]]}},{"type":"Feature","properties":{"scalerank":0,"featurecla":"Land","min_zoom":3},"bbox":[25.052344,39.806104,25.449121,40.034814],"geometry":{"type":"Polygon","coordinates":[[[25.437695,39.983301],[25.357031,39.808105],[25.062207,39.852393],[25.058008,39.999658],[25.449121,40.034814],[25.437695,39.983301]]]}},{"type":"Feature","properties":{"scalerank":0,"featurecla":"Land","min_zoom":3},"bbox":[24.515527,40.579443,24.786328,40.79292],"geometry":{"type":"Polygon","coordinates":[[[24.774219,40.615186],[24.516699,40.687207],[24.719141,40.786279],[24.768652,40.658887],[24.774219,40.615186]]]}},{"type":"Feature","properties":{"scalerank":0,"featurecla":"Land","min_zoom":3},"bbox":[25.668945,40.105469,25.977051,40.237988],"geometry":{"type":"Polygon","coordinates":[[[25.97002,40.136328],[25.668945,40.135889],[25.977051,40.177832],[25.97002,40.136328]]]}},{"type":"Feature","properties":{"scalerank":0,"featurecla":"Land","min_zoom":3},"bbox":[-16.236426,11.04458,-16.052783,11.198779],"geometry":{"type":"Polygon","coordinates":[[[-16.114502,11.059424],[-16.236426,11.113428],[-16.067334,11.197217],[-16.072217,11.084082],[-16.114502,11.059424]]]}},{"type":"Feature","properties":{"scalerank":0,"featurecla":"Land","min_zoom":3},"bbox":[-16.477002,19.609277,-16.343652,19.866211],"geometry":{"type":"Polygon","coordinates":[[[-16.37334,19.706445],[-16.437549,19.609277],[-16.343652,19.866211],[-16.37334,19.706445]]]}},{"type":"Feature","properties":{"scalerank":0,"featurecla":"Land","min_zoom":2},"bbox":[-17.241016,32.648291,-16.693262,32.868604],"geometry":{"type":"Polygon","coordinates":[[[-17.190869,32.868604],[-16.693262,32.758008],[-17.018262,32.662793],[-17.241016,32.807373],[-17.190869,32.868604]]]}},{"type":"Feature","properties":{"scalerank":0,"featurecla":"Land","min_zoom":4},"bbox":[-15.963965,11.054736,-15.895898,11.192773],"geometry":{"type":"Polygon","coordinates":[[[-15.895898,11.082471],[-15.905176,11.054736],[-15.963965,11.058984],[-15.950635,11.087109],[-15.963477,11.095312],[-15.946484,11.179736],[-15.937695,11.192773],[-15.909131,11.161328],[-15.905273,11.14834],[-15.895898,11.082471]]]}},{"type":"Feature","properties":{"scalerank":0,"featurecla":"Land","min_zoom":2},"bbox":[-16.905322,28.007178,-16.119141,28.575977],"geometry":{"type":"Polygon","coordinates":[[[-16.334473,28.379932],[-16.418213,28.151416],[-16.658008,28.007178],[-16.905322,28.3396],[-16.119141,28.528271],[-16.334473,28.379932]]]}},{"type":"Feature","properties":{"scalerank":0,"featurecla":"Land","min_zoom":2},"bbox":[-13.859912,28.845459,-13.422949,29.237207],"geometry":{"type":"Polygon","coordinates":[[[-13.715967,28.91123],[-13.859912,28.869092],[-13.788184,29.056104],[-13.463574,29.237207],[-13.554688,28.960205],[-13.715967,28.91123]]]}},{"type":"Feature","properties":{"scalerank":0,"featurecla":"Land","min_zoom":2},"bbox":[-14.491797,28.056006,-13.827148,28.744678],"geometry":{"type":"Polygon","coordinates":[[[-14.196777,28.169287],[-14.491797,28.100928],[-14.231982,28.21582],[-13.886279,28.744678],[-13.928027,28.253467],[-14.196777,28.169287]]]}},{"type":"Feature","properties":{"scalerank":0,"featurecla":"Land","min_zoom":2},"bbox":[-12.951611,7.410254,-12.500635,7.637207],"geometry":{"type":"Polygon","coordinates":[[[-12.526074,7.436328],[-12.951611,7.57085],[-12.615234,7.637207],[-12.500635,7.535107],[-12.526074,7.436328]]]}},{"type":"Feature","properties":{"scalerank":0,"featurecla":"Land","min_zoom":2},"bbox":[-15.809473,27.746973,-15.383154,28.159326],"geometry":{"type":"Polygon","coordinates":[[[-15.400586,28.147363],[-15.436768,27.810693],[-15.710303,27.784082],[-15.809473,27.994482],[-15.682764,28.154053],[-15.415479,28.159326],[-15.400586,28.147363]]]}},{"type":"Feature","properties":{"scalerank":0,"featurecla":"Land","min_zoom":3},"bbox":[-15.779785,11.174512,-15.65835,11.301758],"geometry":{"type":"Polygon","coordinates":[[[-15.725146,11.215479],[-15.725146,11.174512],[-15.76748,11.182275],[-15.779785,11.194531],[-15.754687,11.268701],[-15.71748,11.301758],[-15.671924,11.296484],[-15.65835,11.286475],[-15.667187,11.257861],[-15.687109,11.234326],[-15.725146,11.215479]]]}},{"type":"Feature","properties":{"scalerank":0,"featurecla":"Land","min_zoom":4},"bbox":[-15.619629,11.51377,-15.482471,11.632324],"geometry":{"type":"Polygon","coordinates":[[[-15.553418,11.537012],[-15.482471,11.632324],[-15.526221,11.553857],[-15.553418,11.537012]]]}},{"type":"Feature","properties":{"scalerank":0,"featurecla":"Land","min_zoom":2},"bbox":[-25.341553,16.925928,-24.979687,17.193652],"geometry":{"type":"Polygon","coordinates":[[[-25.169824,16.946484],[-25.308301,16.93584],[-25.337109,17.091016],[-25.113477,17.193652],[-25.01709,17.049316],[-25.169824,16.946484]]]}},{"type":"Feature","properties":{"scalerank":0,"featurecla":"Land","min_zoom":3},"bbox":[-25.093066,16.794189,-24.887061,16.922119],"geometry":{"type":"Polygon","coordinates":[[[-24.887061,16.818115],[-25.093066,16.83252],[-24.891895,16.846484],[-24.887061,16.818115]]]}},{"type":"Feature","properties":{"scalerank":0,"featurecla":"Land","min_zoom":3},"bbox":[-17.324902,28.013525,-17.101074,28.203174],"geometry":{"type":"Polygon","coordinates":[[[-17.184668,28.021973],[-17.324902,28.117676],[-17.258594,28.203174],[-17.101074,28.083447],[-17.184668,28.021973]]]}},{"type":"Feature","properties":{"scalerank":0,"featurecla":"Land","min_zoom":3},"bbox":[-16.023193,11.434424,-15.901807,11.598291],"geometry":{"type":"Polygon","coordinates":[[[-15.901807,11.46582],[-16.023193,11.477148],[-15.915332,11.589111],[-15.901807,11.46582]]]}},{"type":"Feature","properties":{"scalerank":0,"featurecla":"Land","min_zoom":3},"bbox":[-16.152441,11.759717,-15.986426,11.88667],"geometry":{"type":"Polygon","coordinates":[[[-15.986426,11.882031],[-16.03833,11.759717],[-16.102441,11.773193],[-16.147363,11.845996],[-16.152441,11.876807],[-16.021875,11.88667],[-15.986426,11.882031]]]}},{"type":"Feature","properties":{"scalerank":0,"featurecla":"Land","min_zoom":3},"bbox":[-18.160547,27.646387,-17.887939,27.850146],"geometry":{"type":"Polygon","coordinates":[[[-17.887939,27.80957],[-17.984766,27.646387],[-18.160547,27.761475],[-17.924512,27.850146],[-17.887939,27.80957]]]}},{"type":"Feature","properties":{"scalerank":0,"featurecla":"Land","min_zoom":3},"bbox":[-22.959277,15.986035,-22.681885,16.237256],"geometry":{"type":"Polygon","coordinates":[[[-22.917725,16.237256],[-22.681885,16.113281],[-22.884082,15.992725],[-22.916113,16.148438],[-22.917725,16.237256]]]}},{"type":"Feature","properties":{"scalerank":0,"featurecla":"Land","min_zoom":3},"bbox":[-24.51709,14.818213,-24.295801,15.038281],"geometry":{"type":"Polygon","coordinates":[[[-24.308252,14.856299],[-24.51709,14.93125],[-24.391992,15.038281],[-24.295801,14.929541],[-24.308252,14.856299]]]}},{"type":"Feature","properties":{"scalerank":0,"featurecla":"Land","min_zoom":2},"bbox":[-18.000781,28.485693,-17.726562,28.846777],"geometry":{"type":"Polygon","coordinates":[[[-17.834277,28.493213],[-18.000781,28.758252],[-17.928809,28.84458],[-17.744531,28.786572],[-17.758008,28.569092],[-17.834277,28.493213]]]}},{"type":"Feature","properties":{"scalerank":0,"featurecla":"Land","min_zoom":3},"bbox":[-24.398096,16.493115,-24.032715,16.677783],"geometry":{"type":"Polygon","coordinates":[[[-24.087695,16.62251],[-24.322363,16.493115],[-24.39292,16.664453],[-24.271094,16.644873],[-24.087695,16.62251]]]}},{"type":"Feature","properties":{"scalerank":0,"featurecla":"Land","min_zoom":3},"bbox":[-22.990918,16.60791,-22.88833,16.84375],"geometry":{"type":"Polygon","coordinates":[[[-22.88833,16.659082],[-22.990918,16.808838],[-22.904736,16.84375],[-22.903906,16.732129],[-22.88833,16.659082]]]}},{"type":"Feature","properties":{"scalerank":0,"featurecla":"Land","min_zoom":3},"bbox":[-23.251807,15.133105,-23.115869,15.323535],"geometry":{"type":"Polygon","coordinates":[[[-23.182129,15.136768],[-23.210254,15.323535],[-23.115869,15.16665],[-23.182129,15.136768]]]}},{"type":"Feature","properties":{"scalerank":0,"featurecla":"Land","min_zoom":2},"bbox":[-23.78501,14.916113,-23.444238,15.328516],"geometry":{"type":"Polygon","coordinates":[[[-23.444238,15.007959],[-23.705371,14.961328],[-23.748096,15.328516],[-23.535254,15.139258],[-23.444238,15.007959]]]}},{"type":"Feature","properties":{"scalerank":0,"featurecla":"Land","min_zoom":3},"bbox":[44.220117,-12.356543,44.526758,-12.071387],"geometry":{"type":"Polygon","coordinates":[[[44.476367,-12.081543],[44.50498,-12.356543],[44.220117,-12.171387],[44.451855,-12.071387],[44.476367,-12.081543]]]}},{"type":"Feature","properties":{"scalerank":0,"featurecla":"Land","min_zoom":3},"bbox":[43.631348,-12.368262,43.858984,-12.24707],"geometry":{"type":"Polygon","coordinates":[[[43.788672,-12.307031],[43.858984,-12.368262],[43.663672,-12.342871],[43.63291,-12.287695],[43.631348,-12.24707],[43.704297,-12.255957],[43.788672,-12.307031]]]}},{"type":"Feature","properties":{"scalerank":0,"featurecla":"Land","min_zoom":3},"bbox":[45.042578,-12.984961,45.223145,-12.653027],"geometry":{"type":"Polygon","coordinates":[[[45.180273,-12.976758],[45.069434,-12.895605],[45.092383,-12.653027],[45.223145,-12.752148],[45.179395,-12.920215],[45.180273,-12.976758]]]}},{"type":"Feature","properties":{"scalerank":0,"featurecla":"Land","min_zoom":2},"bbox":[43.22666,-11.914551,43.491504,-11.368457],"geometry":{"type":"Polygon","coordinates":[[[43.46582,-11.90127],[43.22666,-11.751855],[43.299023,-11.374512],[43.491504,-11.862109],[43.46582,-11.90127]]]}},{"type":"Feature","properties":{"scalerank":0,"featurecla":"Land","min_zoom":3},"bbox":[39.60293,-7.990527,39.907129,-7.649219],"geometry":{"type":"Polygon","coordinates":[[[39.711328,-7.977441],[39.60293,-7.936133],[39.907129,-7.649219],[39.761816,-7.911914],[39.711328,-7.977441]]]}},{"type":"Feature","properties":{"scalerank":0,"featurecla":"Land","min_zoom":3},"bbox":[40.957324,-2.167285,41.139258,-2.036523],"geometry":{"type":"Polygon","coordinates":[[[40.994434,-2.158398],[40.957324,-2.167285],[40.976465,-2.109766],[41.086035,-2.036523],[41.130664,-2.053027],[41.139258,-2.069824],[41.136816,-2.085059],[41.118164,-2.100098],[40.994434,-2.158398]]]}},{"type":"Feature","properties":{"scalerank":0,"featurecla":"Land","min_zoom":2},"bbox":[39.182324,-6.453711,39.573047,-5.721973],"geometry":{"type":"Polygon","coordinates":[[[39.496484,-6.174609],[39.573047,-6.387402],[39.480957,-6.453711],[39.182324,-6.172559],[39.308984,-5.721973],[39.487891,-6.166211],[39.496484,-6.174609]]]}},{"type":"Feature","properties":{"scalerank":0,"featurecla":"Land","min_zoom":2},"bbox":[57.317676,-20.513184,57.791992,-19.989941],"geometry":{"type":"Polygon","coordinates":[[[57.65127,-20.484863],[57.317676,-20.427637],[57.575781,-19.997168],[57.791992,-20.212598],[57.706641,-20.434863],[57.65127,-20.484863]]]}},{"type":"Feature","properties":{"scalerank":0,"featurecla":"Land","min_zoom":2},"bbox":[55.232813,-21.369043,55.839063,-20.865137],"geometry":{"type":"Polygon","coordinates":[[[55.797363,-21.339355],[55.362695,-21.273633],[55.25,-21.002441],[55.450488,-20.865137],[55.661914,-20.90625],[55.822461,-21.277832],[55.797363,-21.339355]]]}},{"type":"Feature","properties":{"scalerank":0,"featurecla":"Land","min_zoom":3},"bbox":[48.191211,-13.400391,48.351074,-13.198242],"geometry":{"type":"Polygon","coordinates":[[[48.342188,-13.363867],[48.211914,-13.385254],[48.191211,-13.259961],[48.308887,-13.198242],[48.351074,-13.30957],[48.342188,-13.363867]]]}},{"type":"Feature","properties":{"scalerank":0,"featurecla":"Land","min_zoom":3},"bbox":[49.824023,-17.086523,50.023047,-16.695312],"geometry":{"type":"Polygon","coordinates":[[[49.936426,-16.90293],[49.824023,-17.086523],[49.855664,-16.933203],[49.985938,-16.712402],[50.023047,-16.695312],[49.936426,-16.90293]]]}},{"type":"Feature","properties":{"scalerank":0,"featurecla":"Land","min_zoom":3},"bbox":[-5.78252,-16.004004,-5.659717,-15.906152],"geometry":{"type":"Polygon","coordinates":[[[-5.692139,-15.997754],[-5.78252,-16.004004],[-5.775049,-15.956738],[-5.707861,-15.906152],[-5.6625,-15.912793],[-5.659717,-15.970898],[-5.692139,-15.997754]]]}},{"type":"Feature","properties":{"scalerank":0,"featurecla":"Land","min_zoom":2},"bbox":[39.646777,-5.443848,39.870996,-4.906152],"geometry":{"type":"Polygon","coordinates":[[[39.865039,-4.906152],[39.749316,-5.443848],[39.646777,-5.368555],[39.673438,-4.927051],[39.780762,-4.944922],[39.865039,-4.906152]]]}},{"type":"Feature","properties":{"scalerank":0,"featurecla":"Land","min_zoom":3},"bbox":[55.383398,-4.785547,55.542969,-4.558789],"geometry":{"type":"Polygon","coordinates":[[[55.540332,-4.693066],[55.542969,-4.785547],[55.383398,-4.609277],[55.455762,-4.558789],[55.540332,-4.693066]]]}},{"type":"Feature","properties":{"scalerank":0,"featurecla":"Land","min_zoom":2},"bbox":[8.434277,3.21709,8.950684,3.758301],"geometry":{"type":"Polygon","coordinates":[[[8.735742,3.758301],[8.910059,3.758203],[8.946094,3.627539],[8.652344,3.21709],[8.434277,3.332422],[8.675879,3.735937],[8.735742,3.758301]]]}},{"type":"Feature","properties":{"scalerank":0,"featurecla":"Land","min_zoom":2},"bbox":[6.468164,0.047363,6.75,0.404395],"geometry":{"type":"Polygon","coordinates":[[[6.659961,0.120654],[6.519727,0.066309],[6.477539,0.280127],[6.686914,0.404395],[6.75,0.243457],[6.659961,0.120654]]]}},{"type":"Feature","properties":{"scalerank":0,"featurecla":"Land","min_zoom":3},"bbox":[7.330664,1.541553,7.452344,1.699121],"geometry":{"type":"Polygon","coordinates":[[[7.423828,1.567725],[7.330664,1.603369],[7.452344,1.631104],[7.423828,1.567725]]]}},{"type":"Feature","properties":{"scalerank":0,"featurecla":"Land","min_zoom":3},"bbox":[7.14043,4.387646,7.32793,4.527344],"geometry":{"type":"Polygon","coordinates":[[[7.300781,4.418164],[7.203906,4.387646],[7.14043,4.395117],[7.227344,4.527344],[7.271387,4.498926],[7.32793,4.487207],[7.300781,4.418164]]]}},{"type":"Feature","properties":{"scalerank":0,"featurecla":"Land","min_zoom":3},"bbox":[-44.360156,-23.212305,-44.098047,-23.074121],"geometry":{"type":"Polygon","coordinates":[[[-44.129297,-23.141895],[-44.360156,-23.17207],[-44.191602,-23.113281],[-44.129297,-23.141895]]]}},{"type":"Feature","properties":{"scalerank":0,"featurecla":"Land","min_zoom":3},"bbox":[-48.665771,-26.41377,-48.497607,-26.170313],"geometry":{"type":"Polygon","coordinates":[[[-48.584424,-26.401563],[-48.665771,-26.289648],[-48.539746,-26.170313],[-48.568066,-26.379688],[-48.584424,-26.401563]]]}},{"type":"Feature","properties":{"scalerank":0,"featurecla":"Land","min_zoom":3},"bbox":[-48.55459,-27.812207,-48.37793,-27.399609],"geometry":{"type":"Polygon","coordinates":[[[-48.485889,-27.766992],[-48.55459,-27.812207],[-48.542187,-27.574805],[-48.414893,-27.399609],[-48.496777,-27.707031],[-48.485889,-27.766992]]]}},{"type":"Feature","properties":{"scalerank":0,"featurecla":"Land","min_zoom":3},"bbox":[-45.451416,-23.941309,-45.233105,-23.727539],"geometry":{"type":"Polygon","coordinates":[[[-45.260254,-23.88916],[-45.451416,-23.895605],[-45.302344,-23.727539],[-45.250293,-23.853027],[-45.260254,-23.88916]]]}},{"type":"Feature","properties":{"scalerank":0,"featurecla":"Land","min_zoom":4},"bbox":[11.123633,34.681689,11.281055,34.820312],"geometry":{"type":"Polygon","coordinates":[[[11.278027,34.753809],[11.123633,34.681689],[11.153027,34.74458],[11.254883,34.820312],[11.281055,34.802197],[11.278027,34.753809]]]}},{"type":"Feature","properties":{"scalerank":0,"featurecla":"Land","min_zoom":3},"bbox":[10.72207,33.687158,11.037598,33.893115],"geometry":{"type":"Polygon","coordinates":[[[10.957617,33.72207],[10.72207,33.738916],[10.745215,33.888672],[10.921973,33.893115],[10.993066,33.745947],[10.957617,33.72207]]]}},{"type":"Feature","properties":{"scalerank":0,"featurecla":"Land","min_zoom":3},"bbox":[-4.785352,54.058691,-4.337988,54.407178],"geometry":{"type":"Polygon","coordinates":[[[-4.412061,54.185352],[-4.785352,54.073047],[-4.424707,54.407178],[-4.392285,54.225391],[-4.412061,54.185352]]]}},{"type":"Feature","properties":{"scalerank":0,"featurecla":"Land","min_zoom":4},"bbox":[-6.668555,56.579443,-6.483691,56.672363],"geometry":{"type":"Polygon","coordinates":[[[-6.607617,56.58501],[-6.664453,56.579443],[-6.668555,56.593604],[-6.569922,56.66123],[-6.506055,56.672363],[-6.483691,56.665771],[-6.530078,56.626611],[-6.607617,56.58501]]]}},{"type":"Feature","properties":{"scalerank":0,"featurecla":"Land","min_zoom":3},"bbox":[-5.392676,55.448096,-5.094727,55.716943],"geometry":{"type":"Polygon","coordinates":[[[-5.10542,55.448828],[-5.331494,55.481055],[-5.370801,55.666943],[-5.185449,55.690967],[-5.094727,55.494336],[-5.10542,55.448828]]]}},{"type":"Feature","properties":{"scalerank":0,"featurecla":"Land","min_zoom":2},"bbox":[-6.32583,56.288721,-5.76084,56.649854],"geometry":{"type":"Polygon","coordinates":[[[-5.777881,56.344336],[-6.313428,56.293652],[-6.138867,56.490625],[-6.319678,56.569434],[-6.102734,56.645654],[-5.76084,56.490674],[-5.777881,56.344336]]]}},{"type":"Feature","properties":{"scalerank":0,"featurecla":"Land","min_zoom":3},"bbox":[-6.495654,55.606934,-6.055322,55.930566],"geometry":{"type":"Polygon","coordinates":[[[-6.128906,55.930566],[-6.088379,55.65752],[-6.305078,55.606934],[-6.301758,55.780615],[-6.491357,55.697314],[-6.445264,55.832373],[-6.215674,55.90459],[-6.128906,55.930566]]]}},{"type":"Feature","properties":{"scalerank":0,"featurecla":"Land","min_zoom":3},"bbox":[-6.071973,55.803809,-5.725146,56.120312],"geometry":{"type":"Polygon","coordinates":[[[-5.970068,55.814551],[-6.071973,55.893115],[-5.725146,56.118555],[-5.797217,56.005615],[-5.970068,55.814551]]]}},{"type":"Feature","properties":{"scalerank":0,"featurecla":"Land","min_zoom":3},"bbox":[-1.165527,60.502295,-0.99165,60.720215],"geometry":{"type":"Polygon","coordinates":[[[-1.042529,60.513867],[-1.165527,60.603906],[-1.093311,60.720215],[-0.99165,60.686035],[-1.034229,60.530176],[-1.042529,60.513867]]]}},{"type":"Feature","properties":{"scalerank":0,"featurecla":"Land","min_zoom":2},"bbox":[-1.66377,59.878662,-1.052441,60.60957],"geometry":{"type":"Polygon","coordinates":[[[-1.308105,60.5375],[-1.052441,60.444482],[-1.299463,59.878662],[-1.290918,60.153467],[-1.66377,60.28252],[-1.374609,60.33291],[-1.571777,60.494434],[-1.301709,60.607666],[-1.308105,60.5375]]]}},{"type":"Feature","properties":{"scalerank":0,"featurecla":"Land","min_zoom":3},"bbox":[-0.938086,60.683936,-0.774268,60.831885],"geometry":{"type":"Polygon","coordinates":[[[-0.774268,60.811963],[-0.922266,60.697266],[-0.801807,60.83125],[-0.774268,60.811963]]]}},{"type":"Feature","properties":{"scalerank":0,"featurecla":"Land","min_zoom":3},"bbox":[-3.40083,58.780957,-3.158545,58.918994],"geometry":{"type":"Polygon","coordinates":[[[-3.164941,58.794189],[-3.394727,58.909619],[-3.158545,58.801221],[-3.164941,58.794189]]]}},{"type":"Feature","properties":{"scalerank":0,"featurecla":"Land","min_zoom":2},"bbox":[-4.567871,53.13418,-4.049365,53.419287],"geometry":{"type":"Polygon","coordinates":[[[-4.196777,53.321436],[-4.049365,53.305762],[-4.471973,53.176367],[-4.567871,53.386475],[-4.315088,53.417236],[-4.196777,53.321436]]]}},{"type":"Feature","properties":{"scalerank":0,"featurecla":"Land","min_zoom":4},"bbox":[-2.662061,59.230176,-2.406982,59.30415],"geometry":{"type":"Polygon","coordinates":[[[-2.548877,59.231348],[-2.662061,59.230176],[-2.603613,59.289307],[-2.535645,59.30415],[-2.406982,59.297559],[-2.429834,59.271045],[-2.548877,59.231348]]]}},{"type":"Feature","properties":{"scalerank":0,"featurecla":"Land","min_zoom":4},"bbox":[-3.035449,58.738623,-2.896436,58.835693],"geometry":{"type":"Polygon","coordinates":[[[-2.929395,58.741602],[-3.035449,58.822656],[-2.913086,58.799609],[-2.929395,58.741602]]]}},{"type":"Feature","properties":{"scalerank":0,"featurecla":"Land","min_zoom":3},"bbox":[-3.353711,58.890527,-2.762451,59.143945],"geometry":{"type":"Polygon","coordinates":[[[-3.057422,59.029639],[-2.762451,58.955811],[-3.353711,59.01875],[-3.248584,59.143945],[-3.02002,59.057666],[-3.057422,59.029639]]]}},{"type":"Feature","properties":{"scalerank":0,"featurecla":"Land","min_zoom":3},"bbox":[-6.884766,61.768311,-6.623193,61.903711],"geometry":{"type":"Polygon","coordinates":[[[-6.623193,61.805957],[-6.884766,61.899121],[-6.62583,61.826709],[-6.623193,61.805957]]]}},{"type":"Feature","properties":{"scalerank":0,"featurecla":"Land","min_zoom":3},"bbox":[-6.934863,61.414307,-6.679688,61.634326],"geometry":{"type":"Polygon","coordinates":[[[-6.699463,61.444629],[-6.934863,61.634326],[-6.703516,61.495947],[-6.699463,61.444629]]]}},{"type":"Feature","properties":{"scalerank":0,"featurecla":"Land","min_zoom":3},"bbox":[-7.422607,62.040039,-7.065186,62.151221],"geometry":{"type":"Polygon","coordinates":[[[-7.186865,62.139307],[-7.065186,62.073242],[-7.422607,62.140283],[-7.235303,62.151221],[-7.186865,62.139307]]]}},{"type":"Feature","properties":{"scalerank":0,"featurecla":"Land","min_zoom":2},"bbox":[-7.172168,61.951465,-6.631055,62.31626],"geometry":{"type":"Polygon","coordinates":[[[-6.631055,62.227881],[-6.655811,62.093604],[-6.840527,62.119287],[-6.725195,61.951465],[-7.172168,62.285596],[-6.803662,62.265967],[-6.631055,62.227881]]]}},{"type":"Feature","properties":{"scalerank":0,"featurecla":"Land","min_zoom":3},"bbox":[-3.052051,59.161914,-2.719922,59.347119],"geometry":{"type":"Polygon","coordinates":[[[-2.729395,59.186768],[-3.052051,59.323877],[-2.719922,59.219482],[-2.729395,59.186768]]]}},{"type":"Feature","properties":{"scalerank":0,"featurecla":"Land","min_zoom":4},"bbox":[-6.559473,62.186523,-6.406055,62.355664],"geometry":{"type":"Polygon","coordinates":[[[-6.406055,62.258643],[-6.544141,62.205615],[-6.55459,62.355664],[-6.473047,62.291895],[-6.406055,62.258643]]]}},{"type":"Feature","properties":{"scalerank":0,"featurecla":"Land","min_zoom":2},"bbox":[-7.095605,57.75,-6.194238,58.502832],"geometry":{"type":"Polygon","coordinates":[[[-6.198682,58.363281],[-6.55459,58.092871],[-6.425195,58.021289],[-6.956934,57.750049],[-7.083447,57.81377],[-6.856836,57.923535],[-7.05708,58.003174],[-7.028418,58.222314],[-6.726465,58.189404],[-6.742285,58.321631],[-6.194238,58.435107],[-6.198682,58.363281]]]}},{"type":"Feature","properties":{"scalerank":0,"featurecla":"Land","min_zoom":4},"bbox":[-6.432617,56.951807,-6.260547,57.050537],"geometry":{"type":"Polygon","coordinates":[[[-6.279053,56.964697],[-6.432617,57.01792],[-6.260547,56.985254],[-6.279053,56.964697]]]}},{"type":"Feature","properties":{"scalerank":0,"featurecla":"Land","min_zoom":2},"bbox":[-6.761133,57.044434,-5.668652,57.671973],"geometry":{"type":"Polygon","coordinates":[[[-6.144727,57.50498],[-6.135547,57.314258],[-5.668652,57.226904],[-5.987305,57.044434],[-6.034375,57.201221],[-6.322705,57.20249],[-6.761133,57.442383],[-6.357666,57.666797],[-6.166064,57.585303],[-6.144727,57.50498]]]}},{"type":"Feature","properties":{"scalerank":0,"featurecla":"Land","min_zoom":3},"bbox":[-7.515625,57.533301,-7.092773,57.682959],"geometry":{"type":"Polygon","coordinates":[[[-7.205566,57.682959],[-7.092773,57.62666],[-7.182617,57.533301],[-7.514746,57.601953],[-7.271191,57.657471],[-7.205566,57.682959]]]}},{"type":"Feature","properties":{"scalerank":0,"featurecla":"Land","min_zoom":3},"bbox":[-7.422363,57.109766,-7.247559,57.383691],"geometry":{"type":"Polygon","coordinates":[[[-7.249854,57.115332],[-7.381494,57.130664],[-7.410547,57.381104],[-7.267139,57.371777],[-7.247559,57.126367],[-7.249854,57.115332]]]}},{"type":"Feature","properties":{"scalerank":0,"featurecla":"Land","min_zoom":3},"bbox":[-10.26582,53.884619,-9.948145,54.016992],"geometry":{"type":"Polygon","coordinates":[[[-9.948145,53.913379],[-10.26582,53.977734],[-9.956152,53.987354],[-9.948145,53.913379]]]}},{"type":"Feature","properties":{"scalerank":0,"featurecla":"Land","min_zoom":4},"bbox":[-7.542969,56.95166,-7.398926,57.018945],"geometry":{"type":"Polygon","coordinates":[[[-7.416895,56.96543],[-7.542969,56.972363],[-7.398926,56.98335],[-7.416895,56.96543]]]}},{"type":"Feature","properties":{"scalerank":0,"featurecla":"Land","min_zoom":4},"bbox":[21.805664,60.332275,21.994238,60.469922],"geometry":{"type":"Polygon","coordinates":[[[21.994238,60.33667],[21.827246,60.469922],[21.979785,60.355225],[21.994238,60.33667]]]}},{"type":"Feature","properties":{"scalerank":0,"featurecla":"Land","min_zoom":4},"bbox":[19.519043,60.135059,19.66748,60.246094],"geometry":{"type":"Polygon","coordinates":[[[19.662305,60.187158],[19.536523,60.144971],[19.628809,60.246094],[19.662305,60.187158]]]}},{"type":"Feature","properties":{"scalerank":0,"featurecla":"Land","min_zoom":2},"bbox":[19.672266,60.081738,20.258887,60.405811],"geometry":{"type":"Polygon","coordinates":[[[19.989551,60.351172],[20.258887,60.261279],[20.033984,60.093555],[19.745996,60.098975],[19.686914,60.267627],[19.847656,60.220557],[19.787793,60.354053],[19.944531,60.35752],[19.989551,60.351172]]]}},{"type":"Feature","properties":{"scalerank":0,"featurecla":"Land","min_zoom":3},"bbox":[21.083887,63.152002,21.421973,63.277734],"geometry":{"type":"Polygon","coordinates":[[[21.217773,63.241309],[21.415625,63.197363],[21.253418,63.152002],[21.083887,63.277539],[21.221777,63.259131],[21.217773,63.241309]]]}},{"type":"Feature","properties":{"scalerank":0,"featurecla":"Land","min_zoom":4},"bbox":[19.039258,57.860254,19.331445,57.981348],"geometry":{"type":"Polygon","coordinates":[[[19.156348,57.922607],[19.039258,57.911035],[19.331445,57.962891],[19.156348,57.922607]]]}},{"type":"Feature","properties":{"scalerank":0,"featurecla":"Land","min_zoom":2},"bbox":[16.394141,56.240186,17.117676,57.345068],"geometry":{"type":"Polygon","coordinates":[[[16.528516,56.290527],[16.40127,56.310889],[16.412305,56.568994],[16.995996,57.317773],[17.117676,57.319824],[16.778027,56.805225],[16.528516,56.290527]]]}},{"type":"Feature","properties":{"scalerank":0,"featurecla":"Land","min_zoom":3},"bbox":[14.68418,55.004932,15.137109,55.296729],"geometry":{"type":"Polygon","coordinates":[[[15.087695,55.021875],[14.68418,55.102246],[14.713672,55.238037],[15.137109,55.087158],[15.087695,55.021875]]]}},{"type":"Feature","properties":{"scalerank":0,"featurecla":"Land","min_zoom":2},"bbox":[13.156348,54.24585,13.73418,54.699316],"geometry":{"type":"Polygon","coordinates":[[[13.70918,54.382715],[13.707324,54.281152],[13.364355,54.24585],[13.156348,54.396924],[13.336816,54.697119],[13.657617,54.55957],[13.601855,54.425146],[13.70918,54.382715]]]}},{"type":"Feature","properties":{"scalerank":0,"featurecla":"Land","min_zoom":1},"bbox":[12.118848,54.89248,12.549219,55.064111],"geometry":{"type":"Polygon","coordinates":[[[12.549219,54.965771],[12.118848,54.914404],[12.274023,55.064111],[12.513281,54.997314],[12.549219,54.965771]]]}},{"type":"Feature","properties":{"scalerank":0,"featurecla":"Land","min_zoom":1},"bbox":[12.520313,55.554004,12.665723,55.680225],"geometry":{"type":"Polygon","coordinates":[[[12.665723,55.596533],[12.520313,55.6146],[12.648438,55.646777],[12.665723,55.596533]]]}},{"type":"Feature","properties":{"scalerank":0,"featurecla":"Land","min_zoom":2},"bbox":[11.035547,54.628857,11.765918,54.951807],"geometry":{"type":"Polygon","coordinates":[[[11.361426,54.89165],[11.739551,54.807422],[11.765918,54.679443],[11.457422,54.628857],[11.035547,54.773096],[11.058594,54.940576],[11.258496,54.951807],[11.361426,54.89165]]]}},{"type":"Feature","properties":{"scalerank":0,"featurecla":"Land","min_zoom":4},"bbox":[10.199902,54.837158,10.504883,54.962744],"geometry":{"type":"Polygon","coordinates":[[[10.484375,54.847559],[10.199902,54.962744],[10.504883,54.860547],[10.484375,54.847559]]]}},{"type":"Feature","properties":{"scalerank":0,"featurecla":"Land","min_zoom":3},"bbox":[9.771191,54.872461,10.06123,55.069043],"geometry":{"type":"Polygon","coordinates":[[[10.06123,54.886377],[9.80625,54.906006],[9.771191,55.059912],[10.057715,54.90791],[10.06123,54.886377]]]}},{"type":"Feature","properties":{"scalerank":0,"featurecla":"Land","min_zoom":3},"bbox":[10.62168,54.745068,10.951074,55.157861],"geometry":{"type":"Polygon","coordinates":[[[10.734082,54.750732],[10.62168,54.851416],[10.951074,55.156201],[10.765234,54.799658],[10.734082,54.750732]]]}},{"type":"Feature","properties":{"scalerank":0,"featurecla":"Land","min_zoom":3},"bbox":[10.516113,55.765088,10.661719,55.991943],"geometry":{"type":"Polygon","coordinates":[[[10.607324,55.783057],[10.547168,55.991943],[10.627344,55.833887],[10.607324,55.783057]]]}},{"type":"Feature","properties":{"scalerank":0,"featurecla":"Land","min_zoom":3},"bbox":[11.011719,54.416016,11.282813,54.533398],"geometry":{"type":"Polygon","coordinates":[[[11.282813,54.417969],[11.011719,54.466162],[11.280273,54.438379],[11.282813,54.417969]]]}},{"type":"Feature","properties":{"scalerank":0,"featurecla":"Land","min_zoom":3},"bbox":[10.873828,57.229102,11.174512,57.329932],"geometry":{"type":"Polygon","coordinates":[[[11.052148,57.252539],[10.873828,57.262256],[11.174512,57.3229],[11.076855,57.276904],[11.052148,57.252539]]]}},{"type":"Feature","properties":{"scalerank":0,"featurecla":"Land","min_zoom":3},"bbox":[8.284668,54.76709,8.62959,55.05874],"geometry":{"type":"Polygon","coordinates":[[[8.307715,54.786963],[8.405176,55.05874],[8.379883,54.899854],[8.62959,54.891748],[8.347363,54.847607],[8.307715,54.786963]]]}},{"type":"Feature","properties":{"scalerank":0,"featurecla":"Land","min_zoom":3},"bbox":[-1.388867,45.816602,-1.17832,46.050391],"geometry":{"type":"Polygon","coordinates":[[[-1.17832,45.904053],[-1.213574,45.816602],[-1.388672,46.050391],[-1.285059,46.002686],[-1.17832,45.904053]]]}},{"type":"Feature","properties":{"scalerank":0,"featurecla":"Land","min_zoom":3},"bbox":[-1.563428,50.588525,-1.065576,50.773486],"geometry":{"type":"Polygon","coordinates":[[[-1.065576,50.690234],[-1.251465,50.588818],[-1.563428,50.666113],[-1.144238,50.734717],[-1.065576,50.690234]]]}},{"type":"Feature","properties":{"scalerank":0,"featurecla":"Land","min_zoom":3},"bbox":[4.70918,52.999805,4.886426,53.183301],"geometry":{"type":"Polygon","coordinates":[[[4.886133,53.070703],[4.787109,52.999805],[4.726758,53.019629],[4.70918,53.036035],[4.739844,53.091309],[4.886426,53.183301],[4.886133,53.070703]]]}},{"type":"Feature","properties":{"scalerank":0,"featurecla":"Land","min_zoom":3},"bbox":[10.109766,42.713184,10.432227,42.858154],"geometry":{"type":"Polygon","coordinates":[[[10.395117,42.858154],[10.419336,42.713184],[10.109766,42.785059],[10.358984,42.822314],[10.395117,42.858154]]]}},{"type":"Feature","properties":{"scalerank":0,"featurecla":"Land","min_zoom":4},"bbox":[8.358594,38.968652,8.478906,39.115918],"geometry":{"type":"Polygon","coordinates":[[[8.478906,39.067529],[8.421484,38.968652],[8.360938,39.038672],[8.358594,39.098779],[8.366797,39.115918],[8.440625,39.090625],[8.478906,39.067529]]]}},{"type":"Feature","properties":{"scalerank":0,"featurecla":"Land","min_zoom":4},"bbox":[8.205664,40.994141,8.34375,41.121875],"geometry":{"type":"Polygon","coordinates":[[[8.286035,41.039844],[8.205664,40.997461],[8.318945,41.062744],[8.286035,41.039844]]]}},{"type":"Feature","properties":{"scalerank":0,"featurecla":"Land","min_zoom":2},"bbox":[3.842676,39.830273,4.32207,40.075098],"geometry":{"type":"Polygon","coordinates":[[[4.293652,39.841846],[3.867188,39.95874],[3.853418,40.063037],[4.225781,40.032373],[4.32207,39.89751],[4.293652,39.841846]]]}},{"type":"Feature","properties":{"scalerank":0,"featurecla":"Land","min_zoom":3},"bbox":[1.401953,38.658838,1.593945,38.768213],"geometry":{"type":"Polygon","coordinates":[[[1.593945,38.67207],[1.401953,38.711426],[1.592676,38.701465],[1.593945,38.67207]]]}},{"type":"Feature","properties":{"scalerank":0,"featurecla":"Land","min_zoom":3},"bbox":[1.22334,38.857275,1.623633,39.121045],"geometry":{"type":"Polygon","coordinates":[[[1.445215,38.918701],[1.22334,38.903857],[1.348633,39.080811],[1.564453,39.121045],[1.623633,39.038818],[1.494531,38.93252],[1.445215,38.918701]]]}},{"type":"Feature","properties":{"scalerank":0,"featurecla":"Land","min_zoom":3},"bbox":[-31.282959,39.358936,-31.137109,39.52085],"geometry":{"type":"Polygon","coordinates":[[[-31.137109,39.406934],[-31.282959,39.394092],[-31.138623,39.479443],[-31.137109,39.406934]]]}},{"type":"Feature","properties":{"scalerank":0,"featurecla":"Land","min_zoom":3},"bbox":[-27.385937,38.634033,-27.041943,38.802686],"geometry":{"type":"Polygon","coordinates":[[[-27.075244,38.643457],[-27.385937,38.76582],[-27.127002,38.789844],[-27.041992,38.678906],[-27.075244,38.643457]]]}},{"type":"Feature","properties":{"scalerank":0,"featurecla":"Land","min_zoom":3},"bbox":[-28.310645,38.543555,-27.778467,38.743896],"geometry":{"type":"Polygon","coordinates":[[[-27.778467,38.555615],[-27.825879,38.543555],[-28.092334,38.620557],[-28.187256,38.655371],[-28.310645,38.743896],[-27.962646,38.636328],[-27.778467,38.555615]]]}},{"type":"Feature","properties":{"scalerank":0,"featurecla":"Land","min_zoom":3},"bbox":[-28.842041,38.522363,-28.605811,38.638477],"geometry":{"type":"Polygon","coordinates":[[[-28.641309,38.525],[-28.842041,38.598437],[-28.605811,38.550732],[-28.641309,38.525]]]}},{"type":"Feature","properties":{"scalerank":0,"featurecla":"Land","min_zoom":3},"bbox":[-28.548828,38.384668,-28.064795,38.553369],"geometry":{"type":"Polygon","coordinates":[[[-28.147266,38.452686],[-28.064795,38.412744],[-28.531152,38.462549],[-28.402148,38.553369],[-28.147266,38.452686]]]}},{"type":"Feature","properties":{"scalerank":0,"featurecla":"Land","min_zoom":2},"bbox":[-25.847852,37.715332,-25.181934,37.911133],"geometry":{"type":"Polygon","coordinates":[[[-25.648975,37.840918],[-25.181934,37.837891],[-25.439014,37.715332],[-25.734473,37.762891],[-25.78374,37.911133],[-25.648975,37.840918]]]}},{"type":"Feature","properties":{"scalerank":0,"featurecla":"Land","min_zoom":3},"bbox":[14.35127,35.820215,14.566211,35.978418],"geometry":{"type":"Polygon","coordinates":[[[14.566211,35.852734],[14.436426,35.82168],[14.35127,35.978418],[14.537012,35.886279],[14.566211,35.852734]]]}},{"type":"Feature","properties":{"scalerank":0,"featurecla":"Land","min_zoom":4},"bbox":[15.06582,44.027051,15.24668,44.157666],"geometry":{"type":"Polygon","coordinates":[[[15.231055,44.062305],[15.24668,44.027051],[15.121875,44.093311],[15.074609,44.137842],[15.06582,44.157666],[15.231055,44.062305]]]}},{"type":"Feature","properties":{"scalerank":0,"featurecla":"Land","min_zoom":3},"bbox":[14.437891,44.955615,14.810254,45.224756],"geometry":{"type":"Polygon","coordinates":[[[14.810254,44.977051],[14.437891,45.098633],[14.571094,45.224756],[14.73916,45.065479],[14.810254,44.977051]]]}},{"type":"Feature","properties":{"scalerank":0,"featurecla":"Land","min_zoom":3},"bbox":[14.660352,44.714844,14.856641,44.848145],"geometry":{"type":"Polygon","coordinates":[[[14.831445,44.758936],[14.660352,44.799805],[14.76377,44.821387],[14.831445,44.758936]]]}},{"type":"Feature","properties":{"scalerank":0,"featurecla":"Land","min_zoom":3},"bbox":[14.741895,44.30918,15.239941,44.697363],"geometry":{"type":"Polygon","coordinates":[[[15.188477,44.335742],[14.741895,44.697363],[15.213574,44.347559],[15.188477,44.335742]]]}},{"type":"Feature","properties":{"scalerank":0,"featurecla":"Land","min_zoom":3},"bbox":[14.865039,43.897754,15.203027,44.167969],"geometry":{"type":"Polygon","coordinates":[[[15.18877,43.922363],[14.865039,44.167969],[14.952539,44.117188],[15.18877,43.922363]]]}},{"type":"Feature","properties":{"scalerank":0,"featurecla":"Land","min_zoom":4},"bbox":[15.27002,43.899512,15.437207,44.010742],"geometry":{"type":"Polygon","coordinates":[[[15.371387,43.973828],[15.437207,43.899512],[15.374219,43.914795],[15.308594,43.960791],[15.27002,44.010742],[15.371387,43.973828]]]}},{"type":"Feature","properties":{"scalerank":0,"featurecla":"Land","min_zoom":3},"bbox":[14.28584,44.62124,14.488086,45.167432],"geometry":{"type":"Polygon","coordinates":[[[14.488086,44.660059],[14.312402,44.900391],[14.33125,45.16499],[14.48252,44.693359],[14.488086,44.660059]]]}},{"type":"Feature","properties":{"scalerank":0,"featurecla":"Land","min_zoom":4},"bbox":[17.344141,42.700342,17.744238,42.800391],"geometry":{"type":"Polygon","coordinates":[[[17.607813,42.769043],[17.744238,42.700342],[17.344141,42.790381],[17.389551,42.798633],[17.431934,42.800391],[17.607813,42.769043]]]}},{"type":"Feature","properties":{"scalerank":0,"featurecla":"Land","min_zoom":2},"bbox":[20.352246,38.070557,20.788867,38.474951],"geometry":{"type":"Polygon","coordinates":[[[20.612305,38.38335],[20.761328,38.070557],[20.352539,38.179883],[20.563184,38.474951],[20.612305,38.38335]]]}},{"type":"Feature","properties":{"scalerank":0,"featurecla":"Land","min_zoom":3},"bbox":[20.619531,37.664746,20.993945,37.929541],"geometry":{"type":"Polygon","coordinates":[[[20.888477,37.805371],[20.993945,37.708008],[20.818555,37.664746],[20.619531,37.855029],[20.839844,37.840723],[20.888477,37.805371]]]}},{"type":"Feature","properties":{"scalerank":0,"featurecla":"Land","min_zoom":3},"bbox":[20.554688,38.582568,20.719629,38.844238],"geometry":{"type":"Polygon","coordinates":[[[20.686719,38.608691],[20.554688,38.582568],[20.694141,38.844238],[20.714844,38.63833],[20.686719,38.608691]]]}},{"type":"Feature","properties":{"scalerank":0,"featurecla":"Land","min_zoom":4},"bbox":[20.623633,38.318604,20.758691,38.483984],"geometry":{"type":"Polygon","coordinates":[[[20.758691,38.329443],[20.623633,38.480322],[20.73916,38.365771],[20.758691,38.329443]]]}},{"type":"Feature","properties":{"scalerank":0,"featurecla":"Land","min_zoom":3},"bbox":[19.646484,39.376611,20.099609,39.820117],"geometry":{"type":"Polygon","coordinates":[[[20.07793,39.432715],[19.883984,39.461523],[19.646484,39.76709],[19.926074,39.77373],[19.84668,39.668115],[20.027734,39.44209],[20.07793,39.432715]]]}},{"type":"Feature","properties":{"scalerank":0,"featurecla":"Land","min_zoom":4},"bbox":[23.419336,37.901172,23.550977,37.991113],"geometry":{"type":"Polygon","coordinates":[[[23.550977,37.925879],[23.419336,37.93125],[23.534863,37.970215],[23.550977,37.925879]]]}},{"type":"Feature","properties":{"scalerank":0,"featurecla":"Land","min_zoom":3},"bbox":[22.905664,36.146387,23.09707,36.383936],"geometry":{"type":"Polygon","coordinates":[[[23.053809,36.189795],[22.939453,36.176221],[22.932617,36.36875],[23.09707,36.246582],[23.053809,36.189795]]]}},{"type":"Feature","properties":{"scalerank":0,"featurecla":"Land","min_zoom":3},"bbox":[3.698535,51.627051,4.075098,51.746436],"geometry":{"type":"Polygon","coordinates":[[[3.949121,51.739453],[4.075098,51.648779],[3.699023,51.709912],[3.789062,51.746436],[3.949121,51.739453]]]}},{"type":"Feature","properties":{"scalerank":0,"featurecla":"Land","min_zoom":2},"bbox":[-51.350293,69.517139,-50.679004,69.92417],"geometry":{"type":"Polygon","coordinates":[[[-51.013672,69.55249],[-51.233984,69.551855],[-51.350293,69.854785],[-50.679004,69.848535],[-50.911719,69.756689],[-50.97041,69.583008],[-51.013672,69.55249]]]}},{"type":"Feature","properties":{"scalerank":0,"featurecla":"Land","min_zoom":3},"bbox":[-37.238428,65.531348,-36.953076,65.722266],"geometry":{"type":"Polygon","coordinates":[[[-37.03125,65.531982],[-37.186816,65.531348],[-37.2229,65.695459],[-37.04751,65.722266],[-36.986914,65.575586],[-37.03125,65.531982]]]}},{"type":"Feature","properties":{"scalerank":0,"featurecla":"Land","min_zoom":3},"bbox":[-53.957812,71.034277,-53.432129,71.29707],"geometry":{"type":"Polygon","coordinates":[[[-53.535205,71.04082],[-53.957812,71.127734],[-53.584473,71.29707],[-53.441406,71.18584],[-53.487793,71.056299],[-53.535205,71.04082]]]}},{"type":"Feature","properties":{"scalerank":0,"featurecla":"Land","min_zoom":3},"bbox":[-56.214795,72.564355,-55.016895,72.84165],"geometry":{"type":"Polygon","coordinates":[[[-55.016895,72.791113],[-55.566602,72.564355],[-56.214795,72.719189],[-55.033008,72.820508],[-55.016895,72.791113]]]}},{"type":"Feature","properties":{"scalerank":0,"featurecla":"Land","min_zoom":3},"bbox":[-52.148047,70.852539,-51.606934,70.976465],"geometry":{"type":"Polygon","coordinates":[[[-51.675146,70.855225],[-52.148047,70.904395],[-51.969824,70.976465],[-51.606934,70.868848],[-51.675146,70.855225]]]}},{"type":"Feature","properties":{"scalerank":0,"featurecla":"Land","min_zoom":3},"bbox":[-46.78999,60.660303,-46.205225,60.943506],"geometry":{"type":"Polygon","coordinates":[[[-46.266699,60.781396],[-46.381543,60.660303],[-46.78999,60.779834],[-46.205225,60.943506],[-46.254492,60.841553],[-46.266699,60.781396]]]}},{"type":"Feature","properties":{"scalerank":0,"featurecla":"Land","min_zoom":1},"bbox":[-126.231445,49.263623,-126.064014,49.379785],"geometry":{"type":"Polygon","coordinates":[[[-126.09209,49.354004],[-126.064014,49.263623],[-126.229639,49.295654],[-126.115283,49.365039],[-126.09209,49.354004]]]}},{"type":"Feature","properties":{"scalerank":0,"featurecla":"Land","min_zoom":4},"bbox":[-122.509912,47.354785,-122.394141,47.48999],"geometry":{"type":"Polygon","coordinates":[[[-122.394141,47.395264],[-122.509912,47.358008],[-122.44209,47.446143],[-122.394141,47.395264]]]}},{"type":"Feature","properties":{"scalerank":0,"featurecla":"Land","min_zoom":4},"bbox":[-122.575928,47.575439,-122.497266,47.703955],"geometry":{"type":"Polygon","coordinates":[[[-122.497266,47.59458],[-122.502637,47.575439],[-122.557812,47.598291],[-122.575928,47.619482],[-122.57373,47.666846],[-122.560107,47.697754],[-122.549756,47.703955],[-122.517236,47.690576],[-122.507861,47.682666],[-122.497266,47.59458]]]}},{"type":"Feature","properties":{"scalerank":0,"featurecla":"Land","min_zoom":3},"bbox":[-123.002832,48.594482,-122.768848,48.710352],"geometry":{"type":"Polygon","coordinates":[[[-122.782129,48.672705],[-122.985645,48.626709],[-122.897705,48.710352],[-122.782129,48.672705]]]}},{"type":"Feature","properties":{"scalerank":0,"featurecla":"Land","min_zoom":4},"bbox":[-122.932275,48.421533,-122.8146,48.551611],"geometry":{"type":"Polygon","coordinates":[[[-122.820898,48.431348],[-122.912207,48.537988],[-122.8146,48.452344],[-122.820898,48.431348]]]}},{"type":"Feature","properties":{"scalerank":0,"featurecla":"Land","min_zoom":3},"bbox":[-123.16958,48.468018,-122.986768,48.613281],"geometry":{"type":"Polygon","coordinates":[[[-123.013135,48.500879],[-123.162158,48.606396],[-123.02417,48.538477],[-123.013135,48.500879]]]}},{"type":"Feature","properties":{"scalerank":0,"featurecla":"Land","min_zoom":3},"bbox":[-122.74873,47.917725,-122.366602,48.384229],"geometry":{"type":"Polygon","coordinates":[[[-122.572754,48.156641],[-122.383154,47.923193],[-122.741504,48.225293],[-122.628613,48.384229],[-122.542432,48.293994],[-122.697021,48.228662],[-122.597607,48.200439],[-122.572754,48.156641]]]}},{"type":"Feature","properties":{"scalerank":0,"featurecla":"Land","min_zoom":3},"bbox":[-124.649854,49.510352,-124.139795,49.775098],"geometry":{"type":"Polygon","coordinates":[[[-124.153662,49.531152],[-124.649854,49.75835],[-124.309131,49.667285],[-124.153662,49.531152]]]}},{"type":"Feature","properties":{"scalerank":0,"featurecla":"Land","min_zoom":4},"bbox":[-123.689258,48.875195,-123.372363,49.095117],"geometry":{"type":"Polygon","coordinates":[[[-123.372363,48.886133],[-123.689258,49.095117],[-123.37793,48.908252],[-123.372363,48.886133]]]}},{"type":"Feature","properties":{"scalerank":0,"featurecla":"Land","min_zoom":3},"bbox":[-123.582324,48.72876,-123.406787,48.925781],"geometry":{"type":"Polygon","coordinates":[[[-123.4354,48.754443],[-123.582324,48.925781],[-123.406787,48.756055],[-123.4354,48.754443]]]}},{"type":"Feature","properties":{"scalerank":0,"featurecla":"Land","min_zoom":3},"bbox":[-125.025977,50.020752,-124.907471,50.217139],"geometry":{"type":"Polygon","coordinates":[[[-124.977734,50.02959],[-124.99082,50.217139],[-124.908447,50.071289],[-124.977734,50.02959]]]}},{"type":"Feature","properties":{"scalerank":0,"featurecla":"Land","min_zoom":1},"bbox":[-126.95127,49.601367,-126.625781,49.872363],"geometry":{"type":"Polygon","coordinates":[[[-126.641211,49.605811],[-126.938574,49.718457],[-126.92583,49.837744],[-126.738135,49.843652],[-126.625781,49.626807],[-126.641211,49.605811]]]}},{"type":"Feature","properties":{"scalerank":0,"featurecla":"Land","min_zoom":3},"bbox":[-125.358447,50.044336,-125.074023,50.417822],"geometry":{"type":"Polygon","coordinates":[[[-125.184131,50.097119],[-125.358447,50.311523],[-125.301172,50.414062],[-125.139502,50.339697],[-125.112988,50.163477],[-125.184131,50.097119]]]}},{"type":"Feature","properties":{"scalerank":0,"featurecla":"Land","min_zoom":3},"bbox":[-118.590186,32.818506,-118.350391,33.032666],"geometry":{"type":"Polygon","coordinates":[[[-118.350391,32.827588],[-118.590186,33.011182],[-118.383203,32.849463],[-118.350391,32.827588]]]}},{"type":"Feature","properties":{"scalerank":0,"featurecla":"Land","min_zoom":3},"bbox":[-118.401367,28.90376,-118.242773,29.187598],"geometry":{"type":"Polygon","coordinates":[[[-118.242773,28.941943],[-118.401367,29.162744],[-118.247363,29.043359],[-118.242773,28.941943]]]}},{"type":"Feature","properties":{"scalerank":0,"featurecla":"Land","min_zoom":3},"bbox":[-120.251904,33.904883,-119.983936,34.026514],"geometry":{"type":"Polygon","coordinates":[[[-120.043555,33.918848],[-120.251904,34.013867],[-119.983936,33.97334],[-120.043555,33.918848]]]}},{"type":"Feature","properties":{"scalerank":0,"featurecla":"Land","min_zoom":3},"bbox":[-119.918066,33.967773,-119.549268,34.079687],"geometry":{"type":"Polygon","coordinates":[[[-119.882373,34.079687],[-119.549268,34.028174],[-119.80957,33.967773],[-119.918066,34.067822],[-119.882373,34.079687]]]}},{"type":"Feature","properties":{"scalerank":0,"featurecla":"Land","min_zoom":3},"bbox":[-118.569434,33.312109,-118.297461,33.4771],"geometry":{"type":"Polygon","coordinates":[[[-118.347949,33.385742],[-118.297461,33.312109],[-118.446289,33.31709],[-118.569434,33.46416],[-118.391699,33.415088],[-118.347949,33.385742]]]}},{"type":"Feature","properties":{"scalerank":0,"featurecla":"Land","min_zoom":4},"bbox":[-71.403418,41.466748,-71.354492,41.571826],"geometry":{"type":"Polygon","coordinates":[[[-71.365332,41.485254],[-71.393066,41.466748],[-71.403418,41.515039],[-71.383984,41.570557],[-71.364307,41.571826],[-71.354492,41.542285],[-71.365332,41.485254]]]}},{"type":"Feature","properties":{"scalerank":0,"featurecla":"Land","min_zoom":4},"bbox":[-74.253174,39.529395,-74.106738,39.746436],"geometry":{"type":"Polygon","coordinates":[[[-74.133203,39.680762],[-74.250488,39.529395],[-74.253174,39.558496],[-74.106738,39.746436],[-74.133203,39.680762]]]}},{"type":"Feature","properties":{"scalerank":0,"featurecla":"Land","min_zoom":3},"bbox":[-74.235889,40.518701,-74.067383,40.658447],"geometry":{"type":"Polygon","coordinates":[[[-74.188135,40.522852],[-74.06875,40.649316],[-74.138525,40.541846],[-74.188135,40.522852]]]}},{"type":"Feature","properties":{"scalerank":0,"featurecla":"Land","min_zoom":3},"bbox":[-64.862842,32.259619,-64.668311,32.386914],"geometry":{"type":"Polygon","coordinates":[[[-64.730273,32.293457],[-64.862842,32.273877],[-64.668311,32.381934],[-64.730273,32.293457]]]}},{"type":"Feature","properties":{"scalerank":0,"featurecla":"Land","min_zoom":3},"bbox":[-70.829199,41.327441,-70.509912,41.457227],"geometry":{"type":"Polygon","coordinates":[[[-70.509912,41.376318],[-70.829199,41.358984],[-70.525342,41.414795],[-70.509912,41.376318]]]}},{"type":"Feature","properties":{"scalerank":0,"featurecla":"Land","min_zoom":3},"bbox":[-71.34624,41.4646,-71.232031,41.654297],"geometry":{"type":"Polygon","coordinates":[[[-71.241406,41.491943],[-71.34624,41.469385],[-71.232031,41.654297],[-71.241406,41.491943]]]}},{"type":"Feature","properties":{"scalerank":0,"featurecla":"Land","min_zoom":3},"bbox":[-70.233057,41.249463,-69.97793,41.397461],"geometry":{"type":"Polygon","coordinates":[[[-69.97793,41.265576],[-70.233057,41.286328],[-70.041211,41.397461],[-69.985596,41.298633],[-69.97793,41.265576]]]}},{"type":"Feature","properties":{"scalerank":0,"featurecla":"Land","min_zoom":4},"bbox":[-75.98418,35.118848,-75.781934,35.190186],"geometry":{"type":"Polygon","coordinates":[[[-75.781934,35.190186],[-75.963672,35.118848],[-75.98418,35.123096],[-75.864941,35.174121],[-75.781934,35.190186]]]}},{"type":"Feature","properties":{"scalerank":0,"featurecla":"Land","min_zoom":4},"bbox":[-75.717187,35.835596,-75.635693,35.946143],"geometry":{"type":"Polygon","coordinates":[[[-75.635693,35.855908],[-75.650781,35.835596],[-75.717187,35.946143],[-75.648877,35.9104],[-75.63667,35.880664],[-75.635693,35.855908]]]}},{"type":"Feature","properties":{"scalerank":0,"featurecla":"Land","min_zoom":3},"bbox":[-75.378516,37.87207,-75.0979,38.298096],"geometry":{"type":"Polygon","coordinates":[[[-75.333057,37.888281],[-75.0979,38.298096],[-75.203223,38.072412],[-75.333057,37.888281]]]}},{"type":"Feature","properties":{"scalerank":0,"featurecla":"Land","min_zoom":3},"bbox":[-75.690088,35.212842,-75.456445,35.769141],"geometry":{"type":"Polygon","coordinates":[[[-75.544141,35.240088],[-75.690088,35.221582],[-75.536377,35.278613],[-75.503516,35.769141],[-75.509326,35.280322],[-75.544141,35.240088]]]}},{"type":"Feature","properties":{"scalerank":0,"featurecla":"Land","min_zoom":4},"bbox":[-76.528564,34.631494,-76.207373,34.938916],"geometry":{"type":"Polygon","coordinates":[[[-76.503662,34.642969],[-76.528564,34.631494],[-76.437012,34.756348],[-76.256201,34.914697],[-76.207373,34.938916],[-76.357715,34.803662],[-76.503662,34.642969]]]}},{"type":"Feature","properties":{"scalerank":0,"featurecla":"Land","min_zoom":3},"bbox":[-96.801123,28.148438,-96.403564,28.381592],"geometry":{"type":"Polygon","coordinates":[[[-96.764404,28.152588],[-96.403564,28.381592],[-96.543896,28.275586],[-96.764404,28.152588]]]}},{"type":"Feature","properties":{"scalerank":0,"featurecla":"Land","min_zoom":3},"bbox":[-97.384814,27.242529,-97.060547,27.822021],"geometry":{"type":"Polygon","coordinates":[[[-97.353613,27.300049],[-97.060547,27.822021],[-97.250879,27.541211],[-97.353613,27.300049]]]}},{"type":"Feature","properties":{"scalerank":0,"featurecla":"Land","min_zoom":3},"bbox":[-95.089648,29.136328,-94.767627,29.341309],"geometry":{"type":"Polygon","coordinates":[[[-95.039697,29.145898],[-95.089648,29.136328],[-94.87168,29.290137],[-94.825977,29.341309],[-94.767627,29.339062],[-94.864941,29.252881],[-95.039697,29.145898]]]}},{"type":"Feature","properties":{"scalerank":0,"featurecla":"Land","min_zoom":3},"bbox":[-97.407178,26.112939,-97.170703,27.196484],"geometry":{"type":"Polygon","coordinates":[[[-97.170703,26.159375],[-97.4021,26.820508],[-97.385986,27.196484],[-97.202246,26.299805],[-97.170703,26.159375]]]}},{"type":"Feature","properties":{"scalerank":0,"featurecla":"Land","min_zoom":4},"bbox":[-85.116748,29.606641,-84.737158,29.732422],"geometry":{"type":"Polygon","coordinates":[[[-84.90791,29.642627],[-85.116748,29.632812],[-84.737158,29.732422],[-84.90791,29.642627]]]}},{"type":"Feature","properties":{"scalerank":0,"featurecla":"Land","min_zoom":4},"bbox":[-81.484619,30.727783,-81.418994,30.971436],"geometry":{"type":"Polygon","coordinates":[[[-81.418994,30.971436],[-81.463477,30.727783],[-81.482715,30.814062],[-81.484619,30.897852],[-81.450928,30.947412],[-81.418994,30.971436]]]}},{"type":"Feature","properties":{"scalerank":0,"featurecla":"Land","min_zoom":4},"bbox":[-89.341992,30.037598,-89.184668,30.168652],"geometry":{"type":"Polygon","coordinates":[[[-89.223975,30.084082],[-89.341992,30.062842],[-89.210693,30.126221],[-89.223975,30.084082]]]}},{"type":"Feature","properties":{"scalerank":0,"featurecla":"Land","min_zoom":3},"bbox":[-92.006641,29.486475,-91.754297,29.643945],"geometry":{"type":"Polygon","coordinates":[[[-91.793701,29.500732],[-92.006641,29.610303],[-91.761914,29.539014],[-91.793701,29.500732]]]}},{"type":"Feature","properties":{"scalerank":0,"featurecla":"Land","min_zoom":4},"bbox":[-88.866895,29.775879,-88.812598,30.056738],"geometry":{"type":"Polygon","coordinates":[[[-88.827441,29.807715],[-88.855664,29.775879],[-88.827979,29.928369],[-88.866895,30.056738],[-88.825879,30.000391],[-88.812598,29.93335],[-88.827441,29.807715]]]}},{"type":"Feature","properties":{"scalerank":0,"featurecla":"Land","min_zoom":1},"bbox":[-77.999902,23.73916,-77.51875,24.287549],"geometry":{"type":"Polygon","coordinates":[[[-77.657715,24.249463],[-77.755273,24.163477],[-77.561523,24.136816],[-77.57373,23.73916],[-77.771289,23.752539],[-77.999902,24.219824],[-77.701465,24.287549],[-77.657715,24.249463]]]}},{"type":"Feature","properties":{"scalerank":0,"featurecla":"Land","min_zoom":3},"bbox":[-77.918555,21.921338,-77.633691,22.091943],"geometry":{"type":"Polygon","coordinates":[[[-77.668994,21.951953],[-77.918555,22.088086],[-77.645996,21.996484],[-77.668994,21.951953]]]}},{"type":"Feature","properties":{"scalerank":0,"featurecla":"Land","min_zoom":3},"bbox":[-78.273535,22.268506,-78.0271,22.437646],"geometry":{"type":"Polygon","coordinates":[[[-78.0271,22.285156],[-78.273535,22.423584],[-78.06167,22.305908],[-78.0271,22.285156]]]}},{"type":"Feature","properties":{"scalerank":0,"featurecla":"Land","min_zoom":3},"bbox":[-78.695508,22.445117,-78.283887,22.552246],"geometry":{"type":"Polygon","coordinates":[[[-78.630127,22.552246],[-78.283887,22.455469],[-78.695508,22.533984],[-78.630127,22.552246]]]}},{"type":"Feature","properties":{"scalerank":0,"featurecla":"Land","min_zoom":1.5},"bbox":[-77.94375,25.895459,-77.038281,26.940088],"geometry":{"type":"Polygon","coordinates":[[[-77.225635,25.904199],[-77.403174,26.024707],[-77.246777,26.156348],[-77.238623,26.561133],[-77.510596,26.845996],[-77.94375,26.903564],[-77.533887,26.903418],[-77.066357,26.530176],[-77.191016,25.955469],[-77.225635,25.904199]]]}},{"type":"Feature","properties":{"scalerank":0,"featurecla":"Land","min_zoom":3},"bbox":[-74.313965,22.66543,-74.034766,22.8396],"geometry":{"type":"Polygon","coordinates":[[[-74.05752,22.723486],[-74.274609,22.71167],[-74.307031,22.8396],[-74.175391,22.759912],[-74.05752,22.723486]]]}},{"type":"Feature","properties":{"scalerank":0,"featurecla":"Land","min_zoom":3},"bbox":[-74.550928,23.959717,-74.429443,24.12666],"geometry":{"type":"Polygon","coordinates":[[[-74.429443,24.068066],[-74.508691,23.959717],[-74.550928,23.968945],[-74.526904,24.105078],[-74.472021,24.12666],[-74.450488,24.125488],[-74.429443,24.068066]]]}},{"type":"Feature","properties":{"scalerank":0,"featurecla":"Land","min_zoom":2},"bbox":[-73.686816,20.937402,-73.01167,21.313379],"geometry":{"type":"Polygon","coordinates":[[[-73.026855,21.192383],[-73.164551,20.97915],[-73.681152,20.975586],[-73.523096,21.19082],[-73.235352,21.154492],[-73.01167,21.299512],[-73.026855,21.192383]]]}},{"type":"Feature","properties":{"scalerank":0,"featurecla":"Land","min_zoom":3},"bbox":[-74.276904,22.183691,-73.836523,22.731055],"geometry":{"type":"Polygon","coordinates":[[[-74.206738,22.21377],[-73.849951,22.731055],[-73.836523,22.538428],[-74.09292,22.30625],[-74.206738,22.21377]]]}},{"type":"Feature","properties":{"scalerank":0,"featurecla":"Land","min_zoom":2},"bbox":[-76.780664,24.649414,-76.114941,25.564893],"geometry":{"type":"Polygon","coordinates":[[[-76.648828,25.487402],[-76.126611,25.140527],[-76.169531,24.649414],[-76.319971,24.817676],[-76.21377,24.822461],[-76.1604,25.119336],[-76.369287,25.312598],[-76.780664,25.426855],[-76.71084,25.564893],[-76.648828,25.487402]]]}},{"type":"Feature","properties":{"scalerank":0,"featurecla":"Land","min_zoom":3},"bbox":[-76.037109,23.444238,-75.664551,23.671387],"geometry":{"type":"Polygon","coordinates":[[[-75.664551,23.450146],[-76.010449,23.671387],[-75.754248,23.48999],[-75.664551,23.450146]]]}},{"type":"Feature","properties":{"scalerank":0,"featurecla":"Land","min_zoom":3},"bbox":[-75.315967,22.868701,-74.840479,23.668359],"geometry":{"type":"Polygon","coordinates":[[[-74.840479,22.894336],[-75.22334,23.165332],[-75.130566,23.26792],[-75.315967,23.668359],[-75.064209,23.150195],[-74.845605,22.999902],[-74.840479,22.894336]]]}},{"type":"Feature","properties":{"scalerank":0,"featurecla":"Land","min_zoom":3},"bbox":[-75.743994,24.139062,-75.301758,24.69751],"geometry":{"type":"Polygon","coordinates":[[[-75.308398,24.2],[-75.503223,24.139062],[-75.408936,24.265771],[-75.72666,24.689355],[-75.518164,24.427344],[-75.308398,24.2]]]}},{"type":"Feature","properties":{"scalerank":0,"featurecla":"Land","min_zoom":3},"bbox":[-78.04165,22.124707,-77.84248,22.3021],"geometry":{"type":"Polygon","coordinates":[[[-77.879395,22.127539],[-78.04165,22.20127],[-77.999219,22.29873],[-77.84248,22.148975],[-77.879395,22.127539]]]}},{"type":"Feature","properties":{"scalerank":0,"featurecla":"Land","min_zoom":4},"bbox":[-82.201367,26.427539,-82.037207,26.548047],"geometry":{"type":"Polygon","coordinates":[[[-82.037207,26.453613],[-82.201367,26.548047],[-82.116064,26.460938],[-82.037207,26.453613]]]}},{"type":"Feature","properties":{"scalerank":0,"featurecla":"Land","min_zoom":1},"bbox":[-78.435303,24.287451,-77.735107,25.202344],"geometry":{"type":"Polygon","coordinates":[[[-77.743848,24.707422],[-77.745215,24.463477],[-78.044922,24.287451],[-78.145801,24.493457],[-78.435303,24.627588],[-78.242725,24.653809],[-78.211377,25.19126],[-77.975293,25.084814],[-77.840137,24.794385],[-77.743848,24.707422]]]}},{"type":"Feature","properties":{"scalerank":0,"featurecla":"Land","min_zoom":3},"bbox":[-81.631494,24.590039,-81.531641,24.68916],"geometry":{"type":"Polygon","coordinates":[[[-81.566699,24.599902],[-81.631494,24.590039],[-81.579248,24.629395],[-81.562305,24.68916],[-81.531641,24.64248],[-81.532227,24.61416],[-81.566699,24.599902]]]}},{"type":"Feature","properties":{"scalerank":0,"featurecla":"Land","min_zoom":3},"bbox":[-80.436914,27.204785,-80.170508,27.850537],"geometry":{"type":"Polygon","coordinates":[[[-80.186768,27.278418],[-80.436914,27.850537],[-80.355518,27.678613],[-80.186768,27.278418]]]}},{"type":"Feature","properties":{"scalerank":0,"featurecla":"Land","min_zoom":2},"bbox":[-83.183789,21.441309,-82.561768,21.942725],"geometry":{"type":"Polygon","coordinates":[[[-82.561768,21.57168],[-82.959619,21.441309],[-83.183789,21.593457],[-82.973584,21.592285],[-83.08252,21.791406],[-82.991211,21.942725],[-82.714551,21.890283],[-82.567822,21.621826],[-82.561768,21.57168]]]}},{"type":"Feature","properties":{"scalerank":0,"featurecla":"Land","min_zoom":4},"bbox":[-82.169141,26.493604,-82.083789,26.700732],"geometry":{"type":"Polygon","coordinates":[[[-82.083789,26.552344],[-82.085205,26.493604],[-82.135596,26.591992],[-82.169141,26.700732],[-82.121143,26.665527],[-82.083789,26.552344]]]}},{"type":"Feature","properties":{"scalerank":0,"featurecla":"Land","min_zoom":3},"bbox":[-79.628174,22.637695,-79.3479,22.806738],"geometry":{"type":"Polygon","coordinates":[[[-79.349561,22.663916],[-79.628174,22.805225],[-79.382178,22.681348],[-79.349561,22.663916]]]}},{"type":"Feature","properties":{"scalerank":0,"featurecla":"Land","min_zoom":1.5},"bbox":[-78.985645,26.500684,-77.922461,26.797949],"geometry":{"type":"Polygon","coordinates":[[[-78.492871,26.729053],[-77.922461,26.691113],[-78.743652,26.500684],[-78.985645,26.689502],[-78.7125,26.599023],[-78.597119,26.797949],[-78.492871,26.729053]]]}},{"type":"Feature","properties":{"scalerank":0,"featurecla":"Land","min_zoom":3},"bbox":[-80.580566,24.954248,-80.25708,25.347607],"geometry":{"type":"Polygon","coordinates":[[[-80.381836,25.142285],[-80.580566,24.954248],[-80.25708,25.347607],[-80.381836,25.142285]]]}},{"type":"Feature","properties":{"scalerank":0,"featurecla":"Land","min_zoom":3},"bbox":[-87.998096,17.906348,-87.848535,18.154932],"geometry":{"type":"Polygon","coordinates":[[[-87.950586,17.924951],[-87.998096,17.906348],[-87.959033,17.964014],[-87.95332,18.001074],[-87.89834,18.154932],[-87.858936,18.154053],[-87.848535,18.140381],[-87.950586,17.924951]]]}},{"type":"Feature","properties":{"scalerank":0,"featurecla":"Land","min_zoom":3},"bbox":[-87.934863,17.283008,-87.788623,17.546289],"geometry":{"type":"Polygon","coordinates":[[[-87.85293,17.422852],[-87.92998,17.283008],[-87.798145,17.47959],[-87.85293,17.422852]]]}},{"type":"Feature","properties":{"scalerank":0,"featurecla":"Land","min_zoom":3},"bbox":[-91.816113,18.654199,-91.536719,18.778027],"geometry":{"type":"Polygon","coordinates":[[[-91.683691,18.677344],[-91.816113,18.675879],[-91.536719,18.76001],[-91.654248,18.711475],[-91.683691,18.677344]]]}},{"type":"Feature","properties":{"scalerank":0,"featurecla":"Land","min_zoom":4},"bbox":[-82.321729,9.334082,-82.233496,9.431885],"geometry":{"type":"Polygon","coordinates":[[[-82.233496,9.380713],[-82.244434,9.334082],[-82.321729,9.418115],[-82.275781,9.431885],[-82.259424,9.430273],[-82.233496,9.380713]]]}},{"type":"Feature","properties":{"scalerank":0,"featurecla":"Land","min_zoom":3},"bbox":[-81.419092,19.271875,-81.107129,19.384912],"geometry":{"type":"Polygon","coordinates":[[[-81.369531,19.348877],[-81.107129,19.305176],[-81.404785,19.278418],[-81.391016,19.384912],[-81.369531,19.348877]]]}},{"type":"Feature","properties":{"scalerank":0,"featurecla":"Land","min_zoom":3},"bbox":[-87.019434,20.272168,-86.755029,20.579053],"geometry":{"type":"Polygon","coordinates":[[[-86.939648,20.30332],[-86.977979,20.489795],[-86.763281,20.579053],[-86.808789,20.468457],[-86.939648,20.30332]]]}},{"type":"Feature","properties":{"scalerank":0,"featurecla":"Land","min_zoom":3},"bbox":[-62.840479,17.224414,-62.630664,17.402588],"geometry":{"type":"Polygon","coordinates":[[[-62.630664,17.23999],[-62.827051,17.386426],[-62.640527,17.262305],[-62.630664,17.23999]]]}},{"type":"Feature","properties":{"scalerank":0,"featurecla":"Land","min_zoom":3},"bbox":[-61.073145,13.717578,-60.886768,14.093359],"geometry":{"type":"Polygon","coordinates":[[[-60.895215,13.821973],[-60.951416,13.717578],[-61.073145,13.865576],[-60.908105,14.093359],[-60.886768,14.011133],[-60.895215,13.821973]]]}},{"type":"Feature","properties":{"scalerank":0,"featurecla":"Land","min_zoom":2},"bbox":[-61.219727,14.42627,-60.82627,14.875293],"geometry":{"type":"Polygon","coordinates":[[[-60.82627,14.494482],[-61.063721,14.46709],[-61.011328,14.601904],[-61.21333,14.848584],[-61.0271,14.826172],[-60.869971,14.613721],[-60.82627,14.494482]]]}},{"type":"Feature","properties":{"scalerank":0,"featurecla":"Land","min_zoom":1},"bbox":[-61.906104,10.064648,-60.917627,10.840234],"geometry":{"type":"Polygon","coordinates":[[[-61.012109,10.134326],[-61.906104,10.069141],[-61.499316,10.268555],[-61.478271,10.603369],[-61.651172,10.718066],[-60.917627,10.840234],[-61.03374,10.669873],[-61.004102,10.167822],[-61.012109,10.134326]]]}},{"type":"Feature","properties":{"scalerank":0,"featurecla":"Land","min_zoom":3},"bbox":[-68.371094,12.03208,-68.205811,12.301953],"geometry":{"type":"Polygon","coordinates":[[[-68.205811,12.14458],[-68.254346,12.03208],[-68.369238,12.301953],[-68.219482,12.23125],[-68.205811,12.14458]]]}},{"type":"Feature","properties":{"scalerank":0,"featurecla":"Land","min_zoom":3},"bbox":[-60.810645,11.168604,-60.525488,11.325391],"geometry":{"type":"Polygon","coordinates":[[[-60.756299,11.178516],[-60.810645,11.168604],[-60.804297,11.208398],[-60.708936,11.277246],[-60.562793,11.323535],[-60.525488,11.325391],[-60.546484,11.263721],[-60.756299,11.178516]]]}},{"type":"Feature","properties":{"scalerank":0,"featurecla":"Land","min_zoom":4},"bbox":[-62.223047,16.681201,-62.148438,16.80957],"geometry":{"type":"Polygon","coordinates":[[[-62.148438,16.740332],[-62.154248,16.681201],[-62.221631,16.699512],[-62.223047,16.751562],[-62.191357,16.804395],[-62.175781,16.80957],[-62.148438,16.740332]]]}},{"type":"Feature","properties":{"scalerank":0,"featurecla":"Land","min_zoom":3},"bbox":[-59.64668,13.062207,-59.427637,13.317676],"geometry":{"type":"Polygon","coordinates":[[[-59.493311,13.081982],[-59.611328,13.1021],[-59.64668,13.303125],[-59.427637,13.152783],[-59.493311,13.081982]]]}},{"type":"Feature","properties":{"scalerank":0,"featurecla":"Land","min_zoom":2},"bbox":[-64.402344,10.881201,-63.817285,11.167236],"geometry":{"type":"Polygon","coordinates":[[[-63.849365,11.131006],[-63.917627,10.887549],[-64.402344,10.981592],[-64.213672,11.086133],[-64.02832,11.001855],[-63.893115,11.167236],[-63.849365,11.131006]]]}},{"type":"Feature","properties":{"scalerank":0,"featurecla":"Land","min_zoom":4},"bbox":[-63.16001,18.171387,-62.97959,18.269727],"geometry":{"type":"Polygon","coordinates":[[[-63.001221,18.221777],[-63.16001,18.171387],[-63.15332,18.200293],[-63.026025,18.269727],[-62.97959,18.264795],[-63.001221,18.221777]]]}},{"type":"Feature","properties":{"scalerank":0,"featurecla":"Land","min_zoom":3},"bbox":[-61.78208,12.008203,-61.606787,12.237305],"geometry":{"type":"Polygon","coordinates":[[[-61.71543,12.012646],[-61.660449,12.237305],[-61.6271,12.054199],[-61.71543,12.012646]]]}},{"type":"Feature","properties":{"scalerank":0,"featurecla":"Land","min_zoom":3},"bbox":[-61.86875,17.548682,-61.747119,17.714062],"geometry":{"type":"Polygon","coordinates":[[[-61.747119,17.574951],[-61.866162,17.704297],[-61.749609,17.661328],[-61.747119,17.574951]]]}},{"type":"Feature","properties":{"scalerank":0,"featurecla":"Land","min_zoom":3},"bbox":[-61.318408,15.886035,-61.203418,16.006299],"geometry":{"type":"Polygon","coordinates":[[[-61.230469,15.889941],[-61.318408,15.954883],[-61.203418,15.92124],[-61.230469,15.889941]]]}},{"type":"Feature","properties":{"scalerank":0,"featurecla":"Land","min_zoom":3},"bbox":[-61.887109,16.997168,-61.686035,17.168945],"geometry":{"type":"Polygon","coordinates":[[[-61.716064,17.037012],[-61.887109,17.098145],[-61.817285,17.168945],[-61.694971,17.048926],[-61.716064,17.037012]]]}},{"type":"Feature","properties":{"scalerank":0,"featurecla":"Land","min_zoom":2},"bbox":[-61.481152,15.227295,-61.251074,15.633105],"geometry":{"type":"Polygon","coordinates":[[[-61.281689,15.249023],[-61.375391,15.227295],[-61.458105,15.633105],[-61.251074,15.373145],[-61.281689,15.249023]]]}},{"type":"Feature","properties":{"scalerank":0,"featurecla":"Land","min_zoom":2},"bbox":[-61.53999,16.219287,-61.172607,16.506641],"geometry":{"type":"Polygon","coordinates":[[[-61.327148,16.23042],[-61.522168,16.228027],[-61.471191,16.506641],[-61.172607,16.256104],[-61.327148,16.23042]]]}},{"type":"Feature","properties":{"scalerank":0,"featurecla":"Land","min_zoom":2},"bbox":[-61.794092,15.962061,-61.552344,16.355273],"geometry":{"type":"Polygon","coordinates":[[[-61.589551,16.006934],[-61.759424,16.062061],[-61.748047,16.355273],[-61.552344,16.270898],[-61.563867,16.047754],[-61.589551,16.006934]]]}},{"type":"Feature","properties":{"scalerank":0,"featurecla":"Land","min_zoom":3},"bbox":[-61.277295,13.142285,-61.124023,13.35874],"geometry":{"type":"Polygon","coordinates":[[[-61.174512,13.158105],[-61.277295,13.20957],[-61.182129,13.355957],[-61.134521,13.202881],[-61.174512,13.158105]]]}},{"type":"Feature","properties":{"scalerank":0,"featurecla":"Land","min_zoom":3},"bbox":[-73.161914,22.290625,-72.747266,22.455322],"geometry":{"type":"Polygon","coordinates":[[[-73.041016,22.429053],[-72.747266,22.327393],[-73.161914,22.380713],[-73.127393,22.455322],[-73.041016,22.429053]]]}},{"type":"Feature","properties":{"scalerank":0,"featurecla":"Land","min_zoom":3},"bbox":[-69.158887,12.045459,-68.751074,12.380273],"geometry":{"type":"Polygon","coordinates":[[[-68.751074,12.059766],[-68.995117,12.141846],[-69.158887,12.380273],[-68.827393,12.158545],[-68.751074,12.059766]]]}},{"type":"Feature","properties":{"scalerank":0,"featurecla":"Land","min_zoom":3},"bbox":[-71.847656,21.751709,-71.636914,21.8521],"geometry":{"type":"Polygon","coordinates":[[[-71.661426,21.765234],[-71.847656,21.843457],[-71.636914,21.787549],[-71.661426,21.765234]]]}},{"type":"Feature","properties":{"scalerank":0,"featurecla":"Land","min_zoom":4},"bbox":[-73.062695,21.457617,-72.916113,21.561621],"geometry":{"type":"Polygon","coordinates":[[[-72.916113,21.506689],[-73.049316,21.457617],[-73.062695,21.515332],[-72.994775,21.561621],[-72.916113,21.506689]]]}},{"type":"Feature","properties":{"scalerank":0,"featurecla":"Land","min_zoom":4},"bbox":[-72.019043,21.829883,-71.879932,21.951904],"geometry":{"type":"Polygon","coordinates":[[[-71.879932,21.84043],[-72.010645,21.950439],[-71.899609,21.8625],[-71.879932,21.84043]]]}},{"type":"Feature","properties":{"scalerank":0,"featurecla":"Land","min_zoom":3},"bbox":[-72.342383,21.755225,-72.144336,21.851367],"geometry":{"type":"Polygon","coordinates":[[[-72.332812,21.851367],[-72.144336,21.792725],[-72.342383,21.795312],[-72.332812,21.851367]]]}},{"type":"Feature","properties":{"scalerank":0,"featurecla":"Land","min_zoom":3},"bbox":[-161.131494,58.561035,-160.715137,58.795215],"geometry":{"type":"Polygon","coordinates":[[[-160.918994,58.5771],[-161.131494,58.668213],[-160.715137,58.795215],[-160.918994,58.5771]]]}},{"type":"Feature","properties":{"scalerank":0,"featurecla":"Land","min_zoom":1},"bbox":[-153.374609,57.000439,-152.907764,57.185059],"geometry":{"type":"Polygon","coordinates":[[[-153.00708,57.124854],[-153.374609,57.051904],[-153.285205,57.185059],[-152.933447,57.129248],[-153.00708,57.124854]]]}},{"type":"Feature","properties":{"scalerank":0,"featurecla":"Land","min_zoom":4},"bbox":[-152.069043,60.358057,-151.887305,60.50376],"geometry":{"type":"Polygon","coordinates":[[[-152.020752,60.361719],[-151.899414,60.490381],[-151.986914,60.373975],[-152.020752,60.361719]]]}},{"type":"Feature","properties":{"scalerank":0,"featurecla":"Land","min_zoom":3},"bbox":[-152.636621,58.478613,-152.356836,58.619385],"geometry":{"type":"Polygon","coordinates":[[[-152.486084,58.48501],[-152.636621,58.541699],[-152.392822,58.540869],[-152.486084,58.48501]]]}},{"type":"Feature","properties":{"scalerank":0,"featurecla":"Land","min_zoom":1},"bbox":[-153.520068,57.822363,-153.240625,57.971045],"geometry":{"type":"Polygon","coordinates":[[[-153.240625,57.850098],[-153.520068,57.955762],[-153.290039,57.8979],[-153.240625,57.850098]]]}},{"type":"Feature","properties":{"scalerank":0,"featurecla":"Land","min_zoom":3},"bbox":[-155.737354,55.789551,-155.563916,55.924316],"geometry":{"type":"Polygon","coordinates":[[[-155.566016,55.821191],[-155.737354,55.829785],[-155.563916,55.88667],[-155.566016,55.821191]]]}},{"type":"Feature","properties":{"scalerank":0,"featurecla":"Land","min_zoom":3},"bbox":[-154.777148,56.412158,-154.444873,56.600537],"geometry":{"type":"Polygon","coordinates":[[[-154.682813,56.435791],[-154.777148,56.439893],[-154.463379,56.598193],[-154.511182,56.521436],[-154.682813,56.435791]]]}},{"type":"Feature","properties":{"scalerank":0,"featurecla":"Land","min_zoom":3},"bbox":[-154.332129,56.512695,-154.102246,56.60874],"geometry":{"type":"Polygon","coordinates":[[[-154.208643,56.514893],[-154.322217,56.570605],[-154.1104,56.60293],[-154.149805,56.52959],[-154.208643,56.514893]]]}},{"type":"Feature","properties":{"scalerank":0,"featurecla":"Land","min_zoom":3},"bbox":[-146.702881,60.268457,-146.102246,60.480566],"geometry":{"type":"Polygon","coordinates":[[[-146.393945,60.449658],[-146.102246,60.411182],[-146.595313,60.268457],[-146.702539,60.408545],[-146.560303,60.480566],[-146.393945,60.449658]]]}},{"type":"Feature","properties":{"scalerank":0,"featurecla":"Land","min_zoom":4},"bbox":[-145.284277,60.312646,-145.102441,60.401123],"geometry":{"type":"Polygon","coordinates":[[[-145.118506,60.337109],[-145.150488,60.312646],[-145.237646,60.321338],[-145.284277,60.336816],[-145.128125,60.401123],[-145.102441,60.388232],[-145.118506,60.337109]]]}},{"type":"Feature","properties":{"scalerank":0,"featurecla":"Land","min_zoom":3},"bbox":[-144.613574,59.812646,-144.235742,60.015186],"geometry":{"type":"Polygon","coordinates":[[[-144.565625,59.818408],[-144.235742,60.015186],[-144.403223,59.921094],[-144.565625,59.818408]]]}},{"type":"Feature","properties":{"scalerank":0,"featurecla":"Land","min_zoom":2},"bbox":[-147.872461,59.798828,-146.957861,60.363086],"geometry":{"type":"Polygon","coordinates":[[[-147.735889,59.813232],[-147.872461,59.828369],[-147.180859,60.358252],[-146.957861,60.288867],[-147.66875,59.831543],[-147.735889,59.813232]]]}},{"type":"Feature","properties":{"scalerank":0,"featurecla":"Land","min_zoom":3},"bbox":[-148.271875,60.034717,-147.914209,60.15166],"geometry":{"type":"Polygon","coordinates":[[[-148.021777,60.065332],[-148.07417,60.034717],[-148.271875,60.053271],[-148.230664,60.113525],[-148.07959,60.15166],[-147.914209,60.092334],[-148.021777,60.065332]]]}},{"type":"Feature","properties":{"scalerank":0,"featurecla":"Land","min_zoom":3},"bbox":[-147.891455,60.17793,-147.658252,60.491406],"geometry":{"type":"Polygon","coordinates":[[[-147.658252,60.450488],[-147.81582,60.185156],[-147.891455,60.299414],[-147.688574,60.491406],[-147.658252,60.450488]]]}},{"type":"Feature","properties":{"scalerank":0,"featurecla":"Land","min_zoom":4},"bbox":[-148.123779,60.81792,-147.930713,60.924121],"geometry":{"type":"Polygon","coordinates":[[[-147.930713,60.826172],[-148.123779,60.844336],[-147.943115,60.875391],[-147.930713,60.826172]]]}},{"type":"Feature","properties":{"scalerank":0,"featurecla":"Land","min_zoom":2},"bbox":[-133.453809,54.68418,-132.617236,55.325732],"geometry":{"type":"Polygon","coordinates":[[[-132.862256,54.894434],[-132.617236,54.892432],[-132.705811,54.68418],[-133.453809,55.260352],[-133.296582,55.325732],[-132.945996,55.002588],[-132.862256,54.894434]]]}},{"type":"Feature","properties":{"scalerank":0,"featurecla":"Land","min_zoom":2},"bbox":[-134.390625,56.076953,-133.738379,56.932324],"geometry":{"type":"Polygon","coordinates":[[[-133.9896,56.844971],[-133.738379,56.650439],[-133.855273,56.582178],[-133.949707,56.127734],[-134.1896,56.076953],[-134.195459,56.413525],[-134.084375,56.456348],[-134.290234,56.580029],[-134.373682,56.838672],[-134.000586,56.869189],[-133.9896,56.844971]]]}},{"type":"Feature","properties":{"scalerank":0,"featurecla":"Land","min_zoom":3},"bbox":[-133.737109,55.269287,-133.281689,55.559082],"geometry":{"type":"Polygon","coordinates":[[[-133.305078,55.54375],[-133.650195,55.269287],[-133.737109,55.496924],[-133.345557,55.559082],[-133.305078,55.54375]]]}},{"type":"Feature","properties":{"scalerank":0,"featurecla":"Land","min_zoom":3},"bbox":[-131.595117,54.887744,-131.232031,55.264111],"geometry":{"type":"Polygon","coordinates":[[[-131.339746,55.079834],[-131.232031,54.90376],[-131.592236,55.025684],[-131.56543,55.264111],[-131.404639,55.21333],[-131.339746,55.079834]]]}},{"type":"Feature","properties":{"scalerank":0,"featurecla":"Land","min_zoom":3},"bbox":[-132.948047,56.511035,-132.567969,56.794775],"geometry":{"type":"Polygon","coordinates":[[[-132.746875,56.525684],[-132.948047,56.567236],[-132.842529,56.794775],[-132.567969,56.57583],[-132.714453,56.542529],[-132.746875,56.525684]]]}},{"type":"Feature","properties":{"scalerank":0,"featurecla":"Land","min_zoom":0},"bbox":[-132.699023,55.929395,-132.066895,56.498779],"geometry":{"type":"Polygon","coordinates":[[[-132.112354,56.109375],[-132.132959,55.943262],[-132.368604,55.939746],[-132.699023,56.198193],[-132.379834,56.498779],[-132.066895,56.244238],[-132.112354,56.109375]]]}},{"type":"Feature","properties":{"scalerank":0,"featurecla":"Land","min_zoom":3},"bbox":[-133.037646,56.244141,-132.629102,56.45376],"geometry":{"type":"Polygon","coordinates":[[[-132.779883,56.247266],[-133.037646,56.364844],[-132.706055,56.448486],[-132.669385,56.287305],[-132.779883,56.247266]]]}},{"type":"Feature","properties":{"scalerank":0,"featurecla":"Land","min_zoom":3},"bbox":[-134.661572,58.204102,-134.312744,58.33252],"geometry":{"type":"Polygon","coordinates":[[[-134.312744,58.228906],[-134.661572,58.290918],[-134.398877,58.287207],[-134.312744,58.228906]]]}},{"type":"Feature","properties":{"scalerank":0,"featurecla":"Land","min_zoom":3},"bbox":[-129.267773,52.464258,-128.936865,52.81123],"geometry":{"type":"Polygon","coordinates":[[[-128.936865,52.51001],[-129.263525,52.800781],[-128.940332,52.600732],[-128.936865,52.51001]]]}},{"type":"Feature","properties":{"scalerank":0,"featurecla":"Land","min_zoom":3},"bbox":[-130.959033,54.477783,-130.753418,54.631787],"geometry":{"type":"Polygon","coordinates":[[[-130.927148,54.479053],[-130.906836,54.631787],[-130.758008,54.61377],[-130.805127,54.543799],[-130.927148,54.479053]]]}},{"type":"Feature","properties":{"scalerank":0,"featurecla":"Land","min_zoom":3},"bbox":[-131.117334,51.959717,-131.010645,52.150635],"geometry":{"type":"Polygon","coordinates":[[[-131.029297,51.961621],[-131.117334,52.101025],[-131.010645,52.095264],[-131.029297,51.961621]]]}},{"type":"Feature","properties":{"scalerank":0,"featurecla":"Land","min_zoom":3},"bbox":[-130.707275,53.843945,-130.236279,54.089014],"geometry":{"type":"Polygon","coordinates":[[[-130.236279,53.958545],[-130.384229,53.843945],[-130.703174,53.892236],[-130.494629,54.07417],[-130.298486,54.035645],[-130.236279,53.958545]]]}},{"type":"Feature","properties":{"scalerank":0,"featurecla":"Land","min_zoom":2},"bbox":[-130.517578,53.164502,-129.754834,53.631152],"geometry":{"type":"Polygon","coordinates":[[[-129.848584,53.16792],[-130.517578,53.544238],[-130.452002,53.631152],[-130.0354,53.481104],[-129.768945,53.217285],[-129.848584,53.16792]]]}},{"type":"Feature","properties":{"scalerank":0,"featurecla":"Land","min_zoom":3},"bbox":[-128.148779,51.457178,-127.916309,51.708398],"geometry":{"type":"Polygon","coordinates":[[[-127.924658,51.473877],[-128.142383,51.646582],[-127.998682,51.703809],[-127.916309,51.506201],[-127.924658,51.473877]]]}},{"type":"Feature","properties":{"scalerank":0,"featurecla":"Land","min_zoom":3},"bbox":[-128.44541,52.3875,-128.247266,52.784375],"geometry":{"type":"Polygon","coordinates":[[[-128.36875,52.400879],[-128.439795,52.696387],[-128.247266,52.784375],[-128.343555,52.426074],[-128.36875,52.400879]]]}},{"type":"Feature","properties":{"scalerank":0,"featurecla":"Land","min_zoom":3},"bbox":[-129.514746,52.984229,-129.313721,53.18833],"geometry":{"type":"Polygon","coordinates":[[[-129.313721,52.992188],[-129.514746,53.179395],[-129.343506,53.052783],[-129.313721,52.992188]]]}},{"type":"Feature","properties":{"scalerank":0,"featurecla":"Land","min_zoom":3},"bbox":[-129.33125,53.110742,-129.167725,53.330078],"geometry":{"type":"Polygon","coordinates":[[[-129.167725,53.117871],[-129.33125,53.173975],[-129.238184,53.330078],[-129.177002,53.259131],[-129.167725,53.117871]]]}},{"type":"Feature","properties":{"scalerank":0,"featurecla":"Land","min_zoom":3},"bbox":[-139.291406,69.539307,-138.878857,69.649609],"geometry":{"type":"Polygon","coordinates":[[[-139.043115,69.576904],[-139.291406,69.597852],[-138.878857,69.589697],[-139.043115,69.576904]]]}},{"type":"Feature","properties":{"scalerank":0,"featurecla":"Land","min_zoom":3},"bbox":[-61.069189,8.847021,-60.84917,9.070312],"geometry":{"type":"Polygon","coordinates":[[[-60.9979,8.867334],[-61.069189,8.947314],[-60.91582,9.070312],[-60.916406,8.899268],[-60.9979,8.867334]]]}},{"type":"Feature","properties":{"scalerank":0,"featurecla":"Land","min_zoom":2},"bbox":[-80.272949,-3.011719,-79.909033,-2.668848],"geometry":{"type":"Polygon","coordinates":[[[-80.131592,-2.973145],[-80.272949,-2.995898],[-80.223682,-2.753125],[-79.909033,-2.725586],[-80.093408,-2.845898],[-80.131592,-2.973145]]]}},{"type":"Feature","properties":{"scalerank":0,"featurecla":"Land","min_zoom":0},"bbox":[-51.938379,-1.452637,-51.160742,-0.541406],"geometry":{"type":"Polygon","coordinates":[[[-51.83252,-1.433789],[-51.938379,-1.452637],[-51.546045,-0.649609],[-51.254004,-0.541406],[-51.160742,-0.666699],[-51.276318,-1.021777],[-51.637695,-1.341895],[-51.83252,-1.433789]]]}},{"type":"Feature","properties":{"scalerank":0,"featurecla":"Land","min_zoom":4},"bbox":[-79.127539,8.209814,-79.06543,8.295801],"geometry":{"type":"Polygon","coordinates":[[[-79.06543,8.254199],[-79.110352,8.209814],[-79.127539,8.251855],[-79.096289,8.29541],[-79.085303,8.295801],[-79.06543,8.254199]]]}},{"type":"Feature","properties":{"scalerank":0,"featurecla":"Land","min_zoom":4},"bbox":[-78.991699,1.245361,-78.899805,1.359766],"geometry":{"type":"Polygon","coordinates":[[[-78.909229,1.252783],[-78.965625,1.245361],[-78.991699,1.293213],[-78.923242,1.348926],[-78.899805,1.359766],[-78.909229,1.252783]]]}},{"type":"Feature","properties":{"scalerank":0,"featurecla":"Land","min_zoom":4},"bbox":[-78.210107,2.519678,-78.113721,2.646338],"geometry":{"type":"Polygon","coordinates":[[[-78.113721,2.541748],[-78.210107,2.60918],[-78.119141,2.603613],[-78.113721,2.541748]]]}},{"type":"Feature","properties":{"scalerank":0,"featurecla":"Land","min_zoom":3},"bbox":[-60.941406,9.105566,-60.73584,9.218359],"geometry":{"type":"Polygon","coordinates":[[[-60.821191,9.138379],[-60.941406,9.105566],[-60.790381,9.177197],[-60.821191,9.138379]]]}},{"type":"Feature","properties":{"scalerank":0,"featurecla":"Land","min_zoom":3},"bbox":[-44.597754,-3.037598,-44.481445,-2.717578],"geometry":{"type":"Polygon","coordinates":[[[-44.499316,-2.939648],[-44.597754,-3.037598],[-44.481445,-2.717578],[-44.482568,-2.811914],[-44.499316,-2.939648]]]}},{"type":"Feature","properties":{"scalerank":0,"featurecla":"Land","min_zoom":3},"bbox":[-38.786963,-13.118652,-38.600293,-12.880176],"geometry":{"type":"Polygon","coordinates":[[[-38.743848,-13.09707],[-38.668115,-12.880176],[-38.601172,-12.992578],[-38.743848,-13.09707]]]}},{"type":"Feature","properties":{"scalerank":0,"featurecla":"Land","min_zoom":3},"bbox":[-39.022168,-13.532324,-38.903564,-13.398438],"geometry":{"type":"Polygon","coordinates":[[[-38.903564,-13.473438],[-39.022168,-13.445605],[-38.907129,-13.401074],[-38.903564,-13.473438]]]}},{"type":"Feature","properties":{"scalerank":0,"featurecla":"Land","min_zoom":3},"bbox":[-45.02085,-1.39082,-44.883105,-1.267285],"geometry":{"type":"Polygon","coordinates":[[[-44.883105,-1.317871],[-45.02085,-1.372363],[-44.888281,-1.276855],[-44.883105,-1.317871]]]}},{"type":"Feature","properties":{"scalerank":0,"featurecla":"Land","min_zoom":2},"bbox":[-50.345117,-0.029297,-49.697266,0.304541],"geometry":{"type":"Polygon","coordinates":[[[-49.738232,0.268164],[-49.91709,-0.023193],[-50.339453,0.043359],[-50.272656,0.231738],[-49.879004,0.304541],[-49.738232,0.268164]]]}},{"type":"Feature","properties":{"scalerank":0,"featurecla":"Land","min_zoom":3},"bbox":[-50.508984,1.892871,-50.29209,2.161475],"geometry":{"type":"Polygon","coordinates":[[[-50.298975,1.938525],[-50.456104,1.910498],[-50.491016,2.128613],[-50.341992,2.141748],[-50.29209,1.97959],[-50.298975,1.938525]]]}},{"type":"Feature","properties":{"scalerank":0,"featurecla":"Land","min_zoom":2},"bbox":[-51.038086,-0.327344,-50.650586,-0.040869],"geometry":{"type":"Polygon","coordinates":[[[-50.652881,-0.131641],[-50.926367,-0.327344],[-51.038086,-0.225879],[-50.842187,-0.050195],[-50.650586,-0.105859],[-50.652881,-0.131641]]]}},{"type":"Feature","properties":{"scalerank":0,"featurecla":"Land","min_zoom":2},"bbox":[-49.830078,-0.14375,-49.372314,0.083691],"geometry":{"type":"Polygon","coordinates":[[[-49.443896,-0.112402],[-49.830078,-0.093896],[-49.503467,0.083691],[-49.380859,-0.055469],[-49.443896,-0.112402]]]}},{"type":"Feature","properties":{"scalerank":0,"featurecla":"Land","min_zoom":2},"bbox":[-50.623926,-0.007666,-50.332275,0.590869],"geometry":{"type":"Polygon","coordinates":[[[-50.426123,0.139258],[-50.443945,-0.007666],[-50.623926,0.054395],[-50.372754,0.590869],[-50.332275,0.259033],[-50.426123,0.139258]]]}},{"type":"Feature","properties":{"scalerank":0,"featurecla":"Land","min_zoom":3},"bbox":[-50.281689,0.35918,-50.036816,0.638037],"geometry":{"type":"Polygon","coordinates":[[[-50.15293,0.393018],[-50.281543,0.39082],[-50.251172,0.585449],[-50.058838,0.638037],[-50.040039,0.522803],[-50.15293,0.393018]]]}},{"type":"Feature","properties":{"scalerank":0,"featurecla":"Land","min_zoom":2},"bbox":[-90.542139,-0.77334,-90.185303,-0.484668],"geometry":{"type":"Polygon","coordinates":[[[-90.334863,-0.771582],[-90.542139,-0.676465],[-90.469727,-0.517383],[-90.185303,-0.544824],[-90.31543,-0.757227],[-90.334863,-0.771582]]]}},{"type":"Feature","properties":{"scalerank":0,"featurecla":"Land","min_zoom":3},"bbox":[-89.608594,-0.952344,-89.259375,-0.680078],"geometry":{"type":"Polygon","coordinates":[[[-89.418896,-0.911035],[-89.608594,-0.888574],[-89.287842,-0.689844],[-89.35835,-0.826074],[-89.418896,-0.911035]]]}},{"type":"Feature","properties":{"scalerank":0,"featurecla":"Land","min_zoom":3},"bbox":[-81.858594,7.327539,-81.603271,7.621631],"geometry":{"type":"Polygon","coordinates":[[[-81.603271,7.332812],[-81.852051,7.45332],[-81.812158,7.592383],[-81.72876,7.621191],[-81.613428,7.380176],[-81.603271,7.332812]]]}},{"type":"Feature","properties":{"scalerank":0,"featurecla":"Land","min_zoom":3},"bbox":[-91.65415,-0.478223,-91.399365,-0.255664],"geometry":{"type":"Polygon","coordinates":[[[-91.425977,-0.46084],[-91.610742,-0.443945],[-91.64668,-0.284473],[-91.460156,-0.255664],[-91.399951,-0.420898],[-91.425977,-0.46084]]]}},{"type":"Feature","properties":{"scalerank":0,"featurecla":"Land","min_zoom":3},"bbox":[-90.519531,-1.341992,-90.37915,-1.220996],"geometry":{"type":"Polygon","coordinates":[[[-90.423926,-1.339941],[-90.477197,-1.220996],[-90.37915,-1.292285],[-90.423926,-1.339941]]]}},{"type":"Feature","properties":{"scalerank":0,"featurecla":"Land","min_zoom":2},"bbox":[-91.596826,-1.019629,-90.799658,0.12583],"geometry":{"type":"Polygon","coordinates":[[[-91.272168,0.025146],[-90.799658,-0.752051],[-90.905518,-0.940527],[-91.131055,-1.019629],[-91.419043,-0.99668],[-91.49541,-0.860938],[-91.120947,-0.559082],[-91.428857,-0.023389],[-91.596826,0.0021],[-91.305762,0.091406],[-91.272168,0.025146]]]}},{"type":"Feature","properties":{"scalerank":0,"featurecla":"Land","min_zoom":3},"bbox":[-90.867773,-0.364258,-90.55332,-0.160449],"geometry":{"type":"Polygon","coordinates":[[[-90.573926,-0.333984],[-90.867773,-0.271387],[-90.780371,-0.160449],[-90.55332,-0.278418],[-90.573926,-0.333984]]]}},{"type":"Feature","properties":{"scalerank":0,"featurecla":"Land","min_zoom":3},"bbox":[-109.434131,-27.171289,-109.222852,-27.068359],"geometry":{"type":"Polygon","coordinates":[[[-109.27998,-27.14043],[-109.434131,-27.171289],[-109.42915,-27.116211],[-109.390479,-27.068359],[-109.276465,-27.095898],[-109.222852,-27.101074],[-109.27998,-27.14043]]]}},{"type":"Feature","properties":{"scalerank":0,"featurecla":"Land","min_zoom":3},"bbox":[-106.639355,21.528516,-106.502246,21.712158],"geometry":{"type":"Polygon","coordinates":[[[-106.502246,21.61084],[-106.607031,21.561475],[-106.639355,21.697852],[-106.523828,21.652344],[-106.502246,21.61084]]]}},{"type":"Feature","properties":{"scalerank":0,"featurecla":"Land","min_zoom":3},"bbox":[-111.063672,18.720361,-110.914453,18.863135],"geometry":{"type":"Polygon","coordinates":[[[-110.914453,18.741455],[-110.974805,18.720361],[-111.063672,18.781641],[-111.039941,18.830127],[-110.989404,18.863135],[-110.94209,18.801709],[-110.914453,18.741455]]]}},{"type":"Feature","properties":{"scalerank":0,"featurecla":"Land","min_zoom":3},"bbox":[-110.703418,24.891553,-110.538867,25.087842],"geometry":{"type":"Polygon","coordinates":[[[-110.567383,25.003467],[-110.538867,24.891553],[-110.699268,25.081445],[-110.595215,25.042139],[-110.567383,25.003467]]]}},{"type":"Feature","properties":{"scalerank":0,"featurecla":"Land","min_zoom":3},"bbox":[-109.900488,24.147559,-109.793799,24.344824],"geometry":{"type":"Polygon","coordinates":[[[-109.805078,24.151074],[-109.890332,24.344824],[-109.795605,24.163574],[-109.805078,24.151074]]]}},{"type":"Feature","properties":{"scalerank":0,"featurecla":"Land","min_zoom":2},"bbox":[-113.594385,29.034766,-113.155615,29.573047],"geometry":{"type":"Polygon","coordinates":[[[-113.155615,29.052246],[-113.496338,29.307617],[-113.587207,29.573047],[-113.202148,29.301855],[-113.17793,29.131934],[-113.155615,29.052246]]]}},{"type":"Feature","properties":{"scalerank":0,"featurecla":"Land","min_zoom":4},"bbox":[-114.789209,31.701367,-114.687939,31.794092],"geometry":{"type":"Polygon","coordinates":[[[-114.694141,31.705615],[-114.78457,31.789795],[-114.687939,31.724219],[-114.694141,31.705615]]]}},{"type":"Feature","properties":{"scalerank":0,"featurecla":"Land","min_zoom":3},"bbox":[-115.35293,28.037256,-115.148535,28.368359],"geometry":{"type":"Polygon","coordinates":[[[-115.170605,28.069385],[-115.35293,28.103955],[-115.233545,28.368359],[-115.148535,28.172119],[-115.170605,28.069385]]]}},{"type":"Feature","properties":{"scalerank":0,"featurecla":"Land","min_zoom":3},"bbox":[-112.013281,24.346387,-111.698877,24.551123],"geometry":{"type":"Polygon","coordinates":[[[-111.698877,24.393604],[-111.712305,24.346387],[-112.013281,24.533398],[-111.940869,24.551123],[-111.856836,24.537988],[-111.698877,24.393604]]]}},{"type":"Feature","properties":{"scalerank":0,"featurecla":"Land","min_zoom":3},"bbox":[-111.224658,25.835889,-111.087744,26.075684],"geometry":{"type":"Polygon","coordinates":[[[-111.100293,26.020605],[-111.224658,25.835889],[-111.090869,26.075684],[-111.100293,26.020605]]]}},{"type":"Feature","properties":{"scalerank":0,"featurecla":"Land","min_zoom":1},"bbox":[-112.531006,28.769336,-112.203076,29.24043],"geometry":{"type":"Polygon","coordinates":[[[-112.203076,29.005322],[-112.278418,28.769336],[-112.514062,28.847607],[-112.469824,29.167725],[-112.285059,29.24043],[-112.24873,29.125977],[-112.203076,29.005322]]]}},{"type":"Feature","properties":{"scalerank":0,"featurecla":"Land","min_zoom":3},"bbox":[-112.296777,24.53457,-112.057275,25.285645],"geometry":{"type":"Polygon","coordinates":[[[-112.057275,24.545703],[-112.296777,24.789648],[-112.159424,25.285645],[-112.19502,24.841064],[-112.06748,24.583643],[-112.057275,24.545703]]]}},{"type":"Feature","properties":{"scalerank":0,"featurecla":"Land","min_zoom":4},"bbox":[166.892676,-45.299805,167.022656,-45.179688],"geometry":{"type":"Polygon","coordinates":[[[166.979492,-45.179688],[167.022656,-45.299805],[166.931152,-45.276855],[166.892676,-45.240527],[166.962695,-45.180371],[166.979492,-45.179688]]]}},{"type":"Feature","properties":{"scalerank":0,"featurecla":"Land","min_zoom":4},"bbox":[124.288477,10.601465,124.382324,10.706689],"geometry":{"type":"Polygon","coordinates":[[[124.316211,10.606006],[124.288477,10.601465],[124.334668,10.706689],[124.371094,10.691357],[124.382324,10.679834],[124.381348,10.632568],[124.316211,10.606006]]]}},{"type":"Feature","properties":{"scalerank":0,"featurecla":"Land","min_zoom":3},"bbox":[125.133008,9.932715,125.287695,10.155029],"geometry":{"type":"Polygon","coordinates":[[[125.280762,9.982178],[125.287695,9.932715],[125.158984,10.062939],[125.133008,10.155029],[125.175879,10.151074],[125.230957,10.115674],[125.280762,9.982178]]]}},{"type":"Feature","properties":{"scalerank":0,"featurecla":"Land","min_zoom":3},"bbox":[122.796582,7.3146,122.948047,7.433398],"geometry":{"type":"Polygon","coordinates":[[[122.937109,7.409131],[122.804688,7.315967],[122.914844,7.433398],[122.937109,7.409131]]]}},{"type":"Feature","properties":{"scalerank":0,"featurecla":"Land","min_zoom":3},"bbox":[125.683008,6.905762,125.78457,7.185547],"geometry":{"type":"Polygon","coordinates":[[[125.78457,6.962744],[125.768945,6.905762],[125.70752,7.03999],[125.683008,7.073193],[125.714453,7.185547],[125.783398,7.130664],[125.78457,6.962744]]]}},{"type":"Feature","properties":{"scalerank":0,"featurecla":"Land","min_zoom":4},"bbox":[125.92207,9.567969,125.992969,9.759082],"geometry":{"type":"Polygon","coordinates":[[[125.970508,9.593555],[125.952441,9.567969],[125.92207,9.621484],[125.948535,9.739209],[125.967773,9.759082],[125.992969,9.68457],[125.970508,9.593555]]]}},{"type":"Feature","properties":{"scalerank":0,"featurecla":"Land","min_zoom":3},"bbox":[124.360352,11.48584,124.622266,11.69502],"geometry":{"type":"Polygon","coordinates":[[[124.608398,11.492188],[124.360352,11.665918],[124.510938,11.687109],[124.622266,11.549561],[124.608398,11.492188]]]}},{"type":"Feature","properties":{"scalerank":0,"featurecla":"Land","min_zoom":3},"bbox":[124.730859,11.543311,124.854395,11.715332],"geometry":{"type":"Polygon","coordinates":[[[124.854395,11.594775],[124.730859,11.715332],[124.821484,11.626611],[124.854395,11.594775]]]}},{"type":"Feature","properties":{"scalerank":0,"featurecla":"Land","min_zoom":4},"bbox":[134.795117,-6.442383,134.88584,-6.323535],"geometry":{"type":"Polygon","coordinates":[[[134.819531,-6.43418],[134.795117,-6.442383],[134.795313,-6.393066],[134.822949,-6.349609],[134.851855,-6.324609],[134.88584,-6.323535],[134.819531,-6.43418]]]}},{"type":"Feature","properties":{"scalerank":0,"featurecla":"Land","min_zoom":4},"bbox":[134.629102,-6.765332,134.735742,-6.62334],"geometry":{"type":"Polygon","coordinates":[[[134.674414,-6.749805],[134.657422,-6.765332],[134.631445,-6.73291],[134.629102,-6.712793],[134.663477,-6.657715],[134.697656,-6.625684],[134.735742,-6.62334],[134.726074,-6.668652],[134.674414,-6.749805]]]}},{"type":"Feature","properties":{"scalerank":0,"featurecla":"Land","min_zoom":4},"bbox":[127.834277,-3.02002,127.987891,-2.936523],"geometry":{"type":"Polygon","coordinates":[[[127.987891,-2.936523],[127.937695,-3.02002],[127.849609,-3.016309],[127.834277,-3.004395],[127.938379,-2.952344],[127.987891,-2.936523]]]}},{"type":"Feature","properties":{"scalerank":0,"featurecla":"Land","min_zoom":4},"bbox":[127.487695,-3.35918,127.629297,-3.254297],"geometry":{"type":"Polygon","coordinates":[[[127.60625,-3.315137],[127.629297,-3.35918],[127.531055,-3.331348],[127.487695,-3.288184],[127.530469,-3.261523],[127.554492,-3.254297],[127.60625,-3.315137]]]}},{"type":"Feature","properties":{"scalerank":0,"featurecla":"Land","min_zoom":4},"bbox":[123.972266,-6.021582,124.05127,-5.880176],"geometry":{"type":"Polygon","coordinates":[[[124.05127,-5.97373],[124.04209,-6.021582],[124.005664,-5.966699],[123.972266,-5.939355],[123.975781,-5.880176],[124.022949,-5.902148],[124.05127,-5.97373]]]}},{"type":"Feature","properties":{"scalerank":0,"featurecla":"Land","min_zoom":4},"bbox":[123.540918,-5.373047,123.626758,-5.249805],"geometry":{"type":"Polygon","coordinates":[[[123.626758,-5.271582],[123.582617,-5.367383],[123.560645,-5.249805],[123.626758,-5.271582]]]}},{"type":"Feature","properties":{"scalerank":0,"featurecla":"Land","min_zoom":3},"bbox":[120.633398,-7.124707,120.781738,-7.018262],"geometry":{"type":"Polygon","coordinates":[[[120.774414,-7.118945],[120.672363,-7.124707],[120.64082,-7.11582],[120.633398,-7.018262],[120.745508,-7.060156],[120.781738,-7.063086],[120.774414,-7.118945]]]}},{"type":"Feature","properties":{"scalerank":0,"featurecla":"Land","min_zoom":3},"bbox":[122.887793,-8.604004,123.153125,-8.439844],"geometry":{"type":"Polygon","coordinates":[[[122.977344,-8.545215],[122.887793,-8.587305],[123.010547,-8.44834],[123.153125,-8.475781],[123.030078,-8.494824],[122.977344,-8.545215]]]}},{"type":"Feature","properties":{"scalerank":0,"featurecla":"Land","min_zoom":3},"bbox":[117.482129,-8.367969,117.669238,-8.148242],"geometry":{"type":"Polygon","coordinates":[[[117.556348,-8.367285],[117.490527,-8.183398],[117.669238,-8.189258],[117.556348,-8.367285]]]}},{"type":"Feature","properties":{"scalerank":0,"featurecla":"Land","min_zoom":3},"bbox":[69.469336,66.489746,70.110059,66.751074],"geometry":{"type":"Polygon","coordinates":[[[70.020703,66.502197],[69.469336,66.715967],[70.07666,66.695898],[70.05918,66.517578],[70.020703,66.502197]]]}},{"type":"Feature","properties":{"scalerank":0,"featurecla":"Land","min_zoom":4},"bbox":[96.739355,76.188428,97.053027,76.355225],"geometry":{"type":"Polygon","coordinates":[[[96.853906,76.19917],[96.739355,76.206934],[96.835254,76.344824],[97.045313,76.315381],[96.974219,76.236523],[96.853906,76.19917]]]}},{"type":"Feature","properties":{"scalerank":0,"featurecla":"Land","min_zoom":4},"bbox":[99.91543,79.601611,100.300293,79.701025],"geometry":{"type":"Polygon","coordinates":[[[100.135938,79.614209],[99.91543,79.601611],[99.955762,79.690332],[100.300293,79.670264],[100.135938,79.614209]]]}},{"type":"Feature","properties":{"scalerank":0,"featurecla":"Land","min_zoom":2},"bbox":[161.082813,68.899658,161.617773,69.639453],"geometry":{"type":"Polygon","coordinates":[[[161.46709,68.900977],[161.136523,69.110254],[161.082813,69.405664],[161.505176,69.639453],[161.609277,69.500928],[161.350879,69.369336],[161.506738,68.927588],[161.46709,68.900977]]]}},{"type":"Feature","properties":{"scalerank":0,"featurecla":"Land","min_zoom":4},"bbox":[129.686816,31.639648,129.793652,31.787109],"geometry":{"type":"Polygon","coordinates":[[[129.717969,31.657129],[129.686816,31.639648],[129.706836,31.718262],[129.787305,31.787109],[129.793652,31.74248],[129.717969,31.657129]]]}},{"type":"Feature","properties":{"scalerank":0,"featurecla":"Land","min_zoom":3},"bbox":[126.318555,36.427881,126.417578,36.612549],"geometry":{"type":"Polygon","coordinates":[[[126.417578,36.492578],[126.403809,36.427881],[126.3375,36.470557],[126.318555,36.612549],[126.386621,36.571143],[126.417578,36.492578]]]}},{"type":"Feature","properties":{"scalerank":0,"featurecla":"Land","min_zoom":4},"bbox":[124.846094,39.507568,124.93457,39.607812],"geometry":{"type":"Polygon","coordinates":[[[124.905273,39.536279],[124.848926,39.507568],[124.846094,39.558887],[124.889551,39.6021],[124.93457,39.607812],[124.905273,39.536279]]]}},{"type":"Feature","properties":{"scalerank":0,"featurecla":"Land","min_zoom":3},"bbox":[121.131543,28.0625,121.251367,28.204395],"geometry":{"type":"Polygon","coordinates":[[[121.251367,28.086426],[121.131543,28.062598],[121.250977,28.145215],[121.251367,28.086426]]]}},{"type":"Feature","properties":{"scalerank":0,"featurecla":"Land","min_zoom":4},"bbox":[113.404395,22.75791,113.563672,22.904541],"geometry":{"type":"Polygon","coordinates":[[[113.555273,22.804199],[113.404395,22.902832],[113.520508,22.852051],[113.555273,22.804199]]]}},{"type":"Feature","properties":{"scalerank":0,"featurecla":"Land","min_zoom":3},"bbox":[112.712695,21.581836,112.862598,21.772266],"geometry":{"type":"Polygon","coordinates":[[[112.790234,21.601855],[112.712695,21.697949],[112.862598,21.752637],[112.800684,21.694873],[112.790234,21.601855]]]}},{"type":"Feature","properties":{"scalerank":0,"featurecla":"Land","min_zoom":4},"bbox":[112.525,21.618506,112.647656,21.710254],"geometry":{"type":"Polygon","coordinates":[[[112.64375,21.639648],[112.545605,21.618506],[112.525,21.623047],[112.558984,21.674756],[112.647656,21.710254],[112.64375,21.639648]]]}},{"type":"Feature","properties":{"scalerank":0,"featurecla":"Land","min_zoom":3},"bbox":[113.838867,22.210449,114.043945,22.333398],"geometry":{"type":"Polygon","coordinates":[[[113.997754,22.210498],[113.838867,22.241699],[114.00332,22.277539],[113.997754,22.210498]]]}},{"type":"Feature","properties":{"scalerank":0,"featurecla":"Land","min_zoom":4},"bbox":[107.07793,10.336572,107.194922,10.446191],"geometry":{"type":"Polygon","coordinates":[[[107.167676,10.397168],[107.083789,10.336572],[107.07793,10.3875],[107.150879,10.420312],[107.176562,10.446191],[107.194922,10.445703],[107.167676,10.397168]]]}},{"type":"Feature","properties":{"scalerank":0,"featurecla":"Land","min_zoom":4},"bbox":[103.222949,10.679688,103.317773,10.781982],"geometry":{"type":"Polygon","coordinates":[[[103.317773,10.718506],[103.28125,10.679688],[103.222949,10.75957],[103.223437,10.781982],[103.317773,10.718506]]]}},{"type":"Feature","properties":{"scalerank":0,"featurecla":"Land","min_zoom":4},"bbox":[8.400391,54.688184,8.587891,54.760303],"geometry":{"type":"Polygon","coordinates":[[[8.587891,54.712695],[8.400391,54.714111],[8.573438,54.74873],[8.587891,54.712695]]]}},{"type":"Feature","properties":{"scalerank":0,"featurecla":"Land","min_zoom":4},"bbox":[6.64209,53.579199,6.800879,53.625488],"geometry":{"type":"Polygon","coordinates":[[[6.734766,53.58252],[6.64209,53.579199],[6.668555,53.605664],[6.75459,53.625488],[6.800879,53.625488],[6.734766,53.58252]]]}},{"type":"Feature","properties":{"scalerank":0,"featurecla":"Land","min_zoom":0},"bbox":[-90.025195,61.868262,-61.299707,73.854785],"geometry":{"type":"Polygon","coordinates":[[[-86.589355,71.010791],[-85.643848,71.152441],[-85.094873,71.151953],[-84.82373,71.028613],[-84.699414,71.631445],[-85.339062,71.697266],[-85.911621,71.986523],[-85.321875,72.233154],[-84.28374,72.044482],[-84.841992,72.308154],[-84.623047,72.376563],[-85.341113,72.421533],[-85.649902,72.722168],[-85.262109,72.954004],[-84.256641,72.796729],[-85.454736,73.105469],[-84.416064,73.456494],[-83.781885,73.416895],[-83.904053,73.52832],[-83.410352,73.631689],[-81.605371,73.695996],[-81.344092,73.597754],[-81.151758,73.314014],[-80.603467,73.121191],[-80.591895,72.927686],[-80.277246,72.770166],[-81.229346,72.311719],[-80.611475,72.45083],[-80.941211,72.210156],[-80.691406,72.103467],[-80.921094,72.072314],[-80.925146,71.907666],[-80.181934,72.208789],[-79.884375,72.177197],[-80.108936,72.332178],[-79.831299,72.446289],[-79.000244,72.272021],[-79.007812,72.04292],[-78.585107,71.880615],[-78.862744,72.10083],[-78.699268,72.351416],[-77.516504,72.177783],[-78.287207,72.359814],[-78.484277,72.470605],[-78.422412,72.571533],[-77.753223,72.724756],[-76.893506,72.720654],[-75.704297,72.571533],[-75.071484,72.322852],[-75.052686,72.226367],[-75.922803,71.717236],[-75.147656,72.062988],[-74.266357,72.037695],[-74.315723,71.842676],[-75.204785,71.709131],[-74.700781,71.675586],[-74.996191,71.218115],[-74.488086,71.648389],[-73.866602,71.771045],[-73.713574,71.719873],[-74.197266,71.40415],[-73.712842,71.587598],[-73.180615,71.282861],[-73.278223,71.537988],[-72.901953,71.677783],[-71.640674,71.51626],[-71.186523,71.278711],[-72.632715,70.830762],[-71.742529,71.046875],[-70.672656,71.052197],[-70.639111,70.902441],[-70.761719,70.792236],[-71.890186,70.431543],[-71.275879,70.500293],[-71.429443,70.127783],[-70.979785,70.581055],[-70.084717,70.829541],[-68.495752,70.610254],[-68.358252,70.5229],[-68.482568,70.414844],[-70.057715,70.042627],[-68.778223,70.203564],[-69.008301,69.978955],[-68.744043,69.941406],[-68.230664,70.112207],[-68.327197,70.180176],[-68.120654,70.3146],[-67.855322,70.281787],[-67.363672,70.034424],[-67.192773,69.756836],[-68.02041,69.770068],[-69.250781,69.511914],[-68.513037,69.577295],[-67.360937,69.47251],[-66.67627,69.258447],[-66.802881,69.152734],[-67.938477,69.248145],[-69.040625,69.097998],[-68.415527,69.17207],[-67.751709,69.038672],[-67.883203,68.783984],[-69.319092,68.856982],[-68.2104,68.702979],[-67.938477,68.52417],[-66.713916,68.445703],[-67.032959,68.326074],[-66.830957,68.215625],[-66.923096,68.065723],[-66.729004,68.129004],[-66.662695,68.034424],[-66.630957,68.210645],[-66.212402,68.28042],[-66.274707,68.040771],[-66.526465,67.851172],[-65.942383,68.070947],[-65.974902,67.957422],[-65.864355,67.922852],[-65.509082,67.968262],[-65.540869,67.765625],[-65.40127,67.674854],[-65.415332,67.879248],[-64.976904,68.043408],[-64.835449,67.98999],[-65.021094,67.787549],[-64.637793,67.840234],[-63.850195,67.566064],[-64.07749,67.495605],[-64.007959,67.347314],[-64.699951,67.350537],[-64.589258,67.315527],[-63.83623,67.264111],[-63.591602,67.377539],[-63.040137,67.23501],[-63.701562,66.822363],[-62.962305,66.949268],[-62.379736,66.905371],[-62.123584,67.046729],[-61.299707,66.64873],[-61.527832,66.558105],[-62.12334,66.643066],[-61.576416,66.4125],[-61.862695,66.312842],[-62.553125,66.406836],[-62.405664,66.315918],[-62.533594,66.227002],[-61.991602,66.035303],[-62.624121,66.01626],[-62.381982,65.833301],[-62.658887,65.639941],[-63.168945,65.657324],[-63.45874,65.853027],[-63.420898,65.708594],[-63.651074,65.660986],[-63.337451,65.616748],[-63.363379,65.229736],[-63.606592,64.928076],[-63.895605,65.109277],[-64.345703,65.172412],[-64.269678,65.400781],[-64.555078,65.116602],[-65.401611,65.764014],[-64.445361,66.317139],[-65.004492,66.077734],[-65.825732,65.996924],[-65.857178,66.086426],[-65.656348,66.204736],[-66.063721,66.132715],[-66.986328,66.62749],[-67.076855,66.525488],[-67.307324,66.569727],[-67.225391,66.310254],[-67.883398,66.467432],[-67.183203,66.034424],[-67.350439,65.929736],[-67.828027,65.965186],[-68.459912,66.249268],[-68.748926,66.200049],[-68.217187,66.078857],[-68.186719,65.870996],[-67.866455,65.773682],[-67.936768,65.564893],[-67.569629,65.643555],[-67.117969,65.440381],[-67.336523,65.346582],[-66.830908,65.07417],[-66.697412,64.815186],[-66.635498,65.000342],[-66.22373,64.854102],[-66.301514,64.777734],[-66.214648,64.722412],[-65.938525,64.885742],[-65.431934,64.726416],[-65.274805,64.631543],[-65.529346,64.504785],[-65.074609,64.43667],[-65.212988,64.303271],[-65.580322,64.293848],[-65.169873,64.028174],[-64.678467,64.027979],[-64.798145,63.915967],[-64.576318,63.897363],[-64.410937,63.706348],[-64.561572,63.679688],[-64.514355,63.263965],[-64.664648,63.245361],[-65.191846,63.764258],[-65.068945,63.263477],[-64.672363,62.921973],[-65.162793,62.932617],[-65.108496,62.626465],[-66.224023,63.107178],[-66.228662,62.990967],[-66.414453,63.027197],[-66.65498,63.264746],[-66.697461,63.069531],[-67.893262,63.73374],[-67.722559,63.422754],[-68.858936,63.751855],[-68.14126,63.172314],[-67.675977,63.093555],[-67.736963,63.00957],[-66.644873,62.602051],[-65.980176,62.208887],[-66.133154,62.102393],[-66.058887,61.913867],[-66.256689,61.868262],[-67.440137,62.15127],[-68.535889,62.255615],[-69.125586,62.423975],[-69.604736,62.767725],[-70.236133,62.763379],[-71.105762,63.002246],[-70.946045,63.120703],[-71.253711,63.042529],[-71.50127,63.126416],[-71.992236,63.416162],[-71.380859,63.580322],[-72.290137,63.727979],[-72.174268,63.893408],[-72.498437,63.823486],[-73.454541,64.399268],[-73.271289,64.58252],[-73.910352,64.578125],[-74.064795,64.424658],[-74.130469,64.607812],[-74.46123,64.644678],[-74.681396,64.830664],[-74.919434,64.765527],[-74.640039,64.55708],[-74.694727,64.496582],[-75.715039,64.524365],[-75.766699,64.391943],[-76.856152,64.237646],[-77.791162,64.36709],[-78.174561,64.617725],[-78.055273,64.98291],[-77.360889,65.196533],[-77.4604,65.355908],[-77.326709,65.453125],[-75.82832,65.227051],[-75.519922,65.056006],[-75.589111,64.905029],[-75.4521,64.841602],[-75.357129,65.00874],[-75.798682,65.29751],[-73.550781,65.485254],[-73.746094,65.766699],[-74.416406,66.16709],[-73.033252,66.728174],[-72.788818,67.030615],[-72.22002,67.254297],[-73.328223,68.266748],[-73.284473,68.356982],[-73.820508,68.362939],[-73.851562,68.701367],[-74.117969,68.700928],[-73.989258,68.548633],[-74.422412,68.579932],[-74.699951,68.80835],[-74.9104,68.823145],[-74.743262,68.913379],[-74.954004,68.961084],[-74.716699,69.045508],[-74.854883,69.06582],[-76.585059,68.69873],[-76.557227,69.009473],[-75.953711,69.030811],[-75.647754,69.212549],[-76.520361,69.516602],[-76.234082,69.662109],[-77.089941,69.635107],[-76.858594,69.775391],[-77.59165,69.845605],[-77.774023,70.238525],[-78.282812,70.22915],[-79.066406,70.603564],[-79.405225,70.400732],[-78.809814,70.178564],[-78.818799,70.010449],[-79.092871,69.925342],[-81.651953,70.094629],[-81.02373,69.9],[-80.842871,69.79165],[-80.921729,69.730908],[-81.564697,69.942725],[-82.293848,69.836914],[-83.149951,70.009082],[-85.780029,70.03667],[-86.322021,70.14541],[-86.499805,70.350391],[-86.396875,70.465332],[-87.900684,70.251904],[-88.848437,70.5229],[-89.455908,71.061719],[-87.844922,70.944385],[-87.140088,71.011621],[-89.693311,71.423486],[-89.845752,71.492285],[-90.025195,71.948779],[-89.663818,72.157959],[-89.858691,72.24834],[-89.816846,72.467725],[-89.357715,72.80415],[-89.225342,73.108057],[-88.705176,73.403271],[-87.719775,73.7229],[-86.76875,73.833984],[-85.009326,73.778613],[-84.974512,73.694775],[-86.086475,73.260254],[-86.667773,72.762549],[-86.322559,72.46084],[-86.341357,72.123193],[-86.218457,71.899121],[-85.023389,71.353223],[-86.473242,71.042627],[-86.589355,71.010791]]]}},{"type":"Feature","properties":{"scalerank":0,"featurecla":"Land","min_zoom":0},"bbox":[-91.684082,76.173584,-61.207227,83.116113],"geometry":{"type":"Polygon","coordinates":[[[-69.488867,83.016797],[-66.422559,82.926855],[-68.469336,82.653369],[-64.904883,82.90083],[-64.504004,82.778418],[-63.49873,82.792578],[-63.642529,82.712988],[-63.085352,82.565234],[-63.246777,82.450195],[-61.697168,82.488623],[-61.207227,82.341064],[-62.176709,82.043408],[-64.435791,81.742627],[-66.625732,81.616406],[-66.914062,81.485107],[-68.688525,81.293311],[-64.780078,81.492871],[-69.550684,80.383252],[-70.712598,80.5396],[-70.264893,80.233594],[-72.055957,80.123242],[-70.559082,80.070996],[-71.355811,79.911279],[-71.110156,79.847803],[-71.387842,79.761768],[-72.436523,79.694385],[-74.394482,79.874072],[-74.660205,79.835156],[-73.472461,79.756445],[-73.201123,79.596582],[-73.466064,79.495166],[-75.503418,79.41416],[-76.898828,79.512305],[-75.602734,79.239551],[-74.481201,79.229492],[-74.532324,79.052734],[-78.581641,79.075],[-77.882764,78.942383],[-76.255859,79.006836],[-74.433105,78.724121],[-74.878613,78.544824],[-76.416113,78.511523],[-75.193457,78.327734],[-75.969629,77.993115],[-78.012598,77.946045],[-78.076172,77.519043],[-78.493213,77.369385],[-80.573047,77.314795],[-81.659082,77.525439],[-81.277734,77.365186],[-82.056787,77.296533],[-81.756348,77.204004],[-79.497266,77.196094],[-79.220752,76.936035],[-78.288867,76.977979],[-77.99873,76.851953],[-78.284326,76.57124],[-80.799707,76.173584],[-80.99668,76.21499],[-80.834814,76.369141],[-80.974512,76.470068],[-81.717383,76.494971],[-82.529834,76.723291],[-82.233154,76.46582],[-83.885693,76.453125],[-84.223779,76.675342],[-84.275342,76.356543],[-85.343604,76.313379],[-86.453711,76.584863],[-86.680225,76.376611],[-87.354199,76.448047],[-87.489795,76.58584],[-87.497559,76.386279],[-88.395996,76.405273],[-88.49585,76.772852],[-88.614111,76.650879],[-88.545801,76.420898],[-89.570068,76.491943],[-89.499756,76.826807],[-88.556201,77.072217],[-86.812256,77.184912],[-87.681445,77.436377],[-88.094678,77.719189],[-88.016992,77.784717],[-86.755078,77.863721],[-85.588477,77.461133],[-84.487012,77.367969],[-83.608057,77.442236],[-82.902734,77.732715],[-82.595312,77.992139],[-83.779395,77.532617],[-84.860547,77.499512],[-85.289355,77.559033],[-85.292041,77.763867],[-85.547559,77.927686],[-84.61543,78.195703],[-84.222705,78.176025],[-84.910352,78.239697],[-84.783203,78.527588],[-85.585938,78.10957],[-86.217773,78.081201],[-85.920068,78.342871],[-86.913232,78.126807],[-87.551758,78.176611],[-87.491309,78.417187],[-86.80791,78.774365],[-85.00376,78.912256],[-83.271436,78.770313],[-81.750098,78.975781],[-84.412012,78.996582],[-84.567773,79.071289],[-83.575879,79.053662],[-85.268506,79.664111],[-86.420752,79.845215],[-86.614502,80.123535],[-86.498535,80.258252],[-83.723633,80.228955],[-81.688379,79.685791],[-80.475928,79.60625],[-80.124463,79.669482],[-81.010156,79.693115],[-82.987012,80.322607],[-76.862988,80.864795],[-78.716211,80.95166],[-78.286816,81.167627],[-76.885107,81.430273],[-79.19834,81.117578],[-79.761328,80.841943],[-81.007031,80.654883],[-82.884326,80.577539],[-82.222363,80.772314],[-85.14585,80.521143],[-86.61543,80.630029],[-85.246289,80.987891],[-83.288818,81.147949],[-85.780859,81.035059],[-87.71167,80.65625],[-89.263281,80.914307],[-86.476758,81.035742],[-84.941211,81.28623],[-89.623047,81.032471],[-89.980957,81.124707],[-89.208691,81.250098],[-89.673682,81.328613],[-89.427002,81.387451],[-87.597021,81.52583],[-90.303516,81.401123],[-90.609033,81.429541],[-89.82168,81.634863],[-91.684082,81.635693],[-90.941943,81.827441],[-88.063184,82.096484],[-87.018213,81.95874],[-86.626807,82.051025],[-85.044824,81.982812],[-86.615625,82.218555],[-84.896826,82.449414],[-83.590674,82.326465],[-82.633691,82.077295],[-82.327441,82.09248],[-82.747461,82.196436],[-82.536914,82.247266],[-79.424854,81.854443],[-82.447559,82.39502],[-81.681152,82.518652],[-82.116846,82.628662],[-80.809668,82.586377],[-81.178076,82.744678],[-81.010156,82.779053],[-78.748779,82.679395],[-80.154932,82.911133],[-79.886328,82.938525],[-77.47959,82.883154],[-76.009375,82.535156],[-75.565625,82.608545],[-77.124902,83.008545],[-74.41416,83.013135],[-72.658691,82.721631],[-73.440723,82.94585],[-72.069238,83.106055],[-70.940381,82.902246],[-71.423535,83.021143],[-69.969922,83.116113],[-69.569385,83.024902],[-69.488867,83.016797]]]}},{"type":"Feature","properties":{"scalerank":0,"featurecla":"Land","min_zoom":0},"bbox":[-168.088379,-53.883398,-34.805469,71.986865],"geometry":{"type":"Polygon","coordinates":[[[-94.30835,71.764893],[-93.810205,71.76626],[-93.762842,71.638037],[-93.031299,71.335693],[-92.882715,71.069336],[-92.981445,70.852246],[-92.355811,70.634277],[-92.047363,70.30332],[-91.76084,70.32627],[-91.564062,70.178271],[-92.320508,70.235352],[-92.511865,70.103857],[-91.976709,70.038672],[-92.887793,69.668213],[-92.31167,69.6729],[-91.911963,69.53125],[-91.201807,69.644775],[-91.439941,69.525684],[-90.415576,69.456982],[-90.892285,69.267285],[-91.237207,69.285547],[-90.479004,68.881152],[-90.573633,68.474707],[-90.247754,68.267432],[-89.897705,68.490771],[-89.666602,69.0146],[-89.279541,69.255469],[-89.056738,69.266113],[-88.041357,68.811719],[-87.82793,68.299951],[-88.346973,68.288281],[-88.313818,67.950342],[-87.359375,67.177246],[-86.560791,67.482129],[-86.398047,67.800098],[-85.952588,68.072461],[-85.689795,68.670947],[-84.867578,68.77334],[-85.106641,68.844043],[-84.862207,69.073975],[-85.386768,69.231885],[-85.507373,69.845264],[-82.37417,69.641797],[-82.754834,69.494385],[-82.309863,69.41001],[-82.227539,69.248877],[-81.377832,69.185645],[-81.328662,69.119922],[-81.95791,68.883643],[-81.25249,68.743164],[-81.914844,68.458789],[-82.552686,68.446484],[-82.222412,68.145264],[-82.0125,68.193896],[-82.062549,67.928174],[-81.294336,67.497412],[-81.467578,67.069873],[-83.406445,66.37124],[-84.538477,66.972803],[-84.845752,67.028711],[-85.113721,66.906934],[-84.737744,66.933594],[-84.223047,66.682471],[-83.82583,66.28999],[-83.869043,66.213574],[-84.293066,66.291797],[-84.628076,66.207715],[-85.603857,66.568262],[-86.708154,66.523047],[-86.685107,66.3604],[-85.95874,66.119043],[-87.081104,65.44082],[-87.452881,65.338965],[-87.969971,65.348926],[-89.749414,65.936035],[-91.427246,65.9479],[-89.924072,65.780273],[-88.974023,65.348291],[-87.027539,65.198096],[-87.280518,64.826172],[-88.105615,64.183301],[-88.817725,63.992236],[-89.200635,64.11377],[-89.131543,63.968506],[-89.61582,64.030615],[-89.811328,64.180566],[-90.04165,64.140869],[-89.855713,63.956982],[-90.168164,63.97876],[-90.013428,63.804297],[-90.154736,63.689648],[-90.811914,63.580908],[-91.982227,63.822412],[-92.338428,63.787646],[-93.696338,64.147168],[-93.559814,63.865283],[-93.270215,63.840869],[-93.378516,63.948486],[-92.156885,63.691699],[-92.465088,63.555078],[-91.841846,63.697559],[-90.711279,63.304053],[-90.777881,62.971631],[-91.448975,62.804053],[-92.361279,62.819385],[-91.93584,62.592383],[-92.551416,62.546729],[-92.767969,62.37998],[-92.527979,62.168408],[-93.205371,62.364941],[-92.905518,62.215137],[-93.349756,62.029785],[-93.333057,61.93291],[-93.581787,61.942041],[-93.312012,61.767285],[-93.912744,61.481445],[-93.888818,61.344043],[-94.083447,61.303662],[-94.067773,61.138867],[-94.509375,60.604541],[-94.761719,60.498242],[-94.646777,60.416406],[-94.785791,59.95332],[-94.788281,59.267871],[-94.957324,59.068848],[-94.287061,58.716016],[-94.332227,58.297363],[-94.123193,58.736719],[-93.17876,58.725635],[-92.432812,57.320312],[-92.798145,56.921973],[-91.111279,57.241211],[-90.592187,57.224463],[-88.826465,56.814258],[-88.075098,56.467285],[-87.482422,56.021289],[-85.67666,55.601074],[-85.218018,55.348975],[-85.365283,55.079297],[-85.060937,55.285645],[-83.910596,55.314648],[-82.393262,55.067822],[-82.219385,54.813477],[-82.42417,54.24458],[-82.141455,53.817627],[-82.15918,53.26416],[-82.291553,53.030713],[-81.599414,52.432617],[-81.827881,52.224219],[-81.466211,52.204492],[-80.657959,51.75835],[-80.443311,51.388574],[-80.851221,51.125],[-80.47832,51.307324],[-80.103564,51.282861],[-79.3479,50.762646],[-79.714453,51.117578],[-79.688818,51.346582],[-79.296973,51.622803],[-78.903174,51.200293],[-78.731348,51.497461],[-78.981641,51.774561],[-78.448096,52.261377],[-78.744141,52.655371],[-78.72168,52.856445],[-79.100342,53.656641],[-78.945703,53.831592],[-79.075146,53.932373],[-78.996045,54.00249],[-79.241797,54.098877],[-79.138818,54.157227],[-79.712354,54.671826],[-77.775293,55.29126],[-76.761816,55.996436],[-76.529834,56.499951],[-76.572852,57.181201],[-76.890918,57.758105],[-77.552441,58.2396],[-78.505908,58.649121],[-78.430518,58.901758],[-77.760693,59.380029],[-77.859033,59.475781],[-77.726172,59.675879],[-77.349072,59.578955],[-77.485303,59.68457],[-77.289209,60.022021],[-77.585889,60.088184],[-77.452881,60.145801],[-77.681445,60.4271],[-77.503564,60.542725],[-77.79082,60.639844],[-77.603027,60.825195],[-78.181348,60.819141],[-77.765039,61.15752],[-77.736182,61.437354],[-77.514355,61.556299],[-78.021387,61.83208],[-78.133398,62.282275],[-77.372412,62.57251],[-75.675537,62.249512],[-75.789844,62.17959],[-75.341211,62.312109],[-74.632568,62.115674],[-74.645801,62.211133],[-73.705078,62.473145],[-72.686963,62.124561],[-72.632129,62.027246],[-72.771631,61.84043],[-72.505566,61.922656],[-72.226123,61.831592],[-72.040039,61.680273],[-72.215869,61.587256],[-71.866113,61.688525],[-71.638281,61.617188],[-71.854395,61.439795],[-71.645312,61.413135],[-71.743457,61.337256],[-71.422705,61.158936],[-70.279297,61.068652],[-69.992432,60.856494],[-69.708398,60.914648],[-69.623633,61.049512],[-69.471924,61.010937],[-69.404736,60.846777],[-69.75127,60.487451],[-69.67373,60.075879],[-70.654834,60.026221],[-69.733936,59.918018],[-69.579395,59.675098],[-69.681885,59.341748],[-69.344043,59.303076],[-69.531641,58.869238],[-69.648389,58.820801],[-69.78418,58.955713],[-70.154346,58.760596],[-69.789893,58.689307],[-69.271094,58.883936],[-68.698193,58.904541],[-68.381152,58.743506],[-68.229395,58.48457],[-68.356543,58.163232],[-69.04082,57.90249],[-68.413574,58.051758],[-68.021045,58.485303],[-67.888281,58.295752],[-68.063867,58.138965],[-67.755957,58.40459],[-67.678271,57.991113],[-67.569629,58.213477],[-66.722168,58.491016],[-66.362402,58.791162],[-66.090918,58.659033],[-66.002393,58.431201],[-65.9229,58.571973],[-66.043066,58.820654],[-65.720996,59.023779],[-65.383545,59.060205],[-65.7,59.21333],[-65.411719,59.31499],[-65.475098,59.470312],[-65.038232,59.387891],[-65.407422,59.539355],[-65.433398,59.776514],[-65.028174,59.770703],[-65.171729,59.908008],[-64.817334,60.331055],[-64.499414,60.268262],[-64.41958,60.171387],[-64.768457,60.012109],[-64.283496,60.064062],[-64.182861,59.972949],[-64.226318,59.741211],[-64.056055,59.822559],[-63.750195,59.512598],[-63.945459,59.380176],[-63.775879,59.277148],[-63.539893,59.332861],[-63.415137,59.194385],[-63.971143,59.053809],[-63.248437,59.068311],[-63.282129,58.867383],[-63.050293,58.878174],[-62.873877,58.672461],[-63.537061,58.329932],[-63.209961,58.466943],[-62.593848,58.474023],[-62.812061,58.200391],[-63.261523,58.014697],[-62.48623,58.154053],[-62.305664,57.972266],[-61.958643,57.911768],[-61.967969,57.611914],[-62.495557,57.489209],[-61.921143,57.420801],[-61.849805,57.37041],[-61.977441,57.247949],[-61.33374,57.010596],[-61.371631,56.680811],[-62.497266,56.801709],[-61.737744,56.526025],[-61.94043,56.423584],[-61.425293,56.360645],[-61.713086,56.230957],[-61.364697,56.216016],[-61.301123,56.047168],[-61.449512,55.995703],[-61.089355,55.866357],[-60.743262,55.941455],[-60.562109,55.727002],[-60.341016,55.784668],[-60.408301,55.649561],[-60.192383,55.480908],[-60.617139,55.060205],[-59.758789,55.30957],[-59.437891,55.175928],[-59.837793,54.813965],[-59.25957,55.199951],[-58.997119,55.149463],[-58.780176,54.838379],[-58.398145,54.774121],[-57.962451,54.875732],[-57.404492,54.590869],[-57.699268,54.386572],[-58.435205,54.228125],[-58.633203,54.049561],[-59.823047,53.834424],[-60.144922,53.596143],[-60.39541,53.65332],[-60.100293,53.486963],[-60.329492,53.266113],[-58.652051,53.977881],[-57.928271,54.103564],[-58.31748,54.114453],[-58.309961,54.20166],[-57.416064,54.162744],[-57.134961,53.791846],[-57.524072,53.611426],[-57.331738,53.469092],[-56.840869,53.739453],[-56.524316,53.766455],[-55.966113,53.471143],[-55.797949,53.211963],[-55.892334,53.000439],[-55.802832,52.643164],[-56.324902,52.544531],[-55.746484,52.474561],[-55.777148,52.364258],[-56.011719,52.394482],[-55.672803,52.190137],[-56.975977,51.457666],[-58.510352,51.295068],[-60.080176,50.25459],[-61.724854,50.104053],[-61.919531,50.232861],[-62.71543,50.30166],[-66.495508,50.211865],[-66.941162,49.993701],[-67.372021,49.348437],[-68.281934,49.197168],[-69.673877,48.19917],[-71.018262,48.455615],[-69.775,48.098096],[-69.994434,47.739893],[-71.267773,46.795947],[-72.204639,46.558887],[-72.981006,46.209717],[-73.476611,45.738232],[-74.037842,45.501855],[-74.315088,45.531055],[-73.973828,45.345117],[-74.708887,45.003857],[-73.558105,45.425098],[-73.15957,46.010059],[-72.109277,46.551221],[-70.519482,47.03252],[-69.471045,47.967285],[-68.815674,48.366016],[-66.598096,49.126367],[-65.523389,49.266162],[-64.567725,49.104785],[-64.216211,48.873633],[-64.513721,48.841113],[-64.246094,48.691113],[-64.25376,48.550391],[-65.259424,48.02124],[-65.926709,48.188867],[-66.704395,48.022461],[-66.359619,48.060645],[-65.849414,47.911035],[-65.607227,47.67002],[-65.00166,47.846826],[-64.703223,47.724854],[-64.912207,47.368652],[-65.318896,47.101221],[-64.831396,47.060791],[-64.905762,46.887939],[-64.541504,46.240332],[-63.915918,46.16582],[-63.831934,46.107178],[-64.056396,46.021338],[-63.292773,45.751953],[-62.700684,45.740576],[-62.750098,45.648242],[-62.483057,45.621826],[-61.955518,45.868164],[-61.776514,45.655615],[-61.492285,45.687012],[-61.350488,45.573682],[-61.281982,45.441064],[-61.460986,45.366699],[-61.031543,45.291748],[-63.306299,44.642578],[-63.604004,44.683203],[-63.609766,44.47998],[-63.999707,44.644922],[-64.100879,44.487451],[-64.286084,44.550342],[-64.275684,44.334082],[-65.481689,43.518066],[-65.738135,43.560742],[-65.886914,43.795215],[-66.125732,43.813818],[-66.193066,44.143848],[-65.868018,44.568799],[-66.146387,44.435937],[-66.090625,44.504932],[-64.448145,45.337451],[-64.135498,45.023047],[-64.093164,45.21709],[-63.368018,45.364795],[-64.873145,45.35459],[-64.314648,45.835693],[-64.482227,45.806348],[-64.632715,45.946631],[-64.593652,45.813672],[-64.778516,45.638428],[-65.884473,45.2229],[-66.109766,45.316602],[-66.026562,45.417578],[-66.439844,45.095898],[-67.124854,45.169434],[-67.106738,44.885059],[-66.987012,44.827686],[-67.19126,44.675586],[-67.839062,44.57627],[-68.056641,44.384326],[-68.152051,44.502002],[-68.450586,44.507617],[-68.53252,44.258643],[-68.811914,44.339355],[-68.762695,44.570752],[-69.226074,43.986475],[-69.520752,43.897363],[-69.556689,43.982764],[-69.623926,43.880615],[-69.652881,43.993896],[-69.80835,43.772314],[-69.965234,43.855078],[-70.178809,43.766357],[-70.829053,42.825342],[-70.612939,42.623242],[-71.046191,42.331104],[-70.738281,42.228857],[-70.42666,41.757275],[-70.001416,41.826172],[-70.241064,42.091211],[-70.108936,42.07832],[-69.948633,41.677148],[-70.657129,41.534229],[-70.701123,41.714844],[-71.168555,41.489404],[-71.14873,41.745703],[-71.271094,41.68125],[-71.390137,41.795312],[-71.522852,41.378955],[-72.924707,41.285156],[-73.987109,40.751367],[-73.871973,41.055176],[-73.969922,41.249707],[-73.927197,40.914258],[-74.264209,40.528613],[-73.972266,40.400342],[-74.079932,39.788135],[-74.0646,39.993115],[-74.428809,39.387207],[-74.923437,38.941113],[-74.897021,39.145459],[-75.524219,39.490186],[-75.421875,39.789697],[-75.07417,39.983496],[-75.464404,39.780957],[-75.573877,39.476953],[-75.088672,38.777539],[-75.187109,38.591113],[-75.03877,38.426367],[-75.934375,37.151904],[-75.975049,37.398438],[-75.659277,37.953955],[-75.85083,37.971582],[-75.858691,38.362061],[-76.051221,38.279541],[-76.264648,38.436426],[-76.26416,38.599951],[-76.016943,38.625098],[-76.341162,38.709668],[-76.168164,38.852734],[-76.330664,38.908594],[-76.135205,39.082129],[-76.235693,39.191602],[-76.074365,39.368848],[-75.875977,39.375977],[-76.003125,39.41084],[-75.872949,39.510889],[-76.062988,39.561133],[-76.420898,39.225],[-76.57041,39.269336],[-76.427588,39.126025],[-76.558545,39.065234],[-76.394092,38.368994],[-76.668555,38.5375],[-76.341162,38.087012],[-76.868115,38.390283],[-76.889746,38.29209],[-77.001172,38.445264],[-77.23252,38.407715],[-77.030371,38.889258],[-77.313672,38.396631],[-76.264258,37.893555],[-76.344141,37.675684],[-76.49248,37.682227],[-77.111084,38.165674],[-76.305566,37.571484],[-76.263477,37.357031],[-76.400977,37.386133],[-76.453906,37.273535],[-76.757715,37.50542],[-76.283301,37.052686],[-76.400879,36.991309],[-76.630908,37.221729],[-77.250879,37.329199],[-76.671875,37.172949],[-76.487842,36.897021],[-75.999414,36.912646],[-75.53418,35.819092],[-75.946484,36.659082],[-75.992773,36.473779],[-75.820068,36.112842],[-76.147852,36.279297],[-76.15,36.145752],[-76.559375,36.015332],[-76.733643,36.22915],[-76.726221,35.957617],[-76.069775,35.970312],[-76.083594,35.690527],[-75.853906,35.960156],[-75.758838,35.843262],[-75.773926,35.646973],[-76.173828,35.35415],[-76.489502,35.397021],[-76.577197,35.532324],[-76.741406,35.431494],[-77.03999,35.527393],[-76.512939,35.27041],[-76.77915,34.990332],[-77.070264,35.154639],[-76.974951,35.025195],[-76.456738,34.989355],[-76.362207,34.936523],[-76.439795,34.84292],[-77.29624,34.60293],[-77.412256,34.730811],[-77.379785,34.526611],[-77.750732,34.284961],[-77.927832,33.939746],[-77.953271,34.168994],[-78.01333,33.911816],[-78.405859,33.917578],[-78.841455,33.724072],[-79.193799,33.244141],[-79.226465,33.404883],[-79.276025,33.1354],[-79.933105,32.810059],[-79.940723,32.667139],[-80.63418,32.511719],[-80.474268,32.422754],[-80.579346,32.287305],[-80.802539,32.448047],[-80.694238,32.215723],[-81.113281,31.878613],[-81.259375,31.538916],[-81.175439,31.531299],[-81.380957,31.353271],[-81.288477,31.263916],[-81.460352,31.127051],[-81.516211,30.801807],[-81.249512,29.793799],[-80.524121,28.486084],[-80.584961,28.271582],[-80.456885,27.900684],[-80.61001,28.177588],[-80.606934,28.5229],[-80.693506,28.344971],[-80.688477,28.578516],[-80.838184,28.757666],[-80.050049,26.807715],[-80.126367,25.833496],[-80.484668,25.229834],[-81.110498,25.138037],[-81.136035,25.309668],[-80.94043,25.264209],[-81.364941,25.831055],[-81.715479,25.983154],[-81.958936,26.489941],[-81.828662,26.687061],[-82.0396,26.552051],[-82.013281,26.961572],[-82.290039,26.870801],[-82.7146,27.499609],[-82.400537,27.8354],[-82.635937,27.981201],[-82.660889,27.718408],[-82.843506,27.845996],[-82.651465,28.8875],[-83.694385,29.925977],[-84.044238,30.103809],[-85.318945,29.680225],[-85.353613,29.875732],[-85.675781,30.121924],[-85.603516,30.286768],[-85.755811,30.166992],[-86.454443,30.399121],[-86.123828,30.405811],[-86.257373,30.493018],[-87.201172,30.339258],[-86.985791,30.430859],[-86.997559,30.570312],[-87.170605,30.53877],[-87.281055,30.339258],[-88.005957,30.230908],[-87.790283,30.291797],[-88.011328,30.694189],[-88.135449,30.366602],[-88.905225,30.415137],[-89.588477,30.165967],[-90.125977,30.369092],[-90.331982,30.277588],[-90.413037,30.140332],[-90.175342,30.029102],[-89.737451,30.171973],[-89.665039,30.117041],[-89.815186,30.007275],[-89.631689,29.903809],[-89.400732,30.046045],[-89.354443,29.820215],[-89.720898,29.619287],[-89.015723,29.202881],[-89.155518,29.016602],[-89.376123,28.981348],[-89.443164,29.194141],[-90.159082,29.537158],[-90.052344,29.431396],[-90.13584,29.136084],[-90.50249,29.299756],[-90.751025,29.130859],[-91.290137,29.288965],[-91.150781,29.31792],[-91.248828,29.564209],[-91.514209,29.555371],[-91.893164,29.836035],[-92.26084,29.556836],[-93.175684,29.778955],[-93.826465,29.725146],[-93.841455,29.979736],[-93.890479,29.689355],[-94.759619,29.384277],[-94.52627,29.547949],[-94.778271,29.547852],[-94.741943,29.75],[-95.022852,29.702344],[-94.888281,29.370557],[-95.273486,28.963867],[-95.853418,28.640332],[-96.234521,28.488965],[-96.011035,28.631934],[-96.44873,28.594482],[-96.640039,28.708789],[-96.421094,28.457324],[-96.676367,28.341309],[-96.773535,28.421631],[-96.839502,28.194385],[-97.156494,28.144336],[-97.034326,28.093848],[-97.073096,27.986084],[-97.431494,27.837207],[-97.288721,27.670605],[-97.439111,27.328271],[-97.768457,27.45752],[-97.692383,27.287158],[-97.485107,27.237402],[-97.554688,26.967334],[-97.435059,26.48584],[-97.140186,26.029736],[-97.667676,24.38999],[-97.857812,22.624512],[-97.763281,22.105859],[-97.314502,21.564209],[-97.40918,21.272559],[-97.383447,21.566699],[-97.753809,22.02666],[-97.186328,20.717041],[-96.456055,19.869775],[-96.289551,19.34375],[-95.778125,18.805518],[-95.920361,18.81958],[-95.626807,18.690576],[-95.719824,18.768359],[-95.181836,18.700732],[-94.459766,18.16665],[-93.552344,18.430469],[-92.884766,18.468652],[-92.441016,18.675293],[-91.973779,18.715869],[-91.913574,18.528516],[-91.533984,18.456543],[-91.275244,18.624463],[-91.343066,18.900586],[-91.43667,18.889795],[-90.739258,19.352246],[-90.693164,19.729883],[-90.491699,19.946777],[-90.353125,21.009424],[-89.819775,21.274609],[-88.466699,21.569385],[-88.006836,21.604053],[-87.250879,21.446973],[-87.188281,21.546436],[-87.368506,21.57373],[-87.034766,21.592236],[-86.824072,21.42168],[-86.815527,21.005225],[-87.421387,20.231396],[-87.441748,19.861523],[-87.687695,19.637109],[-87.424756,19.58335],[-87.658691,19.352344],[-87.655762,19.257861],[-87.501074,19.287793],[-87.853223,18.268994],[-88.056445,18.524463],[-88.031738,18.838916],[-88.349268,18.358838],[-88.130273,18.350732],[-88.085254,18.226123],[-88.271729,17.609863],[-88.313428,16.632764],[-88.894043,15.890625],[-88.603369,15.76416],[-88.593945,15.950293],[-88.131104,15.701025],[-87.701855,15.910645],[-86.907227,15.762354],[-86.356641,15.783203],[-85.936279,15.953418],[-85.985645,16.02417],[-85.483691,15.899512],[-84.97373,15.989893],[-84.559668,15.802002],[-84.261426,15.822607],[-83.765283,15.405469],[-83.972803,15.519629],[-84.095068,15.400928],[-83.760449,15.220361],[-83.497949,15.222119],[-83.646387,15.368408],[-83.369189,15.23999],[-83.15752,14.993066],[-83.279883,14.812793],[-83.344385,14.9021],[-83.413721,14.825342],[-83.187744,14.340088],[-83.49375,13.738818],[-83.510937,12.411816],[-83.627197,12.459326],[-83.593359,12.713086],[-83.754248,12.501953],[-83.68042,12.024316],[-83.767187,12.059277],[-83.828906,11.861035],[-83.651758,11.642041],[-83.867871,11.300049],[-83.346826,10.315381],[-82.778418,9.669531],[-82.370801,9.428564],[-82.339746,9.20918],[-82.188135,9.191748],[-82.244189,9.031494],[-82.077881,8.934863],[-81.780225,8.957227],[-81.894482,9.14043],[-81.545605,8.827002],[-81.063086,8.812646],[-80.1271,9.209912],[-79.577295,9.597852],[-79.112256,9.536768],[-78.504346,9.406299],[-77.830811,9.068115],[-76.786572,7.931592],[-76.77207,8.310547],[-76.920459,8.57373],[-76.276855,8.989111],[-76.027246,9.365771],[-75.639355,9.450439],[-75.538574,10.205176],[-75.70835,10.143408],[-75.247949,10.783252],[-74.84458,11.109717],[-74.330225,10.99668],[-74.51626,10.8625],[-74.400879,10.765234],[-74.14292,11.32085],[-73.313379,11.295752],[-72.275,11.889258],[-72.135742,12.188574],[-71.597461,12.434375],[-71.262109,12.335303],[-71.137305,12.046338],[-71.414551,11.755176],[-71.956934,11.569922],[-71.835107,11.190332],[-71.641602,11.013525],[-71.730908,10.994678],[-71.594336,10.657373],[-72.112842,9.815576],[-71.619531,9.047949],[-71.241406,9.160449],[-71.08584,9.348242],[-71.052686,9.705811],[-71.494238,10.533203],[-71.469531,10.96416],[-70.23252,11.372998],[-70.097119,11.519775],[-69.804785,11.474219],[-69.817334,11.67207],[-70.192578,11.624609],[-70.286523,11.886035],[-70.202783,12.098389],[-70.003955,12.177881],[-69.631592,11.479932],[-68.827979,11.431738],[-68.398633,11.160986],[-68.139941,10.492725],[-66.247217,10.632227],[-65.851758,10.257764],[-65.129102,10.070068],[-64.850488,10.098096],[-64.18833,10.457812],[-63.731885,10.503418],[-64.298193,10.635156],[-61.879492,10.741016],[-62.37998,10.546875],[-62.913574,10.531494],[-62.68584,10.289795],[-62.740576,10.056152],[-62.550342,10.200439],[-62.32041,9.783057],[-62.0771,9.975049],[-61.735937,9.631201],[-61.765918,9.813818],[-61.588867,9.894531],[-60.79248,9.360742],[-61.023145,9.15459],[-61.247266,8.600342],[-61.618701,8.597461],[-61.304004,8.4104],[-60.800977,8.592139],[-60.16748,8.616992],[-58.811572,7.735596],[-58.477295,7.325781],[-58.672949,6.390771],[-58.41499,6.851172],[-57.982568,6.785889],[-57.227539,6.178418],[-57.182129,5.528906],[-56.969824,5.992871],[-56.235596,5.885352],[-55.897607,5.699316],[-55.828174,5.96167],[-54.356152,5.909863],[-54.054199,5.80791],[-54.155957,5.358984],[-53.847168,5.782227],[-52.899316,5.425049],[-52.290527,4.942187],[-52.324609,4.770898],[-52.219971,4.862793],[-52.058105,4.717383],[-52.00293,4.352295],[-51.827539,4.635693],[-51.652539,4.061279],[-51.54707,4.310889],[-51.219922,4.093604],[-50.714404,2.134033],[-50.458887,1.82959],[-49.957129,1.659863],[-49.898877,1.162988],[-50.755078,0.222559],[-51.28291,-0.085205],[-51.980811,-1.367969],[-52.66416,-1.551758],[-51.947559,-1.586719],[-50.894922,-0.937598],[-50.690039,-1.761719],[-50.403223,-2.015527],[-49.999219,-1.831836],[-49.719531,-1.926367],[-49.313672,-1.731738],[-49.636523,-2.656934],[-49.211035,-1.916504],[-48.71001,-1.487695],[-48.462939,-1.613965],[-48.349805,-1.482129],[-48.468066,-1.393848],[-48.449805,-1.145508],[-48.115088,-0.7375],[-47.557324,-0.669922],[-47.418652,-0.765918],[-47.398096,-0.62666],[-45.458594,-1.35625],[-45.32915,-1.717285],[-45.076367,-1.466406],[-44.721143,-1.733496],[-44.778516,-1.798828],[-44.65127,-1.745801],[-44.537793,-2.052734],[-44.756348,-2.265527],[-44.662402,-2.373242],[-44.435449,-2.168066],[-44.381836,-2.365527],[-44.589014,-2.573438],[-44.723047,-3.204785],[-44.437549,-2.944434],[-44.228613,-2.471289],[-44.105566,-2.493457],[-44.192676,-2.80957],[-43.380078,-2.376074],[-42.249609,-2.791992],[-41.876172,-2.746582],[-41.479932,-2.916504],[-40.474561,-2.795605],[-39.964697,-2.861523],[-38.475781,-3.71748],[-37.174658,-4.912402],[-36.590723,-5.097559],[-35.979883,-5.054395],[-35.481689,-5.166016],[-35.235449,-5.566699],[-34.833887,-7.024414],[-34.834668,-7.971484],[-35.340869,-9.230664],[-35.763965,-9.702539],[-35.89082,-9.687012],[-35.885449,-9.847656],[-36.39834,-10.484082],[-37.182812,-11.068457],[-37.356006,-11.403906],[-37.359229,-11.252539],[-37.688721,-12.1],[-38.239746,-12.844238],[-38.498926,-12.956641],[-38.690967,-12.623926],[-38.851758,-12.790137],[-38.763721,-12.907227],[-39.089355,-13.588184],[-38.988623,-13.615039],[-39.048145,-14.043945],[-38.942334,-14.030664],[-39.05957,-14.654785],[-38.880615,-15.864258],[-39.202881,-17.178125],[-39.154004,-17.703906],[-39.650781,-18.252344],[-39.783301,-19.571777],[-40.001367,-19.741992],[-40.395947,-20.569434],[-40.789258,-20.906055],[-40.954541,-21.237891],[-41.000293,-21.999023],[-41.705518,-22.309668],[-41.98042,-22.580664],[-42.042383,-22.94707],[-42.958301,-22.96709],[-43.154297,-22.725195],[-43.22417,-22.991211],[-43.898828,-23.101465],[-43.973828,-23.057324],[-43.675977,-23.009473],[-43.866162,-22.910547],[-44.637256,-23.055469],[-44.569678,-23.274023],[-45.325391,-23.599707],[-45.464307,-23.802539],[-45.97207,-23.795508],[-46.867285,-24.236328],[-47.98916,-25.035742],[-47.929395,-25.168262],[-48.202734,-25.416504],[-48.185937,-25.309863],[-48.40249,-25.27207],[-48.476123,-25.442969],[-48.731738,-25.36875],[-48.401172,-25.597363],[-48.665771,-25.844336],[-48.619434,-26.179395],[-48.748291,-26.268652],[-48.55415,-27.195996],[-48.620801,-28.075586],[-48.799658,-28.575293],[-49.745996,-29.363184],[-50.299512,-30.425781],[-50.921387,-31.258398],[-52.039209,-32.114844],[-52.063232,-31.830371],[-51.680664,-31.774609],[-51.272168,-31.476953],[-51.161426,-31.118848],[-50.980078,-31.094238],[-50.94082,-30.903711],[-50.689307,-30.704199],[-50.716309,-30.425977],[-50.581934,-30.438867],[-50.563525,-30.253613],[-51.024951,-30.368652],[-51.298047,-30.034863],[-51.157275,-30.364258],[-51.283057,-30.751563],[-51.359082,-30.674512],[-51.506299,-31.104492],[-51.972461,-31.383789],[-52.193555,-31.885547],[-52.127393,-32.167773],[-52.652246,-33.137793],[-53.41958,-33.779199],[-53.785303,-34.380371],[-54.168555,-34.670703],[-54.902295,-34.932813],[-55.673145,-34.775684],[-56.194629,-34.906445],[-57.170703,-34.452344],[-57.829102,-34.477344],[-58.400195,-33.912402],[-58.438135,-33.719141],[-58.363525,-33.182324],[-58.092676,-32.967383],[-58.201172,-32.47168],[-58.170996,-32.959277],[-58.424463,-33.111523],[-58.547217,-33.663477],[-58.39248,-34.192969],[-58.525488,-34.296191],[-58.28335,-34.683496],[-57.547852,-35.018945],[-57.170654,-35.3625],[-57.375488,-35.900293],[-57.076172,-36.296777],[-56.717383,-36.389063],[-56.727148,-36.957715],[-57.546973,-38.085645],[-58.179199,-38.43584],[-59.82832,-38.838184],[-61.112207,-38.992969],[-61.8479,-38.961816],[-62.334766,-38.800098],[-62.295068,-39.243262],[-62.053662,-39.373828],[-62.179346,-39.380469],[-62.076807,-39.461523],[-62.131543,-39.825391],[-62.286914,-39.895313],[-62.401855,-40.196582],[-62.246338,-40.674609],[-62.39502,-40.89082],[-62.959033,-41.109668],[-63.621777,-41.159766],[-64.869482,-40.73584],[-65.069434,-40.805273],[-65.15498,-41.105664],[-64.986377,-42.102051],[-64.537744,-42.25459],[-64.570996,-42.416016],[-64.42041,-42.433789],[-64.100879,-42.395117],[-64.061182,-42.266113],[-64.228516,-42.218262],[-63.795557,-42.113867],[-63.629883,-42.282715],[-63.617334,-42.695801],[-64.034766,-42.88125],[-64.487842,-42.513477],[-64.970703,-42.666309],[-65.026904,-42.758887],[-64.319141,-42.968945],[-64.839941,-43.188867],[-65.252344,-43.571875],[-65.265527,-44.279687],[-65.647607,-44.661426],[-65.63877,-45.007812],[-66.190137,-44.964746],[-66.941406,-45.257324],[-67.599561,-46.052539],[-67.506445,-46.442773],[-66.776855,-47.005859],[-65.853662,-47.156738],[-65.775391,-47.568359],[-66.225244,-47.826758],[-65.810059,-47.941113],[-67.466309,-48.951758],[-67.684863,-49.24668],[-67.783496,-49.858887],[-67.913965,-49.984473],[-68.257227,-50.10459],[-68.667578,-49.752539],[-68.661621,-49.935742],[-68.97959,-50.003027],[-68.597949,-50.009473],[-68.421875,-50.15791],[-68.939453,-50.382324],[-69.15498,-50.864453],[-69.358594,-51.028125],[-69.201025,-50.993652],[-69.058301,-51.547168],[-69.46543,-51.584473],[-68.965332,-51.677148],[-68.39375,-52.307031],[-69.241016,-52.205469],[-69.620312,-52.464746],[-70.795117,-52.76875],[-70.99585,-53.779297],[-71.297754,-53.883398],[-72.174414,-53.632324],[-72.412891,-53.350195],[-71.941699,-53.234082],[-71.828223,-53.39834],[-71.891699,-53.523535],[-71.791455,-53.48457],[-71.740527,-53.232617],[-71.288965,-53.033691],[-71.163281,-52.888086],[-71.227148,-52.810645],[-71.387744,-52.764258],[-72.278027,-53.132324],[-72.548926,-53.460742],[-73.052734,-53.243457],[-72.727686,-52.762305],[-72.453467,-52.814453],[-72.117578,-52.65],[-71.511279,-52.605371],[-72.712109,-52.535547],[-73.122461,-53.073926],[-73.645215,-52.837012],[-73.24082,-52.707129],[-73.123926,-52.487988],[-73.585693,-52.685742],[-74.014453,-52.639355],[-74.037354,-52.40293],[-74.295654,-52.117871],[-73.834473,-52.233984],[-73.684326,-52.077734],[-73.260449,-52.157813],[-72.79502,-51.949512],[-72.57085,-52.200098],[-72.714014,-52.356738],[-72.52334,-52.255469],[-72.624756,-52.006934],[-72.494141,-51.847559],[-72.542529,-51.706152],[-73.16875,-51.453906],[-72.600049,-51.799121],[-73.518164,-52.041016],[-73.752637,-51.795508],[-74.19668,-51.680566],[-73.929785,-51.617871],[-73.939502,-51.266309],[-74.814746,-51.062891],[-75.094678,-50.68125],[-74.685742,-50.662012],[-74.775879,-50.469922],[-74.644482,-50.360938],[-74.365576,-50.487891],[-74.139404,-50.817773],[-73.806543,-50.938379],[-73.618164,-50.651172],[-73.654443,-50.492676],[-73.978027,-50.827051],[-74.197217,-50.609766],[-74.185596,-50.485352],[-73.950342,-50.510547],[-74.62959,-50.194043],[-74.33374,-49.974609],[-73.958594,-49.994727],[-74.323926,-49.783398],[-74.29082,-49.604102],[-73.836377,-49.609375],[-74.094434,-49.429688],[-73.934961,-49.020898],[-74.221289,-49.500586],[-74.366553,-49.400488],[-74.341016,-48.595703],[-74.009082,-48.475],[-74.474414,-48.463965],[-74.584668,-47.999023],[-73.391064,-48.145898],[-73.609912,-47.993945],[-73.715869,-47.655469],[-73.940869,-47.929395],[-74.227051,-47.968945],[-74.654932,-47.702246],[-74.533789,-47.567676],[-74.242969,-47.679297],[-74.134082,-47.59082],[-74.482666,-47.430469],[-74.158398,-47.18252],[-74.151904,-46.974414],[-74.313574,-46.788184],[-74.454199,-46.766797],[-74.512256,-46.885156],[-75.005957,-46.741113],[-74.98418,-46.512109],[-75.540332,-46.69873],[-75.430371,-46.93457],[-75.706396,-46.705273],[-74.924463,-46.159668],[-75.066699,-45.874902],[-74.157861,-45.767188],[-74.122705,-45.496191],[-73.957178,-45.404395],[-73.825,-45.446875],[-74.019922,-46.055859],[-74.392969,-46.217383],[-73.967578,-46.154102],[-73.878711,-45.846875],[-73.735254,-45.811719],[-73.708154,-46.070312],[-73.948633,-46.533105],[-73.845361,-46.566016],[-73.591846,-45.899121],[-73.756592,-45.702832],[-73.730762,-45.47998],[-73.266211,-45.346191],[-72.933838,-45.452344],[-73.444971,-45.238184],[-73.404883,-45.102344],[-73.362451,-44.978223],[-72.738965,-44.73418],[-72.680078,-44.593945],[-72.663867,-44.436426],[-73.265088,-44.168652],[-73.224463,-43.897949],[-73.068799,-43.862012],[-72.996582,-43.631543],[-73.075977,-43.323633],[-72.758008,-43.039453],[-72.848047,-42.669141],[-72.773926,-42.505176],[-72.631836,-42.509668],[-72.773242,-42.257715],[-72.631055,-42.199805],[-72.412354,-42.388184],[-72.499414,-41.980859],[-72.824072,-41.908789],[-72.3604,-41.649121],[-72.318262,-41.499023],[-72.542383,-41.690625],[-72.952832,-41.514746],[-73.241797,-41.780859],[-73.624023,-41.773633],[-73.735156,-41.74248],[-73.623926,-41.581348],[-73.810742,-41.51748],[-73.965869,-41.118262],[-73.670996,-39.963184],[-73.4104,-39.78916],[-73.226465,-39.224414],[-73.520215,-38.509375],[-73.464795,-38.040332],[-73.661816,-37.698535],[-73.662402,-37.341016],[-73.60166,-37.188477],[-73.215967,-37.166895],[-73.118066,-36.688379],[-72.587354,-35.759668],[-72.623926,-35.585742],[-72.223779,-35.096191],[-72.002832,-34.165332],[-71.664355,-33.652637],[-71.742969,-33.095117],[-71.452246,-32.65957],[-71.708936,-30.628027],[-71.669482,-30.330371],[-71.400391,-30.142969],[-71.315723,-29.649707],[-71.519238,-28.926465],[-71.186426,-28.377832],[-70.646582,-26.329395],[-70.713721,-25.78418],[-70.452197,-25.251855],[-70.574121,-24.644336],[-70.392334,-23.565918],[-70.593359,-23.255469],[-70.563184,-23.057031],[-70.331689,-22.848633],[-70.087549,-21.493066],[-70.197021,-20.725391],[-70.148145,-19.805078],[-70.361621,-18.398047],[-71.336963,-17.68252],[-71.532227,-17.294336],[-72.467676,-16.708105],[-73.727686,-16.20166],[-75.104248,-15.411914],[-75.533643,-14.899219],[-75.933887,-14.633594],[-76.376465,-13.863086],[-76.259229,-13.802832],[-76.223633,-13.371191],[-76.832129,-12.34873],[-77.152734,-12.060352],[-77.220312,-11.663379],[-77.633203,-11.287793],[-77.736084,-10.836719],[-78.185596,-10.089063],[-78.762256,-8.616992],[-79.994971,-6.768945],[-81.142041,-6.056738],[-81.164307,-5.875293],[-80.930664,-5.84082],[-80.881934,-5.635059],[-81.336621,-4.669531],[-81.232031,-4.234277],[-80.798584,-3.731055],[-80.02666,-3.228125],[-79.729883,-2.579102],[-79.842139,-2.067383],[-79.925586,-2.548535],[-80.030176,-2.556738],[-80.006641,-2.353809],[-80.284717,-2.706738],[-80.962793,-2.189258],[-80.770361,-2.07666],[-80.760596,-1.93457],[-80.902393,-1.078906],[-80.553906,-0.847949],[-80.455469,-0.585449],[-80.282373,-0.620508],[-80.482275,-0.368262],[-80.046143,0.155371],[-80.088281,0.784766],[-78.899658,1.20625],[-78.859668,1.455371],[-79.025439,1.623682],[-78.792969,1.84873],[-78.576904,1.773779],[-78.591699,2.356641],[-78.06665,2.509131],[-77.813574,2.716357],[-77.076807,3.913281],[-77.263525,3.893213],[-77.278027,4.058496],[-77.358203,3.944727],[-77.40874,4.247754],[-77.520703,4.212793],[-77.286328,4.721729],[-77.373291,5.323975],[-77.534424,5.537109],[-77.249268,5.780176],[-77.469434,6.176758],[-77.368799,6.575586],[-78.170117,7.543799],[-78.421582,8.060986],[-78.287354,8.091797],[-78.141895,8.386084],[-77.760547,8.133252],[-78.099463,8.496973],[-78.223047,8.396631],[-78.399219,8.505664],[-78.409863,8.355322],[-78.514062,8.628174],[-78.955176,8.93252],[-79.441504,9.006006],[-79.687451,8.850977],[-79.750439,8.595508],[-80.458984,8.213867],[-80.01123,7.500049],[-80.845557,7.220068],[-81.063867,7.899756],[-81.268408,7.625488],[-81.50415,7.721191],[-81.727637,8.137549],[-82.679541,8.321973],[-82.866113,8.246338],[-82.879346,8.070654],[-83.285791,8.664355],[-83.469727,8.706836],[-83.291504,8.406006],[-83.604736,8.480322],[-83.734082,8.614453],[-83.613721,8.804053],[-83.736914,9.150293],[-84.581592,9.568359],[-84.714941,9.899414],[-85.235645,10.24209],[-85.236523,10.107373],[-84.886426,9.820947],[-85.077051,9.601953],[-85.624854,9.902441],[-85.849658,10.292041],[-85.66333,10.635449],[-85.908008,10.897559],[-85.745215,11.088574],[-86.850977,12.247754],[-87.667529,12.903564],[-87.585059,13.043311],[-87.338574,12.949951],[-87.489111,13.35293],[-87.814209,13.39917],[-88.023438,13.16875],[-88.685645,13.281494],[-88.512012,13.183936],[-89.804199,13.560107],[-90.479102,13.900928],[-91.377344,13.990186],[-92.264551,14.567773],[-93.916064,16.053564],[-94.37417,16.284766],[-94.00127,16.018945],[-94.661523,16.201904],[-94.616846,16.347559],[-94.79082,16.287158],[-94.900439,16.41748],[-95.02085,16.277637],[-94.799414,16.209668],[-96.51084,15.651904],[-97.184668,15.909277],[-97.754785,15.966846],[-98.520312,16.304834],[-98.762207,16.534766],[-99.690674,16.719629],[-100.847803,17.200488],[-101.918701,17.959766],[-102.699561,18.062842],[-103.441602,18.325391],[-103.912451,18.828467],[-104.938477,19.309375],[-105.48208,19.976074],[-105.669434,20.385596],[-105.260156,20.579053],[-105.327051,20.752979],[-105.51084,20.80874],[-105.237061,21.119189],[-105.208691,21.49082],[-105.431445,21.618262],[-105.649121,21.988086],[-105.791797,22.62749],[-106.935498,23.88125],[-107.764941,24.471924],[-107.527246,24.360059],[-107.511914,24.48916],[-107.951172,24.614893],[-108.280762,25.081543],[-108.051465,25.067041],[-108.696387,25.38291],[-108.787256,25.538037],[-109.028809,25.480469],[-108.886572,25.733447],[-109.196484,25.592529],[-109.384961,25.727148],[-109.425635,26.032568],[-109.199707,26.305225],[-109.116699,26.252734],[-109.27627,26.533887],[-109.482861,26.710352],[-109.754785,26.70293],[-109.943994,27.079346],[-110.477783,27.322656],[-110.615479,27.653906],[-110.529883,27.864209],[-111.121387,27.966992],[-112.161768,29.018896],[-113.057666,30.651025],[-113.046729,31.179248],[-113.623486,31.345898],[-113.759424,31.557764],[-113.947754,31.629346],[-114.149316,31.507373],[-114.933594,31.900732],[-114.789893,31.647119],[-114.881885,31.156396],[-114.550488,30.022266],[-113.755469,29.36748],[-113.499707,28.926709],[-113.205566,28.798779],[-113.093652,28.511768],[-112.87085,28.424219],[-112.734033,27.825977],[-112.329199,27.523438],[-111.862646,26.678516],[-111.699414,26.580957],[-111.795264,26.879687],[-111.569678,26.707617],[-111.291602,25.789795],[-110.686768,24.867676],[-110.659326,24.341455],[-110.367432,24.100488],[-110.262891,24.344531],[-109.42085,23.480127],[-109.495703,23.159814],[-110.00625,22.894043],[-110.362695,23.604932],[-111.80249,24.542529],[-112.072559,24.840039],[-112.069873,25.572852],[-112.377246,26.213916],[-113.020752,26.583252],[-113.155811,26.94624],[-113.272266,26.790967],[-113.598535,26.721289],[-113.840967,26.966504],[-114.445264,27.218164],[-114.539893,27.431104],[-114.993506,27.736035],[-115.036475,27.841846],[-114.300586,27.872998],[-114.069336,27.675684],[-114.265869,27.934473],[-114.048486,28.426172],[-114.937305,29.351611],[-115.673828,29.756396],[-116.062158,30.80415],[-116.296289,30.970508],[-116.333447,31.202783],[-116.662158,31.564893],[-116.72207,31.73457],[-116.620801,31.851074],[-117.063135,32.343604],[-117.467432,33.295508],[-118.080518,33.722168],[-118.410449,33.743945],[-118.506201,34.017383],[-119.14375,34.112012],[-119.606055,34.418018],[-120.481201,34.471631],[-120.644678,34.57998],[-120.659082,35.122412],[-121.877393,36.331055],[-121.807422,36.851221],[-122.394922,37.20752],[-122.499219,37.542627],[-122.445605,37.797998],[-122.070508,37.478271],[-122.385449,37.960596],[-122.314258,38.007324],[-121.525342,38.055908],[-122.393359,38.144824],[-122.521338,37.826416],[-122.931982,38.055469],[-122.998779,37.988623],[-122.908154,38.196582],[-123.701123,38.907275],[-123.83291,39.775488],[-124.356543,40.371094],[-124.071924,41.459521],[-124.539648,42.812891],[-124.14873,43.691748],[-123.929346,45.576953],[-123.989307,46.219385],[-123.220605,46.153613],[-123.464844,46.271094],[-124.072754,46.279443],[-124.044336,46.605078],[-123.946143,46.432568],[-123.88916,46.66001],[-124.112549,46.862695],[-123.842871,46.963184],[-124.139258,46.954687],[-124.376025,47.658643],[-124.663086,47.974121],[-124.709961,48.380371],[-123.975781,48.168457],[-122.778613,48.137598],[-122.656641,47.881152],[-123.136328,47.355811],[-122.922168,47.407666],[-123.060156,47.453662],[-122.532813,47.919727],[-122.675488,47.612354],[-122.577881,47.293164],[-122.767773,47.218359],[-122.828467,47.336572],[-123.027588,47.138916],[-122.627051,47.144238],[-122.353809,47.371582],[-122.401807,47.784277],[-122.241992,48.010742],[-122.41582,48.183936],[-122.394775,48.084131],[-122.494043,48.130469],[-122.408545,48.293896],[-122.6625,48.446387],[-122.496777,48.505566],[-122.545117,48.762305],[-122.826709,49.028418],[-123.077295,48.980225],[-123.079541,49.130615],[-123.196338,49.147705],[-123.229443,49.260498],[-122.879102,49.398926],[-123.276758,49.343945],[-123.1875,49.680322],[-123.530566,49.397314],[-123.948389,49.534717],[-123.992627,49.736182],[-123.817187,49.586572],[-123.582471,49.68125],[-123.874414,49.736816],[-123.904248,49.981152],[-123.784668,50.087988],[-123.880127,50.173633],[-123.972119,49.892041],[-124.141602,49.792676],[-124.412598,49.778125],[-124.702295,49.957666],[-125.056689,50.418652],[-124.862646,50.637305],[-124.859863,50.872412],[-125.058789,50.513867],[-125.476318,50.497168],[-125.539355,50.649023],[-125.641309,50.466211],[-126.094336,50.497607],[-126.447461,50.587744],[-125.904102,50.704932],[-126.514355,50.679395],[-126.374609,50.837354],[-126.521777,50.866064],[-126.517334,51.056836],[-126.631787,50.915137],[-127.057568,50.867529],[-127.708105,51.151172],[-127.68916,51.343457],[-127.419678,51.608057],[-126.691455,51.703418],[-127.338721,51.707373],[-127.668701,51.477588],[-127.850537,51.673193],[-127.727637,51.993213],[-127.858789,51.990283],[-127.795361,52.191016],[-127.437939,52.356152],[-127.242236,52.395117],[-126.713965,52.060693],[-127.193994,52.457666],[-126.951318,52.72124],[-127.008252,52.842578],[-127.066211,52.652686],[-127.834326,52.250977],[-128.102246,51.788428],[-128.357617,52.158887],[-128.0375,52.318164],[-127.940234,52.545166],[-128.271533,52.362988],[-128.053271,52.910693],[-128.365039,52.825781],[-128.524707,53.140674],[-129.080908,53.367285],[-129.171582,53.533594],[-128.85459,53.704541],[-128.905615,53.559326],[-128.132715,53.417773],[-127.927832,53.274707],[-128.207227,53.483203],[-128.675537,53.55459],[-128.763672,53.746875],[-128.532129,53.858105],[-128.959375,53.841455],[-129.208105,53.641602],[-129.257861,53.417969],[-129.563721,53.251465],[-130.335254,53.723926],[-130.043311,54.133545],[-129.626025,54.230273],[-130.084229,54.181396],[-130.430273,54.420996],[-130.350488,54.655322],[-129.560645,55.462549],[-129.795166,55.55957],[-130.048486,55.057275],[-130.025098,55.888232],[-130.146533,55.654492],[-130.036572,55.2979],[-130.203906,54.947021],[-130.535498,54.74873],[-130.849609,54.807617],[-131.047852,55.157666],[-130.748193,55.318018],[-131.127686,55.960156],[-131.032764,56.088086],[-131.78418,55.876562],[-131.94502,55.55415],[-132.118994,55.569775],[-132.20752,55.753418],[-131.843848,56.160107],[-131.551367,56.206787],[-132.182031,56.420654],[-132.487109,56.766406],[-132.802197,56.895166],[-132.824609,57.055811],[-133.465869,57.172168],[-133.43667,57.336865],[-133.64873,57.642285],[-133.117041,57.566211],[-133.535205,57.832959],[-133.194336,57.877686],[-133.722314,57.844238],[-134.031104,58.072168],[-134.045264,58.289258],[-133.876758,58.518164],[-134.208838,58.232959],[-134.663623,58.384717],[-135.131836,58.842871],[-135.363672,59.419434],[-135.484082,59.308691],[-135.400146,59.20791],[-135.502344,59.202295],[-135.090234,58.24585],[-135.897559,58.400195],[-135.861719,58.577051],[-136.043115,58.821631],[-135.826367,58.897949],[-136.016602,58.873975],[-136.150049,59.048096],[-136.12417,58.819629],[-136.22583,58.765479],[-136.989014,59.034473],[-137.059033,58.87373],[-136.613916,58.809277],[-136.410107,58.700635],[-136.48374,58.617676],[-136.061475,58.452734],[-136.607422,58.243994],[-137.543994,58.581201],[-138.514893,59.165918],[-139.799121,59.54624],[-139.513037,59.698096],[-139.512305,59.953564],[-139.330957,59.877002],[-139.286719,59.610937],[-139.220801,59.819873],[-138.988086,59.83501],[-139.431445,60.012256],[-140.419824,59.710742],[-141.408301,59.902783],[-141.289941,60.00415],[-141.40874,60.117676],[-141.670166,59.969873],[-142.945654,60.096973],[-144.147217,60.016406],[-144.185498,60.150732],[-144.901318,60.335156],[-144.691113,60.669092],[-145.248291,60.380127],[-145.898877,60.478174],[-145.674902,60.651123],[-146.570459,60.72915],[-146.391992,60.81084],[-146.638428,60.897314],[-146.599121,61.053516],[-146.284912,61.112646],[-147.361377,60.914502],[-147.990771,60.948291],[-147.751855,61.218945],[-148.341895,61.0604],[-148.410742,61.011475],[-148.208691,61.029932],[-148.344434,60.853564],[-148.556152,60.827002],[-148.256738,60.675293],[-148.640137,60.489453],[-148.119189,60.575146],[-147.964111,60.484863],[-148.181689,60.393066],[-148.197607,60.167773],[-148.430713,59.989111],[-149.266602,59.998291],[-149.395264,60.105762],[-149.598047,59.770459],[-149.713867,59.91958],[-149.782471,59.750342],[-150.005322,59.784424],[-149.966504,59.690039],[-150.198047,59.566553],[-150.607373,59.563379],[-150.934521,59.249121],[-151.949512,59.265088],[-151.046484,59.771826],[-151.450098,59.650391],[-151.853223,59.78208],[-151.395996,60.274463],[-151.321777,60.74292],[-150.44126,61.023584],[-149.075098,60.876416],[-150.053271,61.171094],[-149.329053,61.497363],[-149.625439,61.486035],[-149.975684,61.279346],[-150.612256,61.301123],[-151.593506,60.979639],[-151.781641,60.857959],[-151.750488,60.754883],[-152.270703,60.528125],[-152.260303,60.409424],[-152.540918,60.26543],[-153.025,60.295654],[-152.664746,60.125293],[-152.660107,59.997217],[-153.21123,59.842725],[-153.024609,59.793994],[-153.093604,59.709131],[-153.652539,59.647021],[-154.08833,59.363281],[-154.17832,59.155566],[-153.418262,58.959961],[-153.327051,58.884326],[-153.437598,58.754834],[-154.289014,58.304346],[-154.247021,58.159424],[-155.006885,58.016064],[-155.777979,57.568213],[-156.435889,57.359961],[-156.400488,57.204834],[-156.629004,57.009961],[-158.414404,56.43584],[-158.552148,56.312695],[-158.275635,56.19624],[-158.476123,56.075488],[-158.591162,56.184521],[-158.789844,55.986914],[-159.523242,55.81001],[-159.659668,55.625928],[-159.771387,55.841113],[-161.178027,55.388867],[-161.463867,55.38252],[-161.41333,55.536133],[-161.2021,55.543555],[-161.516943,55.618408],[-162.073975,55.139307],[-162.386377,55.052344],[-162.630371,55.24668],[-162.674365,54.996582],[-163.119629,55.064697],[-163.131104,54.916553],[-163.335303,54.83916],[-163.278809,55.121826],[-162.906592,55.195557],[-161.697314,55.907227],[-161.215625,56.021436],[-160.898633,55.993652],[-161.005371,55.887158],[-160.802832,55.754443],[-160.706348,55.870459],[-160.291699,55.805078],[-160.539062,56.006299],[-160.302051,56.314111],[-158.918018,56.882178],[-158.675146,56.794873],[-158.660791,57.039404],[-158.320947,57.2979],[-157.845752,57.528076],[-157.461914,57.506201],[-157.697217,57.679443],[-157.610889,58.05083],[-157.193701,58.194189],[-157.488379,58.253711],[-157.523633,58.421338],[-156.974658,58.736328],[-156.808887,59.134277],[-157.142041,58.877637],[-158.190918,58.614258],[-158.503174,58.850342],[-158.425635,58.999316],[-158.080518,58.977441],[-158.422803,59.089844],[-158.678271,58.929395],[-158.809473,58.973877],[-158.788623,58.440967],[-158.950684,58.404541],[-159.670264,58.911133],[-159.920215,58.819873],[-160.363135,59.051172],[-161.246826,58.799463],[-161.361328,58.669531],[-162.144922,58.644238],[-161.724365,58.794287],[-161.788672,59.016406],[-161.644385,59.109668],[-161.981055,59.146143],[-162.023291,59.283984],[-161.828711,59.588623],[-162.421338,60.283984],[-161.946582,60.684814],[-162.138037,60.685547],[-162.684961,60.268945],[-162.526953,60.199121],[-162.570752,59.989746],[-163.906885,59.806787],[-164.662256,60.303809],[-165.061133,60.412549],[-165.026514,60.500635],[-165.353809,60.541211],[-164.805176,60.892041],[-164.318506,60.771289],[-164.372363,60.591846],[-163.999561,60.766064],[-163.72998,60.58999],[-163.420947,60.757422],[-163.906543,60.853809],[-163.586914,60.902979],[-165.114844,60.932812],[-164.868994,61.111768],[-165.344873,61.197705],[-165.273633,61.274854],[-165.380762,61.106299],[-165.565869,61.102344],[-165.863965,61.335693],[-165.845313,61.53623],[-166.093994,61.506738],[-166.168115,61.65083],[-165.808936,61.696094],[-166.078809,61.803125],[-165.612793,61.869287],[-165.707275,62.100439],[-165.194531,62.473535],[-164.757861,62.496729],[-164.844385,62.581055],[-164.589453,62.709375],[-164.792676,62.623193],[-164.799658,62.918066],[-164.384229,63.030469],[-164.525195,63.127637],[-164.409033,63.215039],[-163.942871,63.247217],[-163.616309,63.125146],[-163.737842,63.016406],[-163.287842,63.046436],[-162.621484,63.26582],[-162.282813,63.529199],[-161.50542,63.468164],[-160.926709,63.660547],[-160.778564,63.818945],[-160.987549,64.25127],[-161.490723,64.433789],[-160.931934,64.579102],[-160.886963,64.795557],[-161.130176,64.925439],[-161.759375,64.81626],[-162.711084,64.377539],[-163.203906,64.652002],[-163.302832,64.605908],[-163.051758,64.519727],[-163.144336,64.423828],[-163.713086,64.588232],[-164.97876,64.453662],[-166.142773,64.582764],[-166.481396,64.728076],[-166.415234,64.926514],[-166.928418,65.15708],[-166.157031,65.28584],[-167.404004,65.422119],[-168.088379,65.657764],[-166.39873,66.144434],[-165.629932,66.131201],[-165.811865,66.288477],[-164.460498,66.588428],[-163.638232,66.574658],[-163.893945,66.575879],[-163.775488,66.531104],[-164.03374,66.215527],[-163.695361,66.083838],[-161.933691,66.042871],[-161.45542,66.281396],[-161.034277,66.188818],[-161.120313,66.334326],[-161.828174,66.37085],[-162.607422,66.894385],[-162.361621,66.947314],[-162.017627,66.784131],[-162.050732,66.667285],[-161.90957,66.559619],[-161.591016,66.459521],[-160.231689,66.420264],[-160.360889,66.6125],[-160.864014,66.67085],[-161.398047,66.551855],[-161.856689,66.700342],[-161.87876,66.803955],[-161.622217,66.979346],[-161.719922,67.020557],[-163.531836,67.102588],[-164.125195,67.606738],[-166.786279,68.359619],[-166.380518,68.425146],[-166.209082,68.885352],[-164.302344,68.936475],[-163.535693,69.170117],[-163.161475,69.387939],[-162.9521,69.758105],[-161.880957,70.331738],[-161.761084,70.257666],[-162.073877,70.161963],[-160.996289,70.30459],[-160.117139,70.591211],[-159.963135,70.568164],[-160.095068,70.333301],[-159.865674,70.278857],[-159.81499,70.49707],[-159.386768,70.524512],[-160.081592,70.634863],[-159.680908,70.786768],[-157.909375,70.860107],[-156.470215,71.407666],[-156.567236,71.341553],[-155.579443,71.121094],[-156.146582,70.927832],[-155.973535,70.841992],[-155.166846,71.099219],[-154.673682,70.987109],[-154.785205,70.894287],[-154.195215,70.801123],[-153.23291,70.932568],[-152.300391,70.846777],[-152.470605,70.653613],[-151.769043,70.560156],[-151.944678,70.4521],[-149.269434,70.500781],[-147.705371,70.217236],[-145.823145,70.160059],[-144.619189,69.982129],[-143.218311,70.11626],[-141.40791,69.653369],[-139.181543,69.515527],[-137.869434,69.092822],[-135.258838,68.684326],[-135.43457,68.841992],[-135.894727,68.926709],[-135.575537,69.026953],[-135.910205,69.111475],[-135.691455,69.311182],[-135.292822,69.307861],[-135.14082,69.467822],[-134.456836,69.477637],[-134.408936,69.681787],[-133.879785,69.507715],[-134.174316,69.252832],[-133.163135,69.433887],[-132.840332,69.650684],[-132.403906,69.65874],[-132.568359,69.698145],[-132.488477,69.738086],[-131.136377,69.906885],[-130.665479,70.127051],[-129.944971,70.090918],[-129.675635,70.192969],[-129.538428,70.105176],[-130.83208,69.651465],[-131.937793,69.534717],[-133.418311,68.844287],[-133.196826,68.739844],[-133.33667,68.835254],[-132.706006,68.814893],[-132.532666,68.875635],[-132.739111,68.922461],[-132.718945,69.079199],[-131.919629,69.290527],[-131.788379,69.431982],[-131.324707,69.361182],[-131.063428,69.450684],[-130.970654,69.209082],[-130.117627,69.720068],[-128.898926,69.966162],[-129.15791,69.800098],[-129.054346,69.701074],[-128.853027,69.751025],[-128.278613,70.108105],[-127.683789,70.260352],[-128.170117,70.418457],[-127.991016,70.573828],[-127.225977,70.296143],[-126.612158,69.730322],[-125.727783,69.37998],[-125.171875,69.427979],[-125.345508,69.662451],[-124.76792,69.990039],[-124.990381,70.026611],[-124.555029,70.151221],[-124.444482,70.110596],[-124.406934,69.767432],[-124.124609,69.68999],[-124.481348,69.425146],[-124.338086,69.364844],[-123.528418,69.389355],[-123.213672,69.541504],[-123.025781,69.81001],[-121.741846,69.79751],[-120.13999,69.380566],[-117.226953,68.913428],[-116.059473,68.837012],[-116.243408,68.974072],[-115.442285,68.940918],[-114.620166,68.746094],[-113.964404,68.399072],[-114.095947,68.266797],[-114.765283,68.270215],[-115.434473,67.902344],[-115.133203,67.819189],[-112.503027,67.681934],[-110.990039,67.79082],[-110.073926,67.99292],[-109.630371,67.732715],[-109.038037,67.691162],[-108.852002,67.421973],[-108.61333,67.598047],[-107.988721,67.256396],[-107.90918,67.162549],[-107.991309,67.095166],[-108.496045,67.092285],[-107.259473,66.398535],[-107.710352,66.740039],[-107.745996,66.961475],[-107.156494,66.881738],[-107.958398,67.818604],[-107.763086,67.906836],[-107.798291,68.036914],[-106.424268,68.200586],[-106.404395,68.319336],[-105.750195,68.592285],[-106.458057,68.516455],[-106.608496,68.357373],[-107.619336,68.331055],[-107.73418,68.17373],[-108.322803,68.154102],[-108.718115,68.297461],[-108.345752,68.597803],[-106.164453,68.919873],[-105.685596,68.828174],[-105.377441,68.413818],[-104.653174,68.230078],[-104.486816,68.063184],[-103.474121,68.115039],[-102.320361,67.735645],[-98.412109,67.807178],[-98.703564,67.965723],[-98.631543,68.072559],[-97.607422,67.631055],[-97.15542,67.726416],[-97.206543,67.855078],[-97.546631,67.960742],[-98.192529,67.922998],[-98.650488,68.363525],[-97.794238,68.387598],[-97.938867,68.510449],[-97.828564,68.532764],[-97.335791,68.47915],[-96.976709,68.25542],[-96.430664,68.310596],[-96.72207,68.03877],[-95.970312,68.249121],[-96.369141,67.509766],[-96.141455,67.271826],[-95.719922,67.316797],[-95.777686,67.184619],[-95.415918,67.155566],[-95.418896,67.013232],[-96.422559,67.051758],[-95.787549,66.616797],[-95.743164,66.69043],[-96.036865,66.9375],[-95.399658,66.949463],[-95.25874,67.262549],[-95.650488,67.737451],[-95.460693,68.021387],[-94.744434,68.070898],[-93.448926,68.618896],[-93.643945,68.633105],[-93.681445,68.887256],[-93.852441,69.000342],[-94.064893,68.784766],[-94.600439,68.803223],[-94.083643,69.123096],[-94.255371,69.151465],[-94.254736,69.31377],[-93.619482,69.416992],[-93.748535,69.226123],[-93.430957,69.375049],[-93.649805,69.519043],[-94.270801,69.455127],[-94.633838,69.649658],[-94.82251,69.577783],[-96.050146,69.831152],[-96.492383,70.124902],[-96.545605,70.327246],[-96.226416,70.541699],[-95.878613,70.548975],[-95.988184,70.616846],[-95.886328,70.694287],[-96.358887,70.678662],[-96.548926,70.80874],[-96.524756,71.127051],[-96.062012,71.413867],[-95.564258,71.336768],[-95.40625,71.49165],[-95.872314,71.573145],[-95.201221,71.903711],[-94.611133,71.986865],[-94.478809,71.848584],[-94.30835,71.764893]]]}},{"type":"Feature","properties":{"scalerank":0,"featurecla":"Land","min_zoom":2},"bbox":[-82.039258,52.733984,-80.709521,53.224268],"geometry":{"type":"Polygon","coordinates":[[[-80.731689,52.747266],[-82.039258,53.049902],[-81.847314,53.186279],[-81.135596,53.205811],[-80.709521,52.787402],[-80.731689,52.747266]]]}},{"type":"Feature","properties":{"scalerank":0,"featurecla":"Land","min_zoom":2},"bbox":[-74.749268,67.78252,-73.398193,68.093457],"geometry":{"type":"Polygon","coordinates":[[[-73.621729,67.783838],[-74.480713,67.804883],[-74.749268,68.018457],[-74.379395,68.093457],[-73.49375,68.000635],[-73.407178,67.793066],[-73.621729,67.783838]]]}},{"type":"Feature","properties":{"scalerank":0,"featurecla":"Land","min_zoom":2},"bbox":[-78.536768,63.114404,-77.527295,63.489551],"geometry":{"type":"Polygon","coordinates":[[[-77.876709,63.470557],[-77.532715,63.233643],[-77.942432,63.114404],[-78.536768,63.42373],[-77.933936,63.478955],[-77.876709,63.470557]]]}},{"type":"Feature","properties":{"scalerank":0,"featurecla":"Land","min_zoom":1.5},"bbox":[-83.912402,62.160254,-81.948584,62.977686],"geometry":{"type":"Polygon","coordinates":[[[-82.000488,62.954199],[-82.113721,62.652246],[-83.01582,62.209912],[-83.698877,62.160254],[-83.912402,62.425537],[-83.376416,62.904932],[-82.047607,62.970557],[-82.000488,62.954199]]]}},{"type":"Feature","properties":{"scalerank":0,"featurecla":"Land","min_zoom":1.5},"bbox":[-80.279834,61.594629,-79.272021,62.413232],"geometry":{"type":"Polygon","coordinates":[[[-79.545312,62.411719],[-79.272021,62.185986],[-79.66875,61.644434],[-79.816113,61.594629],[-80.265186,61.818213],[-80.178564,62.212793],[-79.926758,62.392871],[-79.597656,62.413232],[-79.545312,62.411719]]]}},{"type":"Feature","properties":{"scalerank":0,"featurecla":"Land","min_zoom":2},"bbox":[-106.066113,77.123975,-104.453711,77.754395],"geometry":{"type":"Polygon","coordinates":[[[-104.558154,77.141748],[-105.215088,77.18208],[-106.066113,77.725391],[-105.289648,77.64209],[-104.955322,77.418701],[-104.542236,77.337744],[-104.493359,77.162354],[-104.558154,77.141748]]]}},{"type":"Feature","properties":{"scalerank":0,"featurecla":"Land","min_zoom":1.5},"bbox":[-96.276611,77.452246,-93.128711,77.791992],"geometry":{"type":"Polygon","coordinates":[[[-95.484375,77.791992],[-93.582861,77.770752],[-93.128711,77.660156],[-93.836182,77.452246],[-95.987061,77.484131],[-96.276611,77.630566],[-95.683936,77.782275],[-95.484375,77.791992]]]}},{"type":"Feature","properties":{"scalerank":0,"featurecla":"Land","min_zoom":2},"bbox":[-100.126025,79.724072,-98.768945,80.144092],"geometry":{"type":"Polygon","coordinates":[[[-98.791602,79.981104],[-98.789795,79.7854],[-98.945215,79.724072],[-99.999902,79.884033],[-100.126025,80.00127],[-99.731201,80.144092],[-98.823193,80.037354],[-98.791602,79.981104]]]}},{"type":"Feature","properties":{"scalerank":0,"featurecla":"Land","min_zoom":2},"bbox":[-91.185059,77.2104,-89.694189,77.65498],"geometry":{"type":"Polygon","coordinates":[[[-89.833252,77.267627],[-90.993213,77.329492],[-91.147266,77.387305],[-91.182666,77.557178],[-90.842578,77.65498],[-90.171924,77.594678],[-89.719482,77.442139],[-89.74668,77.292578],[-89.833252,77.267627]]]}},{"type":"Feature","properties":{"scalerank":0,"featurecla":"Land","min_zoom":1.5},"bbox":[-96.599609,74.636719,-93.463477,75.630029],"geometry":{"type":"Polygon","coordinates":[[[-93.542578,75.02793],[-93.463477,74.856494],[-93.573096,74.668848],[-94.534521,74.636719],[-96.599609,75.031787],[-95.954639,75.443799],[-94.878174,75.630029],[-93.909082,75.42251],[-93.497559,75.136865],[-93.551807,75.051172],[-93.542578,75.02793]]]}},{"type":"Feature","properties":{"scalerank":0,"featurecla":"Land","min_zoom":1.5},"bbox":[-113.292578,78.274707,-109.336035,78.757812],"geometry":{"type":"Polygon","coordinates":[[[-109.815967,78.650391],[-109.467285,78.567188],[-109.3521,78.368652],[-113.292578,78.334375],[-110.877588,78.735059],[-109.940869,78.678467],[-109.815967,78.650391]]]}},{"type":"Feature","properties":{"scalerank":0,"featurecla":"Land","min_zoom":2},"bbox":[-119.39458,75.51543,-117.499121,76.115088],"geometry":{"type":"Polygon","coordinates":[[[-118.328125,75.579688],[-119.39458,75.617334],[-118.626074,75.90625],[-117.512598,76.099414],[-118.226514,75.611182],[-118.328125,75.579688]]]}},{"type":"Feature","properties":{"scalerank":0,"featurecla":"Land","min_zoom":1.5},"bbox":[-106.949658,72.914893,-104.552344,73.767139],"geometry":{"type":"Polygon","coordinates":[[[-105.288916,72.919922],[-106.949658,73.510352],[-106.613965,73.695605],[-105.512305,73.765771],[-104.5875,73.578076],[-104.621729,73.311133],[-105.200635,72.947314],[-105.288916,72.919922]]]}},{"type":"Feature","properties":{"scalerank":0,"featurecla":"Land","min_zoom":0},"bbox":[-102.713672,71.3021,-96.440137,73.945898],"geometry":{"type":"Polygon","coordinates":[[[-100.001904,73.945898],[-99.157959,73.731592],[-97.669971,73.887744],[-97.111719,73.790332],[-97.001709,73.666504],[-97.625879,73.502295],[-97.27251,73.386816],[-97.795898,73.285303],[-98.430908,72.958057],[-97.636328,73.027637],[-97.083008,72.762842],[-97.128125,72.627588],[-96.54209,72.69873],[-96.472852,72.434375],[-96.801465,72.322412],[-96.592871,72.204492],[-96.766309,72.045947],[-96.613428,71.833838],[-97.582275,71.629688],[-98.181348,71.662451],[-98.322705,71.852344],[-98.458838,71.773193],[-98.198633,71.440869],[-98.662891,71.3021],[-99.167139,71.367188],[-100.594482,72.152344],[-101.723926,72.314893],[-102.70874,72.764502],[-102.551074,72.978271],[-102.204004,73.077295],[-101.922461,73.056982],[-101.273193,72.72168],[-100.484766,72.772949],[-100.395703,72.977002],[-100.128125,72.906689],[-100.236182,73.09541],[-100.536377,73.197852],[-99.825146,73.213867],[-100.366113,73.359033],[-100.889355,73.275342],[-101.523193,73.486377],[-100.975781,73.599756],[-100.52168,73.449316],[-100.985107,73.765332],[-99.911865,73.847021],[-100.224805,73.87251],[-100.138477,73.928857],[-100.001904,73.945898]]]}},{"type":"Feature","properties":{"scalerank":0,"featurecla":"Land","min_zoom":0.5},"bbox":[-87.193848,63.119678,-80.261328,65.918652],"geometry":{"type":"Polygon","coordinates":[[[-84.919629,65.261084],[-84.501123,65.458447],[-84.084863,65.217822],[-82.05,64.644287],[-81.676123,64.212646],[-81.887109,64.016406],[-80.828955,64.089941],[-80.568848,63.931934],[-80.668262,63.901465],[-80.261328,63.801953],[-81.046387,63.461572],[-82.378125,63.706787],[-82.46709,63.926953],[-83.303955,64.143799],[-84.63291,63.309229],[-85.392627,63.119678],[-85.768945,63.700342],[-87.177148,63.595117],[-86.932031,63.90166],[-86.2521,64.136865],[-86.374268,64.56582],[-85.96167,65.704248],[-85.523047,65.914551],[-85.176221,65.746875],[-85.105371,65.622705],[-85.239941,65.510303],[-85.056055,65.437402],[-84.919629,65.261084]]]}},{"type":"Feature","properties":{"scalerank":0,"featurecla":"Land","min_zoom":1},"bbox":[-77.305908,67.23584,-75.062354,68.336816],"geometry":{"type":"Polygon","coordinates":[[[-75.675879,68.32251],[-75.078125,68.173145],[-75.201953,67.45918],[-75.780078,67.283545],[-76.693945,67.23584],[-77.004883,67.266943],[-77.224219,67.508203],[-77.228564,67.850098],[-76.740234,68.23125],[-75.866504,68.336816],[-75.675879,68.32251]]]}},{"type":"Feature","properties":{"scalerank":0,"featurecla":"Land","min_zoom":1},"bbox":[-80.860742,72.755957,-76.08999,73.767334],"geometry":{"type":"Polygon","coordinates":[[[-79.537305,73.654492],[-78.286523,73.66582],[-77.206543,73.499561],[-76.08999,72.881201],[-78.314209,72.881836],[-79.500537,72.755957],[-79.936865,72.863623],[-80.183301,73.224658],[-80.82417,73.380664],[-80.73584,73.483105],[-80.858496,73.591406],[-80.822852,73.743457],[-79.889355,73.701514],[-79.537305,73.654492]]]}},{"type":"Feature","properties":{"scalerank":0,"featurecla":"Land","min_zoom":0},"bbox":[-102.79751,74.98374,-97.336035,76.693848],"geometry":{"type":"Polygon","coordinates":[[[-97.700928,76.466504],[-97.73877,76.335254],[-97.531055,76.109424],[-97.65,75.97915],[-97.60166,75.851074],[-97.890527,75.760352],[-97.40752,75.67251],[-97.336035,75.419824],[-97.65332,75.507764],[-97.878223,75.416113],[-97.659912,75.151172],[-98.06875,75.19917],[-97.991797,75.045801],[-100.234375,75.007715],[-100.483496,75.188428],[-100.145703,75.246143],[-100.731152,75.346533],[-99.19458,75.698389],[-102.541406,75.513623],[-102.79751,75.599658],[-102.144727,75.875049],[-100.972803,75.798438],[-101.288037,75.789111],[-101.505908,75.918066],[-101.431348,75.991992],[-101.872119,76.083105],[-101.557031,76.23584],[-102.137744,76.284863],[-101.858496,76.439014],[-101.339746,76.410498],[-99.865479,75.924219],[-99.688916,75.959717],[-100.112842,76.117236],[-99.541064,76.146289],[-100.414209,76.242529],[-99.977734,76.312451],[-100.890771,76.475488],[-100.068701,76.634766],[-98.890332,76.465576],[-99.023633,76.614551],[-98.71084,76.693848],[-97.725879,76.496094],[-97.700928,76.466504]]]}},{"type":"Feature","properties":{"scalerank":0,"featurecla":"Land","min_zoom":0.5},"bbox":[-105.580176,77.793799,-98.999609,79.352051],"geometry":{"type":"Polygon","coordinates":[[[-103.426025,79.315625],[-102.914355,79.231104],[-102.652295,79.09502],[-102.730518,78.969336],[-102.576172,78.879395],[-102.393164,79.010303],[-101.703662,79.078906],[-101.037158,78.939014],[-101.128125,78.80166],[-100.014746,78.728613],[-99.582129,78.563281],[-99.847803,78.438232],[-99.751367,78.302979],[-98.999609,77.996875],[-99.166406,77.856934],[-99.955908,77.793799],[-100.586035,77.891797],[-101.074121,78.193848],[-102.606982,78.248926],[-102.731348,78.371045],[-104.512646,78.294629],[-104.995557,78.518506],[-103.570508,78.539844],[-103.482568,78.593945],[-104.02085,78.634912],[-103.371582,78.736328],[-104.18501,78.781299],[-103.875635,78.902686],[-104.151953,78.989893],[-104.895508,78.808154],[-104.969531,78.856494],[-104.746777,79.0271],[-105.580176,79.114209],[-105.387695,79.323584],[-103.706396,79.352051],[-103.426025,79.315625]]]}},{"type":"Feature","properties":{"scalerank":0,"featurecla":"Land","min_zoom":0},"bbox":[-96.773242,78.149854,-85.042139,81.364404],"geometry":{"type":"Polygon","coordinates":[[[-91.885547,81.132861],[-90.643018,80.593701],[-89.235596,80.510645],[-89.13418,80.440234],[-89.19834,80.263184],[-88.857324,80.166211],[-88.199902,80.111475],[-88.6125,80.255371],[-88.643652,80.386865],[-88.524805,80.418018],[-87.675,80.372119],[-87.625488,80.187207],[-87.922314,80.097705],[-87.202051,80.043213],[-86.977197,79.894238],[-87.295166,79.580176],[-86.336963,79.634961],[-86.007031,79.479443],[-85.647852,79.611426],[-85.042139,79.28457],[-86.957178,78.974902],[-87.617383,78.676318],[-87.922314,78.751367],[-87.953174,78.915039],[-87.816748,79.036328],[-88.040186,78.995312],[-88.25376,78.671973],[-87.982861,78.537061],[-88.741602,78.584033],[-88.606445,78.391992],[-88.822412,78.185889],[-90.037109,78.606836],[-89.489844,78.171924],[-90.459033,78.330908],[-90.652393,78.307715],[-90.326758,78.184766],[-91.409619,78.187988],[-92.848242,78.460107],[-91.866895,78.542676],[-93.266602,78.608301],[-93.634424,78.750928],[-93.159863,78.775635],[-94.169678,78.972803],[-92.547217,79.282617],[-91.299902,79.372705],[-92.821924,79.449902],[-93.933154,79.290723],[-94.110303,79.401562],[-95.103174,79.289893],[-95.733008,79.418213],[-95.662891,79.527344],[-94.401855,79.736328],[-95.85752,79.673779],[-96.462744,79.84751],[-96.773242,80.135791],[-94.645898,80.04873],[-94.262598,80.194873],[-95.405078,80.13501],[-96.394092,80.315039],[-95.549072,80.366602],[-96.151807,80.553467],[-96.132812,80.691406],[-95.926953,80.720654],[-93.92793,80.55918],[-95.514746,80.838135],[-95.269775,81.000781],[-93.235645,81.128857],[-94.194434,81.240918],[-94.220117,81.330762],[-93.034668,81.346289],[-91.997852,81.185498],[-91.885547,81.132861]]]}},{"type":"Feature","properties":{"scalerank":0,"featurecla":"Land","min_zoom":0},"bbox":[-96.897998,74.470361,-79.401416,77.066211],"geometry":{"type":"Polygon","coordinates":[[[-94.294971,76.912451],[-93.211865,76.754688],[-93.53457,76.447705],[-92.995361,76.62041],[-91.305029,76.680762],[-90.542627,76.495752],[-91.415088,76.455859],[-89.284521,76.301611],[-89.406592,76.18916],[-91.407324,76.220068],[-89.277588,75.795068],[-89.204541,75.737256],[-89.646045,75.565039],[-88.916699,75.453955],[-88.804102,75.50249],[-88.852148,75.624902],[-88.644971,75.658447],[-88.201318,75.512012],[-87.729736,75.575635],[-87.539111,75.484863],[-87.256934,75.617725],[-85.951465,75.39502],[-86.06875,75.502246],[-83.931982,75.818945],[-82.153662,75.831055],[-79.660205,75.449512],[-79.509082,75.259814],[-80.381982,75.03418],[-79.401416,74.917627],[-80.347754,74.902979],[-80.148926,74.795703],[-80.277734,74.581592],[-81.940186,74.472705],[-82.931055,74.565576],[-83.116992,74.693115],[-83.102637,74.816553],[-83.52207,74.901465],[-83.341309,74.7646],[-83.531885,74.585693],[-84.425537,74.508105],[-85.061426,74.606934],[-85.133447,74.517432],[-85.442334,74.600586],[-85.808008,74.498975],[-88.423047,74.494141],[-88.557861,74.569727],[-88.339551,74.784863],[-88.534961,74.831738],[-88.851074,74.68999],[-88.940137,74.789502],[-89.191943,74.744873],[-89.195801,74.637549],[-89.558691,74.554736],[-90.553271,74.612744],[-90.966797,74.715088],[-90.880225,74.817773],[-91.13457,74.649854],[-91.50835,74.650684],[-91.961572,74.793213],[-92.17417,75.051074],[-92.076318,75.123535],[-92.389258,75.26333],[-92.411084,75.40625],[-92.068848,75.65791],[-92.185107,75.846533],[-93.091748,76.354004],[-95.273877,76.264404],[-96.039697,76.486719],[-95.650977,76.584668],[-96.897998,76.754004],[-96.401562,76.797217],[-96.813525,76.913477],[-96.758301,76.971777],[-96.06123,77.050049],[-94.616113,76.95835],[-94.294971,76.912451]]]}},{"type":"Feature","properties":{"scalerank":0,"featurecla":"Land","min_zoom":1},"bbox":[-98.34082,77.806006,-94.887158,78.805225],"geometry":{"type":"Polygon","coordinates":[[[-96.204492,78.531299],[-94.915381,78.390527],[-95.329248,78.225049],[-94.934277,78.075635],[-96.989648,77.806006],[-97.019092,77.908105],[-97.658154,78.090625],[-96.944678,78.151855],[-98.049512,78.325928],[-98.317334,78.476855],[-98.060352,78.55835],[-98.34082,78.751221],[-97.382324,78.78291],[-96.256494,78.551123],[-96.204492,78.531299]]]}},{"type":"Feature","properties":{"scalerank":0,"featurecla":"Land","min_zoom":1},"bbox":[-113.283447,77.34375,-109.619043,78.103223],"geometry":{"type":"Polygon","coordinates":[[[-110.458057,78.103223],[-109.619043,78.056836],[-110.865625,77.834131],[-110.152734,77.762939],[-110.198486,77.524512],[-111.951953,77.344189],[-113.164355,77.530273],[-113.283447,77.813037],[-113.187061,77.912354],[-110.727344,78.096582],[-110.458057,78.103223]]]}},{"type":"Feature","properties":{"scalerank":0,"featurecla":"Land","min_zoom":0.5},"bbox":[-122.902783,75.824756,-115.470215,77.547607],"geometry":{"type":"Polygon","coordinates":[[[-115.55127,77.363281],[-115.470215,77.308643],[-116.329199,77.137061],[-115.810059,76.939111],[-116.252734,76.901416],[-115.946289,76.711279],[-116.999219,76.531592],[-117.233594,76.281543],[-117.992969,76.405811],[-117.780469,76.784277],[-117.880811,76.805078],[-118.791406,76.512988],[-118.624512,76.365869],[-118.993945,76.144873],[-119.580371,76.326514],[-119.739648,76.117725],[-119.526123,75.997217],[-119.912891,75.858838],[-120.408887,75.825635],[-120.848389,76.182666],[-121.213477,75.983691],[-122.400488,75.944238],[-122.640479,76.009082],[-122.592725,76.162061],[-122.902783,76.134717],[-122.423047,76.390088],[-121.561133,76.453467],[-119.090186,77.305078],[-116.843555,77.339551],[-116.703613,77.379932],[-117.039746,77.465137],[-116.511328,77.547607],[-116.008008,77.460645],[-115.55127,77.363281]]]}},{"type":"Feature","properties":{"scalerank":0,"featurecla":"Land","min_zoom":0},"bbox":[-117.600098,74.401904,-105.480908,76.821143],"geometry":{"type":"Polygon","coordinates":[[[-108.292383,76.057129],[-107.723486,75.99541],[-108.020703,75.804785],[-107.216211,75.891553],[-106.913525,75.679639],[-106.693115,75.809961],[-106.862061,75.930078],[-106.677002,76.02373],[-105.904834,76.008984],[-105.604443,75.929932],[-105.481445,75.702246],[-105.862598,75.191553],[-106.092627,75.089453],[-107.153418,74.927148],[-108.474756,74.947217],[-108.831299,75.064893],[-112.519336,74.416846],[-113.514062,74.430078],[-114.376953,74.67085],[-112.835986,74.975586],[-111.671094,75.019434],[-111.033496,75.226758],[-113.711768,75.068604],[-113.844971,75.112207],[-113.85332,75.259375],[-113.46709,75.416113],[-114.016504,75.434277],[-114.168457,75.239502],[-114.513818,75.275488],[-114.357764,75.171289],[-114.451758,75.087891],[-115.020117,74.976172],[-115.413184,75.11499],[-115.728857,74.968115],[-116.476074,75.171777],[-117.600098,75.27168],[-117.257617,75.459521],[-116.077148,75.492969],[-115.141846,75.678516],[-117.163623,75.644873],[-116.802148,75.771582],[-114.991504,75.896338],[-116.664551,75.957568],[-116.591309,76.095801],[-116.209863,76.194434],[-114.778613,76.172607],[-115.831738,76.295801],[-114.998486,76.497461],[-114.193945,76.451465],[-113.823486,76.206836],[-112.697607,76.201709],[-111.865234,75.939307],[-112.056689,75.834229],[-111.549121,75.822119],[-111.052686,75.548535],[-109.086377,75.506494],[-108.912598,75.586963],[-108.944775,75.698975],[-109.870508,75.929053],[-109.430371,76.109131],[-110.309473,76.397412],[-109.338525,76.759961],[-108.831641,76.821143],[-108.466992,76.737598],[-108.627637,76.586719],[-108.123193,76.233447],[-108.386816,76.066553],[-108.292383,76.057129]]]}},{"type":"Feature","properties":{"scalerank":0,"featurecla":"Land","min_zoom":0.5},"bbox":[-95.647998,72.00083,-90.35459,74.17876],"geometry":{"type":"Polygon","coordinates":[[[-93.17085,74.160986],[-92.222705,73.972363],[-91.087988,74.009277],[-90.35459,73.868652],[-91.249316,73.304004],[-91.553711,73.236084],[-91.425928,73.194873],[-92.11792,72.753809],[-94.211328,72.756934],[-93.770557,72.668213],[-93.541602,72.437012],[-94.14375,72.00083],[-95.192969,72.027441],[-95.251025,72.501953],[-95.602148,72.884473],[-95.63291,73.695459],[-94.697607,73.663574],[-95.059473,73.805078],[-95.144775,73.960303],[-93.410303,74.17876],[-93.17085,74.160986]]]}},{"type":"Feature","properties":{"scalerank":0,"featurecla":"Land","min_zoom":1.5},"bbox":[-99.564062,68.46084,-95.267773,69.861621],"geometry":{"type":"Polygon","coordinates":[[[-97.439453,69.642676],[-97.236084,69.673486],[-96.299951,69.344385],[-95.751367,68.897656],[-95.267773,68.826074],[-96.598828,68.46084],[-97.472021,68.543701],[-98.904492,68.932422],[-99.254004,68.863184],[-99.564062,69.034131],[-98.503516,69.308301],[-98.558545,69.461426],[-98.448389,69.479541],[-98.545996,69.5729],[-98.041357,69.456641],[-98.288818,69.629004],[-98.200488,69.796973],[-97.790723,69.861621],[-97.382568,69.712402],[-97.469434,69.666797],[-97.439453,69.642676]]]}},{"type":"Feature","properties":{"scalerank":0,"featurecla":"Land","min_zoom":0},"bbox":[-118.99375,68.4771,-100.905713,73.372656],"geometry":{"type":"Polygon","coordinates":[[[-114.521533,72.59292],[-113.578076,72.6521],[-113.449854,72.863232],[-113.073535,72.995264],[-111.269727,72.713721],[-111.355518,72.572119],[-111.895166,72.356104],[-111.675098,72.300146],[-110.205127,72.661279],[-110.197168,72.758887],[-110.66084,73.008203],[-110.008447,72.983643],[-108.75498,72.551074],[-108.188232,71.723779],[-107.812842,71.626172],[-107.306006,71.894678],[-107.69585,72.149316],[-108.237402,73.149902],[-107.936182,73.217139],[-108.029053,73.34873],[-106.482129,73.196191],[-105.415137,72.78833],[-104.87832,71.97998],[-104.385937,71.576953],[-104.514795,71.064258],[-103.58457,70.630859],[-103.077197,70.508838],[-103.049561,70.655078],[-101.676318,70.278271],[-101.562402,70.13501],[-101.090771,70.135693],[-100.905713,69.811719],[-101.043701,69.668701],[-101.483838,69.850195],[-101.647656,69.698535],[-102.234326,69.842236],[-102.595898,69.71792],[-102.621094,69.551514],[-103.434766,69.667676],[-103.048926,69.471777],[-103.120215,69.20459],[-102.151416,69.487695],[-101.978223,69.425098],[-102.046094,69.257666],[-101.789258,69.181641],[-101.857129,69.023975],[-102.895068,68.823633],[-105.105859,68.92041],[-105.01958,69.08125],[-106.140869,69.162012],[-106.341162,69.224365],[-106.419971,69.41377],[-106.659082,69.4396],[-107.439893,69.002148],[-109.472119,68.676709],[-113.019531,68.481348],[-113.554834,68.767578],[-113.694141,69.19502],[-116.513477,69.424609],[-117.104004,69.804248],[-117.19541,70.054053],[-114.592334,70.312451],[-112.637891,70.225244],[-111.632568,70.308838],[-113.757275,70.690723],[-117.587061,70.629541],[-118.376514,70.967725],[-117.814063,71.158447],[-115.303418,71.493701],[-117.935645,71.39209],[-118.226465,71.46709],[-117.742334,71.659326],[-118.583008,71.649023],[-118.987695,71.764258],[-118.944629,71.985547],[-118.213477,72.262891],[-118.481299,72.427686],[-118.374512,72.533887],[-116.573242,73.054932],[-114.638232,73.372656],[-114.206396,73.297803],[-114.074756,72.906836],[-114.497852,72.625879],[-114.521533,72.59292]]]}},{"type":"Feature","properties":{"scalerank":0,"featurecla":"Land","min_zoom":0},"bbox":[-125.845313,71.087988,-115.392822,74.545117],"geometry":{"type":"Polygon","coordinates":[[[-119.736328,74.112646],[-119.205957,74.197998],[-119.117969,74.015527],[-118.543994,74.244629],[-117.514844,74.231738],[-115.392822,73.501953],[-118.961572,72.684131],[-119.512842,72.302686],[-120.179883,72.212646],[-120.443164,71.630811],[-120.619336,71.505762],[-121.749365,71.444775],[-122.839941,71.097461],[-123.314746,71.169189],[-124.007764,71.677441],[-125.29668,71.973047],[-125.845313,71.978662],[-125.627295,72.254834],[-124.987109,72.587988],[-124.969678,72.843311],[-124.564941,72.944141],[-124.804053,73.125684],[-123.797266,73.768164],[-124.191504,73.902002],[-124.69624,74.348193],[-121.50415,74.545117],[-119.562646,74.232812],[-119.736914,74.129932],[-119.736328,74.112646]]]}},{"type":"Feature","properties":{"scalerank":0,"featurecla":"Land","min_zoom":4},"bbox":[-56.243262,46.752832,-56.137354,46.811084],"geometry":{"type":"Polygon","coordinates":[[[-56.150732,46.762402],[-56.243262,46.767187],[-56.139258,46.778662],[-56.150732,46.762402]]]}},{"type":"Feature","properties":{"scalerank":0,"featurecla":"Land","min_zoom":3},"bbox":[-94.901221,75.748877,-94.296289,75.996436],"geometry":{"type":"Polygon","coordinates":[[[-94.526562,75.749316],[-94.901221,75.930762],[-94.498682,75.992188],[-94.329541,75.765918],[-94.526562,75.749316]]]}},{"type":"Feature","properties":{"scalerank":0,"featurecla":"Land","min_zoom":3},"bbox":[-79.64375,51.944873,-79.270215,52.098145],"geometry":{"type":"Polygon","coordinates":[[[-79.384277,51.951953],[-79.64375,52.010059],[-79.271289,52.086816],[-79.351514,51.968311],[-79.384277,51.951953]]]}},{"type":"Feature","properties":{"scalerank":0,"featurecla":"Land","min_zoom":3},"bbox":[-78.913818,56.131445,-78.657178,56.439209],"geometry":{"type":"Polygon","coordinates":[[[-78.826514,56.145312],[-78.913818,56.132812],[-78.799414,56.383301],[-78.66875,56.438623],[-78.761377,56.174512],[-78.826514,56.145312]]]}},{"type":"Feature","properties":{"scalerank":0,"featurecla":"Land","min_zoom":2},"bbox":[-80.008252,55.806787,-78.906641,56.600439],"geometry":{"type":"Polygon","coordinates":[[[-78.935596,56.266064],[-79.175488,55.885059],[-79.273633,55.922461],[-79.182129,56.212158],[-79.495117,55.874756],[-79.764746,55.806787],[-79.544727,56.128369],[-79.90459,55.871045],[-80.008252,55.911035],[-79.515283,56.326514],[-79.458887,56.539746],[-79.536328,56.180078],[-79.272412,56.600439],[-78.906641,56.32041],[-78.935596,56.266064]]]}},{"type":"Feature","properties":{"scalerank":0,"featurecla":"Land","min_zoom":4},"bbox":[-79.945703,56.757129,-79.82666,56.865283],"geometry":{"type":"Polygon","coordinates":[[[-79.866992,56.774561],[-79.945703,56.826904],[-79.83501,56.816016],[-79.866992,56.774561]]]}},{"type":"Feature","properties":{"scalerank":0,"featurecla":"Land","min_zoom":4},"bbox":[-79.838232,57.442432,-79.713477,57.607959],"geometry":{"type":"Polygon","coordinates":[[[-79.716504,57.515527],[-79.838232,57.483008],[-79.713477,57.555029],[-79.716504,57.515527]]]}},{"type":"Feature","properties":{"scalerank":0,"featurecla":"Land","min_zoom":3},"bbox":[-80.088867,56.199414,-79.579736,56.466357],"geometry":{"type":"Polygon","coordinates":[[[-79.977588,56.207031],[-80.057471,56.287354],[-79.579736,56.466357],[-79.687939,56.326807],[-79.977588,56.207031]]]}},{"type":"Feature","properties":{"scalerank":0,"featurecla":"Land","min_zoom":4},"bbox":[-80.324658,59.621045,-80.167236,59.724609],"geometry":{"type":"Polygon","coordinates":[[[-80.285254,59.624121],[-80.167236,59.708887],[-80.240527,59.644922],[-80.285254,59.624121]]]}},{"type":"Feature","properties":{"scalerank":0,"featurecla":"Land","min_zoom":4},"bbox":[-80.074023,53.274268,-79.938232,53.364453],"geometry":{"type":"Polygon","coordinates":[[[-79.938232,53.30415],[-80.074023,53.344287],[-79.974561,53.352246],[-79.938232,53.30415]]]}},{"type":"Feature","properties":{"scalerank":0,"featurecla":"Land","min_zoom":3},"bbox":[-80.16709,59.763867,-79.898633,59.876953],"geometry":{"type":"Polygon","coordinates":[[[-80.064209,59.770801],[-80.16709,59.763867],[-79.949609,59.809912],[-80.064209,59.770801]]]}},{"type":"Feature","properties":{"scalerank":0,"featurecla":"Land","min_zoom":4},"bbox":[-79.583545,56.643848,-79.482178,56.79873],"geometry":{"type":"Polygon","coordinates":[[[-79.518164,56.656689],[-79.570117,56.795703],[-79.496533,56.667285],[-79.518164,56.656689]]]}},{"type":"Feature","properties":{"scalerank":0,"featurecla":"Land","min_zoom":3},"bbox":[-97.097656,72.926709,-96.598486,73.188818],"geometry":{"type":"Polygon","coordinates":[[[-96.782324,72.936621],[-97.092773,72.996924],[-97.069238,73.130176],[-96.862402,73.188818],[-96.598486,73.073828],[-96.709229,72.946973],[-96.782324,72.936621]]]}},{"type":"Feature","properties":{"scalerank":0,"featurecla":"Land","min_zoom":3},"bbox":[-97.75,74.465674,-97.291309,74.626563],"geometry":{"type":"Polygon","coordinates":[[[-97.355518,74.526318],[-97.75,74.510547],[-97.303857,74.559668],[-97.355518,74.526318]]]}},{"type":"Feature","properties":{"scalerank":0,"featurecla":"Land","min_zoom":2},"bbox":[-99.416992,73.812061,-97.659131,74.114648],"geometry":{"type":"Polygon","coordinates":[[[-98.270361,73.868506],[-99.416992,73.89541],[-97.659131,74.071631],[-98.146973,73.888818],[-98.270361,73.868506]]]}},{"type":"Feature","properties":{"scalerank":0,"featurecla":"Land","min_zoom":3},"bbox":[-90.492041,69.252197,-90.177393,69.436035],"geometry":{"type":"Polygon","coordinates":[[[-90.199805,69.419092],[-90.295459,69.257812],[-90.492041,69.369873],[-90.228564,69.436035],[-90.199805,69.419092]]]}},{"type":"Feature","properties":{"scalerank":0,"featurecla":"Land","min_zoom":3},"bbox":[-90.771582,69.209424,-90.485352,69.37417],"geometry":{"type":"Polygon","coordinates":[[[-90.492578,69.221094],[-90.765674,69.335986],[-90.599707,69.367822],[-90.485352,69.246631],[-90.492578,69.221094]]]}},{"type":"Feature","properties":{"scalerank":0,"featurecla":"Land","min_zoom":3},"bbox":[-74.626465,62.609668,-73.988184,62.733301],"geometry":{"type":"Polygon","coordinates":[[[-74.000439,62.618408],[-74.626465,62.712744],[-73.988184,62.636084],[-74.000439,62.618408]]]}},{"type":"Feature","properties":{"scalerank":0,"featurecla":"Land","min_zoom":3},"bbox":[-75.403418,68.342236,-74.798242,68.696094],"geometry":{"type":"Polygon","coordinates":[[[-74.880859,68.348682],[-75.396191,68.588818],[-75.074707,68.684717],[-74.818945,68.494434],[-74.844971,68.365967],[-74.880859,68.348682]]]}},{"type":"Feature","properties":{"scalerank":0,"featurecla":"Land","min_zoom":3},"bbox":[-78.669092,60.716895,-78.241699,60.818652],"geometry":{"type":"Polygon","coordinates":[[[-78.531641,60.728564],[-78.668896,60.716895],[-78.241699,60.818652],[-78.372461,60.756396],[-78.531641,60.728564]]]}},{"type":"Feature","properties":{"scalerank":0,"featurecla":"Land","min_zoom":3},"bbox":[-79.174756,68.181787,-78.828516,68.353027],"geometry":{"type":"Polygon","coordinates":[[[-78.982715,68.192822],[-79.174023,68.234961],[-79.153467,68.335254],[-78.828516,68.268164],[-78.982715,68.192822]]]}},{"type":"Feature","properties":{"scalerank":0,"featurecla":"Land","min_zoom":2},"bbox":[-77.364746,63.384033,-76.652441,63.682031],"geometry":{"type":"Polygon","coordinates":[[[-76.677588,63.393945],[-77.364746,63.58833],[-77.133691,63.682031],[-76.652441,63.503564],[-76.677588,63.393945]]]}},{"type":"Feature","properties":{"scalerank":0,"featurecla":"Land","min_zoom":3},"bbox":[-64.956494,62.383594,-64.418066,62.55874],"geometry":{"type":"Polygon","coordinates":[[[-64.823828,62.55874],[-64.418066,62.487402],[-64.657422,62.383594],[-64.956494,62.45835],[-64.848779,62.543311],[-64.823828,62.55874]]]}},{"type":"Feature","properties":{"scalerank":0,"featurecla":"Land","min_zoom":3},"bbox":[-62.871631,67.028809,-62.396338,67.190039],"geometry":{"type":"Polygon","coordinates":[[[-62.681543,67.056299],[-62.871631,67.062598],[-62.396338,67.17832],[-62.484619,67.134229],[-62.681543,67.056299]]]}},{"type":"Feature","properties":{"scalerank":0,"featurecla":"Land","min_zoom":2},"bbox":[-68.367871,60.23291,-67.818848,60.587842],"geometry":{"type":"Polygon","coordinates":[[[-68.233789,60.240918],[-68.367871,60.314746],[-68.087598,60.587842],[-67.818848,60.449512],[-68.012305,60.304639],[-68.233789,60.240918]]]}},{"type":"Feature","properties":{"scalerank":0,"featurecla":"Land","min_zoom":2},"bbox":[-71.220117,62.544824,-70.268848,62.877979],"geometry":{"type":"Polygon","coordinates":[[[-70.337061,62.54873],[-70.766064,62.596875],[-71.220117,62.873926],[-70.442627,62.733789],[-70.288574,62.561572],[-70.337061,62.54873]]]}},{"type":"Feature","properties":{"scalerank":0,"featurecla":"Land","min_zoom":2},"bbox":[-65.432129,61.354443,-64.66958,61.685693],"geometry":{"type":"Polygon","coordinates":[[[-64.832617,61.366064],[-65.432129,61.649512],[-64.789648,61.662207],[-64.66958,61.593018],[-64.787598,61.413281],[-64.832617,61.366064]]]}},{"type":"Feature","properties":{"scalerank":0,"featurecla":"Land","min_zoom":3},"bbox":[-68.221387,69.534863,-67.75459,69.681836],"geometry":{"type":"Polygon","coordinates":[[[-67.914697,69.540967],[-68.221387,69.616748],[-67.75459,69.631445],[-67.844922,69.591748],[-67.914697,69.540967]]]}},{"type":"Feature","properties":{"scalerank":0,"featurecla":"Land","min_zoom":2},"bbox":[-80.794775,69.509668,-79.36499,69.810498],"geometry":{"type":"Polygon","coordinates":[[[-79.430664,69.787793],[-79.36499,69.712354],[-79.552832,69.630859],[-80.04751,69.634326],[-79.977832,69.509668],[-80.794775,69.689258],[-79.593994,69.810498],[-79.430664,69.787793]]]}},{"type":"Feature","properties":{"scalerank":0,"featurecla":"Land","min_zoom":3},"bbox":[-78.848193,69.479736,-77.969141,69.739502],"geometry":{"type":"Polygon","coordinates":[[[-78.029102,69.714893],[-78.03999,69.608398],[-78.848193,69.482812],[-78.145215,69.739209],[-78.029102,69.714893]]]}},{"type":"Feature","properties":{"scalerank":0,"featurecla":"Land","min_zoom":3},"bbox":[-77.965967,63.945703,-77.563623,64.037207],"geometry":{"type":"Polygon","coordinates":[[[-77.64209,63.991895],[-77.965967,63.99292],[-77.563623,64.02207],[-77.64209,63.991895]]]}},{"type":"Feature","properties":{"scalerank":0,"featurecla":"Land","min_zoom":4},"bbox":[-83.237842,66.199268,-82.931348,66.336475],"geometry":{"type":"Polygon","coordinates":[[[-83.123486,66.282813],[-82.931348,66.257324],[-83.059863,66.199268],[-83.222266,66.336475],[-83.123486,66.282813]]]}},{"type":"Feature","properties":{"scalerank":0,"featurecla":"Land","min_zoom":2},"bbox":[-79.405762,68.838721,-78.228955,69.389502],"geometry":{"type":"Polygon","coordinates":[[[-79.210645,68.845459],[-79.405762,68.923047],[-78.650195,69.351221],[-78.234082,69.3146],[-79.053613,68.88291],[-79.210645,68.845459]]]}},{"type":"Feature","properties":{"scalerank":0,"featurecla":"Land","min_zoom":2},"bbox":[-77.379395,69.132129,-76.668848,69.440088],"geometry":{"type":"Polygon","coordinates":[[[-76.995361,69.14375],[-77.321924,69.193604],[-77.340918,69.403857],[-76.668848,69.366162],[-76.91123,69.174658],[-76.995361,69.14375]]]}},{"type":"Feature","properties":{"scalerank":0,"featurecla":"Land","min_zoom":3},"bbox":[-65.235352,61.73252,-64.845508,61.943213],"geometry":{"type":"Polygon","coordinates":[[[-65.030566,61.879053],[-64.84707,61.761523],[-65.230273,61.864014],[-65.068359,61.926025],[-65.030566,61.879053]]]}},{"type":"Feature","properties":{"scalerank":0,"featurecla":"Land","min_zoom":3},"bbox":[-87.323242,69.976318,-86.515234,70.14668],"geometry":{"type":"Polygon","coordinates":[[[-86.913037,70.113232],[-86.515234,70.017041],[-87.323242,70.080127],[-87.107275,70.14668],[-86.913037,70.113232]]]}},{"type":"Feature","properties":{"scalerank":0,"featurecla":"Land","min_zoom":2},"bbox":[-84.467383,65.62998,-83.23374,66.131006],"geometry":{"type":"Polygon","coordinates":[[[-83.725977,65.796729],[-83.233936,65.696582],[-84.118262,65.771777],[-84.143213,65.915967],[-84.467383,66.088281],[-83.950391,66.02749],[-83.701367,65.920117],[-83.765137,65.831152],[-83.725977,65.796729]]]}},{"type":"Feature","properties":{"scalerank":0,"featurecla":"Land","min_zoom":2},"bbox":[-86.959814,67.734863,-86.382422,68.305615],"geometry":{"type":"Polygon","coordinates":[[[-86.595557,67.735938],[-86.892529,67.836572],[-86.84707,68.010254],[-86.959814,68.100244],[-86.7021,68.305615],[-86.421143,68.183447],[-86.382422,67.927295],[-86.546045,67.752197],[-86.595557,67.735938]]]}},{"type":"Feature","properties":{"scalerank":0,"featurecla":"Land","min_zoom":2},"bbox":[-85.175684,65.563721,-84.602246,66.025488],"geometry":{"type":"Polygon","coordinates":[[[-84.674756,65.575],[-85.096338,65.756201],[-85.149609,66.015381],[-84.919824,65.997021],[-84.62627,65.604053],[-84.674756,65.575]]]}},{"type":"Feature","properties":{"scalerank":0,"featurecla":"Land","min_zoom":4},"bbox":[-93.19668,61.841699,-92.993018,61.93501],"geometry":{"type":"Polygon","coordinates":[[[-93.043945,61.844092],[-93.19668,61.918555],[-92.999951,61.86748],[-93.043945,61.844092]]]}},{"type":"Feature","properties":{"scalerank":0,"featurecla":"Land","min_zoom":2},"bbox":[-104.406055,75.763428,-102.008008,76.311475],"geometry":{"type":"Polygon","coordinates":[[[-102.227344,76.014893],[-102.008008,75.939404],[-102.57959,75.780225],[-103.314746,75.764209],[-103.041504,75.918848],[-103.769775,75.892383],[-103.985254,75.933105],[-103.800781,76.037012],[-104.406055,76.108496],[-103.098242,76.311475],[-102.584082,76.281641],[-102.425684,76.086426],[-102.227344,76.014893]]]}},{"type":"Feature","properties":{"scalerank":0,"featurecla":"Land","min_zoom":3},"bbox":[-101.613086,76.575,-100.269141,76.75249],"geometry":{"type":"Polygon","coordinates":[[[-101.226123,76.579346],[-101.613086,76.60459],[-100.269141,76.734131],[-100.746582,76.64917],[-101.226123,76.579346]]]}},{"type":"Feature","properties":{"scalerank":0,"featurecla":"Land","min_zoom":2},"bbox":[-104.603027,76.32627,-103.033545,76.666113],"geometry":{"type":"Polygon","coordinates":[[[-104.022852,76.583105],[-103.033545,76.431494],[-104.35752,76.334619],[-104.603027,76.582715],[-103.969189,76.61416],[-104.022852,76.583105]]]}},{"type":"Feature","properties":{"scalerank":0,"featurecla":"Land","min_zoom":3},"bbox":[-103.273584,78.126367,-102.788281,78.27124],"geometry":{"type":"Polygon","coordinates":[[[-103.003369,78.146436],[-103.273584,78.165771],[-102.788281,78.218164],[-103.003369,78.146436]]]}},{"type":"Feature","properties":{"scalerank":0,"featurecla":"Land","min_zoom":3},"bbox":[-102.475049,77.687354,-101.002051,77.899609],"geometry":{"type":"Polygon","coordinates":[[[-101.693555,77.696582],[-102.377832,77.728125],[-102.471533,77.873486],[-101.639404,77.89209],[-101.002051,77.735107],[-101.58457,77.718311],[-101.693555,77.696582]]]}},{"type":"Feature","properties":{"scalerank":0,"featurecla":"Land","min_zoom":3},"bbox":[-90.5625,76.487549,-89.694434,76.836963],"geometry":{"type":"Polygon","coordinates":[[[-89.726465,76.507422],[-90.164551,76.523584],[-90.5625,76.754297],[-89.948779,76.83623],[-89.69541,76.741162],[-89.822119,76.630615],[-89.726367,76.520801],[-89.726465,76.507422]]]}},{"type":"Feature","properties":{"scalerank":0,"featurecla":"Land","min_zoom":3},"bbox":[-97.020654,75.369141,-95.959863,75.654639],"geometry":{"type":"Polygon","coordinates":[[[-96.078564,75.510107],[-96.857129,75.369141],[-97.020654,75.468066],[-96.367822,75.654639],[-95.968604,75.541846],[-96.078564,75.510107]]]}},{"type":"Feature","properties":{"scalerank":0,"featurecla":"Land","min_zoom":3},"bbox":[-95.850732,74.500391,-95.274463,74.636914],"geometry":{"type":"Polygon","coordinates":[[[-95.306641,74.50542],[-95.850732,74.582471],[-95.510205,74.636768],[-95.274463,74.519189],[-95.306641,74.50542]]]}},{"type":"Feature","properties":{"scalerank":0,"featurecla":"Land","min_zoom":2},"bbox":[-115.029346,77.720703,-113.61792,78.077539],"geometry":{"type":"Polygon","coordinates":[[[-113.832471,77.754639],[-114.60835,77.769336],[-115.029346,77.967529],[-114.330371,78.077539],[-113.61792,77.832422],[-113.72583,77.775781],[-113.832471,77.754639]]]}},{"type":"Feature","properties":{"scalerank":0,"featurecla":"Land","min_zoom":4},"bbox":[-121.240918,75.740625,-120.878711,75.9375],"geometry":{"type":"Polygon","coordinates":[[[-121.076221,75.745264],[-121.240918,75.751855],[-120.887793,75.927979],[-121.006641,75.765723],[-121.076221,75.745264]]]}},{"type":"Feature","properties":{"scalerank":0,"featurecla":"Land","min_zoom":3},"bbox":[-114.835254,76.710547,-113.487598,76.894873],"geometry":{"type":"Polygon","coordinates":[[[-113.560693,76.743262],[-114.835254,76.794678],[-113.89165,76.894873],[-113.487598,76.783252],[-113.560693,76.743262]]]}},{"type":"Feature","properties":{"scalerank":0,"featurecla":"Land","min_zoom":2},"bbox":[-104.887402,75.030957,-103.642139,75.429932],"geometry":{"type":"Polygon","coordinates":[[[-104.119922,75.036328],[-104.887402,75.147754],[-104.47417,75.413037],[-104.074658,75.424512],[-103.643506,75.186572],[-103.813916,75.079736],[-104.119922,75.036328]]]}},{"type":"Feature","properties":{"scalerank":0,"featurecla":"Land","min_zoom":0},"bbox":[-59.362402,46.628271,-52.653662,51.596387],"geometry":{"type":"Polygon","coordinates":[[[-55.45874,51.536523],[-55.583398,51.388574],[-56.031104,51.328369],[-55.999902,51.199268],[-55.815088,51.191162],[-55.8,51.033301],[-56.732324,50.007715],[-56.822168,49.613477],[-56.179395,50.11499],[-56.161279,49.940137],[-55.50293,49.983154],[-56.140186,49.619141],[-55.869824,49.670166],[-56.087305,49.451953],[-55.375928,49.489746],[-55.343848,49.3729],[-55.229541,49.508154],[-55.353174,49.079443],[-54.502197,49.527344],[-54.448242,49.329443],[-53.957715,49.441846],[-53.619434,49.321631],[-53.573437,49.141211],[-54.161279,48.787695],[-53.852881,48.811328],[-53.966016,48.706689],[-53.706348,48.655518],[-54.114453,48.393604],[-53.027588,48.634717],[-53.135742,48.401855],[-53.86958,48.019678],[-53.638232,48.014648],[-53.863672,47.787012],[-53.672363,47.648242],[-53.282715,47.997852],[-52.866016,48.112988],[-53.153857,47.73457],[-53.169824,47.512109],[-52.94502,47.552832],[-52.782422,47.769434],[-52.653662,47.549414],[-53.069775,46.68125],[-53.589795,46.638867],[-53.597363,47.145996],[-54.00957,46.8396],[-54.17373,46.880371],[-53.849512,47.440332],[-53.989014,47.756201],[-54.191846,47.859814],[-54.488135,47.403857],[-54.473926,47.54707],[-54.856641,47.38501],[-55.315723,46.905713],[-55.788525,46.867236],[-55.949902,46.927686],[-55.919238,47.016895],[-55.491504,47.160645],[-54.784619,47.664746],[-55.366309,47.661084],[-55.576123,47.465234],[-56.127246,47.502832],[-55.86709,47.592334],[-55.85791,47.819189],[-56.774121,47.56499],[-58.336865,47.730859],[-58.941162,47.580469],[-59.259766,47.63418],[-59.340869,47.933643],[-58.330225,48.522119],[-59.167676,48.558496],[-58.841797,48.746436],[-58.906445,48.650195],[-58.716455,48.598047],[-58.403662,49.084326],[-57.990527,48.987939],[-58.098926,49.077441],[-57.980078,49.229639],[-58.190918,49.25874],[-58.213379,49.38667],[-58.01582,49.54248],[-57.791309,49.48999],[-57.926172,49.70083],[-57.432617,50.505811],[-57.17959,50.614844],[-57.297998,50.69873],[-57.053271,50.857324],[-57.035937,51.01084],[-56.517969,51.399316],[-56.025586,51.568359],[-55.69043,51.471338],[-55.666406,51.578906],[-55.453223,51.562305],[-55.45874,51.536523]]]}},{"type":"Feature","properties":{"scalerank":0,"featurecla":"Land","min_zoom":4},"bbox":[-55.633887,50.708691,-55.469287,50.801221],"geometry":{"type":"Polygon","coordinates":[[[-55.536133,50.719678],[-55.633887,50.740186],[-55.503809,50.742139],[-55.536133,50.719678]]]}},{"type":"Feature","properties":{"scalerank":0,"featurecla":"Land","min_zoom":3},"bbox":[-54.863574,49.496143,-54.537695,49.631494],"geometry":{"type":"Polygon","coordinates":[[[-54.554395,49.588867],[-54.786523,49.496143],[-54.863574,49.576074],[-54.537695,49.619971],[-54.554395,49.588867]]]}},{"type":"Feature","properties":{"scalerank":0,"featurecla":"Land","min_zoom":4},"bbox":[-55.419629,51.888818,-55.274072,51.995166],"geometry":{"type":"Polygon","coordinates":[[[-55.36123,51.889648],[-55.408887,51.888818],[-55.419629,51.900049],[-55.399805,51.938477],[-55.346484,51.982861],[-55.274072,51.995166],[-55.293555,51.92998],[-55.36123,51.889648]]]}},{"type":"Feature","properties":{"scalerank":0,"featurecla":"Land","min_zoom":3},"bbox":[-54.28877,49.587012,-53.980664,49.751172],"geometry":{"type":"Polygon","coordinates":[[[-54.093701,49.744434],[-53.980664,49.661963],[-54.286133,49.595361],[-54.137695,49.751172],[-54.093701,49.744434]]]}},{"type":"Feature","properties":{"scalerank":0,"featurecla":"Land","min_zoom":3},"bbox":[-56.386914,46.795312,-56.255469,47.098975],"geometry":{"type":"Polygon","coordinates":[[[-56.26709,46.838477],[-56.384766,46.819434],[-56.364648,47.098975],[-56.255469,46.860986],[-56.26709,46.838477]]]}},{"type":"Feature","properties":{"scalerank":0,"featurecla":"Land","min_zoom":3},"bbox":[-54.325977,47.406543,-54.128174,47.646826],"geometry":{"type":"Polygon","coordinates":[[[-54.227148,47.441357],[-54.325977,47.408105],[-54.147559,47.573096],[-54.227148,47.441357]]]}},{"type":"Feature","properties":{"scalerank":0,"featurecla":"Land","min_zoom":3},"bbox":[-100.625391,68.723828,-100.178467,69.035059],"geometry":{"type":"Polygon","coordinates":[[[-100.217236,68.806689],[-100.596533,68.766406],[-100.611572,68.990186],[-100.178467,68.903906],[-100.217236,68.806689]]]}},{"type":"Feature","properties":{"scalerank":0,"featurecla":"Land","min_zoom":3},"bbox":[-100.247363,68.954004,-99.994678,69.129492],"geometry":{"type":"Polygon","coordinates":[[[-99.994678,69.013525],[-100.247363,69.052783],[-100.005615,69.047119],[-99.994678,69.013525]]]}},{"type":"Feature","properties":{"scalerank":0,"featurecla":"Land","min_zoom":3},"bbox":[-100.67832,70.487695,-100.276123,70.670312],"geometry":{"type":"Polygon","coordinates":[[[-100.30835,70.495801],[-100.67832,70.646191],[-100.276123,70.594629],[-100.305518,70.508398],[-100.30835,70.495801]]]}},{"type":"Feature","properties":{"scalerank":0,"featurecla":"Land","min_zoom":3},"bbox":[-95.994775,69.335693,-95.380908,69.625732],"geometry":{"type":"Polygon","coordinates":[[[-95.513672,69.573633],[-95.380908,69.506592],[-95.49624,69.350098],[-95.730127,69.347559],[-95.763623,69.559619],[-95.893457,69.351758],[-95.985937,69.391895],[-95.87583,69.606006],[-95.60249,69.601807],[-95.513672,69.573633]]]}},{"type":"Feature","properties":{"scalerank":0,"featurecla":"Land","min_zoom":3},"bbox":[-101.356494,69.388477,-101.000635,69.576074],"geometry":{"type":"Polygon","coordinates":[[[-101.171729,69.39707],[-101.351318,69.559229],[-101.000635,69.461914],[-101.126953,69.414697],[-101.171729,69.39707]]]}},{"type":"Feature","properties":{"scalerank":0,"featurecla":"Land","min_zoom":3},"bbox":[-102.308154,68.584961,-101.721631,68.825391],"geometry":{"type":"Polygon","coordinates":[[[-101.845898,68.586328],[-102.308154,68.681982],[-102.013379,68.825391],[-101.732959,68.753418],[-101.794287,68.636865],[-101.845898,68.586328]]]}},{"type":"Feature","properties":{"scalerank":0,"featurecla":"Land","min_zoom":3},"bbox":[-105.051367,68.402197,-104.440479,68.581787],"geometry":{"type":"Polygon","coordinates":[[[-104.540674,68.405908],[-105.051367,68.559033],[-104.602002,68.561523],[-104.457129,68.431152],[-104.540674,68.405908]]]}},{"type":"Feature","properties":{"scalerank":0,"featurecla":"Land","min_zoom":3},"bbox":[-108.152246,67.318213,-107.890967,67.664893],"geometry":{"type":"Polygon","coordinates":[[[-107.899854,67.401807],[-107.950244,67.318213],[-108.152246,67.429443],[-108.127539,67.628564],[-107.990869,67.622119],[-107.890967,67.437207],[-107.899854,67.401807]]]}},{"type":"Feature","properties":{"scalerank":0,"featurecla":"Land","min_zoom":4},"bbox":[-109.183594,67.878809,-108.886035,67.982373],"geometry":{"type":"Polygon","coordinates":[[[-109.166406,67.982373],[-108.886035,67.898535],[-109.183594,67.975],[-109.166406,67.982373]]]}},{"type":"Feature","properties":{"scalerank":0,"featurecla":"Land","min_zoom":3},"bbox":[-108.092725,66.857812,-107.805518,67.005176],"geometry":{"type":"Polygon","coordinates":[[[-108.092725,67.005176],[-107.805518,66.998584],[-107.943945,66.857812],[-108.059717,66.946875],[-108.092725,67.005176]]]}},{"type":"Feature","properties":{"scalerank":0,"featurecla":"Land","min_zoom":4},"bbox":[-109.497949,67.987598,-109.323145,68.097998],"geometry":{"type":"Polygon","coordinates":[[[-109.323145,67.990869],[-109.36084,67.987598],[-109.497949,68.047021],[-109.469141,68.097998],[-109.341699,68.04585],[-109.323535,68.01333],[-109.323145,67.990869]]]}},{"type":"Feature","properties":{"scalerank":0,"featurecla":"Land","min_zoom":3},"bbox":[-61.19585,56.015137,-60.955371,56.14082],"geometry":{"type":"Polygon","coordinates":[[[-60.994482,56.039307],[-61.19585,56.063916],[-60.955371,56.08042],[-60.994482,56.039307]]]}},{"type":"Feature","properties":{"scalerank":0,"featurecla":"Land","min_zoom":3},"bbox":[-62.01123,57.416064,-61.6375,57.579346],"geometry":{"type":"Polygon","coordinates":[[[-61.743604,57.55459],[-61.6375,57.416064],[-62.01123,57.548486],[-61.84834,57.579346],[-61.743604,57.55459]]]}},{"type":"Feature","properties":{"scalerank":0,"featurecla":"Land","min_zoom":3},"bbox":[-69.352832,58.960742,-69.155176,59.146143],"geometry":{"type":"Polygon","coordinates":[[[-69.160059,59.040234],[-69.352832,58.960742],[-69.303223,59.144873],[-69.155176,59.063574],[-69.160059,59.040234]]]}},{"type":"Feature","properties":{"scalerank":0,"featurecla":"Land","min_zoom":3},"bbox":[22.077148,60.165576,22.415527,60.370752],"geometry":{"type":"Polygon","coordinates":[[[22.175098,60.370752],[22.415527,60.303369],[22.312891,60.269971],[22.360547,60.165576],[22.077148,60.286328],[22.125879,60.355859],[22.175098,60.370752]]]}},{"type":"Feature","properties":{"scalerank":0,"featurecla":"Land","min_zoom":3},"bbox":[21.214551,60.479785,21.450879,60.638281],"geometry":{"type":"Polygon","coordinates":[[[21.450879,60.52959],[21.3,60.479785],[21.214551,60.603857],[21.30127,60.595557],[21.450879,60.52959]]]}},{"type":"Feature","properties":{"scalerank":0,"featurecla":"Land","min_zoom":4},"bbox":[21.69502,60.106152,21.864355,60.201807],"geometry":{"type":"Polygon","coordinates":[[[21.833203,60.140527],[21.733105,60.106152],[21.69502,60.114355],[21.704785,60.172314],[21.764258,60.198828],[21.864355,60.201807],[21.833203,60.140527]]]}},{"type":"Feature","properties":{"scalerank":0,"featurecla":"Land","min_zoom":3},"bbox":[-64.836426,60.297852,-64.407031,60.5146],"geometry":{"type":"Polygon","coordinates":[[[-64.407031,60.36709],[-64.737939,60.375635],[-64.836426,60.501025],[-64.499805,60.430225],[-64.407031,60.36709]]]}},{"type":"Feature","properties":{"scalerank":0,"featurecla":"Land","min_zoom":3},"bbox":[126.00752,34.706982,126.171973,34.914844],"geometry":{"type":"Polygon","coordinates":[[[126.171973,34.731152],[126.00752,34.86748],[126.168555,34.829687],[126.171973,34.731152]]]}},{"type":"Feature","properties":{"scalerank":0,"featurecla":"Land","min_zoom":3},"bbox":[72.349707,-7.435352,72.498535,-7.22041],"geometry":{"type":"Polygon","coordinates":[[[72.491992,-7.377441],[72.429102,-7.435352],[72.349707,-7.263379],[72.447266,-7.395703],[72.445605,-7.22041],[72.498535,-7.294824],[72.491992,-7.377441]]]}},{"type":"Feature","properties":{"scalerank":0,"featurecla":"Land","min_zoom":4},"bbox":[-139.631787,-8.947949,-139.50835,-8.860059],"geometry":{"type":"Polygon","coordinates":[[[-139.556201,-8.940234],[-139.611768,-8.872363],[-139.509912,-8.915625],[-139.556201,-8.940234]]]}},{"type":"Feature","properties":{"scalerank":0,"featurecla":"Land","min_zoom":3},"bbox":[157.453516,-8.794043,157.64541,-8.69707],"geometry":{"type":"Polygon","coordinates":[[[157.64541,-8.758887],[157.453516,-8.705957],[157.623242,-8.73457],[157.64541,-8.758887]]]}},{"type":"Feature","properties":{"scalerank":0,"featurecla":"Land","min_zoom":4},"bbox":[20.397949,60.01167,20.611328,60.074902],"geometry":{"type":"Polygon","coordinates":[[[20.611328,60.040674],[20.397949,60.040674],[20.569141,60.069629],[20.611328,60.040674]]]}},{"type":"Feature","properties":{"scalerank":0,"featurecla":"Land","min_zoom":4},"bbox":[21.486035,60.0979,21.648145,60.172314],"geometry":{"type":"Polygon","coordinates":[[[21.62832,60.107812],[21.486035,60.126807],[21.648145,60.140869],[21.62832,60.107812]]]}},{"type":"Feature","properties":{"scalerank":0,"featurecla":"Land","min_zoom":3},"bbox":[24.576563,64.957813,24.997559,65.086426],"geometry":{"type":"Polygon","coordinates":[[[24.848242,64.991016],[24.576563,65.042871],[24.997559,65.038721],[24.891797,65.02627],[24.848242,64.991016]]]}},{"type":"Feature","properties":{"scalerank":0,"featurecla":"Land","min_zoom":3},"bbox":[29.744238,69.767529,30.055176,69.905566],"geometry":{"type":"Polygon","coordinates":[[[29.956152,69.796777],[29.744238,69.791602],[29.83584,69.905566],[30.055176,69.838379],[29.956152,69.796777]]]}},{"type":"Feature","properties":{"scalerank":0,"featurecla":"Land","min_zoom":4},"bbox":[4.799023,61.071924,4.973242,61.199365],"geometry":{"type":"Polygon","coordinates":[[[4.958691,61.08457],[4.799023,61.082715],[4.861621,61.193848],[4.973242,61.148242],[4.958691,61.08457]]]}},{"type":"Feature","properties":{"scalerank":0,"featurecla":"Land","min_zoom":3},"bbox":[7.804004,63.336914,8.140918,63.470801],"geometry":{"type":"Polygon","coordinates":[[[8.102734,63.337598],[7.804004,63.413916],[8.073535,63.470801],[8.140918,63.366406],[8.102734,63.337598]]]}},{"type":"Feature","properties":{"scalerank":0,"featurecla":"Land","min_zoom":3},"bbox":[8.287109,63.664795,8.814844,63.804639],"geometry":{"type":"Polygon","coordinates":[[[8.470801,63.667139],[8.287109,63.687158],[8.764648,63.804639],[8.786523,63.703467],[8.470801,63.667139]]]}},{"type":"Feature","properties":{"scalerank":0,"featurecla":"Land","min_zoom":3},"bbox":[12.429492,65.899072,12.778809,66.011377],"geometry":{"type":"Polygon","coordinates":[[[12.50957,65.901953],[12.430176,65.939941],[12.718652,65.963867],[12.50957,65.901953]]]}},{"type":"Feature","properties":{"scalerank":0,"featurecla":"Land","min_zoom":3},"bbox":[12.327344,66.036621,12.622656,66.210547],"geometry":{"type":"Polygon","coordinates":[[[12.419922,66.043262],[12.327344,66.036621],[12.527441,66.210547],[12.576367,66.071924],[12.419922,66.043262]]]}},{"type":"Feature","properties":{"scalerank":0,"featurecla":"Land","min_zoom":3},"bbox":[19.599023,70.068457,20.088477,70.273584],"geometry":{"type":"Polygon","coordinates":[[[19.76748,70.216699],[20.088477,70.102051],[19.780859,70.077441],[19.613477,70.219092],[19.683789,70.273584],[19.76748,70.216699]]]}},{"type":"Feature","properties":{"scalerank":0,"featurecla":"Land","min_zoom":2},"bbox":[21.994531,70.50918,23.440527,70.842578],"geometry":{"type":"Polygon","coordinates":[[[23.440527,70.815771],[22.829102,70.541553],[22.358691,70.514795],[21.994531,70.657129],[23.395605,70.842578],[23.440527,70.815771]]]}},{"type":"Feature","properties":{"scalerank":0,"featurecla":"Land","min_zoom":3},"bbox":[20.405078,70.057031,20.819434,70.230859],"geometry":{"type":"Polygon","coordinates":[[[20.779199,70.089746],[20.405078,70.119141],[20.819434,70.205469],[20.779199,70.089746]]]}},{"type":"Feature","properties":{"scalerank":0,"featurecla":"Land","min_zoom":3},"bbox":[25.314941,70.953809,26.146875,71.14209],"geometry":{"type":"Polygon","coordinates":[[[25.586328,71.14209],[26.146875,71.039502],[25.760156,70.953809],[25.314941,71.034131],[25.423438,71.097412],[25.586328,71.14209]]]}},{"type":"Feature","properties":{"scalerank":0,"featurecla":"Land","min_zoom":3},"bbox":[22.917773,70.282617,23.641016,70.61709],"geometry":{"type":"Polygon","coordinates":[[[23.615332,70.549316],[23.641016,70.463965],[23.270703,70.296484],[22.917871,70.384668],[23.578906,70.593652],[23.615332,70.549316]]]}},{"type":"Feature","properties":{"scalerank":0,"featurecla":"Land","min_zoom":3},"bbox":[23.663281,70.52749,24.07832,70.747363],"geometry":{"type":"Polygon","coordinates":[[[24.017578,70.567383],[23.827148,70.52749],[23.663281,70.675244],[24.07832,70.650586],[24.017578,70.567383]]]}},{"type":"Feature","properties":{"scalerank":0,"featurecla":"Land","min_zoom":3},"bbox":[13.199512,67.995361,14.118848,68.276123],"geometry":{"type":"Polygon","coordinates":[[[13.872852,68.265332],[14.118848,68.246826],[13.229395,67.995361],[13.300195,68.160449],[13.784082,68.276123],[13.872852,68.265332]]]}},{"type":"Feature","properties":{"scalerank":0,"featurecla":"Land","min_zoom":3},"bbox":[12.824023,67.82124,13.122852,68.071338],"geometry":{"type":"Polygon","coordinates":[[[12.971777,67.874121],[12.824023,67.82124],[13.068066,68.071338],[13.074609,67.93457],[12.971777,67.874121]]]}},{"type":"Feature","properties":{"scalerank":0,"featurecla":"Land","min_zoom":2},"bbox":[16.810449,69.013672,18.076758,69.59624],"geometry":{"type":"Polygon","coordinates":[[[17.503027,69.59624],[18.076758,69.395752],[17.950684,69.198145],[17.487891,69.196826],[17.08252,69.013672],[16.810449,69.070703],[16.971777,69.137891],[17.001758,69.361914],[17.36084,69.381494],[17.229883,69.477686],[17.488184,69.586865],[17.503027,69.59624]]]}},{"type":"Feature","properties":{"scalerank":0,"featurecla":"Land","min_zoom":2},"bbox":[18.061523,69.535498,19.607813,70.247461],"geometry":{"type":"Polygon","coordinates":[[[19.255078,70.066406],[19.607813,70.019141],[18.784766,69.579004],[18.061523,69.6021],[18.674023,69.781641],[18.686523,69.890918],[19.050977,70.037842],[19.132715,70.244141],[19.249414,70.178564],[19.255078,70.066406]]]}},{"type":"Feature","properties":{"scalerank":0,"featurecla":"Land","min_zoom":2},"bbox":[14.257227,68.178271,16.547363,69.302051],"geometry":{"type":"Polygon","coordinates":[[[15.760352,68.56123],[16.275586,68.868311],[16.547363,68.716553],[15.975293,68.40249],[14.25752,68.190771],[14.58584,68.400342],[15.095313,68.441406],[15.412598,68.61582],[15.564258,68.87373],[15.443652,68.919189],[15.483008,69.043457],[15.892676,69.277881],[16.129492,69.273926],[15.811719,69.024219],[15.92793,68.733203],[15.790723,68.617041],[15.760352,68.56123]]]}},{"type":"Feature","properties":{"scalerank":0,"featurecla":"Land","min_zoom":2},"bbox":[14.373438,68.606348,15.396582,69.008008],"geometry":{"type":"Polygon","coordinates":[[[15.207129,68.943115],[15.396582,68.783594],[15.22207,68.616309],[14.373438,68.711426],[15.175586,68.981543],[15.207129,68.943115]]]}},{"type":"Feature","properties":{"scalerank":0,"featurecla":"Land","min_zoom":3},"bbox":[10.739844,64.838037,11.246191,64.978711],"geometry":{"type":"Polygon","coordinates":[[[11.231445,64.865869],[10.739844,64.870312],[11.020996,64.978711],[11.246191,64.90791],[11.231445,64.865869]]]}},{"type":"Feature","properties":{"scalerank":0,"featurecla":"Land","min_zoom":3},"bbox":[4.930078,60.18877,5.089063,60.452051],"geometry":{"type":"Polygon","coordinates":[[[5.08584,60.307568],[5.089063,60.18877],[4.955566,60.243311],[4.930078,60.412061],[5.050195,60.388965],[5.08584,60.307568]]]}},{"type":"Feature","properties":{"scalerank":0,"featurecla":"Land","min_zoom":4},"bbox":[11.765137,65.595703,12.003223,65.705908],"geometry":{"type":"Polygon","coordinates":[[[11.967969,65.626514],[11.765137,65.630957],[12.003223,65.679443],[11.967969,65.626514]]]}},{"type":"Feature","properties":{"scalerank":0,"featurecla":"Land","min_zoom":3},"bbox":[-79.69873,75.825635,-78.845166,76.145898],"geometry":{"type":"Polygon","coordinates":[[[-79.063086,75.925879],[-79.69873,75.883252],[-78.845166,76.106299],[-79.056641,75.985156],[-79.063086,75.925879]]]}},{"type":"Feature","properties":{"scalerank":0,"featurecla":"Land","min_zoom":3},"bbox":[-72.494922,77.316455,-71.433447,77.46709],"geometry":{"type":"Polygon","coordinates":[[[-71.667334,77.325293],[-72.494922,77.385547],[-72.089062,77.46709],[-71.46709,77.353662],[-71.667334,77.325293]]]}},{"type":"Feature","properties":{"scalerank":0,"featurecla":"Land","min_zoom":0},"bbox":[-47.351221,82.066016,-44.749902,82.692139],"geometry":{"type":"Polygon","coordinates":[[[-44.864551,82.083643],[-46.751904,82.348193],[-47.351221,82.599219],[-46.39917,82.692139],[-45.411377,82.577539],[-44.749902,82.401123],[-44.776367,82.242383],[-44.864551,82.083643]]]}},{"type":"Feature","properties":{"scalerank":0,"featurecla":"Land","min_zoom":3},"bbox":[-19.610547,81.814307,-18.664746,82.123193],"geometry":{"type":"Polygon","coordinates":[[[-18.664746,81.846484],[-19.031445,81.827197],[-19.610547,82.078125],[-19.314551,82.123193],[-18.812695,81.949463],[-18.664746,81.846484]]]}},{"type":"Feature","properties":{"scalerank":0,"featurecla":"Land","min_zoom":2},"bbox":[-19.138281,79.71123,-17.40083,80.055176],"geometry":{"type":"Polygon","coordinates":[[[-17.6125,79.825879],[-18.662012,79.72002],[-19.138281,79.852344],[-17.98291,80.055176],[-17.40083,79.940479],[-17.6125,79.825879]]]}},{"type":"Feature","properties":{"scalerank":0,"featurecla":"Land","min_zoom":3},"bbox":[-19.314697,77.938525,-18.882471,78.441211],"geometry":{"type":"Polygon","coordinates":[[[-18.997168,77.973779],[-19.129492,77.938525],[-19.314697,78.344189],[-18.9354,78.423584],[-18.882471,78.114893],[-18.997168,77.973779]]]}},{"type":"Feature","properties":{"scalerank":0,"featurecla":"Land","min_zoom":3},"bbox":[-19.085352,76.015869,-18.582617,76.703809],"geometry":{"type":"Polygon","coordinates":[[[-18.582617,76.042334],[-18.697266,76.015869],[-19.085352,76.430371],[-19.058887,76.694971],[-18.732617,76.642041],[-18.662012,76.403906],[-18.582617,76.042334]]]}},{"type":"Feature","properties":{"scalerank":0,"featurecla":"Land","min_zoom":2},"bbox":[-18.891309,74.992773,-17.391992,75.407324],"geometry":{"type":"Polygon","coordinates":[[[-18.000537,75.407324],[-17.885889,75.204443],[-17.391992,75.036914],[-18.891309,75.072168],[-18.856055,75.319141],[-18.229883,75.37207],[-18.000537,75.407324]]]}},{"type":"Feature","properties":{"scalerank":0,"featurecla":"Land","min_zoom":3},"bbox":[-18.22002,77.642334,-17.641357,77.874609],"geometry":{"type":"Polygon","coordinates":[[[-17.953711,77.642334],[-18.22002,77.668359],[-17.813574,77.874609],[-17.641357,77.782471],[-17.729492,77.706396],[-17.953711,77.642334]]]}},{"type":"Feature","properties":{"scalerank":0,"featurecla":"Land","min_zoom":0},"bbox":[-72.818066,59.815479,-11.425537,83.599609],"geometry":{"type":"Polygon","coordinates":[[[-29.952881,83.564844],[-25.795068,83.260986],[-31.992676,83.085352],[-32.032715,82.983447],[-25.123389,83.159619],[-24.470312,82.877393],[-22.524902,82.78916],[-21.520654,82.59541],[-23.118066,82.324707],[-29.579395,82.161182],[-29.887402,82.054834],[-29.543848,81.939941],[-27.839502,82.048877],[-25.148828,82.001123],[-24.293066,81.700977],[-23.496143,81.773047],[-22.940088,82.030518],[-21.337988,82.068701],[-21.130322,81.934229],[-21.146582,81.695166],[-21.503906,81.4375],[-23.072461,80.926709],[-23.196387,80.847363],[-23.117725,80.778174],[-19.629932,81.639893],[-17.456055,81.397705],[-16.120703,81.776611],[-14.241992,81.813867],[-12.434424,81.68252],[-11.425537,81.480615],[-13.126221,81.087793],[-14.452344,80.993115],[-14.228564,80.870459],[-14.503564,80.763281],[-16.760596,80.573389],[-15.937256,80.427637],[-16.48877,80.251953],[-18.070947,80.17207],[-19.429199,80.257715],[-20.150146,80.01123],[-20.068848,79.773779],[-19.353027,79.73418],[-19.414014,79.348828],[-18.991992,79.178369],[-21.13374,78.658643],[-20.955664,78.555029],[-21.72959,77.708545],[-21.379687,77.697559],[-20.862598,77.911865],[-19.49043,77.718896],[-19.296094,77.585254],[-20.162061,77.689844],[-20.680811,77.618994],[-20.231934,77.368408],[-19.300293,77.222363],[-18.442627,77.259375],[-18.292383,77.132861],[-18.337256,76.921191],[-18.605762,76.763281],[-20.486719,76.920801],[-21.614697,76.687891],[-22.334326,76.793701],[-22.606641,76.680762],[-21.877344,76.573486],[-21.488232,76.271875],[-20.887402,76.304004],[-19.862891,76.120654],[-19.957715,75.99668],[-19.508984,75.75752],[-19.399512,75.494434],[-19.375293,75.298193],[-19.526367,75.180225],[-20.484961,75.314258],[-21.649316,75.023438],[-22.232861,75.119727],[-21.695117,74.964453],[-20.985791,75.074365],[-20.795312,74.805957],[-21.038477,74.65415],[-20.861572,74.635937],[-20.41709,74.975195],[-19.984912,74.975195],[-19.287012,74.546387],[-19.271582,74.342627],[-21.129443,74.110889],[-21.954932,74.244287],[-21.761963,74.482764],[-21.982617,74.56748],[-21.972705,74.390039],[-22.334326,74.286377],[-22.195654,74.205713],[-22.335254,74.063428],[-22.134814,73.990479],[-20.367285,73.848242],[-20.509668,73.492871],[-20.636719,73.463574],[-22.346875,73.269238],[-23.233203,73.397705],[-24.157715,73.764453],[-24.677246,73.602197],[-25.521289,73.851611],[-24.77832,73.539893],[-26.062305,73.253027],[-27.27041,73.436279],[-26.541846,73.248975],[-27.561621,73.138477],[-27.348047,73.067822],[-25.057031,73.396484],[-24.132666,73.409375],[-22.036328,72.918457],[-22.074805,72.399219],[-22.280225,72.344775],[-22.293213,72.119531],[-24.069043,72.49873],[-24.62998,73.037646],[-26.657617,72.71582],[-24.81333,72.901514],[-24.700684,72.506348],[-25.203711,72.392969],[-24.572363,72.420215],[-21.959668,71.744678],[-22.503223,71.500439],[-22.479639,71.383447],[-22.417578,71.248682],[-22.299023,71.432324],[-21.752246,71.47832],[-21.522656,70.526221],[-22.384131,70.462402],[-22.437012,70.86001],[-22.690674,70.437305],[-23.327832,70.450977],[-23.971387,70.649463],[-24.562207,71.223535],[-25.885156,71.571924],[-27.087207,71.626563],[-27.107031,71.532666],[-25.842725,71.480176],[-25.667578,71.265332],[-26.71792,70.950488],[-28.398438,70.99292],[-27.979297,70.839502],[-28.145654,70.655664],[-29.07207,70.444971],[-26.508398,70.396631],[-27.328125,70.217139],[-27.628857,70.028223],[-27.38418,69.991602],[-27.027734,70.201221],[-25.529883,70.353174],[-22.206592,70.10791],[-23.088232,69.882959],[-23.049561,69.792725],[-23.865723,69.736719],[-23.739404,69.588623],[-24.29668,69.585547],[-24.295557,69.439307],[-25.188574,69.260547],[-25.092432,69.165186],[-26.48291,68.675928],[-30.195508,68.198975],[-30.72002,68.251172],[-30.610742,68.11792],[-30.978564,68.061328],[-32.327441,68.437305],[-32.180127,68.257275],[-32.366846,68.213037],[-32.164551,67.991113],[-33.108154,67.658203],[-34.10166,66.725928],[-34.632812,66.434766],[-35.188574,66.250293],[-35.867236,66.441406],[-35.630078,66.139941],[-36.379199,65.830811],[-36.527246,66.007715],[-36.665186,65.790088],[-37.062793,65.871436],[-37.754199,65.593066],[-38.00127,65.709619],[-37.278711,66.304395],[-38.156641,66.385596],[-37.752344,66.261523],[-38.139941,65.903516],[-38.520361,66.009668],[-38.216357,65.83833],[-38.203369,65.711719],[-40.173535,65.556152],[-39.57793,65.340771],[-40.253125,65.048877],[-41.088672,65.035352],[-40.966016,64.868848],[-40.655469,64.915332],[-40.182227,64.479932],[-40.781738,64.221777],[-41.581006,64.29834],[-41.030566,64.121045],[-40.617773,64.131738],[-40.550391,63.725244],[-40.775195,63.533643],[-41.04873,63.513818],[-41.107715,63.273779],[-41.387891,63.061865],[-42.174512,63.208789],[-41.634473,62.972461],[-41.908984,62.737109],[-42.94165,62.720215],[-42.152979,62.568457],[-42.321484,62.152734],[-42.110205,61.857227],[-42.585303,61.71748],[-42.323633,61.681738],[-42.717041,60.76748],[-43.044092,60.523682],[-43.922705,60.595361],[-43.212988,60.390674],[-43.1229,60.06123],[-43.320117,59.928125],[-43.955029,60.025488],[-43.65791,59.858643],[-43.906543,59.815479],[-44.412939,59.922607],[-44.224365,60.273535],[-44.613281,60.01665],[-45.379248,60.20293],[-45.367773,60.372949],[-44.974707,60.457227],[-44.756738,60.6646],[-45.380518,60.444922],[-46.046631,60.615723],[-46.141943,60.776514],[-45.870215,61.218311],[-46.874463,60.816406],[-48.180811,60.769238],[-48.205176,60.855908],[-47.770312,60.997754],[-48.386426,61.004736],[-48.428174,61.187402],[-48.92207,61.277441],[-49.049219,61.523877],[-49.289062,61.589941],[-49.193115,61.685645],[-49.380273,61.890186],[-48.828711,62.079687],[-49.623779,61.998584],[-49.667725,62.150879],[-49.553467,62.232715],[-50.319238,62.473193],[-50.29873,62.721973],[-49.793115,63.044629],[-50.390088,62.822021],[-51.468848,63.642285],[-51.54751,64.006104],[-50.260693,64.214258],[-50.486621,64.208887],[-50.437061,64.312842],[-51.542285,64.097021],[-51.707861,64.205078],[-51.231543,64.560596],[-50.834912,64.558984],[-50.684326,64.678174],[-50.355127,64.682568],[-50.008984,64.447266],[-50.121631,64.70376],[-50.516992,64.766504],[-50.960645,65.201123],[-50.721582,64.797607],[-51.220605,64.628467],[-51.138965,64.785742],[-51.255371,64.758105],[-51.922607,64.21875],[-52.093408,64.415918],[-52.259033,65.154932],[-52.537695,65.328809],[-51.619141,65.713184],[-51.091895,65.775781],[-51.723437,65.723486],[-52.55127,65.461377],[-52.760937,65.59082],[-53.198975,65.594043],[-53.106348,65.977148],[-53.392041,66.04834],[-51.225,66.881543],[-53.035791,66.201416],[-53.614697,66.154492],[-53.634717,66.413672],[-53.41875,66.648535],[-53.038281,66.826807],[-52.386865,66.881152],[-53.687158,66.986475],[-53.884424,67.135547],[-53.798584,67.418164],[-52.512012,67.761279],[-50.613477,67.52793],[-51.171045,67.693604],[-50.887012,67.783545],[-50.968848,67.806641],[-51.765234,67.737842],[-52.344824,67.836914],[-53.735205,67.549023],[-53.151562,68.207764],[-51.596875,68.054785],[-51.169141,68.385205],[-52.198535,68.220801],[-53.383154,68.297363],[-53.039453,68.610889],[-52.60459,68.70874],[-51.623145,68.534814],[-51.133301,68.598438],[-50.800635,68.79126],[-51.249414,68.739941],[-51.084863,69.128271],[-50.297363,69.170605],[-51.076953,69.209473],[-50.804102,69.663037],[-50.349463,69.79624],[-50.5,69.935791],[-50.322949,70.027148],[-52.254639,70.058936],[-53.023047,70.301904],[-54.014453,70.42168],[-54.530762,70.699268],[-54.16582,70.820117],[-52.801953,70.750586],[-51.524463,70.439453],[-50.682129,70.396875],[-51.322852,70.58877],[-51.256592,70.852686],[-51.774316,71.010449],[-51.018945,71.001318],[-51.37666,71.119043],[-53.007568,71.17998],[-53.117041,71.312891],[-52.749414,71.501514],[-51.778613,71.68291],[-53.440088,71.579004],[-53.144531,71.807422],[-53.333691,71.789746],[-53.420117,71.999756],[-53.809863,72.292578],[-53.652148,72.362646],[-53.927734,72.318799],[-53.4625,71.893555],[-54.019922,71.657861],[-53.962988,71.458984],[-54.689062,71.367236],[-55.594043,71.553516],[-55.669336,71.691504],[-55.315576,72.110693],[-54.840137,72.356104],[-55.581445,72.178857],[-55.63584,72.300439],[-55.295703,72.354395],[-55.601709,72.453467],[-54.924951,72.571973],[-54.740039,72.700195],[-54.737939,72.87251],[-55.073096,73.015137],[-55.668555,73.00791],[-55.692773,73.112842],[-55.288281,73.3271],[-55.445703,73.460498],[-55.738867,73.383984],[-56.104053,73.558154],[-55.838281,73.759717],[-56.225391,74.129102],[-57.230566,74.125293],[-56.706348,74.219189],[-56.717676,74.429248],[-56.255469,74.526807],[-58.565527,75.352734],[-58.249658,75.506689],[-58.516211,75.689063],[-61.188232,76.157861],[-63.291309,76.352051],[-65.369922,76.130566],[-65.954053,76.241699],[-66.465771,76.13916],[-67.078711,76.194824],[-66.674805,75.977393],[-66.826172,75.968799],[-68.317285,76.090771],[-69.484082,76.39917],[-68.114258,76.650635],[-69.888086,76.827051],[-69.694238,76.989453],[-70.613135,76.821826],[-71.154883,77.073877],[-70.603711,77.193848],[-68.97832,77.195312],[-68.135547,77.37959],[-66.389453,77.280273],[-66.453076,77.393066],[-66.266455,77.515381],[-66.823535,77.686621],[-67.688086,77.523779],[-68.621533,77.601855],[-69.351367,77.467139],[-70.561914,77.717187],[-70.114453,77.841357],[-71.271631,77.813135],[-72.818066,78.194336],[-72.581299,78.279102],[-72.714795,78.362305],[-72.47251,78.482031],[-71.651318,78.623145],[-68.993457,78.857422],[-69.030518,78.942871],[-68.377051,79.037842],[-65.825537,79.17373],[-65.287793,79.437305],[-64.792285,80.000635],[-64.17915,80.099268],[-66.843652,80.076221],[-67.193164,80.280078],[-66.610059,80.52959],[-64.515527,81],[-63.721973,81.057324],[-63.058594,80.885596],[-63.235205,81.08335],[-62.993262,81.206982],[-61.435986,81.133594],[-61.1,81.396094],[-61.20293,81.746875],[-60.432373,81.920166],[-59.281934,81.884033],[-56.615137,81.362891],[-59.268018,81.98208],[-54.548877,82.350635],[-53.671338,82.164062],[-53.555664,81.653271],[-53.041211,81.870996],[-52.925537,82.038379],[-53.101953,82.118945],[-53.022559,82.321729],[-50.894434,81.895215],[-49.541064,81.918066],[-50.713135,82.237354],[-50.989941,82.460156],[-50.037109,82.472412],[-48.861182,82.40542],[-44.729492,81.779834],[-44.532422,81.848926],[-44.637109,82.104443],[-44.54707,82.260059],[-44.238867,82.368164],[-44.326562,82.471729],[-45.556543,82.747021],[-41.369629,82.75],[-46.478174,82.951904],[-46.169043,83.063867],[-45.4146,83.017676],[-43.009277,83.2646],[-41.300146,83.100781],[-40.356836,83.332178],[-38.15625,82.998633],[-37.934766,83.160742],[-38.749561,83.37085],[-36.606494,83.536963],[-30.70293,83.593408],[-29.952881,83.564844]]]}},{"type":"Feature","properties":{"scalerank":0,"featurecla":"Land","min_zoom":4},"bbox":[179.984668,-16.541211,180,-16.488867],"geometry":{"type":"Polygon","coordinates":[[[180,-16.540039],[179.987207,-16.541211],[179.984668,-16.522168],[180,-16.488867],[180,-16.540039]]]}},{"type":"Feature","properties":{"scalerank":0,"featurecla":"Land","min_zoom":1},"bbox":[-180,-16.168262,-179.94458,-16.126074],"geometry":{"type":"Polygon","coordinates":[[[-179.956152,-16.149219],[-180,-16.168262],[-180,-16.156055],[-180,-16.15293],[-179.969385,-16.126074],[-179.94458,-16.126074],[-179.956152,-16.149219]]]}},{"type":"Feature","properties":{"scalerank":0,"featurecla":"Land","min_zoom":4},"bbox":[-85.960986,16.403613,-85.833789,16.513965],"geometry":{"type":"Polygon","coordinates":[[[-85.870947,16.461523],[-85.947217,16.403613],[-85.844434,16.487744],[-85.870947,16.461523]]]}},{"type":"Feature","properties":{"scalerank":0,"featurecla":"Land","min_zoom":3},"bbox":[25.307129,37.412988,25.462988,37.50918],"geometry":{"type":"Polygon","coordinates":[[[25.402734,37.419141],[25.307129,37.412988],[25.312695,37.489307],[25.348145,37.50918],[25.462988,37.471094],[25.457422,37.44707],[25.402734,37.419141]]]}},{"type":"Feature","properties":{"scalerank":0,"featurecla":"Land","min_zoom":4},"bbox":[166.907031,-0.550781,166.958398,-0.489355],"geometry":{"type":"Polygon","coordinates":[[[166.958398,-0.516602],[166.938965,-0.550781],[166.916406,-0.546484],[166.907031,-0.52373],[166.913574,-0.499121],[166.938965,-0.489355],[166.955664,-0.496973],[166.958398,-0.516602]]]}},{"type":"Feature","properties":{"scalerank":0,"featurecla":"Land","min_zoom":4},"bbox":[169.590527,5.799805,169.73457,6.01416],"geometry":{"type":"Polygon","coordinates":[[[169.635059,5.830078],[169.73457,6.01416],[169.672559,5.935205],[169.635059,5.830078]]]}},{"type":"Feature","properties":{"scalerank":0,"featurecla":"Land","min_zoom":4},"bbox":[172.887109,3.095898,172.969629,3.148779],"geometry":{"type":"Polygon","coordinates":[[[172.969629,3.129199],[172.90625,3.095898],[172.887109,3.10127],[172.9625,3.148779],[172.962207,3.14292],[172.969629,3.129199]]]}},{"type":"Feature","properties":{"scalerank":0,"featurecla":"Land","min_zoom":4},"bbox":[172.750488,3.012549,172.887109,3.073975],"geometry":{"type":"Polygon","coordinates":[[[172.844238,3.051221],[172.750488,3.033057],[172.880273,3.053516],[172.844238,3.051221]]]}},{"type":"Feature","properties":{"scalerank":0,"featurecla":"Land","min_zoom":4},"bbox":[172.932715,1.822559,173.023633,1.943701],"geometry":{"type":"Polygon","coordinates":[[[173.01875,1.845703],[173.023633,1.822559],[172.966602,1.8854],[172.932715,1.925928],[172.934766,1.943701],[172.950098,1.93252],[172.969141,1.912695],[172.981543,1.896973],[173.01875,1.845703]]]}},{"type":"Feature","properties":{"scalerank":0,"featurecla":"Land","min_zoom":4},"bbox":[172.993262,1.713086,173.045215,1.809326],"geometry":{"type":"Polygon","coordinates":[[[173.029395,1.717383],[172.993262,1.713086],[173.02041,1.72749],[173.027832,1.747314],[173.023633,1.809326],[173.037695,1.804395],[173.042676,1.77876],[173.045215,1.741553],[173.029395,1.717383]]]}},{"type":"Feature","properties":{"scalerank":0,"featurecla":"Land","min_zoom":4},"bbox":[172.969922,0.835449,173.086523,1.025098],"geometry":{"type":"Polygon","coordinates":[[[173.032813,1.013135],[172.991113,0.835449],[173.003711,1.025098],[173.032813,1.013135]]]}},{"type":"Feature","properties":{"scalerank":0,"featurecla":"Land","min_zoom":4},"bbox":[174.381055,-0.829004,174.508691,-0.591797],"geometry":{"type":"Polygon","coordinates":[[[174.508691,-0.801758],[174.381055,-0.591797],[174.49541,-0.725684],[174.508691,-0.801758]]]}},{"type":"Feature","properties":{"scalerank":0,"featurecla":"Land","min_zoom":4},"bbox":[174.716797,-1.263379,174.778906,-1.133691],"geometry":{"type":"Polygon","coordinates":[[[174.773242,-1.211914],[174.778906,-1.263379],[174.755957,-1.256445],[174.748438,-1.236426],[174.741016,-1.18457],[174.716797,-1.133691],[174.744141,-1.147363],[174.766602,-1.187109],[174.773242,-1.211914]]]}},{"type":"Feature","properties":{"scalerank":0,"featurecla":"Land","min_zoom":4},"bbox":[168.675098,7.293555,168.830273,7.33623],"geometry":{"type":"Polygon","coordinates":[[[168.830273,7.308984],[168.81543,7.293555],[168.719238,7.302734],[168.675098,7.321924],[168.679297,7.33623],[168.755469,7.322461],[168.830273,7.308984]]]}},{"type":"Feature","properties":{"scalerank":0,"featurecla":"Land","min_zoom":4},"bbox":[171.577344,6.973145,171.756836,7.048242],"geometry":{"type":"Polygon","coordinates":[[[171.577344,7.048242],[171.756836,6.973145],[171.592773,7.01626],[171.577344,7.048242]]]}},{"type":"Feature","properties":{"scalerank":0,"featurecla":"Land","min_zoom":4},"bbox":[171.035742,7.06875,171.39375,7.171777],"geometry":{"type":"Polygon","coordinates":[[[171.101953,7.138232],[171.39375,7.110937],[171.050391,7.171777],[171.101953,7.138232]]]}},{"type":"Feature","properties":{"scalerank":0,"featurecla":"Land","min_zoom":4},"bbox":[-178.194385,-14.324902,-178.043652,-14.231641],"geometry":{"type":"Polygon","coordinates":[[[-178.04668,-14.318359],[-178.194385,-14.255469],[-178.043652,-14.303223],[-178.04668,-14.318359]]]}},{"type":"Feature","properties":{"scalerank":0,"featurecla":"Land","min_zoom":4},"bbox":[-140.851562,-17.875684,-140.638232,-17.669727],"geometry":{"type":"Polygon","coordinates":[[[-140.809375,-17.856641],[-140.638232,-17.678027],[-140.829248,-17.849219],[-140.809375,-17.856641]]]}},{"type":"Feature","properties":{"scalerank":0,"featurecla":"Land","min_zoom":4},"bbox":[-136.478516,-18.566309,-136.293896,-18.463184],"geometry":{"type":"Polygon","coordinates":[[[-136.293896,-18.544336],[-136.478516,-18.470801],[-136.327637,-18.519336],[-136.293896,-18.544336]]]}},{"type":"Feature","properties":{"scalerank":0,"featurecla":"Land","min_zoom":4},"bbox":[-137.067578,-18.360938,-136.971338,-18.265332],"geometry":{"type":"Polygon","coordinates":[[[-136.971729,-18.341992],[-136.971338,-18.360938],[-137.067578,-18.265332],[-137.029639,-18.272852],[-136.971729,-18.341992]]]}},{"type":"Feature","properties":{"scalerank":0,"featurecla":"Land","min_zoom":4},"bbox":[-138.568359,-20.875879,-138.505859,-20.771191],"geometry":{"type":"Polygon","coordinates":[[[-138.505859,-20.857227],[-138.534863,-20.875879],[-138.524023,-20.850586],[-138.546387,-20.795117],[-138.568359,-20.787109],[-138.546387,-20.771191],[-138.514941,-20.813379],[-138.505859,-20.857227]]]}},{"type":"Feature","properties":{"scalerank":0,"featurecla":"Land","min_zoom":4},"bbox":[-140.781738,-18.416113,-140.671875,-18.33418],"geometry":{"type":"Polygon","coordinates":[[[-140.685352,-18.379883],[-140.671875,-18.416113],[-140.696045,-18.399121],[-140.773242,-18.36377],[-140.781738,-18.33418],[-140.685352,-18.379883]]]}},{"type":"Feature","properties":{"scalerank":0,"featurecla":"Land","min_zoom":4},"bbox":[-140.973535,-18.216895,-140.822705,-18.05918],"geometry":{"type":"Polygon","coordinates":[[[-140.829883,-18.189355],[-140.973535,-18.05918],[-140.893262,-18.120508],[-140.829883,-18.189355]]]}},{"type":"Feature","properties":{"scalerank":0,"featurecla":"Land","min_zoom":4},"bbox":[-142.52959,-16.107129,-142.481201,-16.017773],"geometry":{"type":"Polygon","coordinates":[[[-142.511816,-16.096289],[-142.52959,-16.107129],[-142.506836,-16.027734],[-142.481201,-16.017773],[-142.511816,-16.096289]]]}},{"type":"Feature","properties":{"scalerank":0,"featurecla":"Land","min_zoom":4},"bbox":[-143.550684,-16.668848,-143.386182,-16.612305],"geometry":{"type":"Polygon","coordinates":[[[-143.440576,-16.619727],[-143.386182,-16.668848],[-143.458545,-16.635449],[-143.550684,-16.621094],[-143.515576,-16.612305],[-143.464697,-16.613574],[-143.440576,-16.619727]]]}},{"type":"Feature","properties":{"scalerank":0,"featurecla":"Land","min_zoom":4},"bbox":[-143.707422,-16.64043,-143.571143,-16.580859],"geometry":{"type":"Polygon","coordinates":[[[-143.571143,-16.634766],[-143.610645,-16.64043],[-143.707422,-16.580859],[-143.670215,-16.580859],[-143.614795,-16.618066],[-143.571143,-16.634766]]]}},{"type":"Feature","properties":{"scalerank":0,"featurecla":"Land","min_zoom":4},"bbox":[-145.160742,-15.901074,-145.051367,-15.757031],"geometry":{"type":"Polygon","coordinates":[[[-145.051367,-15.856055],[-145.057666,-15.901074],[-145.076416,-15.857617],[-145.137939,-15.788086],[-145.160742,-15.757031],[-145.133545,-15.762012],[-145.051367,-15.856055]]]}},{"type":"Feature","properties":{"scalerank":0,"featurecla":"Land","min_zoom":4},"bbox":[-145.613818,-16.346777,-145.482227,-16.079199],"geometry":{"type":"Polygon","coordinates":[[[-145.48667,-16.329785],[-145.613818,-16.079199],[-145.516992,-16.277832],[-145.48667,-16.329785]]]}},{"type":"Feature","properties":{"scalerank":0,"featurecla":"Land","min_zoom":4},"bbox":[173.011328,1.338379,173.171875,1.387549],"geometry":{"type":"Polygon","coordinates":[[[173.038379,1.34209],[173.171875,1.375146],[173.061719,1.346338],[173.038379,1.34209]]]}},{"type":"Feature","properties":{"scalerank":0,"featurecla":"Land","min_zoom":3},"bbox":[-169.766162,56.542432,-169.474316,56.635059],"geometry":{"type":"Polygon","coordinates":[[[-169.755225,56.635059],[-169.474316,56.594043],[-169.766162,56.607959],[-169.755225,56.635059]]]}},{"type":"Feature","properties":{"scalerank":0,"featurecla":"Land","min_zoom":3},"bbox":[-72.960352,19.98584,-72.623486,20.093652],"geometry":{"type":"Polygon","coordinates":[[[-72.664062,20.0375],[-72.960352,20.062256],[-72.791016,20.091895],[-72.664062,20.0375]]]}},{"type":"Feature","properties":{"scalerank":0,"featurecla":"Land","min_zoom":4},"bbox":[24.424805,37.110059,24.535938,37.210205],"geometry":{"type":"Polygon","coordinates":[[[24.523535,37.125098],[24.424805,37.131982],[24.535938,37.167676],[24.523535,37.125098]]]}},{"type":"Feature","properties":{"scalerank":0,"featurecla":"Land","min_zoom":4},"bbox":[142.107129,26.615674,142.202148,26.726465],"geometry":{"type":"Polygon","coordinates":[[[142.188184,26.616504],[142.169922,26.615674],[142.107129,26.721533],[142.125293,26.726465],[142.161719,26.709961],[142.202148,26.648779],[142.188184,26.616504]]]}},{"type":"Feature","properties":{"scalerank":0,"featurecla":"Land","min_zoom":4},"bbox":[130.810254,37.44873,130.934277,37.553711],"geometry":{"type":"Polygon","coordinates":[[[130.916016,37.478467],[130.810254,37.509912],[130.934277,37.529736],[130.916016,37.478467]]]}},{"type":"Feature","properties":{"scalerank":0,"featurecla":"Land","min_zoom":0},"bbox":[-180,-89.998926,180,-63.22627],"geometry":{"type":"Polygon","coordinates":[[[-57.020654,-63.372852],[-56.834766,-63.63125],[-57.119189,-63.637793],[-57.152246,-63.479102],[-57.460645,-63.513574],[-58.262988,-63.763379],[-59.005322,-64.194922],[-58.799316,-64.292676],[-58.905127,-64.352148],[-58.786084,-64.524219],[-59.460742,-64.345605],[-59.645996,-64.583691],[-59.963086,-64.431348],[-61.059863,-64.98125],[-61.703125,-64.987207],[-61.577441,-65.185645],[-61.947852,-65.192285],[-62.145312,-65.331738],[-61.756006,-65.569238],[-61.991406,-65.58916],[-62.305029,-65.84043],[-62.005029,-66.112891],[-60.912793,-65.920898],[-60.565381,-65.979395],[-61.009277,-66.110547],[-60.902734,-66.191016],[-61.028418,-66.336523],[-61.431934,-66.144727],[-61.675635,-66.249512],[-61.756006,-66.429199],[-62.116504,-66.208984],[-62.682031,-66.237305],[-62.754834,-66.310156],[-62.543164,-66.620996],[-62.628906,-66.706152],[-63.25752,-66.26377],[-63.752539,-66.277734],[-63.654395,-66.38291],[-64.077734,-66.654102],[-63.754736,-66.872949],[-64.686279,-66.80625],[-64.878125,-67.024512],[-64.785498,-67.12373],[-65.026904,-67.214063],[-64.819287,-67.307324],[-65.503125,-67.377246],[-65.418066,-67.65957],[-65.600049,-67.875684],[-65.469434,-68.009473],[-65.639502,-68.130566],[-64.829492,-68.127441],[-65.452002,-68.336719],[-64.996484,-68.407813],[-65.241602,-68.583203],[-65.15835,-68.617969],[-64.078467,-68.771191],[-64.169238,-68.58252],[-63.924463,-68.497656],[-62.933301,-68.442578],[-63.773438,-68.631836],[-63.343506,-68.810449],[-63.455957,-69.041895],[-62.586816,-69.477246],[-62.407129,-69.827246],[-61.961084,-70.120117],[-62.013965,-70.278906],[-62.217871,-70.233203],[-62.377783,-70.364844],[-61.504687,-70.490527],[-61.696484,-70.675781],[-61.994141,-70.728613],[-61.961084,-70.900586],[-61.312842,-70.867578],[-60.962256,-71.244629],[-61.958789,-71.657813],[-61.213574,-71.564063],[-60.995312,-71.661328],[-61.035059,-71.82002],[-62.256641,-72.017578],[-60.719434,-72.072656],[-60.730322,-72.425977],[-61.279785,-72.468262],[-61.286133,-72.600781],[-60.532324,-72.67334],[-60.384668,-73.007324],[-60.009766,-72.937891],[-60.122217,-73.275293],[-60.560693,-73.211426],[-61.081348,-73.328223],[-62.008301,-73.147656],[-61.636963,-73.500195],[-61.079785,-73.538672],[-60.790283,-73.711816],[-61.203418,-73.956641],[-61.691699,-73.923828],[-61.838232,-74.032031],[-61.04165,-74.121973],[-61.842773,-74.289648],[-60.704297,-74.307129],[-61.370166,-74.511816],[-62.235303,-74.441309],[-61.855225,-74.776758],[-62.137793,-74.926367],[-63.178125,-74.68418],[-63.197998,-74.909082],[-63.924707,-75.004492],[-63.336914,-75.034766],[-63.231055,-75.153809],[-64.279541,-75.292871],[-63.25752,-75.398535],[-63.363379,-75.451465],[-66.37041,-76.013379],[-69.304395,-76.350781],[-70.210156,-76.674121],[-71.798682,-76.752734],[-75.268359,-76.581445],[-77.287061,-76.70166],[-76.248584,-77.274902],[-75.386914,-77.474219],[-72.851953,-77.590234],[-73.251562,-77.894238],[-74.042139,-78.109375],[-75.398438,-78.157813],[-80.601562,-77.751953],[-81.580957,-77.846094],[-77.858105,-78.350977],[-77.432568,-78.434668],[-77.452441,-78.560352],[-77.869141,-78.745508],[-80.292285,-78.822754],[-82.608447,-78.412402],[-83.779004,-77.983594],[-83.226953,-78.401563],[-83.544434,-78.355273],[-83.762744,-78.461133],[-83.26001,-78.774219],[-81.660889,-79.099805],[-80.891992,-79.501855],[-80.534814,-79.512793],[-80.488525,-79.320996],[-80.151172,-79.268066],[-76.217676,-79.387207],[-76.031592,-79.627051],[-76.557861,-79.903516],[-79.6604,-79.996875],[-78.176074,-80.166797],[-76.407324,-80.094922],[-75.709033,-80.382715],[-75.075586,-80.860059],[-73.029492,-80.917285],[-70.687891,-80.62627],[-69.772266,-80.961523],[-68.589844,-80.967969],[-68.14375,-81.130371],[-65.573682,-81.460547],[-62.353711,-81.57666],[-62.165381,-81.636133],[-64.696094,-81.652344],[-65.619727,-81.729297],[-64.137109,-81.869336],[-66.133838,-81.953418],[-65.843848,-81.993262],[-65.913184,-82.183203],[-65.713965,-82.279199],[-64.91958,-82.370508],[-60.527734,-82.199902],[-62.735645,-82.527344],[-61.916992,-82.97666],[-61.218408,-82.991797],[-61.200391,-83.097949],[-61.589844,-83.341211],[-61.425293,-83.395605],[-59.516016,-83.458398],[-55.800684,-82.478418],[-53.986084,-82.200586],[-48.360791,-81.892285],[-47.360254,-82.004004],[-46.258057,-81.946973],[-46.046387,-82.158691],[-46.516748,-82.45459],[-45.788574,-82.494922],[-43.669336,-82.270117],[-41.433838,-81.297754],[-38.771729,-80.882324],[-37.209277,-81.063867],[-35.965771,-80.890918],[-35.327002,-80.650684],[-31.312109,-80.450098],[-31.01543,-80.308105],[-29.531494,-80.181836],[-23.574463,-79.964844],[-23.406836,-79.858984],[-29.949316,-79.599023],[-30.21123,-79.485254],[-30.17793,-79.304297],[-30.315918,-79.163086],[-32.994238,-79.228809],[-35.515967,-78.933008],[-36.23916,-78.774219],[-36.265625,-78.615527],[-35.509277,-78.041211],[-34.551465,-77.728516],[-34.075781,-77.425391],[-32.614062,-77.14082],[-32.063379,-77.159863],[-28.933643,-76.370313],[-24.26958,-75.766992],[-18.30459,-75.431348],[-18.749219,-75.24209],[-17.43584,-74.379102],[-15.67251,-74.407324],[-14.573828,-73.9375],[-14.611426,-73.851758],[-16.220117,-73.915723],[-15.935645,-73.757617],[-16.518848,-73.644043],[-16.435205,-73.425684],[-15.595996,-73.096777],[-14.320996,-73.123047],[-14.000098,-73.000586],[-14.297754,-72.733008],[-13.208594,-72.785059],[-11.496973,-72.412891],[-10.958105,-71.901953],[-11.009229,-71.75791],[-12.148193,-71.613672],[-12.351318,-71.389746],[-11.926123,-71.288672],[-10.825439,-71.55332],[-10.520068,-71.295508],[-10.033496,-71.130664],[-10.331006,-71.024023],[-10.270605,-70.935742],[-9.230664,-71.174023],[-8.646484,-71.672754],[-7.713721,-71.546484],[-7.590137,-71.22373],[-7.873486,-70.940332],[-7.752734,-70.842773],[-5.936328,-70.712695],[-5.587891,-70.856738],[-6.080273,-71.154102],[-6.11748,-71.325977],[-2.610254,-71.320801],[-2.0146,-71.433398],[-1.067773,-71.265625],[-0.543164,-71.712695],[0.538477,-71.274219],[1.908691,-71.003613],[7.401172,-70.494434],[7.676758,-70.356348],[8.523047,-70.473828],[9.141602,-70.183691],[10.968848,-70.687695],[11.70127,-70.766602],[12.929395,-70.213379],[12.62627,-70.065625],[13.065625,-70.053613],[13.297949,-70.22959],[13.822656,-70.343164],[15.806934,-70.324023],[16.381055,-70.145117],[16.70918,-70.397266],[18.124609,-70.540332],[18.432617,-70.289941],[19.009375,-70.212109],[19.196387,-70.293164],[19.026563,-70.674023],[19.409277,-70.916992],[21.070801,-70.843457],[21.70498,-70.258496],[22.366016,-70.475098],[22.277832,-70.695605],[22.979004,-70.810352],[23.406836,-70.723242],[23.803613,-70.40459],[24.024121,-70.413379],[24.385742,-70.536914],[24.385742,-70.704395],[24.756738,-70.89209],[26.498828,-71.019531],[30.00332,-70.3],[31.378809,-70.225781],[32.621289,-70.000586],[32.989355,-69.624219],[32.903125,-69.378711],[32.567578,-69.074219],[32.641602,-68.868945],[33.465625,-68.670703],[34.192871,-68.702441],[34.219336,-68.790625],[33.77207,-69.02002],[33.813672,-69.099316],[34.595898,-69.094531],[35.357031,-69.681348],[36.585938,-69.637891],[37.114844,-69.810449],[37.787109,-69.725684],[38.885547,-70.171875],[38.859277,-70.006055],[39.705078,-69.425586],[39.863867,-68.966992],[40.215625,-68.804883],[42.408789,-68.351855],[42.960938,-68.095313],[46.399023,-67.617578],[46.317285,-67.401953],[46.559668,-67.268164],[47.351562,-67.361914],[47.117188,-67.572656],[47.489844,-67.72793],[48.209961,-67.699316],[48.374512,-67.988086],[48.648047,-67.794043],[48.630371,-67.520605],[49.219336,-67.226855],[48.713672,-67.216895],[48.465234,-67.043457],[49.24707,-66.941602],[50.006152,-67.175195],[50.553027,-67.194336],[50.520898,-66.82002],[50.244336,-66.603418],[50.332422,-66.444629],[51.88457,-66.02002],[53.671777,-65.858691],[55.29043,-65.954199],[57.185449,-66.613281],[56.823633,-66.712695],[56.145898,-66.626074],[56.479688,-66.85918],[55.802734,-67.199316],[56.154883,-67.264551],[56.760059,-67.07334],[57.627441,-67.014063],[58.737402,-67.22959],[59.250781,-67.484961],[60.482031,-67.385156],[62.687891,-67.647559],[63.699023,-67.508301],[68.32793,-67.889551],[69.55918,-67.763184],[69.603027,-68.041016],[69.982227,-68.464258],[69.53418,-68.736914],[69.629492,-69.231641],[68.90625,-69.372754],[68.879785,-69.469727],[69.188477,-69.654883],[69.082617,-69.866602],[68.178125,-69.837305],[67.267969,-70.273145],[67.94082,-70.422852],[69.020898,-70.325195],[69.250195,-70.431055],[69.188379,-70.70459],[68.872754,-71.035156],[68.037402,-71.391016],[67.432227,-72.00293],[66.89209,-72.948633],[66.497656,-73.125488],[67.32207,-73.300293],[67.971387,-73.085645],[67.971387,-72.750586],[68.419824,-72.515039],[69.554688,-72.374512],[71.276758,-71.623926],[71.464844,-71.15459],[71.771387,-70.80127],[72.760352,-70.395703],[72.82207,-70.095898],[73.324805,-69.848926],[73.942188,-69.743164],[74.571094,-69.87959],[75.635547,-69.848926],[76.111719,-69.487402],[77.81748,-69.068945],[78.488965,-68.625781],[78.563477,-68.39375],[79.035156,-68.175391],[82.016992,-67.690039],[83.304297,-67.603027],[84.485156,-67.114453],[85.710742,-67.161328],[87.980273,-66.788477],[89.698438,-66.823047],[92.073438,-66.50791],[94.08877,-66.688867],[94.839844,-66.501367],[95.541016,-66.630957],[97.100586,-66.499414],[97.719824,-66.607324],[98.257617,-66.46748],[98.858887,-66.670801],[99.370117,-66.648242],[100.889063,-66.358008],[101.381348,-65.973047],[102.674219,-65.865137],[107.170898,-66.47041],[109.462793,-66.908691],[110.622266,-66.524023],[110.587012,-66.312305],[110.906738,-66.07666],[113.099414,-65.799902],[113.709766,-65.92959],[114.336914,-66.360156],[115.310352,-66.56084],[115.635352,-66.771191],[115.27373,-67.02793],[113.991211,-67.211914],[113.9125,-67.367676],[114.026563,-67.441211],[116.713477,-67.047168],[118.713867,-67.17168],[120.374805,-66.983789],[118.92168,-67.319727],[119.133008,-67.370703],[121.487598,-67.090723],[122.182813,-66.859473],[123.969336,-66.608105],[124.821582,-66.694531],[125.397949,-66.424414],[125.865625,-66.364453],[126.664746,-66.497559],[126.873633,-66.759375],[127.541211,-67.051074],[128.430566,-67.119141],[129.236914,-67.041602],[129.741211,-66.468555],[130.578516,-66.208594],[131.830859,-66.23584],[133.444531,-66.081445],[134.178906,-66.277051],[134.398145,-66.479883],[135.351953,-66.127148],[136.55332,-66.438965],[137.33623,-66.346484],[138.270996,-66.564453],[141.972852,-66.806738],[142.6875,-67.012793],[143.730371,-66.876758],[143.911133,-67.090723],[144.347852,-67.017969],[144.621191,-67.141406],[143.977344,-67.864551],[145.12793,-67.625977],[145.975195,-67.624219],[146.827832,-67.964648],[146.896582,-68.120313],[146.797656,-68.273633],[147.093652,-68.368652],[148.45625,-68.466992],[150.935938,-68.358496],[151.068262,-68.384961],[151.138867,-68.76416],[151.28877,-68.81709],[151.562109,-68.693652],[153.081836,-68.856836],[153.705273,-68.728906],[153.784668,-68.349609],[153.908008,-68.323145],[155.520313,-69.024414],[157.481348,-69.308691],[157.93252,-69.180762],[159.783984,-69.521875],[160.125781,-69.734277],[160.209668,-69.974902],[161.037012,-70.317188],[161.424512,-70.826758],[162.189453,-71.039551],[162.286523,-70.969043],[162.021973,-70.439844],[162.674805,-70.30459],[163.34873,-70.620898],[163.998438,-70.636523],[164.403223,-70.510449],[167.569434,-70.810254],[168.172656,-71.183203],[170.162305,-71.630469],[170.435742,-71.41875],[170.859082,-71.868555],[170.224023,-71.947949],[170.030078,-72.115527],[169.953516,-72.402832],[170.259375,-72.371289],[170.206445,-72.565332],[168.428418,-72.383398],[169.828613,-72.728809],[169.54502,-73.050391],[169.033398,-73.200391],[168.381348,-73.065918],[167.155664,-73.147266],[166.452832,-72.936035],[166.833984,-73.224316],[167.709082,-73.394238],[165.860156,-73.592676],[166.106055,-73.735156],[165.346973,-73.879395],[165.129492,-73.382617],[164.812988,-73.396777],[164.749609,-73.558789],[164.979883,-73.925879],[164.775684,-74.028516],[165.408594,-74.558594],[163.735254,-74.56377],[163.397852,-74.382129],[163.167383,-74.601953],[162.604102,-74.823145],[162.533594,-75.16709],[162.410059,-75.237598],[160.910742,-75.334668],[162.189648,-75.466895],[162.239063,-75.62168],[162.815723,-75.846191],[162.436523,-76.154883],[162.727539,-76.225391],[162.824609,-76.463574],[162.674609,-76.569336],[162.762793,-76.745703],[162.450293,-76.955664],[163.086914,-77.032324],[163.607617,-77.387793],[163.766211,-77.699902],[164.491504,-77.954004],[163.977637,-78.223828],[164.628125,-78.315625],[165.417578,-78.042188],[165.662988,-78.305664],[167.058008,-78.518457],[167.049023,-78.686035],[166.116797,-78.571094],[164.634766,-78.603223],[162.639453,-78.897754],[161.669238,-78.536133],[161.501758,-78.677246],[161.951465,-79.02998],[160.873535,-79.049707],[160.482715,-79.201465],[160.646094,-79.426855],[159.975879,-79.585645],[160.346289,-79.691504],[159.871875,-79.789844],[160.558789,-80.010547],[158.76748,-80.293359],[158.573633,-80.423438],[160.637305,-80.449902],[160.521289,-80.583398],[160.830273,-80.729883],[160.260156,-80.786719],[160.716797,-80.907422],[160.716699,-81.199609],[160.469824,-81.340625],[162.821191,-81.866211],[163.680078,-82.187305],[161.166504,-82.407813],[161.283203,-82.489941],[163.011816,-82.534961],[164.747168,-82.354395],[167.116309,-82.80127],[167.297461,-82.98584],[167.601953,-83.047461],[168.091797,-82.974707],[168.607324,-83.065332],[168.240234,-83.229883],[167.657617,-83.272168],[168.110059,-83.362012],[171.035742,-83.448438],[171.917188,-83.644043],[179.403027,-84.206152],[180,-84.351562],[180,-89.998926],[-180,-89.998926],[-180,-84.351562],[-171.703662,-84.542383],[-167.492188,-84.833691],[-156.459131,-85.186035],[-157.453906,-84.912402],[-156.489648,-84.889258],[-156.620996,-84.839648],[-165.135352,-84.409863],[-165.24043,-84.38125],[-163.757617,-84.305469],[-164.685059,-84.15459],[-164.011328,-84.015625],[-164.950879,-83.805859],[-167.801221,-83.79082],[-169.167676,-83.449805],[-174.065967,-82.900098],[-174.235938,-82.793457],[-173.071143,-82.91582],[-171.821289,-82.847461],[-168.417676,-83.228809],[-165.619189,-83.215527],[-164.445557,-83.467676],[-163.111084,-83.329102],[-162.197266,-83.518945],[-159.444385,-83.543164],[-157.428467,-83.346387],[-157.027783,-83.234375],[-157.679492,-83.129492],[-155.459424,-82.980762],[-153.009863,-82.449609],[-154.717432,-81.940723],[-153.956641,-81.700195],[-157.03252,-81.319141],[-156.528223,-81.162305],[-148.023438,-80.835742],[-149.147168,-80.718652],[-149.214063,-80.604199],[-150.575391,-80.353711],[-150.220703,-80.15],[-148.317139,-80.070996],[-148.433496,-79.929492],[-148.129297,-79.907715],[-148.176514,-79.775879],[-151.048438,-79.459668],[-152.091406,-79.241602],[-152.137695,-79.115918],[-154.517725,-79.046582],[-156.114551,-78.744629],[-156.469336,-78.635352],[-154.293018,-78.259082],[-157.266797,-78.199805],[-158.285889,-77.950781],[-158.500391,-77.77832],[-158.22998,-77.497656],[-158.213574,-77.157129],[-158.003076,-77.091211],[-157.139307,-77.24209],[-156.21123,-77.105664],[-154.814941,-77.126953],[-153.909961,-77.226953],[-153.460596,-77.416016],[-151.718994,-77.425879],[-149.717725,-77.797461],[-148.155713,-77.462305],[-148.744385,-77.343262],[-148.843604,-77.283691],[-148.77749,-77.125],[-147.566406,-77.325293],[-146.927588,-77.259863],[-146.073633,-77.486719],[-145.600635,-77.455273],[-145.807959,-77.273242],[-145.515723,-77.199219],[-145.966992,-77.06875],[-145.629248,-76.953711],[-145.750488,-76.749023],[-146.77666,-76.507031],[-149.654248,-76.365332],[-148.320312,-76.104492],[-145.44209,-76.40918],[-146.383008,-76.099707],[-145.987744,-75.88877],[-144.721289,-75.832129],[-143.574268,-75.563574],[-142.329834,-75.490918],[-140.874316,-75.745898],[-141.22334,-75.545898],[-139.148828,-75.160156],[-137.618164,-75.075586],[-136.649854,-75.161719],[-136.227832,-74.836035],[-135.362061,-74.69043],[-133.796338,-74.85459],[-132.049365,-74.765723],[-129.79082,-74.891406],[-127.020215,-74.697852],[-121.543945,-74.75],[-119.677002,-74.65459],[-118.342041,-74.381543],[-115.222607,-74.487402],[-114.62373,-73.90293],[-113.508496,-74.088867],[-113.753271,-74.366699],[-113.332959,-74.454199],[-113.903467,-74.644434],[-114.110449,-74.981836],[-111.69624,-74.792188],[-111.584424,-74.750879],[-111.788721,-74.57168],[-111.695898,-74.504102],[-111.806348,-74.269727],[-111.62998,-74.181445],[-110.30708,-74.366699],[-110.300439,-74.710645],[-111.463135,-75.133398],[-111.358789,-75.219922],[-109.272168,-75.185059],[-106.618848,-75.343945],[-104.901855,-75.115137],[-103.121045,-75.095215],[-101.708105,-75.127344],[-101.039355,-75.421875],[-98.752344,-75.31709],[-98.557861,-75.189746],[-100.47334,-74.872363],[-100.012695,-74.662109],[-100.238135,-74.48418],[-101.251709,-74.485742],[-101.71543,-74.02373],[-102.862744,-73.783594],[-102.799512,-73.645703],[-102.410645,-73.616406],[-100.717773,-73.757812],[-98.896143,-73.611133],[-100.436377,-73.353125],[-102.908789,-73.285156],[-103.375,-72.818848],[-103.110107,-72.721191],[-102.362891,-72.760156],[-102.272021,-72.834961],[-102.482031,-72.951172],[-102.409277,-72.987402],[-98.208594,-73.022266],[-96.394238,-73.301172],[-95.236621,-73.220117],[-94.246191,-73.312988],[-92.828369,-73.164648],[-90.920947,-73.319141],[-90.430908,-73.243262],[-90.273779,-73.118652],[-90.29541,-72.97793],[-89.34126,-72.889551],[-89.127148,-72.693164],[-88.77998,-72.683008],[-88.194092,-72.7875],[-88.560742,-73.120703],[-88.419385,-73.229004],[-87.401025,-73.191992],[-86.791016,-73.363672],[-85.801416,-73.19209],[-84.981201,-73.502051],[-82.183496,-73.856836],[-81.30874,-73.738281],[-81.163184,-73.632422],[-81.262402,-73.314941],[-81.176416,-73.248828],[-80.336377,-73.41416],[-80.614209,-73.083398],[-80.442236,-72.944531],[-79.521729,-73.089551],[-78.963721,-73.312402],[-78.78623,-73.506738],[-76.850488,-73.460449],[-76.764502,-73.566309],[-77.134912,-73.817676],[-77.048926,-73.844141],[-75.293066,-73.63877],[-73.996045,-73.699805],[-72.929199,-73.447949],[-69.282227,-73.169629],[-67.66709,-72.83457],[-66.827734,-72.09043],[-67.460352,-71.526758],[-67.50459,-71.057813],[-67.692187,-70.686133],[-68.40332,-70.019727],[-68.469824,-69.643848],[-68.707959,-69.432227],[-67.371777,-69.412305],[-66.974902,-69.161035],[-67.02124,-69.028711],[-67.390527,-68.86123],[-67.133691,-68.770703],[-67.041016,-68.453125],[-66.793359,-68.24043],[-67.149854,-68.024609],[-66.677246,-67.560254],[-67.544531,-67.534668],[-67.493359,-67.112793],[-67.034473,-66.945117],[-66.902148,-67.255957],[-66.498682,-67.289062],[-66.503613,-66.689844],[-66.306543,-66.591992],[-65.766406,-66.624902],[-65.678467,-66.402734],[-65.774512,-66.287988],[-65.617285,-66.135254],[-65.172021,-66.116797],[-65.26748,-65.994238],[-64.514307,-65.95957],[-64.646582,-65.747852],[-63.818115,-65.531543],[-64.05127,-65.417188],[-64.071094,-65.278223],[-63.760254,-65.033496],[-63.059082,-65.139355],[-63.119873,-64.94248],[-62.527539,-64.833398],[-62.503467,-64.656445],[-62.243311,-64.746875],[-61.631787,-64.604688],[-60.86416,-64.073438],[-59.510156,-63.820703],[-57.868066,-63.31875],[-57.076709,-63.2625],[-57.020654,-63.372852]]]}},{"type":"Feature","properties":{"scalerank":0,"featurecla":"Land","min_zoom":0.5},"bbox":[178.62832,70.82207,180,71.537744],"geometry":{"type":"Polygon","coordinates":[[[178.861523,70.826416],[178.648242,71.000586],[178.683887,71.105664],[180,71.537744],[180,70.993018],[179.152539,70.880273],[178.861523,70.826416]]]}},{"type":"Feature","properties":{"scalerank":0,"featurecla":"Land","min_zoom":0},"bbox":[-17.535645,-34.785742,180,77.730469],"geometry":{"type":"Polygon","coordinates":[[[17.979785,59.329053],[18.508887,59.407959],[18.617578,59.327051],[16.978125,58.65415],[16.214258,58.63667],[16.923828,58.492578],[16.651953,58.434326],[16.769922,58.214258],[16.555371,57.812256],[16.652246,57.500684],[16.475977,57.265137],[16.52793,57.068164],[15.99668,56.222607],[15.82666,56.124951],[14.713965,56.134131],[14.754785,56.033154],[14.558594,56.048633],[14.215039,55.832617],[14.341699,55.527734],[14.17373,55.396631],[12.88584,55.411377],[12.973926,55.748145],[12.471191,56.290527],[12.80166,56.263916],[12.656445,56.440576],[12.857422,56.452393],[12.883691,56.617725],[12.421484,56.906396],[11.878711,57.679443],[11.734961,57.717676],[11.703223,57.973193],[11.449316,58.118359],[11.431543,58.33999],[11.248242,58.369141],[11.147168,58.988623],[11.386426,59.065723],[10.834473,59.183936],[10.644922,59.389209],[10.595313,59.764551],[10.569531,59.587109],[10.398145,59.519336],[10.431348,59.279639],[10.179395,59.009277],[9.842578,58.958496],[9.557227,59.112695],[9.656934,58.971191],[8.166113,58.145313],[7.465918,58.020947],[7.004883,58.024219],[6.877051,58.150732],[6.731445,58.068311],[6.555078,58.123437],[6.659863,58.262744],[6.054688,58.375146],[5.585938,58.62041],[5.612207,59.012891],[6.099023,58.870264],[6.363281,59.000928],[6.099414,58.951953],[5.88916,59.097949],[5.951855,59.299072],[6.415332,59.547119],[5.173242,59.162549],[5.242188,59.564307],[5.472461,59.713086],[5.772168,59.660938],[6.216602,59.818359],[5.730469,59.863086],[6.34873,60.352979],[6.573633,60.360596],[6.526855,60.15293],[6.719922,60.418164],[6.995703,60.511963],[6.15332,60.34624],[5.145801,59.638818],[5.205664,60.087939],[5.688574,60.123193],[5.28584,60.205713],[5.137109,60.445605],[5.64834,60.687988],[5.11582,60.635986],[5.008594,61.038184],[6.777832,61.142432],[7.038672,60.95293],[7.040137,61.091162],[7.604492,61.210547],[7.346582,61.300586],[7.442578,61.434619],[7.275977,61.180957],[6.599902,61.289648],[6.383496,61.133887],[5.324609,61.108252],[4.989941,61.377686],[5.338672,61.485498],[4.910352,61.80957],[4.985059,61.900439],[6.01582,61.7875],[6.730762,61.869775],[5.096484,62.02666],[5.143164,62.159912],[5.357715,62.151709],[5.718164,62.378906],[6.692383,62.468066],[6.136133,62.407471],[6.35293,62.611133],[7.570117,62.548193],[7.690723,62.585596],[7.538379,62.67207],[8.095508,62.731836],[6.734961,62.720703],[6.94043,62.930469],[7.571875,63.099512],[8.100586,63.090967],[8.623145,62.84624],[8.158008,63.161523],[8.635547,63.342334],[8.360742,63.498877],[8.576172,63.601172],[9.13584,63.593652],[9.156055,63.459326],[9.696875,63.624561],[10.020996,63.39082],[10.760156,63.461279],[10.725293,63.625],[11.370703,63.804834],[11.175586,63.898877],[11.457617,64.002979],[11.306641,64.048877],[10.914258,63.921094],[11.047266,63.845215],[10.934863,63.770215],[10.055078,63.512695],[9.567285,63.706152],[10.565625,64.418311],[11.63291,64.813916],[11.296777,64.754785],[11.489355,64.97583],[12.159668,65.178955],[12.508398,65.099414],[12.915527,65.339258],[12.417578,65.184082],[12.133887,65.27915],[12.272852,65.568164],[12.688867,65.902197],[13.033105,65.95625],[12.783789,66.100439],[14.03418,66.297559],[13.118848,66.230664],[13.068164,66.430811],[13.211426,66.64082],[13.959473,66.794336],[13.651563,66.90708],[14.108789,67.119238],[15.415723,67.202441],[14.441699,67.271387],[14.961914,67.574268],[15.594434,67.348535],[15.691504,67.521387],[15.24873,67.602148],[15.303906,67.765283],[14.781348,67.674902],[14.798926,67.809326],[15.134277,67.972705],[15.621387,67.948291],[15.292871,68.036475],[16.00791,68.228711],[16.312305,67.881445],[16.258594,68.001221],[16.391992,68.091602],[16.203809,68.316748],[17.552832,68.42627],[16.514355,68.532568],[17.39082,68.799365],[17.70459,69.100049],[18.101465,69.156299],[18.078711,69.325244],[18.259766,69.470605],[18.858984,69.314453],[18.614453,69.490576],[18.991113,69.561133],[19.197266,69.747852],[19.687012,69.804736],[19.641504,69.424023],[19.960547,69.824609],[20.324219,69.945312],[20.338184,69.61665],[20.107227,69.341211],[20.486719,69.54209],[20.739453,69.520508],[20.532715,69.692334],[20.62207,69.913916],[21.163086,69.889502],[21.43291,70.013184],[21.974707,69.83457],[21.802734,70.066064],[21.355762,70.233398],[22.68457,70.374756],[23.353906,69.983398],[23.379395,70.247461],[24.038477,70.485352],[24.42002,70.702002],[24.263477,70.826318],[24.764746,71.008447],[25.781445,70.816797],[25.273535,70.552393],[24.994238,70.218213],[25.043848,70.109033],[26.506934,70.912793],[26.733984,70.853564],[26.558203,70.669141],[26.644629,70.63623],[26.585059,70.41001],[26.989355,70.511377],[27.309375,70.803564],[27.546484,70.804004],[27.235254,70.947217],[27.331641,70.996729],[28.141699,71.043018],[28.392285,70.975293],[28.382715,70.869434],[27.898047,70.67793],[28.271777,70.667969],[28.192969,70.248584],[28.831543,70.863965],[29.7375,70.646826],[30.065137,70.702979],[30.213184,70.543311],[30.960645,70.343848],[30.262988,70.124707],[28.781152,70.14541],[29.601367,69.976758],[29.694629,69.74458],[30.088281,69.717578],[30.237598,69.862207],[30.42832,69.722266],[31.546973,69.696924],[31.997949,69.809912],[31.98457,69.953662],[33.007812,69.722119],[32.915039,69.601709],[32.091504,69.632568],[32.377734,69.479102],[32.999805,69.470117],[32.978906,69.367334],[33.454297,69.428174],[33.327734,69.151855],[33.141211,69.068701],[33.684375,69.310254],[35.85791,69.191748],[37.730566,68.692139],[38.430176,68.355615],[39.568945,68.071729],[39.82334,68.058594],[39.809277,68.15083],[40.380664,67.831885],[40.966406,67.713477],[41.133887,67.266943],[41.358789,67.209668],[41.188965,66.826172],[40.10332,66.299951],[38.653906,66.069043],[35.513477,66.395801],[34.824609,66.611133],[34.482617,66.550342],[34.451563,66.651221],[33.150195,66.843945],[32.847559,67.021533],[32.930469,67.086816],[31.895313,67.161426],[32.500977,67.003857],[32.463672,66.916309],[32.862402,66.721387],[33.180566,66.679932],[33.217383,66.531641],[33.655957,66.442627],[33.360547,66.329541],[34.112695,66.225244],[34.691797,65.951855],[34.776953,65.768262],[34.406445,65.395752],[34.803516,64.985986],[34.952246,64.755957],[34.869531,64.56001],[35.035352,64.440234],[35.64707,64.37832],[36.364941,64.002832],[37.442188,63.813379],[37.967969,63.949121],[38.062207,64.091016],[37.953711,64.320117],[37.183691,64.408496],[36.578711,64.790967],[36.53457,64.938623],[36.785938,64.987158],[36.882812,65.172363],[39.758008,64.577051],[40.057813,64.770752],[40.444922,64.778711],[39.798047,65.349854],[39.816504,65.597949],[40.691602,65.963428],[41.475781,66.123437],[42.210547,66.519678],[43.233203,66.415527],[43.653125,66.250977],[43.541895,66.123389],[44.104395,66.008594],[44.097168,66.235059],[44.488672,66.671777],[44.429297,66.937744],[44.291797,67.099658],[43.782422,67.254492],[44.225391,67.995605],[44.204688,68.25376],[43.333203,68.673389],[45.891992,68.479687],[46.683594,67.970459],[46.69043,67.848828],[45.528711,67.757568],[44.902148,67.413135],[45.562207,67.185596],[45.885352,66.891064],[46.492383,66.800195],[47.655859,66.975928],[47.874707,67.58418],[48.833203,67.681494],[48.754297,67.895947],[49.155273,67.87041],[50.699414,68.317725],[51.994727,68.53877],[52.39668,68.351709],[52.722656,68.484033],[52.344043,68.608154],[53.801953,68.995898],[54.491211,68.992334],[53.797656,68.907471],[53.970605,68.844287],[53.758887,68.633984],[53.930859,68.435547],[53.260547,68.26748],[54.861328,68.201855],[54.923047,68.373828],[55.418066,68.567822],[56.043652,68.648877],[57.126855,68.554004],[58.173047,68.889746],[59.057324,69.006055],[59.370508,68.738379],[59.112305,68.616309],[59.099023,68.444336],[59.725684,68.351611],[59.922852,68.471338],[59.895996,68.706348],[60.48916,68.728955],[60.933594,68.986768],[60.170605,69.590918],[60.909082,69.847119],[64.19043,69.534668],[64.928516,69.325391],[64.896289,69.247803],[67.002441,68.873584],[67.730762,68.513672],[68.504199,68.348438],[69.140527,68.950635],[68.542773,68.96709],[68.117383,69.23623],[68.005859,69.480029],[67.624121,69.584424],[67.064453,69.693701],[66.89668,69.553809],[66.80293,69.740137],[66.926367,70.014258],[67.239258,70.108057],[67.146484,70.219922],[67.284766,70.738721],[66.702246,70.818506],[66.84707,71.063721],[66.639648,71.081396],[66.917578,71.282373],[68.269238,71.682812],[69.391406,72.955518],[71.616992,72.9021],[72.812109,72.691406],[72.574121,72.012549],[71.867285,71.457373],[72.581348,71.151123],[72.704492,70.963232],[72.7,70.457324],[72.469434,70.274951],[72.599414,69.793213],[72.576758,68.968701],[73.591699,68.481885],[73.139453,68.181348],[73.066797,67.766943],[72.594336,67.586963],[71.847461,67.007617],[71.365234,66.961523],[71.539551,66.683105],[70.724902,66.519434],[70.382812,66.60249],[70.690723,66.745312],[69.013477,66.78833],[69.194336,66.578662],[69.982422,66.401416],[72.067578,66.25332],[72.321582,66.332129],[72.417383,66.560791],[73.79209,66.995312],[74.074512,67.414111],[74.769531,67.766357],[74.742676,68.073535],[74.391406,68.420605],[74.57959,68.751221],[75.124609,68.861719],[76.45918,68.978271],[77.238477,68.46958],[77.174414,67.778516],[77.771582,67.570264],[78.922461,67.589111],[77.588281,67.751904],[77.535937,68.007666],[77.664844,68.190381],[77.995117,68.259473],[77.650684,68.903027],[76.000977,69.235059],[74.814844,69.090576],[73.775684,69.198242],[73.890918,69.417969],[73.578125,69.802979],[73.830176,70.175684],[74.343359,70.578711],[73.576563,71.216504],[73.08623,71.444922],[73.671777,71.845068],[74.992188,72.144824],[75.060352,72.548779],[74.786816,72.811865],[75.369336,72.796631],[75.603516,72.581055],[75.741406,72.29624],[75.273828,71.958936],[75.247461,71.813379],[75.503223,71.654639],[75.280273,71.430078],[75.733594,71.265918],[77.589648,71.16792],[78.320605,70.93042],[79.01543,70.950195],[79.083887,71.002002],[78.491406,71.025391],[78.212598,71.266309],[76.433398,71.55249],[76.032422,71.9104],[76.871387,72.033008],[77.550781,71.84209],[78.186914,71.90708],[78.016406,72.092041],[77.41084,72.107764],[78.482617,72.394971],[79.42207,72.380762],[80.7625,72.08916],[81.661621,71.715967],[83.106641,71.720508],[83.233594,71.668164],[82.977051,71.451367],[82.322852,71.26001],[82.23916,70.997705],[82.335938,70.807373],[82.163184,70.598145],[82.221191,70.395703],[82.59248,70.889941],[83.010156,70.89541],[83.030176,70.580518],[82.682324,70.217725],[83.080762,70.093018],[83.073828,70.276709],[83.49707,70.345264],[83.735938,70.546484],[83.15127,71.103613],[83.550488,71.543652],[83.534375,71.683936],[83.200293,71.874707],[82.64541,71.925244],[82.093652,72.26543],[80.827051,72.488281],[80.65625,72.712012],[80.841602,72.94917],[80.424512,73.231152],[80.583203,73.568457],[85.200586,73.721533],[86.892969,73.887109],[87.029492,73.82417],[85.792578,73.43833],[85.818164,73.326953],[86.677051,73.106787],[85.910059,73.39043],[86.092383,73.519141],[87.120117,73.615039],[87.571191,73.810742],[87.209668,73.878662],[86.571094,74.24375],[86.001367,74.316016],[86.395801,74.450098],[87.229688,74.363867],[85.791016,74.645117],[86.20127,74.816211],[86.862891,74.717871],[87.467578,75.013232],[86.939063,75.068115],[87.005957,75.169824],[87.671387,75.12959],[90.184961,75.591064],[94.156348,75.959229],[92.858594,75.979492],[93.259277,76.098779],[95.578711,76.137305],[96.075488,76.081982],[95.65332,75.892188],[96.600586,75.989893],[96.49707,75.891211],[98.662012,76.242676],[99.77041,76.02876],[99.442187,75.803174],[99.540723,75.798584],[99.851367,75.930273],[99.825391,76.135937],[98.805664,76.480664],[101.597754,76.439209],[101.683789,76.485498],[100.928027,76.556738],[101.099316,76.704004],[100.905859,76.900684],[102.610156,77.508545],[104.014551,77.73042],[106.05957,77.390527],[104.202441,77.101807],[106.941602,77.034375],[107.429785,76.926563],[106.63877,76.573389],[106.384668,76.589453],[106.413574,76.512256],[107.722168,76.522314],[108.181641,76.737842],[111.114844,76.723047],[112.093945,76.480322],[111.942676,76.380469],[112.619531,76.383545],[112.798438,76.129639],[112.65625,76.053564],[113.272656,76.25166],[113.563867,75.89165],[113.857227,75.921289],[113.567578,75.568408],[112.466113,75.843652],[112.955664,75.571924],[113.242969,75.611426],[113.726172,75.450635],[113.613574,75.292969],[112.924902,75.015039],[109.840332,74.321973],[109.911328,74.261328],[109.810254,74.169189],[108.199512,73.694092],[107.271094,73.621045],[106.679395,73.330664],[106.188672,73.308008],[105.143945,72.777051],[105.708203,72.83667],[106.47793,73.139404],[107.750391,73.173145],[110.868164,73.730713],[109.665625,73.800244],[110.261426,74.017432],[111.05625,73.939355],[111.130859,74.052832],[111.550586,74.028516],[111.228125,73.968555],[111.400391,73.827734],[112.147266,73.708936],[112.79541,73.746094],[112.939648,73.835645],[112.835938,73.962061],[113.032813,73.913867],[113.416211,73.647607],[113.156934,73.45957],[113.490918,73.346094],[113.474609,73.047852],[113.127832,72.830664],[113.312207,72.657373],[113.664551,72.634521],[113.215527,72.805859],[113.542773,73.054346],[113.558887,73.232617],[113.88623,73.345801],[113.510352,73.50498],[114.060547,73.584668],[115.337695,73.702588],[118.450195,73.589795],[118.936426,73.481201],[118.457031,73.464404],[118.430273,73.246533],[119.750391,72.979102],[122.5375,72.877783],[122.751953,72.906494],[122.526758,73.016699],[123.160352,72.954883],[123.622266,73.193262],[123.322656,73.430811],[123.416211,73.636865],[124.541211,73.75127],[125.598535,73.447412],[126.254492,73.548193],[126.29248,73.394189],[126.552539,73.334912],[127.031348,73.547461],[127.740332,73.481543],[129.100586,73.112354],[128.599023,72.895166],[129.017285,72.872461],[129.250391,72.705176],[128.418262,72.535156],[129.281348,72.437695],[129.411719,72.315479],[129.283496,72.092041],[128.934961,72.079492],[127.726074,72.413184],[128.911426,71.755322],[129.210254,71.916943],[129.46084,71.739307],[128.843262,71.663477],[129.134277,71.592871],[129.761914,71.119531],[130.537109,70.892529],[130.757129,70.962354],[131.021582,70.746094],[131.562012,70.901025],[132.035352,71.244043],[132.227637,71.642773],[132.653906,71.925977],[133.130859,71.606689],[133.688867,71.434229],[134.702734,71.386816],[136.090332,71.61958],[137.939648,71.133398],[137.844043,71.226807],[138.314063,71.325537],[137.918359,71.384082],[138.23418,71.596338],[138.780176,71.629004],[139.209375,71.444775],[139.98418,71.491504],[139.695117,71.700439],[139.722949,71.884961],[139.359277,71.951367],[140.187695,72.191309],[139.176367,72.163477],[139.14082,72.329736],[139.601172,72.496094],[141.079297,72.586914],[140.652344,72.842822],[140.808203,72.890967],[146.25293,72.442236],[146.234766,72.349707],[144.897461,72.39624],[144.169238,72.258789],[144.470703,72.174756],[146.831836,72.29541],[146.113281,71.944971],[146.005859,71.945459],[146.230273,72.1375],[145.758594,72.225879],[145.664062,72.066992],[145.756738,71.941309],[145.063965,71.926074],[144.989648,71.753369],[145.188574,71.695801],[146.073242,71.80835],[147.261816,72.327881],[149.501563,72.164307],[150.016895,71.895654],[148.92334,71.714648],[150.667773,71.455225],[150.097656,71.226562],[150.967773,71.380469],[151.582422,71.286963],[152.092773,71.023291],[151.762012,70.982471],[152.508789,70.834473],[155.895215,71.095508],[158.702148,70.93501],[159.350684,70.790723],[159.911816,70.506104],[160.006445,70.309668],[159.729395,69.870215],[159.83252,69.784961],[160.910742,69.606348],[161.035547,69.098193],[161.340625,68.905176],[160.856055,68.53833],[161.104492,68.5625],[161.565625,68.905176],[161.536914,69.379541],[162.166016,69.611572],[163.201367,69.714746],[166.820312,69.499561],[167.856836,69.728223],[168.15,69.577393],[168.303027,69.271484],[169.310645,69.079541],[169.609863,68.786035],[170.537598,68.825391],[170.99668,69.134717],[170.582227,69.58335],[170.160938,69.626563],[170.503125,69.856543],[170.486816,70.107568],[173.277441,69.823828],[173.438672,69.946826],[175.921484,69.895313],[178.84834,69.387207],[180,68.983447],[180,65.067236],[178.519531,64.602979],[177.748633,64.717041],[176.880859,65.081934],[176.341016,65.047314],[177.037305,64.999658],[177.222852,64.86167],[177.06875,64.78667],[176.061133,64.960889],[174.548828,64.683887],[176.056543,64.904736],[176.350977,64.705127],[176.140918,64.58584],[177.3875,64.774023],[177.43291,64.444482],[177.6875,64.304736],[178.044727,64.21958],[178.229492,64.364404],[178.69248,63.842334],[178.731445,63.66709],[178.466113,63.574072],[178.653711,63.556641],[178.744043,63.394775],[178.792969,63.540332],[178.921484,63.34502],[179.332324,63.190186],[179.405078,63.077734],[179.25957,63.008301],[179.570508,62.773486],[179.120703,62.320361],[177.292578,62.599023],[177.338965,62.781348],[177.023535,62.777246],[176.964746,62.658643],[177.159473,62.560986],[174.514355,61.823633],[173.623438,61.716064],[173.131836,61.406641],[172.856543,61.469189],[172.908008,61.311621],[172.396094,61.167383],[172.392773,61.061768],[170.608203,60.434912],[170.350977,59.965527],[169.982617,60.06709],[169.618359,60.438037],[169.226758,60.595947],[168.1375,60.573926],[167.226758,60.406299],[166.273047,59.85625],[166.136035,59.979346],[166.352148,60.484814],[165.08457,60.098584],[164.953711,59.843604],[164.525293,60.061279],[164.113281,59.897559],[164.135059,59.984375],[163.743848,60.028027],[163.364844,59.781445],[163.272852,59.302588],[162.141602,58.447412],[161.960059,58.076904],[162.391406,57.717236],[162.654297,57.948242],[163.225781,57.790381],[162.761523,57.243945],[162.802637,56.811475],[163.256543,56.688037],[163.335547,56.23252],[163.047363,56.044678],[162.840332,56.065625],[162.628125,56.232275],[163.038379,56.521875],[162.671484,56.490088],[162.488672,56.399121],[162.528223,56.260693],[162.084961,56.089648],[161.723926,55.496143],[162.105566,54.752148],[161.624805,54.51626],[160.772656,54.541357],[160.074414,54.18916],[159.84375,53.783643],[160.025098,53.12959],[159.585938,53.237695],[158.74541,52.908936],[158.47207,53.032373],[158.608789,52.873633],[158.493164,52.383154],[158.103516,51.809619],[156.747754,50.969287],[156.521191,51.380273],[156.364746,52.509375],[156.110352,52.866162],[155.563867,55.199121],[155.716602,56.072217],[155.98252,56.695215],[156.848828,57.290186],[156.976758,57.466309],[156.829883,57.779639],[157.450391,57.799268],[157.666406,58.019775],[158.275195,58.008984],[159.210645,58.519434],[159.847363,59.127148],[161.753516,60.152295],[162.068164,60.466406],[163.709961,60.916797],[163.553516,61.025635],[164.005469,61.343799],[163.804395,61.461377],[164.019531,61.710693],[164.207227,62.292236],[164.59834,62.470557],[165.208105,62.373975],[165.396582,62.493896],[164.418359,62.704639],[163.331738,62.550928],[163.017676,61.891064],[163.009277,61.791504],[163.257812,61.699463],[163.085254,61.570557],[162.855957,61.705029],[162.392578,61.662109],[160.766602,60.75332],[160.173633,60.638428],[160.378906,61.025488],[159.79043,60.956641],[159.949219,61.128613],[159.883105,61.291797],[160.246875,61.647607],[160.309375,61.894385],[159.552344,61.719482],[159.189258,61.929395],[157.08418,61.675684],[156.680273,61.480615],[156.629688,61.272461],[155.716113,60.682373],[154.970801,60.37666],[154.293066,59.83335],[154.149805,59.528516],[154.971289,59.449609],[155.166699,59.360156],[155.160449,59.190137],[154.458008,59.216553],[154.010938,59.075537],[153.361133,59.214795],[152.817871,58.92627],[152.319629,59.030762],[152.087891,58.910449],[151.326758,58.875098],[151.121094,59.08252],[152.260645,59.223584],[151.348242,59.561133],[150.483594,59.494385],[150.667285,59.556348],[149.642578,59.77041],[149.065234,59.630518],[149.20498,59.488184],[148.79707,59.532324],[148.744141,59.373535],[148.964648,59.369141],[148.72666,59.25791],[148.257422,59.414209],[147.514453,59.268555],[146.537207,59.456982],[146.049512,59.170557],[145.55459,59.413525],[143.86875,59.411377],[142.580273,59.240137],[140.790234,58.303467],[140.446875,57.813672],[138.662109,56.965527],[137.691504,56.139355],[135.2625,54.943311],[135.257715,54.731494],[135.851562,54.583936],[136.797266,54.620996],[136.718848,53.804102],[137.155371,53.82168],[137.258008,54.025244],[137.141602,54.182227],[137.666016,54.283301],[137.339258,54.100537],[137.834766,53.946729],[137.253711,53.546143],[137.950488,53.603564],[138.52793,53.959863],[138.569141,53.818799],[138.249707,53.524023],[138.450684,53.537012],[138.660742,53.744775],[138.695703,54.32002],[139.319727,54.192969],[139.795508,54.256445],[140.687598,53.596436],[141.37373,53.292773],[141.402051,53.183984],[141.18125,53.015283],[140.839648,53.087891],[141.255859,52.840137],[141.132422,52.435693],[141.485254,52.178516],[141.366895,51.920654],[140.932617,51.619922],[140.520898,50.800195],[140.535449,50.130762],[140.624512,50.082422],[140.462695,49.911475],[140.517188,49.596143],[140.308984,49.053906],[140.37832,48.964111],[140.113281,48.422656],[139.372656,47.887354],[138.586816,47.057227],[138.336914,46.543408],[137.685449,45.818359],[135.874609,44.373535],[135.483398,43.83501],[135.131055,43.525732],[134.010449,42.947461],[133.159961,42.696973],[132.303809,42.883301],[132.30957,43.313525],[131.947266,43.09541],[131.866602,43.095166],[132.013086,43.280029],[131.794727,43.255273],[131.158301,42.626025],[130.709375,42.656396],[130.83418,42.522949],[130.729883,42.325781],[130.235742,42.183203],[129.756348,41.712256],[129.708691,40.857324],[128.51123,40.130225],[127.568164,39.781982],[127.394531,39.20791],[127.786133,39.084131],[128.329492,38.680908],[129.418262,37.059033],[129.403516,36.052148],[129.572852,36.050537],[129.561719,35.947656],[129.21416,35.181836],[128.510938,35.100977],[128.443945,34.870361],[128.03623,35.021973],[127.714844,34.954687],[127.71543,34.721045],[127.404297,34.823096],[127.479102,34.625244],[127.324609,34.463281],[127.173438,34.546143],[127.24707,34.755127],[126.897461,34.438867],[126.754785,34.511865],[126.531445,34.314258],[126.264453,34.673242],[126.524512,34.6979],[126.593359,34.824365],[126.420703,34.823389],[126.291113,35.15415],[126.614062,35.570996],[126.488477,35.64707],[126.753027,35.871973],[126.54043,36.166162],[126.487695,36.693799],[126.160547,36.771924],[126.487012,37.007471],[126.87207,36.824463],[126.976855,36.939404],[126.746387,37.193555],[126.563379,37.716504],[126.633887,37.781836],[126.369922,37.878369],[126.116699,37.74292],[125.769141,37.985352],[125.357813,37.724805],[125.310742,37.843506],[124.98877,37.931445],[125.206738,38.081543],[124.690918,38.129199],[125.067383,38.556738],[125.554492,38.68623],[125.168848,38.805518],[125.409668,39.288379],[125.36084,39.526611],[124.775293,39.758057],[124.638281,39.615088],[124.35,40.011572],[124.105762,39.841016],[123.650879,39.881592],[122.840039,39.60083],[121.982324,39.053174],[121.677246,39.003418],[121.649902,38.865088],[121.163574,38.731641],[121.106738,38.920801],[121.679883,39.108691],[121.627637,39.220166],[121.818457,39.386523],[121.275488,39.384766],[121.26748,39.544678],[121.517578,39.638965],[121.517383,39.844824],[121.800977,39.950537],[122.263867,40.500195],[121.834863,40.974268],[121.729297,40.846143],[121.174512,40.90127],[120.479102,40.230957],[119.391113,39.75249],[118.976953,39.182568],[118.297852,39.06709],[118.040918,39.226758],[117.784668,39.134473],[117.553809,38.691455],[117.656055,38.424219],[118.014941,38.183398],[118.940039,38.042773],[119.08916,37.700732],[118.952637,37.331152],[119.287402,37.138281],[119.760547,37.155078],[120.257227,37.679004],[120.75,37.833936],[121.640234,37.460352],[122.056641,37.528906],[122.666992,37.402832],[122.44668,37.068115],[122.519727,36.946826],[122.340918,36.832227],[121.932715,36.959473],[121.053809,36.611377],[120.81084,36.632812],[120.895801,36.444141],[120.711523,36.413281],[120.637891,36.129932],[120.393066,36.053857],[120.327734,36.228174],[120.183301,36.202441],[120.094141,36.118896],[120.284766,35.984424],[119.429688,35.301416],[119.165332,34.848828],[120.266699,34.274023],[120.871094,33.016504],[120.853223,32.661377],[121.341699,32.425049],[121.403906,32.20625],[121.856348,31.816455],[121.866309,31.703564],[121.680859,31.712158],[120.520117,32.105859],[120.035937,31.936279],[120.715527,31.98374],[120.787793,31.819775],[121.660645,31.319727],[121.87793,30.916992],[121.418945,30.789795],[120.821484,30.354639],[120.449805,30.387842],[120.194629,30.241309],[120.494531,30.303076],[120.633398,30.133154],[121.258008,30.304102],[121.67793,29.979102],[122.08291,29.870361],[121.50625,29.48457],[121.887988,29.627783],[121.968359,29.490625],[121.917773,29.13501],[121.71748,29.256348],[121.447656,29.131348],[121.679688,28.953125],[121.540039,28.931885],[121.6625,28.851416],[121.475195,28.641406],[121.609961,28.292139],[121.272266,28.222119],[121.145703,28.32666],[120.958594,28.037012],[120.747656,28.009961],[120.833008,27.891455],[120.5875,27.580762],[120.60752,27.412402],[120.278711,27.09707],[120.086719,26.671582],[119.882227,26.610449],[119.824219,26.846387],[119.710449,26.728662],[119.588184,26.784961],[119.881055,26.33418],[119.463086,26.054688],[119.139453,26.121777],[119.332031,25.94873],[119.61875,26.003564],[119.539453,25.59126],[119.622461,25.391162],[119.180078,25.449805],[119.285547,25.232227],[118.977539,25.209277],[118.909082,24.928906],[118.636914,24.835547],[118.657031,24.621436],[118.087109,24.627002],[118.005957,24.481982],[117.842676,24.474316],[118.056055,24.246094],[117.628223,23.836719],[117.466406,23.840576],[117.367676,23.588623],[117.29082,23.714355],[117.08252,23.57876],[116.910645,23.64668],[116.860938,23.453076],[116.629395,23.353857],[116.698828,23.277783],[116.470703,22.945898],[115.64043,22.853418],[115.49834,22.718848],[115.195801,22.817285],[114.853809,22.616797],[114.65166,22.755273],[114.554199,22.528906],[114.266016,22.540967],[114.267969,22.295557],[113.902539,22.396094],[114.01543,22.511914],[113.619629,22.861426],[113.620508,23.12749],[113.519727,23.1021],[113.331055,22.912012],[113.553027,22.594043],[113.548145,22.222607],[113.149023,22.075],[113.08877,22.207959],[112.953906,21.907324],[112.808594,21.944629],[112.586328,21.776855],[112.359668,21.978027],[112.30498,21.741699],[111.943945,21.849658],[111.602734,21.559082],[111.016895,21.511719],[110.567187,21.214062],[110.410937,21.338135],[110.154004,20.944629],[110.36543,20.837598],[110.313086,20.67168],[110.511523,20.518262],[110.344727,20.294824],[109.938477,20.295117],[109.968359,20.448145],[109.662598,20.916895],[109.930762,21.480566],[109.521484,21.693408],[109.544043,21.537939],[109.081543,21.440283],[109.101758,21.590479],[108.77168,21.630469],[108.59375,21.901025],[108.479883,21.904639],[108.502148,21.633447],[108.324805,21.693506],[108.246289,21.558398],[107.809082,21.497119],[107.409961,21.284814],[107.354297,21.055176],[107.164746,20.94873],[106.683398,21.000293],[106.753418,20.735059],[106.550781,20.526562],[106.517969,20.288867],[105.984082,19.939062],[105.621777,18.966309],[105.888281,18.50249],[106.499023,17.946436],[106.478906,17.71958],[106.370508,17.746875],[107.833789,16.322461],[108.029395,16.331104],[108.821289,15.37793],[109.30332,13.856445],[109.271875,13.279346],[109.444922,12.599609],[109.335547,12.751904],[109.218945,12.645801],[109.25918,11.954541],[108.986719,11.336377],[107.261523,10.398389],[107.006641,10.660547],[106.947461,10.400342],[106.727344,10.535645],[106.605859,10.464941],[106.741211,10.444385],[106.757422,10.295801],[106.464063,10.298291],[106.785254,10.116455],[106.595605,9.859863],[106.136426,10.22168],[106.572461,9.641113],[106.378027,9.556104],[105.830957,10.000732],[106.158594,9.594141],[106.168359,9.396729],[105.500977,9.093213],[105.114355,8.629199],[104.77041,8.597656],[104.896289,8.746631],[104.845215,9.606152],[104.903223,9.81626],[105.092578,9.900977],[105.027832,10.067432],[104.663477,10.169922],[104.262402,10.54126],[103.870508,10.655127],[103.587109,10.552197],[103.54043,10.668701],[103.721875,10.890137],[103.532422,11.14668],[103.353613,10.921582],[103.152832,10.913721],[103.125488,11.460645],[102.594141,12.203027],[102.540234,12.109229],[101.723633,12.689355],[100.897754,12.653809],[100.962695,13.431982],[100.60293,13.568164],[100.01748,13.353174],[99.989062,12.170801],[99.165039,10.319824],[99.253906,9.265234],[99.835547,9.288379],[99.989551,8.589209],[100.279395,8.268506],[100.545215,7.226904],[100.283789,7.551514],[100.256641,7.774902],[100.160742,7.599268],[100.423535,7.187842],[101.017871,6.860937],[101.497949,6.865283],[103.196973,5.262158],[103.453906,4.669482],[103.362012,3.769141],[103.439453,2.933105],[103.967773,2.26123],[104.288477,1.480664],[104.176367,1.364893],[103.981445,1.623633],[103.991504,1.454785],[103.480273,1.329492],[103.356836,1.546143],[102.727148,1.855566],[101.295508,2.885205],[101.299902,3.253271],[100.71543,3.966211],[100.795508,4.023389],[100.614551,4.373437],[100.343262,5.98418],[100.119141,6.441992],[99.695996,6.87666],[99.596973,7.355615],[99.358594,7.372217],[98.703516,8.256738],[98.579199,8.344287],[98.420996,8.178223],[98.305469,8.226221],[98.241797,8.767871],[98.702539,10.190381],[98.562598,10.034961],[98.464941,10.67583],[98.675586,10.986914],[98.741406,11.591699],[98.875977,11.719727],[98.636328,11.738379],[98.696289,12.225244],[98.600293,12.245312],[98.678711,12.348486],[98.575977,13.161914],[98.200391,13.980176],[98.110645,13.712891],[98.100195,14.161523],[97.909766,14.652686],[98.01875,14.652588],[97.812305,14.858936],[97.710352,15.875537],[97.584277,16.01958],[97.725977,16.568555],[97.375879,16.522949],[97.200195,17.09541],[96.851465,17.401025],[96.908594,17.030957],[96.76543,16.710352],[96.431152,16.504932],[96.189063,16.768311],[96.324316,16.444434],[95.763281,16.169043],[95.389551,15.722754],[95.301465,15.756152],[95.346777,16.097607],[95.176953,15.825684],[94.942578,15.818262],[94.893164,16.182812],[94.661523,15.904395],[94.70332,16.511914],[94.441602,16.094385],[94.223828,16.016455],[94.588965,17.569336],[94.245703,18.741162],[94.07002,18.893408],[94.044922,19.287402],[93.929199,18.899658],[93.493066,19.369482],[93.824902,19.238477],[93.998145,19.440869],[93.611719,19.776074],[93.707031,19.912158],[93.25,20.070117],[93.129492,19.858008],[93.001953,20.074854],[93.066797,20.377637],[92.82832,20.177588],[92.891113,20.340332],[92.735645,20.562695],[92.722852,20.295605],[92.307813,20.79043],[92.056055,21.174805],[91.863379,22.350488],[91.79707,22.297461],[91.480078,22.884814],[91.216211,22.642236],[90.945605,22.597021],[90.65625,23.025488],[90.604004,23.591357],[90.555664,23.421533],[90.269141,23.455859],[90.590918,23.266406],[90.435059,22.751904],[90.616113,22.362158],[90.230566,21.829785],[90.071191,21.887256],[90.20957,22.156592],[89.954199,22.022852],[89.918066,22.116162],[89.985156,22.466406],[89.811914,21.983496],[89.568555,21.767432],[89.483203,22.275537],[89.500586,21.914355],[89.353711,21.721094],[89.093945,21.872754],[89.051465,22.093164],[88.949316,21.937939],[89.05166,21.654102],[88.85752,21.744678],[88.74502,21.584375],[88.641602,22.121973],[88.584668,21.659717],[88.445996,21.614258],[88.2875,21.758203],[88.253711,21.622314],[88.12207,21.635791],[88.196289,22.139551],[87.941406,22.374316],[88.159277,22.121729],[87.948438,21.825439],[87.100684,21.500781],[86.85957,21.236719],[86.975488,20.700146],[86.750391,20.313232],[86.376563,20.006738],[86.245215,20.053027],[86.216211,19.895801],[85.575,19.69292],[85.504102,19.887695],[85.248633,19.757666],[85.180762,19.594873],[85.441602,19.626562],[84.770996,19.125391],[84.104102,18.292676],[82.35957,17.096191],[82.258789,16.559863],[81.761914,16.329492],[81.286133,16.337061],[80.978711,15.75835],[80.646582,15.89502],[80.293457,15.710742],[80.053418,15.074023],[80.306543,13.485059],[80.15625,13.71377],[80.062109,13.60625],[80.342383,13.361328],[80.229102,12.690332],[79.858496,11.98877],[79.693164,11.312549],[79.799023,11.338672],[79.848633,11.196875],[79.838184,10.322559],[79.314551,10.256689],[78.939941,9.565771],[79.019922,9.33335],[79.411426,9.192383],[78.97959,9.268555],[78.421484,9.105029],[78.19248,8.890869],[78.060156,8.38457],[77.517578,8.07832],[77.065918,8.315918],[76.553418,8.902783],[76.324609,9.4521],[76.242383,9.9271],[76.458789,9.53623],[76.346484,9.922119],[75.723828,11.361768],[74.945508,12.564551],[74.382227,14.494727],[73.949219,15.074756],[73.800781,15.396973],[73.931934,15.396973],[73.771777,15.573047],[73.832813,15.659375],[73.679883,15.708887],[73.337598,16.459863],[72.875488,18.642822],[73.005566,19.021094],[72.97207,19.15332],[72.834668,18.975586],[72.803027,19.079297],[72.811621,19.298926],[72.987207,19.277441],[72.787891,19.362988],[72.667773,19.830957],[72.89375,20.672754],[72.813867,21.117188],[72.623828,21.371973],[72.734766,21.470801],[72.613281,21.461816],[73.1125,21.750439],[72.543066,21.696582],[72.700195,21.971924],[72.522266,21.976221],[72.553027,22.159961],[72.80918,22.233301],[72.182813,22.269727],[72.274414,22.089746],[72.037207,21.823047],[72.210352,21.728223],[72.254004,21.531006],[72.015234,21.155713],[71.024609,20.738867],[70.485059,20.840186],[68.969922,22.290283],[69.05166,22.437305],[69.276563,22.285498],[70.177246,22.572754],[70.489258,23.089502],[70.339453,22.939746],[69.664648,22.759082],[68.81709,23.053711],[68.41748,23.571484],[68.776758,23.8521],[68.234961,23.596973],[68.165039,23.857324],[68.115527,23.753369],[67.859961,23.902686],[67.563086,23.881836],[67.309375,24.174805],[67.171484,24.756104],[66.703027,24.860937],[66.698633,25.226318],[66.428613,25.575342],[66.131152,25.493262],[66.467676,25.445312],[64.77666,25.307324],[64.658984,25.184082],[64.059375,25.40293],[63.556641,25.353174],[63.491406,25.21084],[62.664746,25.264795],[62.315332,25.134912],[62.198633,25.224854],[61.412207,25.1021],[60.663867,25.282227],[60.510547,25.437061],[60.400195,25.311572],[59.456055,25.481494],[59.046094,25.417285],[58.797852,25.55459],[57.796094,25.653027],[57.33457,25.791553],[57.036035,26.800684],[56.728125,27.127686],[56.118066,27.143115],[54.644922,26.508936],[54.24707,26.696631],[53.705762,26.725586],[52.691602,27.323389],[52.475879,27.616504],[52.030762,27.824414],[51.589063,27.864209],[51.278906,28.131348],[51.062012,28.726123],[50.866992,28.870166],[50.875781,29.062695],[50.675195,29.146582],[50.649609,29.420068],[50.168945,29.92124],[50.071582,30.198535],[49.554883,30.028955],[49.001953,30.373926],[49.224512,30.472314],[49.001953,30.506543],[48.832422,30.035498],[48.454199,29.938477],[47.98252,30.011328],[48.143457,29.572461],[47.969629,29.616699],[47.722656,29.393018],[48.051465,29.355371],[48.808984,27.895898],[48.797168,27.724316],[49.2375,27.492725],[49.175098,27.437646],[49.405273,27.180957],[50.149805,26.662646],[50.008105,26.678516],[50.213867,26.308496],[50.155469,26.100537],[50.031641,26.110986],[50.081055,25.961377],[50.804395,24.789258],[50.75459,25.399268],[51.003125,25.981445],[51.262305,26.153271],[51.543066,25.902393],[51.485352,25.524707],[51.608887,25.052881],[51.42793,24.668262],[51.267969,24.607227],[51.418359,24.530957],[51.309863,24.340381],[51.605469,24.338428],[51.767578,24.254395],[51.843164,24.010889],[52.118555,23.971094],[52.648242,24.154639],[53.801758,24.069482],[54.147949,24.171191],[54.39707,24.278174],[54.746777,24.810449],[55.941211,25.793994],[56.164453,26.207031],[56.413086,26.351172],[56.297852,25.650684],[56.372852,25.018311],[56.640625,24.470312],[57.219824,23.922754],[58.773047,23.517187],[59.429395,22.66084],[59.823242,22.508984],[59.824414,22.305176],[59.371484,21.498828],[58.895703,21.112793],[58.474219,20.406885],[58.208984,20.423975],[58.169434,20.589502],[57.861816,20.244141],[57.71416,19.678418],[57.811621,19.01709],[56.825977,18.753516],[56.383496,17.987988],[55.479102,17.843262],[55.255371,17.585645],[55.275195,17.320898],[55.06416,17.038916],[54.068164,17.005518],[52.581445,16.470361],[52.237305,16.171387],[52.21748,15.655518],[51.322461,15.22627],[49.349902,14.637793],[48.668359,14.050146],[47.989941,14.048096],[47.407715,13.661621],[46.788867,13.465576],[45.657324,13.338721],[45.038672,12.815869],[43.929785,12.616504],[43.487598,12.698828],[43.231934,13.26709],[43.282422,13.692529],[43.089063,14.010986],[42.936426,14.938574],[42.657813,15.232812],[42.799023,15.32627],[42.789844,16.451562],[42.293945,17.434961],[41.658008,18.007666],[40.75918,19.755469],[39.72832,20.390332],[39.276074,20.973975],[38.987891,21.881738],[39.062012,22.592187],[38.46416,23.711865],[37.919727,24.1854],[37.543066,24.29165],[37.180859,24.82002],[37.266309,24.960059],[37.148828,25.291113],[35.180469,28.034863],[34.625,28.064502],[34.973438,29.555029],[34.736426,29.270605],[34.399707,28.016016],[34.220117,27.764307],[33.247754,28.567725],[32.565723,29.973975],[32.473047,29.925439],[32.359766,29.630664],[32.599023,29.321924],[32.658887,28.927734],[33.54707,27.898145],[33.549805,27.607373],[33.849316,27.184912],[33.959082,26.649023],[35.194141,24.475146],[35.783887,23.937793],[35.54082,23.920654],[35.504395,23.779297],[35.697852,22.946191],[36.229688,22.628809],[36.87041,22.015771],[36.926953,21.586523],[37.258594,21.108545],[37.141113,20.981787],[37.193164,20.120703],[37.471289,18.820117],[38.574023,18.072949],[38.911719,17.427148],[39.298926,15.921094],[39.506543,15.532129],[39.785547,15.124854],[39.86377,15.470312],[40.204102,15.014111],[41.176465,14.620312],[41.658203,13.983057],[42.245117,13.587646],[42.399316,13.212598],[42.522852,13.221484],[42.796191,12.864258],[43.08291,12.824609],[43.353516,12.367041],[43.336719,12.027002],[42.539746,11.504297],[43.161719,11.566016],[44.279297,10.471875],[44.942969,10.436719],[45.816699,10.835889],[46.565039,10.745996],[47.40498,11.174023],[49.062109,11.27085],[50.110059,11.529297],[50.792285,11.983691],[51.254883,11.830713],[51.084277,11.335645],[51.140625,10.656885],[51.031836,10.444775],[51.192969,10.554639],[51.38457,10.386523],[50.930078,10.335547],[50.825,9.428174],[49.852051,7.962549],[49.049316,6.173633],[47.975293,4.497021],[46.051172,2.475146],[44.920215,1.810156],[43.717578,0.857861],[41.979883,-0.973047],[41.386914,-1.866992],[40.995508,-1.950586],[40.813184,-2.392383],[40.278516,-2.628613],[40.11543,-3.250586],[39.490918,-4.478418],[39.228125,-4.665527],[38.804688,-6.070117],[38.874023,-6.33125],[39.546094,-7.024023],[39.288477,-7.517871],[39.287012,-7.787695],[39.428418,-7.812793],[39.441016,-8.011523],[39.304004,-8.443848],[39.641309,-9.19248],[39.725195,-10.000488],[40.38877,-10.353516],[40.611719,-10.661523],[40.486621,-10.765137],[40.597168,-10.830664],[40.402832,-11.332031],[40.580859,-12.635547],[40.436816,-12.983105],[40.56875,-12.984668],[40.595703,-14.122852],[40.715625,-14.214453],[40.646094,-14.538672],[40.818164,-14.467578],[40.835156,-14.791504],[40.558984,-15.473438],[39.983594,-16.225488],[39.790918,-16.294531],[39.844629,-16.435645],[39.084375,-16.972852],[38.144922,-17.242773],[37.512305,-17.570703],[36.939355,-17.993457],[36.403711,-18.769727],[36.262891,-18.719629],[36.235645,-18.861328],[35.853711,-18.993359],[34.947852,-19.812695],[34.649414,-19.701367],[34.755762,-19.821973],[34.705078,-20.473047],[34.982324,-20.80625],[35.267676,-21.650977],[35.315723,-22.396875],[35.383008,-22.45459],[35.456348,-22.115918],[35.540234,-22.302637],[35.575391,-22.963086],[35.37041,-23.798242],[35.541992,-23.824414],[35.438086,-24.171191],[34.99209,-24.650586],[33.347461,-25.260938],[32.792188,-25.644336],[32.59043,-26.004102],[32.848828,-26.268066],[32.954883,-26.083594],[32.88916,-26.830469],[32.375195,-28.498242],[31.335156,-29.378125],[29.971191,-31.32207],[27.860645,-33.053906],[26.613672,-33.707422],[25.805859,-33.737109],[25.574219,-34.035352],[25.00293,-33.973633],[24.827148,-34.168945],[24.595508,-34.174512],[23.697852,-33.992773],[23.268164,-34.081152],[22.553809,-34.010059],[21.788965,-34.372656],[20.529883,-34.463086],[20.020605,-34.785742],[19.298242,-34.615039],[19.330762,-34.492383],[19.09834,-34.350098],[18.831348,-34.364063],[18.752148,-34.082617],[18.500391,-34.109277],[18.461621,-34.346875],[18.352051,-34.188477],[18.433008,-33.717285],[17.851074,-32.827441],[17.965234,-32.708594],[18.125,-32.749121],[18.325293,-32.50498],[18.21084,-31.74248],[17.34707,-30.444824],[16.739453,-29.009375],[15.719043,-27.96582],[15.341504,-27.386523],[15.139063,-26.508008],[14.967773,-26.318066],[14.837109,-25.033203],[14.501563,-24.201953],[14.462793,-22.449121],[13.450586,-20.916699],[12.458203,-18.926758],[11.775879,-18.001758],[11.750879,-15.831934],[12.016113,-15.513672],[12.550488,-13.437793],[12.983203,-12.775684],[13.416992,-12.52041],[13.685547,-12.123828],[13.847461,-11.054395],[12.998535,-9.048047],[13.358984,-8.687207],[13.378516,-8.369727],[12.823438,-6.954785],[12.283301,-6.124316],[13.068164,-5.864844],[12.45293,-6.000488],[12.24043,-5.807324],[12.177148,-5.324805],[11.777539,-4.56582],[9.72207,-2.467578],[10.062012,-2.549902],[9.624609,-2.36709],[9.298926,-1.903027],[9.483203,-1.894629],[9.265625,-1.825098],[9.036328,-1.308887],[9.318848,-1.632031],[9.501074,-1.555176],[9.295801,-1.515234],[9.34668,-1.325],[9.064648,-1.29834],[8.703125,-0.591016],[8.946387,-0.68877],[9.29668,-0.35127],[9.354883,0.343604],[9.468164,0.159766],[9.796777,0.044238],[10.001465,0.194971],[9.546484,0.295947],[9.324805,0.5521],[9.495313,0.664844],[9.617969,0.576514],[9.599414,1.054443],[9.385938,1.139258],[9.807031,1.92749],[9.948438,3.079053],[9.67207,3.537598],[9.765723,3.623828],[9.642383,3.611768],[9.556152,3.798047],[9.739648,3.85293],[9.688867,4.056396],[9.483691,4.066113],[9.425293,3.922314],[9.000098,4.091602],[8.918262,4.55376],[8.660352,4.670996],[8.689648,4.550244],[8.574414,4.526221],[8.570508,4.7521],[8.252734,4.923975],[8.293066,4.557617],[7.644238,4.525342],[7.530762,4.655176],[7.284375,4.547656],[7.076563,4.716162],[7.154688,4.514404],[6.923242,4.390674],[6.767676,4.724707],[6.860352,4.37334],[6.633008,4.340234],[6.57998,4.475977],[6.55459,4.341406],[6.263672,4.309424],[6.270996,4.432129],[6.076563,4.290625],[5.493262,4.83877],[5.367969,5.337744],[5.549707,5.474219],[5.38584,5.401758],[5.199219,5.533545],[5.456641,5.611719],[5.327344,5.70752],[5.112402,5.641553],[4.861035,6.026318],[4.431348,6.348584],[3.450781,6.427051],[3.716992,6.597949],[3.335547,6.396924],[1.310645,6.146875],[0.949707,5.810254],[0.259668,5.757324],[-2.001855,4.762451],[-3.246387,5.114062],[-3.019141,5.130811],[-3.199951,5.354492],[-3.347559,5.130664],[-4.120166,5.309717],[-4.608887,5.235889],[-4.037207,5.230127],[-5.282373,5.210254],[-5.367529,5.150781],[-5.061816,5.130664],[-5.91377,5.010937],[-7.544971,4.351318],[-8.259033,4.58999],[-9.132178,5.054639],[-10.276367,6.077637],[-10.785596,6.310156],[-11.733447,7.088574],[-12.485645,7.386279],[-12.480273,7.753271],[-12.850879,7.818701],[-12.956934,8.145312],[-13.272754,8.429736],[-13.08501,8.424756],[-12.894092,8.629785],[-13.181836,8.576904],[-13.206934,8.843115],[-13.059473,8.881152],[-13.271631,8.987402],[-13.436279,9.420312],[-13.691357,9.535791],[-13.689795,9.927783],[-13.820117,9.887207],[-14.04502,10.14126],[-14.426904,10.24834],[-14.60957,10.549854],[-14.593506,10.766699],[-14.677344,10.688965],[-14.886719,10.968066],[-15.012402,10.804346],[-15.05459,11.141943],[-15.222119,11.030908],[-15.216699,11.15625],[-15.393115,11.217236],[-15.429102,11.498877],[-15.072656,11.597803],[-15.230371,11.686768],[-15.412988,11.615234],[-15.500244,11.778369],[-15.078271,11.968994],[-15.941748,11.786621],[-15.920215,11.937793],[-16.328076,12.051611],[-16.24458,12.237109],[-16.436816,12.20415],[-16.784863,12.47251],[-16.442871,12.609473],[-16.597656,12.715283],[-16.767969,12.628418],[-16.750391,13.425391],[-16.413379,13.269727],[-15.42749,13.468359],[-16.440527,13.353174],[-16.766943,13.904932],[-16.618115,14.040527],[-16.791748,14.00415],[-17.168066,14.640625],[-17.535645,14.755127],[-17.147168,14.922021],[-16.570752,15.734424],[-16.463623,16.601514],[-16.078906,17.54585],[-16.084961,18.521191],[-16.213086,19.00332],[-16.514453,19.361963],[-16.305273,19.512646],[-16.444873,19.473145],[-16.210449,20.22793],[-16.429785,20.652344],[-16.62251,20.63418],[-16.876074,21.086133],[-17.098779,20.856885],[-16.930859,21.9],[-16.35874,22.594531],[-16.210254,23.0979],[-15.789258,23.792871],[-15.980713,23.670312],[-15.899316,23.844434],[-14.904297,24.719775],[-14.794922,25.40415],[-14.470557,26.163037],[-13.575781,26.735107],[-12.948926,27.91416],[-11.552686,28.310107],[-10.200586,29.380371],[-9.66709,30.109277],[-9.65293,30.447559],[-9.875488,30.71792],[-9.808691,31.424609],[-9.347461,32.086377],[-9.24585,32.572461],[-8.512842,33.252441],[-6.900977,33.969043],[-6.353125,34.776074],[-5.924805,35.785791],[-5.277832,35.902734],[-5.252686,35.614746],[-4.62832,35.206396],[-3.394727,35.211816],[-2.972217,35.407275],[-2.839941,35.127832],[-1.913281,35.094238],[-0.91748,35.668408],[-0.426123,35.861523],[-0.048242,35.832812],[0.312207,36.162354],[1.257227,36.51958],[2.593359,36.600684],[2.972852,36.784473],[3.779004,36.896191],[4.758105,36.896338],[5.29541,36.648242],[6.486523,37.085742],[6.927539,36.919434],[7.238477,36.968506],[7.204297,37.092383],[7.432422,37.059277],[7.910449,36.856348],[8.823535,36.997607],[9.687988,37.340381],[9.838477,37.308984],[9.830273,37.135352],[9.875586,37.25415],[10.196387,37.205859],[10.293262,36.781494],[10.412305,36.731836],[10.951367,37.059277],[11.053906,37.07251],[11.12666,36.874072],[10.487988,36.254883],[10.59082,35.887256],[11.004297,35.633838],[11.120117,35.240283],[10.690918,34.678467],[10.064844,34.211621],[10.049023,34.056299],[10.305273,33.728271],[10.713184,33.689014],[10.722754,33.514404],[10.958008,33.626318],[11.202637,33.249219],[12.279883,32.858545],[12.753516,32.801074],[13.283496,32.914648],[15.176563,32.391162],[15.705957,31.426416],[17.830469,30.927588],[18.936426,30.29043],[19.589844,30.41377],[20.013184,30.800684],[20.141113,31.195508],[19.926367,31.817529],[20.121484,32.21875],[20.621094,32.580176],[21.635938,32.937305],[22.187402,32.918262],[23.090625,32.61875],[23.10625,32.331445],[23.286328,32.213818],[24.129688,32.009229],[24.878516,31.984277],[25.225488,31.533789],[25.893262,31.620898],[26.768652,31.470361],[29.07207,30.830273],[30.222656,31.258398],[30.395117,31.457617],[30.923535,31.566846],[30.562988,31.416992],[31.001758,31.462793],[31.08291,31.60332],[31.524414,31.458252],[31.888965,31.541406],[32.136035,31.341064],[31.892188,31.482471],[31.771094,31.292578],[32.101758,31.092822],[32.281836,31.200879],[32.250586,31.294922],[32.60332,31.06875],[33.902539,31.180957],[34.483984,31.592285],[35.647852,34.248242],[35.97793,34.547412],[35.902441,35.420703],[35.764453,35.571582],[35.956934,35.998145],[35.810938,36.309863],[36.188477,36.658984],[36.180078,36.807227],[36.048926,36.910596],[35.393164,36.575195],[34.703613,36.816797],[33.694727,36.181982],[32.794824,36.035889],[32.377734,36.183643],[32.021973,36.535303],[31.240625,36.821729],[30.644043,36.865674],[30.446094,36.269873],[29.689063,36.156689],[29.223633,36.324463],[28.969629,36.715332],[28.303711,36.811963],[28.111523,36.646387],[28.019434,36.634473],[28.083984,36.751465],[27.54043,36.684229],[27.466895,36.746338],[28.005371,36.831982],[28.242383,37.029053],[27.262988,36.976562],[27.300195,37.126855],[27.535059,37.163867],[27.067969,37.65791],[27.224414,37.725439],[27.232422,37.978662],[26.290723,38.277197],[26.416406,38.367871],[26.441309,38.641211],[26.674219,38.335742],[27.144238,38.451953],[26.906836,38.481738],[26.763672,38.709619],[27.013672,38.886865],[26.814941,38.960986],[26.853613,39.115625],[26.681836,39.292236],[26.899219,39.549658],[26.113086,39.467383],[26.181348,39.990088],[26.738086,40.400244],[27.28457,40.455615],[27.728027,40.328809],[27.848535,40.381738],[27.731836,40.481494],[27.874902,40.512939],[27.989551,40.489453],[27.962598,40.369873],[29.007129,40.389746],[28.787891,40.534033],[29.849219,40.760107],[29.113867,40.937842],[29.148145,41.221045],[31.254883,41.107617],[32.306445,41.72959],[33.381348,42.017578],[34.750488,41.956836],[35.006445,42.063281],[35.154883,42.027539],[35.12207,41.891113],[35.297754,41.728516],[36.051758,41.682568],[36.405371,41.274609],[36.777734,41.363477],[37.066211,41.184424],[38.381055,40.924512],[39.426367,41.106445],[40.265234,40.961328],[41.414355,41.423633],[41.701758,41.70542],[41.762988,41.97002],[41.419434,42.737646],[39.873633,43.472803],[38.717285,44.288086],[38.18125,44.419678],[37.851465,44.698828],[37.495117,44.695264],[37.204785,44.971973],[36.627637,45.151318],[36.941211,45.289697],[36.72041,45.371875],[36.865918,45.427051],[37.213574,45.272314],[37.647168,45.377197],[37.612402,45.564697],[37.933105,46.001709],[38.07959,45.934814],[38.183594,46.094824],[38.492285,46.090527],[37.913867,46.406494],[37.766504,46.636133],[38.500977,46.663672],[38.438672,46.813086],[39.270703,47.044141],[39.195703,47.268848],[37.543359,47.074561],[36.794824,46.714404],[35.827148,46.624316],[35.014551,46.106006],[35.280176,46.279492],[35.230371,46.440625],[34.849609,46.189893],[35.022852,45.700977],[35.45752,45.316309],[36.170508,45.453076],[36.575,45.393555],[36.393359,45.065381],[35.472559,45.098486],[35.087695,44.802637],[34.469922,44.72168],[33.909961,44.387598],[33.450684,44.553662],[33.612207,44.907812],[33.555176,45.097656],[32.508008,45.403809],[33.664844,45.94707],[33.594141,46.09624],[33.202246,46.175732],[32.476758,46.083691],[31.83125,46.281689],[32.008496,46.42998],[31.554883,46.554297],[32.361328,46.474951],[32.578027,46.615625],[32.044336,46.64248],[31.75918,47.212842],[31.912695,46.926123],[31.872852,46.649756],[31.532129,46.664746],[31.563379,46.777295],[31.40293,46.628809],[30.796289,46.552002],[30.219043,45.866748],[29.628418,45.722461],[29.726953,45.343311],[29.55752,44.843408],[29.048242,44.757568],[29.095313,44.975049],[28.930566,44.96582],[28.807031,44.565039],[28.888184,44.574756],[28.64541,44.295654],[28.561816,43.501318],[28.46543,43.389307],[28.133691,43.395605],[27.928906,43.186133],[27.888867,42.749707],[27.484766,42.468066],[27.982715,42.047412],[28.197852,41.554492],[29.057227,41.229736],[28.95625,41.008203],[28.172168,41.080713],[27.499414,40.973145],[27.258008,40.687354],[26.77207,40.498047],[26.202734,40.075391],[26.253809,40.314697],[26.79209,40.626611],[26.105469,40.611328],[25.855664,40.844092],[25.104492,40.994727],[24.792969,40.85752],[24.477051,40.947754],[24.082324,40.724072],[23.762793,40.747803],[23.866797,40.418555],[24.212793,40.327783],[24.343359,40.147705],[23.913184,40.358789],[23.72793,40.329736],[23.96748,40.114551],[23.94707,39.965576],[23.664551,40.223828],[23.42627,40.263965],[23.627344,39.924072],[22.896484,40.399902],[22.922266,40.590869],[22.629492,40.495557],[22.592188,40.036914],[23.327734,39.174902],[23.154688,39.101465],[23.161719,39.257764],[22.921387,39.306348],[22.886035,39.169971],[23.066699,39.037939],[22.569141,38.86748],[23.25293,38.66123],[24.024512,38.139795],[24.019727,37.677734],[23.501758,38.034863],[23.036328,37.878369],[23.489258,37.440186],[23.161523,37.333838],[22.725391,37.542139],[23.160156,36.448096],[22.717188,36.793945],[22.427734,36.475781],[22.080469,37.028955],[21.955566,36.990088],[21.892383,36.737305],[21.58291,37.080957],[21.678906,37.387207],[21.124707,37.891602],[21.403711,38.19668],[21.658398,38.175098],[21.824707,38.328125],[22.920313,37.958301],[22.893164,38.050928],[23.12207,38.07334],[23.148926,38.176074],[22.42168,38.438525],[21.472559,38.321387],[21.331055,38.487305],[21.182617,38.345557],[20.768555,38.874414],[21.111621,38.896289],[21.118359,39.02998],[20.779688,39.008545],[20.300781,39.3271],[19.851855,40.043555],[19.398145,40.284863],[19.3375,40.663818],[19.577539,41.7875],[19.186426,41.948633],[18.645898,42.442725],[17.04541,43.014893],[17.723633,42.850684],[16.903125,43.392432],[15.985547,43.519775],[15.18584,44.172119],[15.122949,44.256787],[15.470996,44.271973],[14.981348,44.60293],[14.85459,45.081006],[14.550488,45.297705],[14.312695,45.337793],[13.860742,44.837402],[13.517188,45.481787],[13.783301,45.627246],[13.62832,45.770947],[13.206348,45.771387],[12.274316,45.446045],[12.225684,45.241504],[12.523438,44.967969],[12.24834,44.72251],[12.396289,44.223877],[13.56416,43.571289],[14.010449,42.689551],[14.540723,42.244287],[15.16875,41.934033],[16.164648,41.896191],[15.900488,41.512061],[17.95498,40.655176],[18.460645,40.221045],[18.34375,39.821387],[18.07793,39.936963],[17.865039,40.280176],[17.395801,40.340234],[17.17998,40.502783],[16.928223,40.458057],[16.521875,39.747559],[17.114551,39.380615],[17.174609,38.998096],[16.616699,38.800146],[16.545605,38.409082],[16.056836,37.941846],[15.645801,38.034229],[15.878906,38.613916],[16.196777,38.759229],[16.209961,38.941113],[15.692773,39.990186],[14.950879,40.239014],[14.947656,40.469336],[14.765723,40.668408],[14.339941,40.598828],[14.460547,40.728711],[14.044336,40.812256],[13.733398,41.235645],[13.088672,41.243848],[12.630859,41.469678],[11.637305,42.287549],[11.141211,42.389893],[11.167773,42.535156],[10.708398,42.936328],[10.514844,42.967529],[10.520801,43.203809],[10.188086,43.94751],[8.76582,44.422314],[8.00498,43.876758],[7.261523,43.696094],[6.570215,43.199072],[6.115918,43.072363],[5.406543,43.228516],[5.059766,43.444531],[4.712109,43.373291],[4.052637,43.593066],[3.258887,43.193213],[3.043066,42.837891],[3.306738,42.288965],[3.150391,42.162451],[3.248047,41.944238],[2.082617,41.287402],[1.03291,41.062061],[0.714648,40.822852],[0.891113,40.722363],[0.596094,40.614502],[-0.327002,39.519873],[-0.204932,39.062598],[0.201563,38.75918],[-0.520801,38.317285],[-0.814648,37.769922],[-0.721582,37.631055],[-1.327539,37.561133],[-1.640967,37.386963],[-2.111523,36.77666],[-4.366846,36.718115],[-4.674121,36.506445],[-5.171484,36.423779],[-5.360937,36.134912],[-5.625488,36.025928],[-6.040674,36.188428],[-6.384131,36.637012],[-6.216797,36.913574],[-6.396191,36.831641],[-6.86377,37.278906],[-7.834131,37.005713],[-8.597656,37.121338],[-8.997803,37.032275],[-8.81416,37.430811],[-8.881104,38.44668],[-8.668311,38.424316],[-8.798877,38.518164],[-9.213281,38.448096],[-9.250391,38.656738],[-9.021484,38.746875],[-8.791602,39.078174],[-9.135791,38.742773],[-9.479736,38.798779],[-9.374756,39.338281],[-8.837842,40.115674],[-8.684619,40.752539],[-8.75542,41.698389],[-8.887598,41.7646],[-8.777148,41.941064],[-8.87832,41.946875],[-8.887207,42.105273],[-8.690918,42.27417],[-8.81582,42.285254],[-8.730029,42.411719],[-8.811523,42.640332],[-9.033105,42.593848],[-8.927197,42.798584],[-9.235205,42.976904],[-9.178076,43.174023],[-8.355469,43.396826],[-8.256738,43.579883],[-7.698145,43.764551],[-7.060986,43.553955],[-5.84668,43.645068],[-4.523047,43.415723],[-3.604639,43.519482],[-3.045605,43.371582],[-2.875049,43.454443],[-1.991309,43.345068],[-1.484863,43.56377],[-1.245508,44.559863],[-1.076953,44.689844],[-1.152881,44.764014],[-1.245215,44.666699],[-1.081006,45.532422],[-0.548486,45.000586],[-0.790771,45.468018],[-1.195996,45.714453],[-1.031738,45.741064],[-1.146289,46.311377],[-1.786523,46.514844],[-2.09248,46.865039],[-2.018896,47.037646],[-2.148584,47.223926],[-1.742529,47.215967],[-2.503125,47.312061],[-2.427686,47.470898],[-2.770312,47.513867],[-2.787207,47.625537],[-4.312109,47.8229],[-4.678809,48.039502],[-4.329443,48.169971],[-4.577148,48.290039],[-4.241406,48.303662],[-4.719385,48.363135],[-4.720752,48.539893],[-3.231445,48.84082],[-2.692334,48.536816],[-2.446191,48.648291],[-2.003711,48.58208],[-1.905713,48.697119],[-1.376465,48.652588],[-1.565479,48.805518],[-1.583105,49.202393],[-1.856445,49.683789],[-1.258643,49.680176],[-1.138525,49.387891],[-0.163477,49.296777],[0.416895,49.448389],[0.129395,49.508447],[0.186719,49.703027],[1.407227,50.088525],[1.592773,50.252197],[1.579492,50.739258],[1.767676,50.935693],[3.425781,51.393506],[4.226172,51.386475],[3.448926,51.540771],[4.274121,51.471631],[4.004785,51.59585],[4.182617,51.610303],[3.946875,51.810547],[4.026074,51.927734],[4.482813,52.30918],[4.76875,52.941309],[5.06123,52.960645],[5.532031,53.268701],[6.816211,53.441162],[7.197266,53.282275],[7.05332,53.37583],[7.206445,53.654541],[7.629199,53.697266],[8.009277,53.690723],[8.200781,53.432422],[8.333887,53.606201],[8.495215,53.394238],[8.618945,53.875],[9.205566,53.855957],[9.783984,53.554639],[8.978125,53.926221],[8.906641,54.260791],[8.644922,54.294971],[8.957227,54.53833],[8.682324,54.791846],[8.615918,55.418213],[8.132129,55.599805],[8.163965,56.606885],[8.67168,56.495654],[8.888086,56.735059],[9.196387,56.70166],[9.254883,57.011719],[9.110449,57.043652],[8.771973,56.725293],[8.268262,56.754004],[8.618555,57.111279],[9.433594,57.174316],[9.962305,57.580957],[10.609961,57.736914],[10.444629,57.562207],[10.524121,57.243213],[10.296094,56.999121],[10.282715,56.620508],[10.926172,56.443262],[10.753418,56.241992],[10.31875,56.212891],[10.183008,55.865186],[9.903711,55.842822],[10.023633,55.761426],[9.591113,55.493213],[9.670996,55.266406],[9.453711,55.039551],[9.688184,55.000146],[9.745898,54.807178],[10.022168,54.673926],[9.868652,54.472461],[10.731543,54.31626],[11.013379,54.37915],[11.064355,54.280518],[10.85459,54.009814],[11.399609,53.944629],[12.111328,54.168311],[12.575391,54.467383],[13.028613,54.411035],[13.448047,54.140869],[13.724219,54.153223],[13.950391,53.801367],[14.583496,53.639355],[14.558398,53.823193],[13.925781,53.879053],[13.827734,54.127246],[14.38418,53.924707],[16.186328,54.290381],[16.559766,54.553809],[17.261914,54.729541],[18.085645,54.83584],[18.759277,54.68457],[18.43623,54.744727],[18.836426,54.36958],[19.407129,54.386084],[19.858887,54.633838],[19.974512,54.921191],[20.678906,55.102637],[21.114844,55.616504],[21.031738,55.350488],[20.594824,54.982373],[21.188867,54.935205],[21.237891,55.455029],[21.061914,55.813428],[21.031445,56.636572],[21.728711,57.570996],[22.55459,57.724268],[23.287305,57.089746],[23.647754,56.971045],[24.382617,57.250049],[24.301563,57.784131],[24.529102,58.354248],[24.114844,58.266113],[23.767578,58.36084],[23.509277,58.658545],[23.680762,58.787158],[23.503613,58.789844],[23.432031,58.920654],[23.494434,59.195654],[24.083398,59.291895],[24.053613,59.372314],[24.380371,59.472656],[25.44375,59.521143],[25.509277,59.639014],[27.892578,59.414209],[28.063965,59.554004],[28.058008,59.781543],[28.33457,59.692529],[28.518164,59.849561],[28.947266,59.82876],[29.147266,59.999756],[30.122559,59.873584],[30.172656,59.957129],[29.721191,60.195312],[29.069141,60.191455],[28.643164,60.375293],[28.491602,60.540137],[28.622461,60.491602],[28.650586,60.610986],[28.512793,60.677295],[26.534668,60.412891],[26.569336,60.624561],[26.377734,60.424072],[25.955957,60.474219],[26.03584,60.341504],[25.758008,60.267529],[25.656445,60.333203],[24.445605,60.021289],[23.463574,59.98623],[23.021289,59.816016],[23.198438,60.021826],[22.911719,60.209717],[22.749805,60.057275],[22.462695,60.029199],[22.584961,60.380566],[21.436035,60.596387],[21.360547,60.96748],[21.565039,61.484326],[21.498242,61.551953],[21.605957,61.591553],[21.255957,61.989648],[21.343359,62.277393],[21.103613,62.622949],[21.473535,63.033252],[21.650977,63.039307],[21.545117,63.204297],[22.319727,63.310449],[22.243262,63.437939],[22.532324,63.647852],[23.598926,64.040918],[24.55791,64.801025],[25.288184,64.860352],[25.228027,64.951025],[25.372656,65.009473],[25.255859,65.143262],[25.347852,65.479248],[24.674902,65.670703],[24.628027,65.85918],[23.102344,65.735352],[22.400977,65.862109],[22.254004,65.597559],[21.565527,65.408105],[21.60918,65.261377],[21.410352,65.317432],[21.573926,65.125781],[21.138184,64.808691],[21.519629,64.463086],[21.018457,64.177979],[20.762695,63.867822],[18.606445,63.178271],[18.312891,62.996387],[18.502051,62.988867],[18.463086,62.89585],[18.17002,62.789355],[17.87959,62.873193],[17.903027,62.659473],[18.037305,62.600537],[17.378418,62.462793],[17.633691,62.233008],[17.374512,61.866309],[17.46543,61.684473],[17.196387,61.724561],[17.130762,61.575732],[17.250977,60.700781],[17.661133,60.535156],[17.955762,60.589795],[18.55752,60.253564],[18.535449,60.152881],[18.787012,60.079492],[18.99043,59.827783],[17.964258,59.359375],[17.979785,59.329053]],[[50.679883,46.938721],[49.886328,46.595654],[49.347461,46.519141],[49.245898,46.291602],[48.683691,46.086182],[48.72959,45.896826],[48.487012,45.934863],[47.633301,45.584033],[47.463281,45.679688],[47.529492,45.530225],[47.35127,45.217725],[47.083789,44.816992],[47.00293,44.876074],[46.755273,44.656543],[46.720898,44.45166],[47.307031,44.103125],[47.462793,43.555029],[47.646484,43.884619],[47.463184,43.035059],[47.727734,42.680713],[48.823926,41.62959],[49.456738,40.799854],[50.18252,40.504785],[50.365918,40.279492],[49.918848,40.316406],[49.551172,40.194141],[49.324414,39.60835],[49.362793,39.349561],[49.165332,39.030273],[48.961719,39.07876],[48.870703,38.392529],[49.080957,37.667578],[50.130469,37.407129],[50.337891,37.14917],[50.927441,36.810205],[51.762012,36.614502],[53.767676,36.930322],[53.91543,36.930322],[53.679492,36.853125],[53.970117,36.818311],[53.823535,37.92793],[53.868652,38.949268],[53.70459,39.20957],[53.336328,39.34082],[53.156641,39.26499],[53.235645,39.608545],[53.603125,39.546973],[53.472266,39.668799],[53.487305,39.909375],[52.9875,39.987598],[53.035547,39.774414],[52.804688,40.054004],[52.733691,40.39873],[52.943457,41.038086],[53.145215,40.824951],[53.615234,40.818506],[53.87002,40.648682],[54.377344,40.693262],[54.319434,40.83457],[54.685059,40.873047],[54.703711,41.071143],[54.094824,41.519385],[53.752344,42.129395],[52.97002,41.976221],[52.814844,41.711816],[52.850391,41.200293],[52.467578,41.885889],[52.596582,42.760156],[51.898242,42.869629],[51.616016,43.158447],[51.29541,43.174121],[51.301758,43.482373],[50.830762,44.192773],[50.252539,44.406494],[50.409473,44.624023],[51.543555,44.531006],[51.009375,44.921826],[51.415723,45.357861],[53.200391,45.331982],[52.773828,45.572754],[53.135254,46.19165],[53.063965,46.475293],[53.170215,46.669043],[52.916016,46.954395],[52.483203,46.990674],[52.138281,46.828613],[51.178027,47.110156],[50.732715,46.95166],[50.679883,46.938721]]]}},{"type":"Feature","properties":{"scalerank":0,"featurecla":"Land","min_zoom":4},"bbox":[145.869141,43.419824,145.943555,43.459521],"geometry":{"type":"Polygon","coordinates":[[[145.881543,43.459521],[145.895605,43.454541],[145.913867,43.455371],[145.931152,43.457031],[145.941113,43.445459],[145.943555,43.426465],[145.931152,43.425635],[145.907227,43.422314],[145.893945,43.419824],[145.886523,43.433057],[145.881543,43.443799],[145.869141,43.450439],[145.869141,43.457861],[145.881543,43.459521]]]}},{"type":"Feature","properties":{"scalerank":0,"featurecla":"Land","min_zoom":4},"bbox":[146.273828,43.619922,146.358789,43.651855],"geometry":{"type":"Polygon","coordinates":[[[146.358789,43.625391],[146.332324,43.619922],[146.288184,43.625391],[146.273828,43.629834],[146.283691,43.638623],[146.310156,43.651855],[146.333301,43.647461],[146.349805,43.644141],[146.358789,43.625391]]]}},{"type":"Feature","properties":{"scalerank":0,"featurecla":"Land","min_zoom":4},"bbox":[146.028027,43.407129,146.100781,43.449023],"geometry":{"type":"Polygon","coordinates":[[[146.045605,43.409326],[146.032324,43.407129],[146.028027,43.420361],[146.048926,43.433594],[146.088574,43.449023],[146.100781,43.440186],[146.086328,43.429199],[146.069922,43.421484],[146.045605,43.409326]]]}},{"type":"Feature","properties":{"scalerank":0,"featurecla":"Land","min_zoom":4},"bbox":[-159.84248,-21.249512,-159.736865,-21.186426],"geometry":{"type":"Polygon","coordinates":[[[-159.740527,-21.249219],[-159.84248,-21.229102],[-159.736865,-21.240625],[-159.740527,-21.249219]]]}},{"type":"Feature","properties":{"scalerank":0,"featurecla":"Land","min_zoom":4},"bbox":[-172.498682,-8.58291,-172.47915,-8.546484],"geometry":{"type":"Polygon","coordinates":[[[-172.47915,-8.580762],[-172.483691,-8.58291],[-172.488232,-8.571582],[-172.494043,-8.55918],[-172.498682,-8.547949],[-172.497021,-8.546484],[-172.487256,-8.556152],[-172.481104,-8.56748],[-172.47915,-8.580762]]]}},{"type":"Feature","properties":{"scalerank":0,"featurecla":"Land","min_zoom":4},"bbox":[-171.204443,-9.358301,-171.186426,-9.332617],"geometry":{"type":"Polygon","coordinates":[[[-171.186426,-9.355469],[-171.188623,-9.358301],[-171.193018,-9.352441],[-171.200049,-9.344727],[-171.204443,-9.333301],[-171.20166,-9.332617],[-171.194434,-9.33877],[-171.189307,-9.346582],[-171.186426,-9.355469]]]}},{"type":"Feature","properties":{"scalerank":0,"featurecla":"Land","min_zoom":4},"bbox":[-172.22832,-4.524414,-172.180957,-4.491699],"geometry":{"type":"Polygon","coordinates":[[[-172.214551,-4.511133],[-172.208301,-4.517969],[-172.193896,-4.516016],[-172.180957,-4.514844],[-172.188818,-4.52168],[-172.215234,-4.524414],[-172.22832,-4.507031],[-172.212207,-4.493945],[-172.197852,-4.491699],[-172.196387,-4.49541],[-172.197217,-4.499512],[-172.203857,-4.499512],[-172.214746,-4.502637],[-172.214551,-4.511133]]]}},{"type":"Feature","properties":{"scalerank":0,"featurecla":"Land","min_zoom":4},"bbox":[-171.727637,-2.855859,-171.627637,-2.761426],"geometry":{"type":"Polygon","coordinates":[[[-171.697607,-2.766406],[-171.628418,-2.855859],[-171.718896,-2.761426],[-171.697607,-2.766406]]]}},{"type":"Feature","properties":{"scalerank":0,"featurecla":"Land","min_zoom":4},"bbox":[-171.096729,-3.143262,-171.081006,-3.115039],"geometry":{"type":"Polygon","coordinates":[[[-171.085156,-3.135449],[-171.089795,-3.143262],[-171.096729,-3.136914],[-171.091748,-3.125098],[-171.087695,-3.115039],[-171.081006,-3.12041],[-171.085156,-3.135449]]]}},{"type":"Feature","properties":{"scalerank":0,"featurecla":"Land","min_zoom":4},"bbox":[-171.261963,-4.468066,-171.231885,-4.441602],"geometry":{"type":"Polygon","coordinates":[[[-171.233203,-4.463477],[-171.243018,-4.468066],[-171.254541,-4.466504],[-171.261768,-4.459766],[-171.261963,-4.449219],[-171.252393,-4.441602],[-171.239404,-4.444141],[-171.231885,-4.453711],[-171.233203,-4.463477]]]}},{"type":"Feature","properties":{"scalerank":0,"featurecla":"Land","min_zoom":4},"bbox":[-174.54082,-4.694727,-174.501025,-4.657324],"geometry":{"type":"Polygon","coordinates":[[[-174.512939,-4.675098],[-174.501123,-4.688379],[-174.501025,-4.694727],[-174.506738,-4.693652],[-174.523877,-4.689648],[-174.529248,-4.681641],[-174.516748,-4.686816],[-174.511475,-4.685645],[-174.523047,-4.674023],[-174.533105,-4.665332],[-174.540674,-4.661719],[-174.54082,-4.657324],[-174.531396,-4.659473],[-174.512939,-4.675098]]]}},{"type":"Feature","properties":{"scalerank":0,"featurecla":"Land","min_zoom":4},"bbox":[-155.015039,-4.093848,-154.943359,-4.031055],"geometry":{"type":"Polygon","coordinates":[[[-154.95625,-4.087988],[-154.959033,-4.093848],[-154.971094,-4.08584],[-154.994629,-4.071094],[-155.0146,-4.054883],[-155.015039,-4.048047],[-154.986963,-4.038574],[-154.951221,-4.031055],[-154.943359,-4.041602],[-154.950049,-4.055957],[-154.95625,-4.087988]]]}},{"type":"Feature","properties":{"scalerank":0,"featurecla":"Land","min_zoom":4},"bbox":[-151.819141,-11.456836,-151.782617,-11.391797],"geometry":{"type":"Polygon","coordinates":[[[-151.782617,-11.441016],[-151.790869,-11.456836],[-151.806689,-11.45127],[-151.815967,-11.431152],[-151.819141,-11.409277],[-151.813281,-11.391797],[-151.802783,-11.392676],[-151.791113,-11.414355],[-151.782617,-11.441016]]]}},{"type":"Feature","properties":{"scalerank":0,"featurecla":"Land","min_zoom":4},"bbox":[-155.928613,-5.631836,-155.862354,-5.60752],"geometry":{"type":"Polygon","coordinates":[[[-155.863818,-5.62666],[-155.887109,-5.631836],[-155.914355,-5.631641],[-155.92793,-5.618555],[-155.928613,-5.607617],[-155.919385,-5.60752],[-155.910791,-5.609473],[-155.872266,-5.611328],[-155.862354,-5.619141],[-155.863818,-5.62666]]]}},{"type":"Feature","properties":{"scalerank":0,"featurecla":"Land","min_zoom":4},"bbox":[-178.598682,-19.175,-178.535107,-19.109277],"geometry":{"type":"Polygon","coordinates":[[[-178.535107,-19.166016],[-178.546338,-19.175],[-178.57373,-19.164941],[-178.595947,-19.151367],[-178.598682,-19.137109],[-178.589307,-19.118848],[-178.567676,-19.109277],[-178.556689,-19.112988],[-178.562988,-19.11875],[-178.576172,-19.125195],[-178.574072,-19.143164],[-178.557129,-19.154102],[-178.540625,-19.157031],[-178.535107,-19.166016]]]}},{"type":"Feature","properties":{"scalerank":0,"featurecla":"Land","min_zoom":4},"bbox":[-179.867334,-19.00293,-179.797607,-18.924219],"geometry":{"type":"Polygon","coordinates":[[[-179.799854,-18.940332],[-179.865039,-18.99873],[-179.831104,-18.924219],[-179.799854,-18.940332]]]}},{"type":"Feature","properties":{"scalerank":0,"featurecla":"Land","min_zoom":4},"bbox":[-178.730566,-20.670508,-178.709521,-20.645215],"geometry":{"type":"Polygon","coordinates":[[[-178.711621,-20.667773],[-178.709521,-20.670508],[-178.714941,-20.670313],[-178.723096,-20.666797],[-178.729102,-20.660156],[-178.730566,-20.652832],[-178.727539,-20.645215],[-178.724561,-20.645703],[-178.719189,-20.652344],[-178.714209,-20.659766],[-178.711621,-20.667773]]]}},{"type":"Feature","properties":{"scalerank":0,"featurecla":"Land","min_zoom":3},"bbox":[-78.989453,-33.667773,-78.768945,-33.575195],"geometry":{"type":"Polygon","coordinates":[[[-78.80415,-33.646484],[-78.989453,-33.661719],[-78.774707,-33.641602],[-78.80415,-33.646484]]]}},{"type":"Feature","properties":{"scalerank":0,"featurecla":"Land","min_zoom":4},"bbox":[-14.414941,-7.975781,-14.302539,-7.882617],"geometry":{"type":"Polygon","coordinates":[[[-14.364355,-7.974316],[-14.383643,-7.882617],[-14.316797,-7.956152],[-14.364355,-7.974316]]]}},{"type":"Feature","properties":{"scalerank":0,"featurecla":"Land","min_zoom":4},"bbox":[72.772461,11.196094,72.795898,11.262744],"geometry":{"type":"Polygon","coordinates":[[[72.780371,11.20249],[72.773047,11.196094],[72.772461,11.214258],[72.781836,11.243311],[72.792676,11.262744],[72.795898,11.260449],[72.792871,11.241553],[72.787891,11.215918],[72.780371,11.20249]]]}},{"type":"Feature","properties":{"scalerank":0,"featurecla":"Land","min_zoom":4},"bbox":[73.023438,8.251953,73.083594,8.316504],"geometry":{"type":"Polygon","coordinates":[[[73.067383,8.269092],[73.05332,8.256689],[73.038867,8.251953],[73.028516,8.253516],[73.023438,8.265918],[73.026074,8.275293],[73.038965,8.264844],[73.055859,8.274561],[73.075195,8.306348],[73.079492,8.316504],[73.083594,8.311035],[73.079785,8.293066],[73.067383,8.269092]]]}},{"type":"Feature","properties":{"scalerank":0,"featurecla":"Land","min_zoom":4},"bbox":[73.382031,3.229395,73.442773,3.289844],"geometry":{"type":"Polygon","coordinates":[[[73.416602,3.23125],[73.395313,3.229395],[73.382031,3.246484],[73.384961,3.271387],[73.401563,3.28877],[73.427734,3.289844],[73.442773,3.274316],[73.434961,3.250146],[73.416602,3.23125]]]}},{"type":"Feature","properties":{"scalerank":0,"featurecla":"Land","min_zoom":4},"bbox":[73.473047,4.155176,73.52832,4.247656],"geometry":{"type":"Polygon","coordinates":[[[73.512207,4.164551],[73.494824,4.155176],[73.478613,4.158936],[73.473047,4.170703],[73.481152,4.188135],[73.494727,4.210449],[73.504102,4.234619],[73.517773,4.247656],[73.52832,4.243311],[73.527148,4.229687],[73.522168,4.211035],[73.519043,4.186865],[73.512207,4.164551]]]}},{"type":"Feature","properties":{"scalerank":0,"featurecla":"Land","min_zoom":4},"bbox":[131.134961,3.021875,131.187891,3.060596],"geometry":{"type":"Polygon","coordinates":[[[131.172363,3.026221],[131.149609,3.021875],[131.134961,3.025244],[131.136719,3.039453],[131.151563,3.054102],[131.172363,3.060596],[131.187891,3.055615],[131.186328,3.04209],[131.172363,3.026221]]]}},{"type":"Feature","properties":{"scalerank":0,"featurecla":"Land","min_zoom":4},"bbox":[151.569727,7.333008,151.650488,7.39043],"geometry":{"type":"Polygon","coordinates":[[[151.647754,7.346191],[151.639453,7.333008],[151.57832,7.338086],[151.569727,7.345508],[151.575098,7.351318],[151.604297,7.357227],[151.607813,7.375391],[151.592871,7.379248],[151.605664,7.388721],[151.629492,7.39043],[151.643262,7.379248],[151.650488,7.362842],[151.647754,7.346191]]]}},{"type":"Feature","properties":{"scalerank":0,"featurecla":"Land","min_zoom":4},"bbox":[151.855957,7.426758,151.912598,7.46709],"geometry":{"type":"Polygon","coordinates":[[[151.881445,7.432031],[151.864258,7.426758],[151.855957,7.431787],[151.859961,7.457373],[151.865332,7.466162],[151.881836,7.46709],[151.910547,7.460156],[151.912598,7.453857],[151.881445,7.432031]]]}},{"type":"Feature","properties":{"scalerank":0,"featurecla":"Land","min_zoom":4},"bbox":[166.844727,11.14624,166.899414,11.168652],"geometry":{"type":"Polygon","coordinates":[[[166.890332,11.153076],[166.864453,11.14624],[166.844727,11.153369],[166.858887,11.166309],[166.888086,11.168652],[166.899414,11.165039],[166.890332,11.153076]]]}},{"type":"Feature","properties":{"scalerank":0,"featurecla":"Land","min_zoom":4},"bbox":[177.00625,-12.515625,177.126953,-12.476953],"geometry":{"type":"Polygon","coordinates":[[[177.121484,-12.505469],[177.00625,-12.491113],[177.126953,-12.492871],[177.121484,-12.505469]]]}},{"type":"Feature","properties":{"scalerank":0,"featurecla":"Land","min_zoom":4},"bbox":[174.587207,-21.705859,174.629688,-21.66748],"geometry":{"type":"Polygon","coordinates":[[[174.629688,-21.69502],[174.621875,-21.705859],[174.592969,-21.702344],[174.587207,-21.680078],[174.604199,-21.66748],[174.627734,-21.675977],[174.629688,-21.69502]]]}},{"type":"Feature","properties":{"scalerank":0,"featurecla":"Land","min_zoom":4},"bbox":[179.195703,-8.534961,179.216602,-8.466309],"geometry":{"type":"Polygon","coordinates":[[[179.213672,-8.524219],[179.200586,-8.534961],[179.195703,-8.534766],[179.200879,-8.512109],[179.197949,-8.488672],[179.198535,-8.47002],[179.203027,-8.466309],[179.211621,-8.488086],[179.216602,-8.514844],[179.213672,-8.524219]]]}},{"type":"Feature","properties":{"scalerank":0,"featurecla":"Land","min_zoom":4},"bbox":[178.666699,-7.495117,178.694824,-7.457813],"geometry":{"type":"Polygon","coordinates":[[[178.694824,-7.483496],[178.692871,-7.495117],[178.687109,-7.494043],[178.674219,-7.480176],[178.666699,-7.457813],[178.676855,-7.463184],[178.689844,-7.473828],[178.694824,-7.483496]]]}},{"type":"Feature","properties":{"scalerank":0,"featurecla":"Land","min_zoom":4},"bbox":[178.370703,-8.068457,178.389746,-8.031836],"geometry":{"type":"Polygon","coordinates":[[[178.389746,-8.045801],[178.377051,-8.068457],[178.370703,-8.060645],[178.379395,-8.04668],[178.387012,-8.031836],[178.389746,-8.045801]]]}},{"type":"Feature","properties":{"scalerank":0,"featurecla":"Land","min_zoom":4},"bbox":[169.522949,-0.875977,169.555273,-0.846875],"geometry":{"type":"Polygon","coordinates":[[[169.551074,-0.87373],[169.541699,-0.875977],[169.522949,-0.865625],[169.525586,-0.852637],[169.538672,-0.846875],[169.555273,-0.856543],[169.551074,-0.87373]]]}},{"type":"Feature","properties":{"scalerank":0,"featurecla":"Land","min_zoom":4},"bbox":[-128.350195,-24.412598,-128.290088,-24.323242],"geometry":{"type":"Polygon","coordinates":[[[-128.290088,-24.397363],[-128.3,-24.412598],[-128.320654,-24.399707],[-128.342187,-24.370703],[-128.350195,-24.340234],[-128.330127,-24.323242],[-128.303613,-24.333594],[-128.29082,-24.364648],[-128.290088,-24.397363]]]}},{"type":"Feature","properties":{"scalerank":0,"featurecla":"Land","min_zoom":4},"bbox":[-166.148633,66.221826,-165.822217,66.328076],"geometry":{"type":"Polygon","coordinates":[[[-166.109863,66.227441],[-165.822217,66.328076],[-165.942285,66.278174],[-166.109863,66.227441]]]}},{"type":"Feature","properties":{"scalerank":0,"featurecla":"Land","min_zoom":4},"bbox":[-86.752881,21.191016,-86.696289,21.27998],"geometry":{"type":"Polygon","coordinates":[[[-86.714014,21.239307],[-86.696289,21.191016],[-86.713623,21.196777],[-86.736377,21.233301],[-86.752881,21.278809],[-86.739062,21.27998],[-86.726904,21.264307],[-86.714014,21.239307]]]}},{"type":"Feature","properties":{"scalerank":0,"featurecla":"Land","min_zoom":4},"bbox":[54.334766,24.42334,54.46543,24.506348],"geometry":{"type":"Polygon","coordinates":[[[54.46543,24.442773],[54.334766,24.471045],[54.426563,24.471045],[54.46543,24.442773]]]}},{"type":"Feature","properties":{"scalerank":0,"featurecla":"Land","min_zoom":4},"bbox":[-81.811426,24.542334,-81.738672,24.576709],"geometry":{"type":"Polygon","coordinates":[[[-81.783838,24.54458],[-81.809229,24.542334],[-81.811426,24.557812],[-81.767676,24.576709],[-81.738672,24.575439],[-81.739746,24.554492],[-81.783838,24.54458]]]}},{"type":"Feature","properties":{"scalerank":0,"featurecla":"Land","min_zoom":4},"bbox":[124.625391,37.920166,124.755469,37.98877],"geometry":{"type":"Polygon","coordinates":[[[124.744531,37.980615],[124.625391,37.945215],[124.716602,37.98877],[124.744531,37.980615]]]}}],"bbox":[-180,-89.99892578125,180,83.599609375],"metadata":{"sourceScale":"50m","sourceDataset":"Natural Earth public-domain land; offline deterministic simplification"}}
