{"type":"FeatureCollection","name":"ne_50m_land","crs":{"type":"name","properties":{"name":"urn:ogc:def:crs:OGC:1.3:CRS84"}},"features":[{"type":"Feature","properties":{"scalerank":0,"featurecla":"Land","min_zoom":1.5},"bbox":[178.497461,-16.976172,180,-16.15293],"geometry":{"type":"Polygon","coordinates":[[[179.999219,-16.168555],[179.56416,-16.636914],[179.92793,-16.744434],[178.497461,-16.787891],[180,-16.15293],[179.999219,-16.168555]]]}},{"type":"Feature","properties":{"scalerank":0,"featurecla":"Land","min_zoom":4},"bbox":[177.182813,-17.163867,177.287402,-17.048633],"geometry":{"type":"Polygon","coordinates":[[[177.23418,-17.14707],[177.182813,-17.163867],[177.210156,-17.084277],[177.239258,-17.059375],[177.25752,-17.054199],[177.287402,-17.048633],[177.275781,-17.104883],[177.23418,-17.14707]]]}},{"type":"Feature","properties":{"scalerank":0,"featurecla":"Land","min_zoom":4},"bbox":[127.286426,0.758447,127.372656,0.862012],"geometry":{"type":"Polygon","coordinates":[[[127.372656,0.791309],[127.338379,0.758447],[127.306055,0.769434],[127.286426,0.811914],[127.292773,0.84248],[127.319824,0.862012],[127.353809,0.847461],[127.372656,0.791309]]]}},{"type":"Feature","properties":{"scalerank":0,"featurecla":"Land","min_zoom":3},"bbox":[-81.42168,24.629932,-81.319824,24.75],"geometry":{"type":"Polygon","coordinates":[[[-81.334814,24.650488],[-81.364795,24.629932],[-81.379053,24.636279],[-81.379053,24.66626],[-81.42168,24.732617],[-81.420068,24.75],[-81.322314,24.685059],[-81.319824,24.667627],[-81.334814,24.650488]]]}},{"type":"Feature","properties":{"scalerank":0,"featurecla":"Land","min_zoom":4},"bbox":[-80.84834,24.803662,-80.785205,24.846289],"geometry":{"type":"Polygon","coordinates":[[[-80.829395,24.803662],[-80.84834,24.803662],[-80.838867,24.817871],[-80.799414,24.846289],[-80.785205,24.835254],[-80.786768,24.821045],[-80.829395,24.803662]]]}},{"type":"Feature","properties":{"scalerank":0,"featurecla":"Land","min_zoom":4},"bbox":[-80.665137,24.898438,-80.6146,24.941113],"geometry":{"type":"Polygon","coordinates":[[[-80.638281,24.903174],[-80.665137,24.898438],[-80.625684,24.941113],[-80.6146,24.937939],[-80.638281,24.903174]]]}},{"type":"Feature","properties":{"scalerank":0,"featurecla":"Land","min_zoom":0},"bbox":[113.184766,-39.145508,153.616895,-10.707324],"geometry":{"type":"Polygon","coordinates":[[[143.178906,-11.954492],[143.756348,-14.348828],[144.473047,-14.231836],[145.287695,-14.943164],[146.383398,-18.977051],[148.759375,-20.289551],[149.703906,-22.440527],[150.622852,-22.367285],[150.843164,-23.458008],[153.164941,-25.96416],[153.616895,-28.673047],[152.943945,-31.434863],[151.29209,-33.580957],[150.195312,-35.833594],[149.932715,-37.528516],[147.876758,-37.93418],[146.21748,-38.727441],[146.4,-39.145508],[145.475781,-38.24375],[144.717773,-38.340332],[145.119922,-38.091309],[144.891309,-37.899805],[143.538965,-38.820898],[141.424219,-38.363477],[139.784277,-37.245801],[139.729004,-36.371387],[138.968945,-35.580762],[139.28252,-35.375391],[138.184375,-35.612695],[138.511133,-35.024414],[138.089258,-34.169824],[137.691699,-35.142969],[136.883594,-35.239746],[137.931836,-33.579102],[137.783203,-32.578125],[137.237305,-33.629492],[135.647559,-34.939648],[134.23418,-32.548535],[131.143652,-31.495703],[125.917188,-32.296973],[124.24375,-33.015234],[123.506836,-33.916211],[119.854102,-33.974707],[117.863086,-35.05498],[116.517188,-34.987891],[115.008789,-34.255859],[114.993848,-33.515332],[115.683008,-33.192871],[115.698438,-31.694531],[114.856836,-29.142969],[113.184766,-26.182227],[113.836426,-26.500586],[113.451367,-25.599121],[114.215723,-26.289453],[113.417676,-24.435645],[114.022852,-21.881445],[114.141602,-22.483105],[116.706738,-20.653809],[120.997949,-19.604395],[122.34541,-18.111914],[122.260938,-17.135742],[122.970703,-16.436816],[123.563086,-17.520898],[123.874414,-16.918652],[123.607031,-16.224023],[124.771973,-16.402637],[124.404883,-16.298926],[124.439551,-15.493555],[125.062988,-15.442285],[124.839063,-15.160742],[125.355664,-15.119824],[125.178711,-14.714746],[125.627734,-14.256641],[126.020703,-14.494531],[126.053906,-13.977246],[127.457617,-14.031445],[128.199414,-14.751758],[128.069434,-15.329297],[128.575781,-14.774512],[129.634766,-15.139746],[129.84873,-14.828906],[129.378711,-14.39248],[130.622656,-12.431055],[132.712793,-12.123438],[131.961523,-11.180859],[135.029688,-12.19375],[135.922461,-11.825781],[135.704395,-12.209863],[136.081836,-12.422461],[136.540234,-11.957617],[136.947461,-12.349902],[136.461035,-13.225195],[135.927344,-13.304297],[135.45332,-14.923145],[139.248438,-17.328613],[140.511133,-17.624512],[141.411914,-16.069531],[141.688574,-12.351074],[142.456445,-10.707324],[143.066406,-11.924121],[143.178906,-11.954492]]]}},{"type":"Feature","properties":{"scalerank":0,"featurecla":"Land","min_zoom":0.5},"bbox":[177.254883,-18.264063,178.667676,-17.312988],"geometry":{"type":"Polygon","coordinates":[[[178.280176,-17.371973],[178.667676,-18.080859],[177.321387,-18.077539],[177.504492,-17.539551],[178.247168,-17.329102],[178.280176,-17.371973]]]}},{"type":"Feature","properties":{"scalerank":0,"featurecla":"Land","min_zoom":1},"bbox":[164.037305,-22.376172,167.004297,-20.141504],"geometry":{"type":"Polygon","coordinates":[[[164.202344,-20.246094],[166.970313,-22.322852],[164.927441,-21.289844],[164.059668,-20.141504],[164.202344,-20.246094]]]}},{"type":"Feature","properties":{"scalerank":0,"featurecla":"Land","min_zoom":1},"bbox":[127.420313,-0.892676,128.899609,2.199023],"geometry":{"type":"Polygon","coordinates":[[[127.732715,0.848145],[128.688379,1.572559],[128.260645,0.733789],[128.899609,0.21626],[127.887402,0.29834],[128.425488,-0.892676],[127.691602,-0.241895],[127.428516,1.13999],[128.036426,2.199023],[127.677441,0.886572],[127.732715,0.848145]]]}},{"type":"Feature","properties":{"scalerank":0,"featurecla":"Land","min_zoom":0.5},"bbox":[68.769531,-49.709863,70.555469,-48.656445],"geometry":{"type":"Polygon","coordinates":[[[69.184863,-49.10957],[70.555469,-49.201465],[69.759961,-49.430176],[70.124316,-49.704395],[68.814746,-49.699609],[69.057227,-48.656445],[69.052148,-49.081934],[69.184863,-49.10957]]]}},{"type":"Feature","properties":{"scalerank":0,"featurecla":"Land","min_zoom":1.5},"bbox":[62.520313,80.697607,65.437402,81.198486],"geometry":{"type":"Polygon","coordinates":[[[63.373828,80.700098],[62.520313,80.821875],[64.575391,81.198486],[65.437402,80.930713],[64.54834,80.75542],[63.373828,80.700098]]]}},{"type":"Feature","properties":{"scalerank":0,"featurecla":"Land","min_zoom":2},"bbox":[57.011133,80.104053,59.255469,80.493945],"geometry":{"type":"Polygon","coordinates":[[[57.95625,80.123242],[57.011133,80.468311],[59.255469,80.343213],[58.163184,80.196533],[57.95625,80.123242]]]}},{"type":"Feature","properties":{"scalerank":0,"featurecla":"Land","min_zoom":0},"bbox":[-28.036816,70.454004,-25.346338,71.043652],"geometry":{"type":"Polygon","coordinates":[[[-25.432324,70.921338],[-26.217871,70.454053],[-28.035254,70.486816],[-27.617236,70.91377],[-25.458252,70.942529],[-25.432324,70.921338]]]}},{"type":"Feature","properties":{"scalerank":0,"featurecla":"Land","min_zoom":1},"bbox":[159.607422,-9.928613,160.818945,-9.268652],"geometry":{"type":"Polygon","coordinates":[[[159.750391,-9.272656],[160.818945,-9.862793],[159.853711,-9.791504],[159.686328,-9.268652],[159.750391,-9.272656]]]}},{"type":"Feature","properties":{"scalerank":0,"featurecla":"Land","min_zoom":1},"bbox":[117.218555,8.367285,119.686914,11.346436],"geometry":{"type":"Polygon","coordinates":[[[117.311133,8.4396],[119.55332,11.313525],[119.686914,10.500342],[117.4125,8.49585],[117.311133,8.4396]]]}},{"type":"Feature","properties":{"scalerank":0,"featurecla":"Land","min_zoom":1},"bbox":[121.891211,10.444385,123.158301,11.897363],"geometry":{"type":"Polygon","coordinates":[[[122.496191,11.615088],[123.119531,11.286816],[121.954004,10.444385],[121.891211,11.790869],[122.399219,11.702197],[122.496191,11.615088]]]}},{"type":"Feature","properties":{"scalerank":0,"featurecla":"Land","min_zoom":1},"bbox":[122.399512,9.053369,123.567578,10.993945],"geometry":{"type":"Polygon","coordinates":[[[123.130859,9.064111],[122.399512,9.823047],[123.256641,10.993945],[123.567578,10.780762],[123.19248,9.087891],[123.130859,9.064111]]]}},{"type":"Feature","properties":{"scalerank":0,"featurecla":"Land","min_zoom":0},"bbox":[124.308203,10.033105,125.268457,11.535205],"geometry":{"type":"Polygon","coordinates":[[[124.574609,11.343066],[125.026563,11.211719],[125.026563,10.033105],[124.548242,11.39502],[124.574609,11.343066]]]}},{"type":"Feature","properties":{"scalerank":0,"featurecla":"Land","min_zoom":0},"bbox":[124.294727,11.049609,125.749121,12.572559],"geometry":{"type":"Polygon","coordinates":[[[125.239551,12.527881],[125.735645,11.049609],[125.034277,11.34126],[124.294727,12.569336],[125.150195,12.572559],[125.239551,12.527881]]]}},{"type":"Feature","properties":{"scalerank":0,"featurecla":"Land","min_zoom":1.5},"bbox":[120.338477,12.218799,121.540625,13.522412],"geometry":{"type":"Polygon","coordinates":[[[120.704395,13.479492],[121.522754,13.131201],[121.236719,12.218799],[120.338477,13.412354],[120.65332,13.497607],[120.704395,13.479492]]]}},{"type":"Feature","properties":{"scalerank":0,"featurecla":"Land","min_zoom":1},"bbox":[154.708984,-6.862793,155.957617,-5.444434],"geometry":{"type":"Polygon","coordinates":[[[155.957617,-6.686816],[155.344043,-6.72168],[154.729297,-5.444434],[155.927637,-6.565039],[155.957617,-6.686816]]]}},{"type":"Feature","properties":{"scalerank":0,"featurecla":"Land","min_zoom":1.5},"bbox":[150.746094,-4.832422,153.13252,-2.572949],"geometry":{"type":"Polygon","coordinates":[[[152.96582,-4.756348],[152.279395,-3.582422],[150.825391,-2.572949],[153.016797,-4.105664],[153.023242,-4.666309],[152.96582,-4.756348]]]}},{"type":"Feature","properties":{"scalerank":0,"featurecla":"Land","min_zoom":0.5},"bbox":[137.650391,-8.411719,138.989063,-7.37959],"geometry":{"type":"Polygon","coordinates":[[[138.535352,-8.273633],[137.650391,-8.386133],[138.081836,-7.566211],[138.769824,-7.39043],[138.611719,-8.19834],[138.535352,-8.273633]]]}},{"type":"Feature","properties":{"scalerank":0,"featurecla":"Land","min_zoom":1},"bbox":[127.87793,-3.857715,130.859961,-2.785742],"geometry":{"type":"Polygon","coordinates":[[[129.754688,-2.86582],[130.569922,-3.130859],[130.805078,-3.857715],[129.844141,-3.327148],[128.132031,-3.157422],[127.902344,-3.496289],[128.198535,-2.865918],[129.600488,-2.806152],[129.754688,-2.86582]]]}},{"type":"Feature","properties":{"scalerank":0,"featurecla":"Land","min_zoom":1.5},"bbox":[126.026465,-3.823633,127.244238,-3.065234],"geometry":{"type":"Polygon","coordinates":[[[126.861133,-3.087891],[127.22959,-3.633008],[126.686328,-3.823633],[126.056543,-3.420996],[126.808301,-3.069141],[126.861133,-3.087891]]]}},{"type":"Feature","properties":{"scalerank":0,"featurecla":"Land","min_zoom":1},"bbox":[119.807031,-8.935449,123.005957,-8.093262],"geometry":{"type":"Polygon","coordinates":[[[122.78291,-8.611719],[119.80791,-8.697656],[120.610254,-8.24043],[122.323242,-8.62832],[122.845703,-8.093262],[122.82002,-8.595703],[122.78291,-8.611719]]]}},{"type":"Feature","properties":{"scalerank":0,"featurecla":"Land","min_zoom":1.5},"bbox":[118.958789,-10.294043,120.832617,-9.301465],"geometry":{"type":"Polygon","coordinates":[[[120.0125,-9.374707],[120.804199,-10.108496],[120.255469,-10.242285],[118.958789,-9.519336],[119.973828,-9.321582],[120.0125,-9.374707]]]}},{"type":"Feature","properties":{"scalerank":0,"featurecla":"Land","min_zoom":1},"bbox":[116.767969,-9.099023,119.129687,-8.089063],"geometry":{"type":"Polygon","coordinates":[[[118.242383,-8.317773],[119.129687,-8.668164],[116.788477,-9.006348],[116.835059,-8.532422],[117.969531,-8.728027],[118.234863,-8.591895],[117.755273,-8.149512],[118.202832,-8.267285],[118.242383,-8.317773]]]}},{"type":"Feature","properties":{"scalerank":0,"featurecla":"Land","min_zoom":2},"bbox":[115.857324,-8.929004,116.734082,-8.204199],"geometry":{"type":"Polygon","coordinates":[[[116.64082,-8.613867],[115.857324,-8.787891],[116.304297,-8.237988],[116.734082,-8.386914],[116.64082,-8.613867]]]}},{"type":"Feature","properties":{"scalerank":0,"featurecla":"Land","min_zoom":0.5},"bbox":[114.467578,-8.849023,115.704297,-8.065723],"geometry":{"type":"Polygon","coordinates":[[[115.447852,-8.155176],[115.704297,-8.407129],[115.144922,-8.849023],[114.467578,-8.166309],[115.340234,-8.11543],[115.447852,-8.155176]]]}},{"type":"Feature","properties":{"scalerank":0,"featurecla":"Land","min_zoom":2},"bbox":[105.133398,-3.071777,106.818457,-1.50498],"geometry":{"type":"Polygon","coordinates":[[[106.045703,-1.669434],[106.818457,-2.57334],[106.667188,-3.071777],[105.133398,-2.042578],[106.027344,-1.593164],[106.045703,-1.669434]]]}},{"type":"Feature","properties":{"scalerank":0,"featurecla":"Land","min_zoom":2},"bbox":[21.854492,57.931348,23.323242,58.627393],"geometry":{"type":"Polygon","coordinates":[[[22.617383,58.62124],[23.323242,58.45083],[21.996875,57.931348],[21.862305,58.497168],[22.546973,58.627393],[22.617383,58.62124]]]}},{"type":"Feature","properties":{"scalerank":0,"featurecla":"Land","min_zoom":1},"bbox":[20.22793,77.26665,24.901855,78.597559],"geometry":{"type":"Polygon","coordinates":[[[21.608105,78.595703],[24.901855,77.756592],[22.801758,77.275781],[20.928125,77.459668],[21.653125,77.923535],[20.22793,78.477832],[21.454785,78.597559],[21.608105,78.595703]]]}},{"type":"Feature","properties":{"scalerank":0,"featurecla":"Land","min_zoom":1.5},"bbox":[59.288184,80.418604,62.227734,80.89292],"geometry":{"type":"Polygon","coordinates":[[[62.167773,80.834766],[61.05127,80.418604],[59.288184,80.572656],[62.10293,80.866602],[62.167773,80.834766]]]}},{"type":"Feature","properties":{"scalerank":0,"featurecla":"Land","min_zoom":1},"bbox":[44.90498,80.446729,48.686523,80.853662],"geometry":{"type":"Polygon","coordinates":[[[47.441992,80.853662],[48.683594,80.633252],[44.90498,80.611279],[47.352344,80.85293],[47.441992,80.853662]]]}},{"type":"Feature","properties":{"scalerank":0,"featurecla":"Land","min_zoom":1},"bbox":[46.644434,80.081689,51.703613,80.927246],"geometry":{"type":"Polygon","coordinates":[[[50.278125,80.927246],[51.703613,80.687646],[48.38623,80.095801],[46.644434,80.300342],[50.124316,80.923877],[50.278125,80.927246]]]}},{"type":"Feature","properties":{"scalerank":0,"featurecla":"Land","min_zoom":2},"bbox":[48.278809,68.733154,50.283008,69.51123],"geometry":{"type":"Polygon","coordinates":[[[50.265234,69.185596],[48.910352,68.743066],[48.278809,69.040332],[48.95332,69.509277],[50.167285,69.25708],[50.265234,69.185596]]]}},{"type":"Feature","properties":{"scalerank":0,"featurecla":"Land","min_zoom":2},"bbox":[58.473047,69.687695,60.480664,70.465186],"geometry":{"type":"Polygon","coordinates":[[[60.450488,69.934863],[59.724609,69.706201],[58.473047,70.266846],[59.048047,70.460498],[60.392578,69.962402],[60.450488,69.934863]]]}},{"type":"Feature","properties":{"scalerank":0,"featurecla":"Land","min_zoom":2},"bbox":[69.920117,73.037158,71.630469,73.514404],"geometry":{"type":"Polygon","coordinates":[[[70.673926,73.09502],[69.920117,73.084521],[70.35,73.477637],[71.630469,73.224805],[70.886719,73.119629],[70.673926,73.09502]]]}},{"type":"Feature","properties":{"scalerank":0,"featurecla":"Land","min_zoom":2},"bbox":[91.070312,79.675488,93.803125,80.052295],"geometry":{"type":"Polygon","coordinates":[[[92.683496,79.685205],[91.070312,79.981494],[93.803125,79.904541],[92.92627,79.704492],[92.683496,79.685205]]]}},{"type":"Feature","properties":{"scalerank":0,"featurecla":"Land","min_zoom":2},"bbox":[111.503418,74.095068,113.387207,74.548975],"geometry":{"type":"Polygon","coordinates":[[[113.387207,74.400439],[112.782422,74.095068],[111.503418,74.353076],[113.28623,74.441016],[113.387207,74.400439]]]}},{"type":"Feature","properties":{"scalerank":0,"featurecla":"Land","min_zoom":2},"bbox":[140.101562,73.918652,141.097461,74.273779],"geometry":{"type":"Polygon","coordinates":[[[141.010254,73.999463],[140.101562,74.184277],[141.046875,74.050391],[141.010254,73.999463]]]}},{"type":"Feature","properties":{"scalerank":0,"featurecla":"Land","min_zoom":1},"bbox":[23.547559,34.934473,26.320215,35.655518],"geometry":{"type":"Polygon","coordinates":[[[23.852246,35.535449],[26.320215,35.315137],[24.799805,34.934473],[23.592773,35.257227],[23.793359,35.556201],[23.852246,35.535449]]]}},{"type":"Feature","properties":{"scalerank":0,"featurecla":"Land","min_zoom":0},"bbox":[22.870313,37.969922,24.588379,39.034912],"geometry":{"type":"Polygon","coordinates":[[[23.41543,38.958643],[24.578516,38.020166],[22.870313,38.870508],[23.312695,39.034912],[23.41543,38.958643]]]}},{"type":"Feature","properties":{"scalerank":0,"featurecla":"Land","min_zoom":1},"bbox":[32.300977,34.56958,34.556055,35.662061],"geometry":{"type":"Polygon","coordinates":[[[34.463184,35.593506],[33.00791,34.56958],[32.317188,34.95332],[34.556055,35.662061],[34.463184,35.593506]]]}},{"type":"Feature","properties":{"scalerank":0,"featurecla":"Land","min_zoom":2},"bbox":[18.105078,56.920508,19.076465,57.915479],"geometry":{"type":"Polygon","coordinates":[[[19.076465,57.835938],[18.146387,56.920508],[18.136523,57.556641],[18.956445,57.9],[19.076465,57.835938]]]}},{"type":"Feature","properties":{"scalerank":0,"featurecla":"Land","min_zoom":1},"bbox":[10.978906,54.772607,12.608398,56.122119],"geometry":{"type":"Polygon","coordinates":[[[12.56875,55.785059],[11.862305,54.772607],[10.978906,55.721533],[12.524805,55.918457],[12.56875,55.785059]]]}},{"type":"Feature","properties":{"scalerank":0,"featurecla":"Land","min_zoom":2},"bbox":[9.858984,55.048779,10.819238,55.612842],"geometry":{"type":"Polygon","coordinates":[[[10.645117,55.609814],[10.623828,55.052441],[9.858984,55.357227],[10.622754,55.612842],[10.645117,55.609814]]]}},{"type":"Feature","properties":{"scalerank":0,"featurecla":"Land","min_zoom":2},"bbox":[2.37002,39.30127,3.461816,39.970508],"geometry":{"type":"Polygon","coordinates":[[[3.145313,39.790088],[3.461816,39.697754],[3.072852,39.30127],[2.37002,39.57207],[3.158691,39.836572],[3.145313,39.790088]]]}},{"type":"Feature","properties":{"scalerank":0,"featurecla":"Land","min_zoom":1},"bbox":[-123.346191,-74.403125,-120.272461,-73.672949],"geometry":{"type":"Polygon","coordinates":[[[-120.55625,-73.756055],[-120.272461,-73.98916],[-121.002441,-74.326367],[-122.286621,-74.403125],[-123.346191,-73.843066],[-120.722217,-73.751953],[-120.55625,-73.756055]]]}},{"type":"Feature","properties":{"scalerank":0,"featurecla":"Land","min_zoom":1},"bbox":[-127.429053,-74.256152,-123.800439,-73.278906],"geometry":{"type":"Polygon","coordinates":[[[-126.329883,-73.28623],[-125.263965,-73.666406],[-125.857031,-73.780176],[-124.53999,-73.739746],[-123.836719,-74.225684],[-127.414355,-73.516309],[-126.596875,-73.278906],[-126.329883,-73.28623]]]}},{"type":"Feature","properties":{"scalerank":0,"featurecla":"Land","min_zoom":2},"bbox":[-67.80874,-80.081445,-65.504443,-79.528418],"geometry":{"type":"Polygon","coordinates":[[[-66.173633,-80.077832],[-67.80874,-79.545898],[-65.539551,-79.836914],[-65.989404,-80.054004],[-66.173633,-80.077832]]]}},{"type":"Feature","properties":{"scalerank":0,"featurecla":"Land","min_zoom":0},"bbox":[-58.438086,-64.410059,-57.222266,-63.803809],"geometry":{"type":"Polygon","coordinates":[[[-57.845996,-64.053906],[-57.222266,-64.221387],[-58.438086,-64.113477],[-57.826953,-63.949219],[-57.845996,-64.053906]]]}},{"type":"Feature","properties":{"scalerank":0,"featurecla":"Land","min_zoom":2},"bbox":[-64.27207,-64.834277,-62.836523,-64.260547],"geometry":{"type":"Polygon","coordinates":[[[-63.180566,-64.469531],[-62.836523,-64.571875],[-64.27207,-64.697559],[-63.270703,-64.380664],[-63.180566,-64.469531]]]}},{"type":"Feature","properties":{"scalerank":0,"featurecla":"Land","min_zoom":2},"bbox":[-76.511523,-71.132812,-73.550342,-70.55293],"geometry":{"type":"Polygon","coordinates":[[[-73.706641,-70.635156],[-76.511523,-70.99082],[-73.879492,-70.578125],[-73.706641,-70.635156]]]}},{"type":"Feature","properties":{"scalerank":0,"featurecla":"Land","min_zoom":2},"bbox":[-75.812939,-70.179297,-74.437988,-69.727832],"geometry":{"type":"Polygon","coordinates":[[[-74.987109,-69.727832],[-74.437988,-69.949609],[-75.80415,-70.038184],[-75.136377,-69.740625],[-74.987109,-69.727832]]]}},{"type":"Feature","properties":{"scalerank":0,"featurecla":"Land","min_zoom":1},"bbox":[-102.313623,-72.57832,-95.531055,-71.76377],"geometry":{"type":"Polygon","coordinates":[[[-98.091113,-71.9125],[-97.345215,-72.189063],[-96.38335,-71.836328],[-96.978906,-72.221875],[-95.531055,-72.24873],[-98.163428,-72.556055],[-102.313623,-72.081055],[-98.18916,-71.82002],[-98.091113,-71.9125]]]}},{"type":"Feature","properties":{"scalerank":0,"featurecla":"Land","min_zoom":2},"bbox":[-76.096387,-73.611328,-74.223877,-72.82041],"geometry":{"type":"Polygon","coordinates":[[[-74.354443,-73.098438],[-74.574658,-73.611328],[-76.096387,-73.150488],[-74.223877,-72.99707],[-74.354443,-73.098438]]]}},{"type":"Feature","properties":{"scalerank":0,"featurecla":"Land","min_zoom":2},"bbox":[-69.138037,-67.753418,-67.681152,-66.624316],"geometry":{"type":"Polygon","coordinates":[[[-67.988477,-67.474414],[-69.138037,-67.515234],[-67.711133,-66.633008],[-67.969482,-67.450293],[-67.988477,-67.474414]]]}},{"type":"Feature","properties":{"scalerank":0,"featurecla":"Land","min_zoom":0},"bbox":[-180,70.918994,-177.498486,71.596191],"geometry":{"type":"Polygon","coordinates":[[[-178.876465,71.577051],[-177.498486,71.219141],[-180,70.993018],[-180,71.537744],[-178.994043,71.593213],[-178.876465,71.577051]]]}},{"type":"Feature","properties":{"scalerank":0,"featurecla":"Land","min_zoom":0.5},"bbox":[-59.64917,-52.308008,-57.791797,-51.269922],"geometry":{"type":"Polygon","coordinates":[[[-58.850195,-51.269922],[-57.791797,-51.636133],[-59.532227,-52.236426],[-58.91748,-51.27207],[-58.850195,-51.269922]]]}},{"type":"Feature","properties":{"scalerank":0,"featurecla":"Land","min_zoom":2},"bbox":[-38.017432,-54.866797,-35.798584,-53.984082],"geometry":{"type":"Polygon","coordinates":[[[-37.10332,-54.065625],[-35.798584,-54.763477],[-38.017432,-54.008008],[-37.232812,-54.060547],[-37.10332,-54.065625]]]}},{"type":"Feature","properties":{"scalerank":0,"featurecla":"Land","min_zoom":0},"bbox":[-74.387354,-43.371973,-73.4229,-41.795508],"geometry":{"type":"Polygon","coordinates":[[[-73.773389,-43.345898],[-74.387354,-43.231641],[-74.03667,-41.795508],[-73.4229,-42.192871],[-73.737891,-43.291406],[-73.773389,-43.345898]]]}},{"type":"Feature","properties":{"scalerank":0,"featurecla":"Land","min_zoom":0.5},"bbox":[-60.961426,-52.194727,-59.268066,-51.354297],"geometry":{"type":"Polygon","coordinates":[[[-60.28623,-51.461914],[-59.268066,-51.427539],[-60.384229,-52.154004],[-60.961426,-52.057324],[-60.238477,-51.771973],[-60.445459,-51.399414],[-60.28623,-51.461914]]]}},{"type":"Feature","properties":{"scalerank":0,"featurecla":"Land","min_zoom":0},"bbox":[-75.570117,-50.019238,-74.458838,-48.705078],"geometry":{"type":"Polygon","coordinates":[[[-74.476172,-49.147852],[-74.594727,-50.006641],[-74.723828,-49.423828],[-75.549805,-49.791309],[-74.969531,-48.791309],[-74.530664,-48.812598],[-74.476172,-49.147852]]]}},{"type":"Feature","properties":{"scalerank":0,"featurecla":"Land","min_zoom":0},"bbox":[-73.445068,-44.859961,-72.764062,-44.334961],"geometry":{"type":"Polygon","coordinates":[[[-72.986133,-44.780078],[-73.39707,-44.774316],[-73.26001,-44.350293],[-72.897168,-44.712012],[-72.986133,-44.780078]]]}},{"type":"Feature","properties":{"scalerank":0,"featurecla":"Land","min_zoom":1},"bbox":[-64.485205,49.079102,-61.696143,49.944385],"geometry":{"type":"Polygon","coordinates":[[[-61.801123,49.093896],[-64.485205,49.886963],[-61.745508,49.105762],[-61.801123,49.093896]]]}},{"type":"Feature","properties":{"scalerank":0,"featurecla":"Land","min_zoom":1},"bbox":[-61.495312,45.57251,-59.828027,47.009717],"geometry":{"type":"Polygon","coordinates":[[[-61.105176,45.944727],[-60.737891,45.751416],[-60.297949,46.31123],[-59.828027,45.965137],[-61.449805,45.716211],[-60.489062,47.009717],[-60.494531,46.270264],[-60.912207,46.04458],[-61.105176,45.944727]]]}},{"type":"Feature","properties":{"scalerank":0,"featurecla":"Land","min_zoom":1.5},"bbox":[-171.819385,62.956104,-168.716016,63.727002],"geometry":{"type":"Polygon","coordinates":[[[-171.463037,63.640039],[-168.716016,63.310596],[-169.676367,62.956104],[-171.631836,63.351221],[-171.646484,63.727002],[-171.463037,63.640039]]]}},{"type":"Feature","properties":{"scalerank":0,"featurecla":"Land","min_zoom":1.5},"bbox":[-167.436426,59.764111,-165.591797,60.396777],"geometry":{"type":"Polygon","coordinates":[[[-166.135449,60.383545],[-165.591797,59.913135],[-167.436426,60.206641],[-166.184961,60.396777],[-166.135449,60.383545]]]}},{"type":"Feature","properties":{"scalerank":0,"featurecla":"Land","min_zoom":0},"bbox":[-164.903955,54.404346,-163.083252,55.05083],"geometry":{"type":"Polygon","coordinates":[[[-163.476025,54.980713],[-163.083252,54.668994],[-164.903955,54.544775],[-163.510889,55.014307],[-163.476025,54.980713]]]}},{"type":"Feature","properties":{"scalerank":0,"featurecla":"Land","min_zoom":1},"bbox":[-78.339502,17.714941,-76.210791,18.522217],"geometry":{"type":"Polygon","coordinates":[[[-77.261475,18.457422],[-76.210791,17.913525],[-77.20498,17.714941],[-78.339502,18.287207],[-77.354248,18.466455],[-77.261475,18.457422]]]}},{"type":"Feature","properties":{"scalerank":0,"featurecla":"Land","min_zoom":1},"bbox":[-67.264062,17.947266,-65.62085,18.522168],"geometry":{"type":"Polygon","coordinates":[[[-66.129395,18.444922],[-65.62085,18.242334],[-67.196875,17.994189],[-67.158643,18.499219],[-66.153076,18.470654],[-66.129395,18.444922]]]}},{"type":"Feature","properties":{"scalerank":0,"featurecla":"Land","min_zoom":1},"bbox":[-154.712207,56.774219,-152.215283,57.971973],"geometry":{"type":"Polygon","coordinates":[[[-152.898047,57.823926],[-152.216211,57.577002],[-153.972705,56.774219],[-153.793213,56.989502],[-154.705957,57.335352],[-154.116162,57.651221],[-153.687695,57.305127],[-153.904443,57.819873],[-152.850391,57.896777],[-152.898047,57.823926]]]}},{"type":"Feature","properties":{"scalerank":0,"featurecla":"Land","min_zoom":2},"bbox":[-153.381348,57.993701,-151.974365,58.450586],"geometry":{"type":"Polygon","coordinates":[[[-152.416943,58.360205],[-151.98252,58.244336],[-153.381348,58.087207],[-152.478467,58.399707],[-152.416943,58.360205]]]}},{"type":"Feature","properties":{"scalerank":0,"featurecla":"Land","min_zoom":0},"bbox":[-131.846094,55.16582,-130.965039,55.955371],"geometry":{"type":"Polygon","coordinates":[[[-130.97915,55.48916],[-131.810986,55.223096],[-131.624951,55.831689],[-130.965039,55.568018],[-130.97915,55.48916]]]}},{"type":"Feature","properties":{"scalerank":0,"featurecla":"Land","min_zoom":1},"bbox":[-133.755176,54.712549,-131.976416,56.339209],"geometry":{"type":"Polygon","coordinates":[[[-133.566113,56.339209],[-132.172705,55.480615],[-132.631299,55.473193],[-131.976416,55.208594],[-132.02168,54.726318],[-133.680176,55.785156],[-133.241504,55.920801],[-133.742529,55.964844],[-133.598633,56.31626],[-133.566113,56.339209]]]}},{"type":"Feature","properties":{"scalerank":0,"featurecla":"Land","min_zoom":2},"bbox":[-133.979443,56.451758,-132.950586,57.068701],"geometry":{"type":"Polygon","coordinates":[[[-133.366211,57.003516],[-132.95918,56.677051],[-133.602783,56.464111],[-133.707715,57.062842],[-133.366211,57.003516]]]}},{"type":"Feature","properties":{"scalerank":0,"featurecla":"Land","min_zoom":1},"bbox":[-135.822754,56.216162,-134.610547,57.534375],"geometry":{"type":"Polygon","coordinates":[[[-134.969775,57.351416],[-134.681885,56.216162],[-135.454932,57.249414],[-135.812305,57.009521],[-135.487305,57.516504],[-135.065234,57.416699],[-134.969775,57.351416]]]}},{"type":"Feature","properties":{"scalerank":0,"featurecla":"Land","min_zoom":2},"bbox":[-134.933105,57.042578,-133.822754,58.354639],"geometry":{"type":"Polygon","coordinates":[[[-134.680273,58.16167],[-133.822754,57.628662],[-134.306885,58.034375],[-133.908838,57.368701],[-134.435303,57.056982],[-134.733203,58.225],[-134.680273,58.16167]]]}},{"type":"Feature","properties":{"scalerank":0,"featurecla":"Land","min_zoom":1},"bbox":[-136.568604,57.419922,-134.873096,58.268506],"geometry":{"type":"Polygon","coordinates":[[[-135.730371,58.244238],[-134.954688,58.015332],[-135.338477,57.768652],[-134.931494,57.481152],[-135.910791,57.446582],[-136.568604,57.972168],[-135.787061,58.268506],[-135.730371,58.244238]]]}},{"type":"Feature","properties":{"scalerank":0,"featurecla":"Land","min_zoom":0},"bbox":[-129.184326,52.289648,-128.506543,53.279932],"geometry":{"type":"Polygon","coordinates":[[[-128.552441,52.939746],[-128.678955,52.289648],[-129.184326,52.990674],[-128.632666,53.1125],[-128.552441,52.939746]]]}},{"type":"Feature","properties":{"scalerank":0,"featurecla":"Land","min_zoom":1},"bbox":[-133.097949,53.189209,-131.667627,54.158936],"geometry":{"type":"Polygon","coordinates":[[[-132.655518,54.12749],[-132.166113,53.955225],[-132.534668,53.651709],[-131.667627,54.141357],[-132.011328,53.265186],[-132.74751,53.310498],[-132.425,53.336963],[-133.052246,53.778125],[-132.893066,54.140771],[-132.655518,54.12749]]]}},{"type":"Feature","properties":{"scalerank":0,"featurecla":"Land","min_zoom":1},"bbox":[-132.546777,52.153613,-131.116162,53.231445],"geometry":{"type":"Polygon","coordinates":[[[-131.753711,53.195557],[-131.971777,52.879834],[-131.221533,52.153613],[-132.546777,53.1375],[-131.853467,53.229736],[-131.753711,53.195557]]]}},{"type":"Feature","properties":{"scalerank":0,"featurecla":"Land","min_zoom":1},"bbox":[-64.403125,45.966895,-62.02373,47.061572],"geometry":{"type":"Polygon","coordinates":[[[-63.811279,46.468701],[-62.02373,46.421582],[-62.804883,45.973193],[-64.403125,46.691602],[-63.993555,47.061572],[-63.833594,46.493896],[-63.811279,46.468701]]]}},{"type":"Feature","properties":{"scalerank":0,"featurecla":"Land","min_zoom":0},"bbox":[-74.032031,40.570508,-71.903223,41.153027],"geometry":{"type":"Polygon","coordinates":[[[-72.509766,40.986035],[-71.903223,41.060693],[-74.032031,40.638672],[-72.427393,41.038525],[-72.509766,40.986035]]]}},{"type":"Feature","properties":{"scalerank":0,"featurecla":"Land","min_zoom":1},"bbox":[148.337207,-6.300879,152.405664,-4.2],"geometry":{"type":"Polygon","coordinates":[[[151.915625,-4.296777],[152.405664,-4.340723],[152.077051,-5.458301],[150.473535,-6.263379],[148.337207,-5.669434],[149.831445,-5.524121],[150.090039,-5.011816],[150.183105,-5.523633],[150.900293,-5.447168],[151.864746,-4.26084],[151.915625,-4.296777]]]}},{"type":"Feature","properties":{"scalerank":0,"featurecla":"Land","min_zoom":1},"bbox":[123.589258,-10.347168,127.296094,-8.315723],"geometry":{"type":"Polygon","coordinates":[[[127.296094,-8.424512],[123.604785,-10.270117],[123.709375,-9.614844],[125.178027,-8.647852],[127.257031,-8.394531],[127.296094,-8.424512]]]}},{"type":"Feature","properties":{"scalerank":0,"featurecla":"Land","min_zoom":0},"bbox":[144.646094,-43.619336,148.342578,-40.672266],"geometry":{"type":"Polygon","coordinates":[[[145.042969,-40.786719],[146.31748,-41.163477],[148.215234,-40.854883],[147.980859,-43.157031],[147.297949,-42.790918],[146.873926,-43.6125],[146.043164,-43.547168],[144.77793,-41.418848],[144.818555,-40.72168],[145.042969,-40.786719]]]}},{"type":"Feature","properties":{"scalerank":0,"featurecla":"Land","min_zoom":0},"bbox":[91.523828,80.009619,97.869922,81.280469],"geometry":{"type":"Polygon","coordinates":[[[96.526563,81.075586],[97.856445,80.698096],[97.113086,80.614063],[97.175195,80.241016],[93.872363,80.010107],[91.523828,80.358545],[93.065137,80.988477],[96.471094,81.099268],[96.526563,81.075586]]]}},{"type":"Feature","properties":{"scalerank":0,"featurecla":"Land","min_zoom":0},"bbox":[93.070801,78.787793,100.06123,80.168262],"geometry":{"type":"Polygon","coordinates":[[[97.674512,80.158252],[98.017773,80.022852],[97.65166,79.760645],[99.946582,79.848975],[99.680664,79.32334],[99.041797,79.293018],[99.929297,78.961426],[97.555469,78.826562],[93.070801,79.495312],[94.987305,80.096826],[97.586816,80.168262],[97.674512,80.158252]]]}},{"type":"Feature","properties":{"scalerank":0,"featurecla":"Land","min_zoom":0.5},"bbox":[99.287109,77.956836,105.342676,79.433203],"geometry":{"type":"Polygon","coordinates":[[[102.884766,79.253955],[102.412305,78.835449],[103.800781,79.149268],[105.342676,78.593945],[99.287109,78.038086],[101.590625,79.350439],[102.939648,79.271191],[102.884766,79.253955]]]}},{"type":"Feature","properties":{"scalerank":0,"featurecla":"Land","min_zoom":0},"bbox":[136.947656,74.656543,145.359961,76.199707],"geometry":{"type":"Polygon","coordinates":[[[140.04873,75.828955],[140.815918,75.630713],[141.485449,76.137158],[145.359961,75.530469],[144.019727,75.044678],[142.30791,75.691699],[142.198828,75.392676],[143.12793,74.970313],[139.099121,74.656543],[136.947656,75.325537],[137.625391,75.988184],[139.743359,75.953076],[140.04873,75.828955]]]}},{"type":"Feature","properties":{"scalerank":0,"featurecla":"Land","min_zoom":1},"bbox":[139.685547,73.220752,143.491309,73.914941],"geometry":{"type":"Polygon","coordinates":[[[142.184863,73.895898],[143.491309,73.246436],[139.685547,73.425732],[141.931836,73.914941],[142.184863,73.895898]]]}},{"type":"Feature","properties":{"scalerank":0,"featurecla":"Land","min_zoom":1},"bbox":[146.148535,74.772461,150.822363,75.581787],"geometry":{"type":"Polygon","coordinates":[[[146.795215,75.370752],[150.822363,75.156543],[149.050195,74.772461],[146.148535,75.198291],[146.748242,75.428662],[146.795215,75.370752]]]}},{"type":"Feature","properties":{"scalerank":0,"featurecla":"Land","min_zoom":0},"bbox":[172.705957,-41.610645,178.53623,-34.429102],"geometry":{"type":"Polygon","coordinates":[[[173.269434,-34.934766],[174.320312,-35.24668],[174.722461,-36.841211],[175.54248,-37.201367],[175.46084,-36.475684],[176.108398,-37.645117],[177.274023,-37.993457],[178.53623,-37.69209],[177.908789,-39.239551],[177.076758,-39.221777],[176.842188,-40.157813],[175.309766,-41.610645],[174.635352,-41.289453],[175.155957,-40.114941],[173.763672,-39.31875],[174.597363,-38.785059],[174.928027,-37.804492],[174.58584,-37.097754],[174.928906,-37.084766],[172.705957,-34.455176],[173.240527,-34.899023],[173.269434,-34.934766]]]}},{"type":"Feature","properties":{"scalerank":0,"featurecla":"Land","min_zoom":0},"bbox":[166.477637,-46.630664,174.370117,-40.490039],"geometry":{"type":"Polygon","coordinates":[[[173.115332,-41.279297],[174.370117,-41.103711],[174.21543,-41.850195],[172.52666,-43.464746],[173.093945,-43.844141],[172.035547,-43.701758],[171.240723,-44.26416],[170.77627,-45.870898],[169.098633,-46.630664],[166.493164,-45.963867],[168.366602,-44.082031],[171.038379,-42.862109],[172.272754,-40.758691],[172.943652,-40.51875],[173.068652,-41.18584],[173.115332,-41.279297]]]}},{"type":"Feature","properties":{"scalerank":0,"featurecla":"Land","min_zoom":0},"bbox":[121.904199,5.598975,126.593359,9.759131],"geometry":{"type":"Polygon","coordinates":[[[126.005957,9.320947],[126.581543,7.247754],[126.189355,6.309668],[125.689258,7.263037],[125.346484,5.598975],[125.231543,6.069531],[124.078125,6.404443],[124.206641,7.396436],[123.66582,7.817773],[123.390918,7.40752],[122.616211,7.763135],[121.964258,6.968213],[122.337109,8.028418],[123.43457,8.70332],[123.799414,8.049121],[125.49873,9.014746],[125.471289,9.756787],[125.954688,9.42666],[126.005957,9.320947]]]}},{"type":"Feature","properties":{"scalerank":0,"featurecla":"Land","min_zoom":0},"bbox":[119.761816,12.56709,124.142773,18.615283],"geometry":{"type":"Polygon","coordinates":[[[121.101562,18.615283],[122.265527,18.458838],[122.519141,17.124854],[121.392285,15.324414],[121.766602,14.168066],[122.211719,13.930176],[122.627148,14.317529],[123.101953,13.750244],[123.320312,14.06167],[123.815723,13.837109],[123.549609,13.645752],[124.059766,12.56709],[122.595215,13.907617],[122.599902,13.194141],[121.77793,13.937646],[120.637109,13.804492],[120.941309,14.645068],[120.583691,14.88125],[120.43877,14.453369],[120.082129,14.851074],[119.772559,16.255127],[120.36875,16.10957],[120.358398,17.638184],[120.599707,18.507861],[121.051367,18.613672],[121.101562,18.615283]]]}},{"type":"Feature","properties":{"scalerank":0,"featurecla":"Land","min_zoom":0},"bbox":[130.995898,-10.654883,150.849512,-0.347461],"geometry":{"type":"Polygon","coordinates":[[[133.472656,-0.726172],[134.111523,-0.846777],[134.194824,-2.309082],[135.092188,-3.348535],[137.911133,-1.483789],[144.477734,-3.825293],[145.766992,-4.823047],[145.745215,-5.402441],[147.802051,-6.315234],[147.810449,-6.703613],[146.960742,-6.928809],[148.583105,-9.051758],[149.19834,-9.03125],[149.263184,-9.497852],[150.011035,-9.688184],[149.874414,-10.012988],[150.849512,-10.236035],[150.319922,-10.654883],[147.768652,-10.070117],[146.033203,-8.076367],[144.509863,-7.567383],[143.654883,-7.460352],[143.942285,-7.944238],[143.61377,-8.200391],[142.206836,-8.195801],[143.377246,-8.762207],[142.647168,-9.327832],[141.133203,-9.221289],[140.116992,-7.92373],[138.933496,-8.262402],[138.747949,-7.251465],[139.176855,-7.19043],[138.601367,-6.936523],[138.339648,-5.675684],[133.973828,-3.817969],[133.841504,-3.054785],[132.968555,-4.094922],[132.751367,-3.294629],[131.971191,-2.788574],[133.700098,-2.624609],[133.921582,-2.102051],[132.307617,-2.242285],[131.930371,-1.559668],[130.995898,-1.424707],[131.257227,-0.855469],[132.39375,-0.355469],[133.268457,-0.635742],[133.472656,-0.726172]]]}},{"type":"Feature","properties":{"scalerank":0,"featurecla":"Land","min_zoom":0},"bbox":[118.783301,-5.693359,125.233789,1.701025],"geometry":{"type":"Polygon","coordinates":[[[124.888867,0.995312],[123.753809,0.305518],[120.192285,0.268506],[120.062891,-0.555566],[120.667383,-1.370117],[121.575586,-0.828516],[123.43418,-0.778223],[121.355469,-1.878223],[122.872266,-4.391992],[121.588672,-4.75957],[121.618066,-4.092676],[120.891797,-3.520605],[121.052148,-2.75166],[120.653613,-2.667578],[120.261035,-2.949316],[120.430371,-5.591016],[119.557422,-5.611035],[119.623633,-4.034375],[119.46748,-3.512988],[118.867676,-3.398047],[118.783301,-2.720801],[119.844336,-0.861914],[119.721875,-0.088477],[120.269531,0.970801],[121.081738,1.327637],[123.930762,0.850439],[125.110938,1.685693],[124.966797,1.082617],[124.888867,0.995312]]]}},{"type":"Feature","properties":{"scalerank":0,"featurecla":"Land","min_zoom":0},"bbox":[105.243164,-8.769629,114.599219,-5.904199],"geometry":{"type":"Polygon","coordinates":[[[107.373926,-6.007617],[108.677832,-6.790527],[110.42627,-6.947266],[110.834766,-6.424219],[112.539258,-6.926465],[113.013574,-7.657715],[114.409277,-7.79248],[114.583789,-8.769629],[107.91748,-7.724121],[105.255469,-6.835254],[106.075,-5.91416],[107.331836,-5.978125],[107.373926,-6.007617]]]}},{"type":"Feature","properties":{"scalerank":0,"featurecla":"Land","min_zoom":0},"bbox":[95.206641,-5.90791,106.058398,5.628809],"geometry":{"type":"Polygon","coordinates":[[[96.492578,5.229346],[97.547168,5.205859],[100.523828,2.18916],[100.887891,1.948242],[101.046191,2.257471],[103.031836,0.578906],[102.55,0.216455],[103.672656,0.288916],[103.438574,-0.575586],[104.360547,-1.038379],[104.845215,-2.092969],[104.650781,-2.595215],[105.396973,-2.380176],[106.044336,-3.10625],[105.74834,-5.818262],[104.639551,-5.52041],[104.601562,-5.90459],[101.578613,-3.166992],[99.15918,0.351758],[98.595313,1.8646],[95.578613,4.661963],[95.227832,5.564795],[96.250879,5.266992],[96.492578,5.229346]]]}},{"type":"Feature","properties":{"scalerank":0,"featurecla":"Land","min_zoom":0},"bbox":[108.905859,-4.169727,119.266309,6.990234],"geometry":{"type":"Polygon","coordinates":[[[116.807715,6.691064],[117.229883,6.93999],[117.69375,6.35],[117.501172,5.884668],[118.003809,6.05332],[117.973633,5.70625],[119.255566,5.365918],[118.260547,4.988867],[118.54834,4.379248],[117.497461,4.133398],[117.777246,3.689258],[117.055957,3.622656],[118.066602,2.317822],[117.789258,2.026855],[118.984961,0.982129],[117.911621,1.098682],[117.5625,-0.770898],[116.739844,-1.044238],[116.275488,-1.784863],[116.549219,-2.41084],[115.956152,-3.59502],[114.693555,-4.169727],[114.344336,-3.235156],[113.705078,-3.455273],[113.033984,-2.933496],[111.858105,-3.551855],[111.694727,-2.889453],[110.256055,-2.966113],[109.983301,-1.274805],[109.130273,-0.44541],[109.075879,1.495898],[109.628906,2.027539],[111.223242,1.39585],[111.5125,2.743018],[112.987891,3.161914],[114.0125,4.575244],[115.427637,4.969189],[115.419043,5.413184],[116.841992,6.77207],[116.807715,6.691064]]]}},{"type":"Feature","properties":{"scalerank":0,"featurecla":"Land","min_zoom":0},"bbox":[53.762891,73.297217,68.941699,77.011572],"geometry":{"type":"Polygon","coordinates":[[[67.765332,76.237598],[61.355957,75.314844],[58.534668,74.498926],[56.63418,73.304297],[54.299902,73.350977],[53.762891,73.766162],[56.137109,74.496094],[55.582227,74.627686],[56.49873,74.95708],[55.920703,75.168359],[61.20166,76.282031],[67.534961,77.007764],[68.911719,76.760547],[68.16543,76.284863],[67.765332,76.237598]]]}},{"type":"Feature","properties":{"scalerank":0,"featurecla":"Land","min_zoom":0},"bbox":[51.428613,70.562988,57.625391,73.387646],"geometry":{"type":"Polygon","coordinates":[[[55.319824,73.308301],[56.42959,73.201172],[55.40332,72.549072],[55.297852,71.935352],[57.625391,70.728809],[53.722363,70.814453],[53.383594,70.873535],[54.155664,71.125488],[53.411621,71.530127],[51.438672,71.776807],[52.62207,72.300977],[52.916602,72.668896],[52.550586,72.768555],[53.369824,72.916748],[53.251172,73.182959],[55.121387,73.356836],[55.319824,73.308301]]]}},{"type":"Feature","properties":{"scalerank":0,"featurecla":"Land","min_zoom":0},"bbox":[141.66084,45.917041,144.71377,54.416113],"geometry":{"type":"Polygon","coordinates":[[[142.761035,54.393945],[143.324707,52.963086],[143.190625,51.944482],[144.71377,48.640283],[144.04873,49.24917],[143.10498,49.198828],[142.556934,47.737891],[143.580664,46.360693],[143.431641,46.028662],[143.282324,46.558984],[142.578027,46.700781],[142.077148,45.917041],[142.206738,51.222559],[141.66084,52.272949],[141.823535,53.339502],[142.526172,53.447461],[142.334961,54.280713],[142.692773,54.416113],[142.761035,54.393945]]]}},{"type":"Feature","properties":{"scalerank":0,"featurecla":"Land","min_zoom":0},"bbox":[139.820898,41.423242,145.833008,45.509521],"geometry":{"type":"Polygon","coordinates":[[[143.824316,44.116992],[144.715234,43.927979],[145.369531,44.327393],[145.139648,43.6625],[145.833008,43.385937],[143.969336,42.881396],[143.236523,42.000195],[141.851367,42.579053],[140.480469,42.559375],[140.32666,42.293359],[141.150977,41.805078],[140.036621,41.473779],[139.860156,42.581738],[140.392383,43.303125],[141.374121,43.279639],[141.667969,45.40127],[143.759082,44.131641],[143.824316,44.116992]]]}},{"type":"Feature","properties":{"scalerank":0,"featurecla":"Land","min_zoom":0},"bbox":[130.889258,33.486963,141.993164,41.505566],"geometry":{"type":"Polygon","coordinates":[[[141.229297,41.372656],[141.976953,39.428809],[140.962109,38.148877],[140.573535,36.231348],[140.874023,35.724951],[140.354688,35.181445],[139.843945,34.914893],[139.834766,35.658057],[138.8375,34.619238],[138.719629,35.124072],[138.189063,34.596338],[137.061719,34.582812],[136.804199,35.050293],[136.533008,34.678369],[136.853711,34.324072],[135.695312,33.486963],[135.12793,34.006982],[135.415918,34.61748],[134.740039,34.765234],[132.312598,34.324951],[132.146484,33.83877],[130.918848,33.975732],[132.922949,35.511279],[135.903125,35.606885],[136.843457,37.382129],[137.322656,37.52207],[136.899902,37.117676],[137.246289,36.753174],[138.319922,37.218408],[139.801953,38.881592],[139.966699,40.672754],[140.385938,41.229785],[141.183203,40.924023],[141.200391,41.243604],[140.800586,41.138818],[141.105859,41.455859],[141.229297,41.372656]]]}},{"type":"Feature","properties":{"scalerank":0,"featurecla":"Land","min_zoom":1.5},"bbox":[132.032617,32.752002,134.738867,34.358398],"geometry":{"type":"Polygon","coordinates":[[[134.357422,34.256348],[134.738867,33.820508],[134.181641,33.247217],[133.632031,33.510986],[132.804297,32.752002],[132.412793,33.430469],[132.032617,33.33999],[132.935156,34.095312],[134.219238,34.319043],[134.357422,34.256348]]]}},{"type":"Feature","properties":{"scalerank":0,"featurecla":"Land","min_zoom":0},"bbox":[129.580078,31.015137,132.008594,33.927783],"geometry":{"type":"Polygon","coordinates":[[[131.174609,33.602588],[131.696289,33.602832],[132.002148,32.882373],[131.337207,31.404687],[130.685742,31.015137],[130.77627,31.706299],[130.58877,31.178516],[130.147266,31.408496],[130.547266,32.831592],[130.2375,33.177637],[130.34043,32.701855],[129.768555,32.570996],[129.679102,33.059961],[129.991699,32.851562],[129.580078,33.236279],[130.669531,33.915479],[131.058105,33.672852],[131.174609,33.602588]]]}},{"type":"Feature","properties":{"scalerank":0,"featurecla":"Land","min_zoom":1},"bbox":[120.072461,21.925,121.929004,25.276904],"geometry":{"type":"Polygon","coordinates":[[[121.008789,22.620361],[120.742773,21.956006],[120.132129,23.65293],[121.593652,25.275342],[121.929004,24.97373],[121.16123,22.776367],[121.008789,22.620361]]]}},{"type":"Feature","properties":{"scalerank":0,"featurecla":"Land","min_zoom":1},"bbox":[108.635645,18.218262,111.013672,20.137744],"geometry":{"type":"Polygon","coordinates":[[[110.88877,19.991943],[110.067383,18.447559],[108.701563,18.535254],[108.665527,19.304102],[109.263477,19.882666],[110.809082,20.014404],[110.88877,19.991943]]]}},{"type":"Feature","properties":{"scalerank":0,"featurecla":"Land","min_zoom":1},"bbox":[79.707812,5.949365,81.876953,9.812695],"geometry":{"type":"Polygon","coordinates":[[[79.982324,9.812695],[80.711133,9.366357],[81.874121,7.28833],[81.637402,6.425146],[80.724121,5.979053],[80.095313,6.153174],[79.859375,6.829297],[79.712988,8.182324],[80.086328,9.577832],[80.42832,9.480957],[79.966992,9.792627],[79.982324,9.812695]]]}},{"type":"Feature","properties":{"scalerank":0,"featurecla":"Land","min_zoom":0},"bbox":[43.257129,-25.570508,50.482715,-12.07959],"geometry":{"type":"Polygon","coordinates":[[[49.538281,-12.432129],[50.40459,-15.629102],[50.184961,-15.957813],[49.664355,-15.521582],[49.362891,-18.336328],[47.177344,-24.787207],[45.115234,-25.543066],[44.035352,-24.995703],[43.264844,-22.383594],[44.404688,-19.92207],[43.979395,-17.391602],[44.476172,-16.217285],[46.399609,-15.924609],[47.351953,-14.766113],[47.96416,-14.672559],[47.895996,-13.730664],[48.796484,-13.26748],[49.207031,-12.07959],[49.479785,-12.348438],[49.538281,-12.432129]]]}},{"type":"Feature","properties":{"scalerank":0,"featurecla":"Land","min_zoom":3},"bbox":[53.018555,38.756152,53.10957,39.096582],"geometry":{"type":"Polygon","coordinates":[[[53.10957,38.803076],[53.100195,38.756152],[53.045898,38.897217],[53.018555,39.052734],[53.05332,39.096582],[53.092188,39.094092],[53.055176,39.037939],[53.10957,38.803076]]]}},{"type":"Feature","properties":{"scalerank":0,"featurecla":"Land","min_zoom":3},"bbox":[49.995117,44.826465,50.184473,45.081934],"geometry":{"type":"Polygon","coordinates":[[[50.184473,44.854639],[50.14873,44.826465],[50.095313,44.830615],[49.995117,44.936963],[50.023047,45.044727],[50.059375,45.066797],[50.109863,45.081934],[50.116602,45.058252],[50.045313,45.01001],[50.038867,44.949121],[50.098145,44.881543],[50.184473,44.854639]]]}},{"type":"Feature","properties":{"scalerank":0,"featurecla":"Land","min_zoom":4},"bbox":[50.256152,44.958594,50.349707,45.083008],"geometry":{"type":"Polygon","coordinates":[[[50.311719,44.97207],[50.277246,44.958594],[50.256152,45.022412],[50.294922,45.075928],[50.349707,45.083008],[50.330859,44.998437],[50.311719,44.97207]]]}},{"type":"Feature","properties":{"scalerank":0,"featurecla":"Land","min_zoom":1},"bbox":[-164.281641,-79.844531,-158.996582,-78.719141],"geometry":{"type":"Polygon","coordinates":[[[-159.05293,-79.807422],[-164.281641,-79.245508],[-162.390039,-78.760156],[-159.00957,-79.780469],[-159.05293,-79.807422]]]}},{"type":"Feature","properties":{"scalerank":0,"featurecla":"Land","min_zoom":1.5},"bbox":[-71.783545,-79.683008,-66.728076,-78.315723],"geometry":{"type":"Polygon","coordinates":[[[-70.334082,-79.679883],[-71.783545,-79.444336],[-70.543994,-78.883691],[-66.728076,-78.383691],[-70.116309,-79.666016],[-70.334082,-79.679883]]]}},{"type":"Feature","properties":{"scalerank":0,"featurecla":"Land","min_zoom":0},"bbox":[-54.371582,-80.870117,-42.944678,-77.785254],"geometry":{"type":"Polygon","coordinates":[[[-45.222656,-78.810742],[-43.627344,-78.846094],[-42.98999,-79.80127],[-43.758203,-80.020508],[-43.52793,-80.191406],[-49.773047,-80.78418],[-54.350781,-80.760352],[-53.393896,-80.108789],[-50.401562,-79.511719],[-50.733057,-79.282715],[-50.219629,-78.605273],[-49.08125,-78.047461],[-46.257861,-77.804883],[-43.78457,-78.336328],[-45.352344,-78.791211],[-45.222656,-78.810742]]]}},{"type":"Feature","properties":{"scalerank":0,"featurecla":"Land","min_zoom":1},"bbox":[-66.771143,-80.948145,-59.32168,-79.741016],"geometry":{"type":"Polygon","coordinates":[[[-59.733936,-80.344141],[-60.582812,-80.948145],[-66.771143,-80.293848],[-61.633301,-80.344141],[-61.193994,-80.256641],[-61.68418,-80.019727],[-60.578809,-79.741016],[-59.32168,-80.196191],[-59.683301,-80.315332],[-59.733936,-80.344141]]]}},{"type":"Feature","properties":{"scalerank":0,"featurecla":"Land","min_zoom":1},"bbox":[-75.382715,-72.669727,-68.227832,-68.788965],"geometry":{"type":"Polygon","coordinates":[[[-70.051123,-69.189063],[-68.314014,-70.911719],[-68.241016,-71.822168],[-69.209326,-72.53418],[-73.057422,-72.447559],[-70.206006,-72.227734],[-71.661475,-72.249805],[-70.820996,-71.906543],[-72.336621,-71.632227],[-73.995605,-72.169824],[-75.382715,-71.82793],[-72.21167,-71.335059],[-73.0604,-71.126953],[-72.710449,-71.072949],[-69.869775,-71.125684],[-71.190039,-70.65957],[-69.618359,-70.398047],[-71.728516,-70.053711],[-72.137891,-69.114551],[-70.416992,-68.788965],[-70.052734,-69.139551],[-70.051123,-69.189063]]]}},{"type":"Feature","properties":{"scalerank":0,"featurecla":"Land","min_zoom":0},"bbox":[-71.927734,-55.032129,-65.179004,-52.48623],"geometry":{"type":"Polygon","coordinates":[[[-69.167041,-52.667578],[-68.571191,-52.694922],[-68.488525,-53.260938],[-67.294238,-54.049805],[-65.179004,-54.678125],[-66.511133,-55.032129],[-71.901562,-54.601562],[-70.310986,-54.528516],[-70.863086,-54.110449],[-70.531299,-53.627344],[-70.243359,-54.347656],[-69.045215,-54.428418],[-70.151123,-53.888086],[-69.393555,-53.373437],[-70.460254,-53.20625],[-70.380127,-52.751953],[-69.414062,-52.48623],[-69.167041,-52.667578]]]}},{"type":"Feature","properties":{"scalerank":0,"featurecla":"Land","min_zoom":0},"bbox":[-84.887207,19.855469,-74.136816,23.19043],"geometry":{"type":"Polygon","coordinates":[[[-81.837451,23.163037],[-79.820264,22.887012],[-74.153711,20.168555],[-77.715088,19.855469],[-77.22959,20.64375],[-78.116357,20.761865],[-78.727686,21.592725],[-81.849414,22.213672],[-81.838818,22.672461],[-84.887207,21.856982],[-84.044922,22.666016],[-82.101367,23.19043],[-81.837451,23.163037]]]}},{"type":"Feature","properties":{"scalerank":0,"featurecla":"Land","min_zoom":0},"bbox":[17.916895,79.194287,27.198633,80.477832],"geometry":{"type":"Polygon","coordinates":[[[20.897852,80.249951],[22.289746,80.049219],[23.008008,80.473975],[27.198633,79.906592],[23.947754,79.194287],[20.128223,79.4896],[19.674609,79.591162],[20.784082,79.748584],[17.916895,80.143115],[20.693457,80.298682],[20.897852,80.249951]]]}},{"type":"Feature","properties":{"scalerank":0,"featurecla":"Land","min_zoom":0},"bbox":[10.682129,76.579297,21.38877,80.052588],"geometry":{"type":"Polygon","coordinates":[[[16.786719,79.906738],[17.83457,79.800049],[17.66875,79.385937],[18.397363,79.605176],[21.38877,78.74043],[19.150488,78.379395],[16.700488,76.579297],[13.995703,77.508203],[16.914062,77.897998],[13.680566,78.028125],[17.171973,78.417139],[16.448633,78.503564],[16.782617,78.663623],[14.689258,78.720947],[13.150195,78.2375],[11.36543,78.950391],[12.40332,78.953223],[11.208105,79.129639],[10.682129,79.758252],[13.692871,79.860986],[12.555371,79.569482],[13.957227,79.339648],[14.831836,79.766406],[16.34375,78.976123],[15.816113,79.681836],[16.524023,80.020508],[16.786719,79.906738]]]}},{"type":"Feature","properties":{"scalerank":0,"featurecla":"Land","min_zoom":1},"bbox":[8.180859,38.909668,9.805273,41.25708],"geometry":{"type":"Polygon","coordinates":[[[9.632031,40.882031],[9.5625,39.166016],[8.648535,38.926562],[8.203809,40.870703],[9.228418,41.25708],[9.574023,40.914746],[9.632031,40.882031]]]}},{"type":"Feature","properties":{"scalerank":0,"featurecla":"Land","min_zoom":1},"bbox":[8.565625,41.384912,9.556445,43.021484],"geometry":{"type":"Polygon","coordinates":[[[9.480371,42.80542],[9.186133,41.384912],[8.565625,42.357715],[9.478613,42.860498],[9.480371,42.80542]]]}},{"type":"Feature","properties":{"scalerank":0,"featurecla":"Land","min_zoom":1},"bbox":[12.435547,36.687842,15.634668,38.295898],"geometry":{"type":"Polygon","coordinates":[[[15.576563,38.220312],[15.112598,36.687842],[12.435547,37.819775],[12.734375,38.183057],[15.634668,38.267578],[15.576563,38.220312]]]}},{"type":"Feature","properties":{"scalerank":0,"featurecla":"Land","min_zoom":0},"bbox":[-54.919141,69.256641,-51.900195,70.317285],"geometry":{"type":"Polygon","coordinates":[[[-52.731152,69.944727],[-51.900195,69.604785],[-53.754346,69.260156],[-54.919141,69.713623],[-54.322607,69.941895],[-54.705957,70.256152],[-53.10293,70.140869],[-52.731152,69.944727]]]}},{"type":"Feature","properties":{"scalerank":0,"featurecla":"Land","min_zoom":1},"bbox":[-128.349902,48.322803,-123.283789,50.860547],"geometry":{"type":"Polygon","coordinates":[[[-127.197314,50.640381],[-125.48208,50.316797],[-123.283789,48.455176],[-125.120703,48.760791],[-124.812646,49.212646],[-125.489453,48.933789],[-126.519141,49.396777],[-126.134082,49.672314],[-127.863916,50.127734],[-127.465918,50.583105],[-128.349902,50.696582],[-127.713037,50.820752],[-127.197314,50.640381]]]}},{"type":"Feature","properties":{"scalerank":0,"featurecla":"Land","min_zoom":0},"bbox":[-74.478125,17.635596,-68.33916,19.928076],"geometry":{"type":"Polygon","coordinates":[[[-71.954297,19.72168],[-69.956836,19.671875],[-68.359277,18.538086],[-68.687402,18.214941],[-71.027832,18.273193],[-71.438965,17.635596],[-72.059863,18.228564],[-73.884961,18.041895],[-74.459961,18.393066],[-72.376074,18.574463],[-72.703223,19.441064],[-73.438379,19.722119],[-72.219824,19.744629],[-71.954297,19.72168]]]}},{"type":"Feature","properties":{"scalerank":0,"featurecla":"Land","min_zoom":0},"bbox":[-50.796094,-1.800684,-48.379687,-0.116406],"geometry":{"type":"Polygon","coordinates":[[[-49.628662,-0.229199],[-48.379687,-0.352832],[-48.928906,-1.482324],[-50.443457,-1.800684],[-50.780957,-0.689844],[-50.248242,-0.116406],[-49.628662,-0.229199]]]}},{"type":"Feature","properties":{"scalerank":0,"featurecla":"Land","min_zoom":0},"bbox":[-6.133691,50.021387,1.746582,58.65],"geometry":{"type":"Polygon","coordinates":[[[-3.109668,58.515479],[-4.134521,57.577734],[-1.780664,57.474023],[-3.309961,56.363477],[-2.674268,56.253418],[-3.789062,56.095215],[-1.655371,55.570361],[-1.232422,54.703711],[-0.084375,54.118066],[0.115332,53.609277],[-0.659912,53.724023],[0.270996,53.335498],[0.045898,52.905615],[1.656738,52.753711],[1.591406,52.119775],[0.424512,51.465625],[1.397559,51.182031],[-5.622119,50.050684],[-4.188184,51.188525],[-3.135986,51.205029],[-2.433057,51.740723],[-3.293115,51.39043],[-5.168359,51.740723],[-3.980322,52.541748],[-4.101465,52.915479],[-4.683057,52.806152],[-4.268555,53.144531],[-2.749512,53.310205],[-3.0646,53.512842],[-2.846484,54.135303],[-3.592041,54.564355],[-3.03623,54.953076],[-5.032324,54.761377],[-4.584082,55.938672],[-5.228223,55.886328],[-5.084326,56.197461],[-5.730664,55.334131],[-5.188379,56.758057],[-6.133691,56.706689],[-5.016748,58.566553],[-3.056982,58.58877],[-3.109668,58.515479]]]}},{"type":"Feature","properties":{"scalerank":0,"featurecla":"Land","min_zoom":0},"bbox":[-10.390234,51.47373,-5.47041,55.36582],"geometry":{"type":"Polygon","coordinates":[[[-7.178613,55.056885],[-6.12915,55.217383],[-5.47041,54.500195],[-6.345166,53.987207],[-6.027393,52.9271],[-6.325,52.24668],[-10.120752,51.600684],[-9.598828,51.874414],[-10.341064,51.798926],[-9.909668,52.122949],[-10.356689,52.206934],[-8.783447,52.679639],[-9.916602,52.569727],[-8.930127,53.20708],[-10.09126,53.412842],[-9.578223,53.80542],[-10.056396,54.257812],[-8.545557,54.241211],[-8.133447,54.64082],[-8.763916,54.681201],[-8.274609,55.146289],[-6.96167,55.237891],[-7.218652,55.091992],[-7.178613,55.056885]]]}},{"type":"Feature","properties":{"scalerank":0,"featurecla":"Land","min_zoom":0},"bbox":[-180,64.279736,-169.72915,68.983447],"geometry":{"type":"Polygon","coordinates":[[[-179.798535,68.94043],[-175.345215,67.678076],[-175.374707,67.357373],[-174.849854,67.348877],[-174.924902,66.623145],[-174.065039,66.22959],[-173.773975,66.434668],[-174.550098,67.090625],[-171.795557,66.931738],[-169.72915,66.058105],[-170.666309,65.621533],[-171.451172,65.794238],[-171.169971,65.5021],[-172.783301,65.681055],[-172.213184,65.048145],[-173.066211,64.847168],[-172.37876,64.431543],[-173.157422,64.279736],[-175.442139,64.816699],[-176.093262,65.471045],[-178.4125,65.495557],[-178.939063,66.032764],[-178.526563,66.401562],[-179.683301,66.184131],[-179.3521,65.516748],[-180,65.067236],[-179.999951,68.983447],[-179.798535,68.94043]]]}},{"type":"Feature","properties":{"scalerank":0,"featurecla":"Land","min_zoom":0},"bbox":[-24.475684,63.406689,-13.556104,66.526074],"geometry":{"type":"Polygon","coordinates":[[[-15.543115,66.228516],[-14.59585,66.381543],[-15.116406,66.102441],[-13.617871,65.519336],[-13.569678,65.068115],[-14.628223,64.415967],[-18.653613,63.406689],[-22.652197,63.827734],[-21.590625,64.626367],[-24.026172,64.863428],[-21.892139,65.048779],[-22.509082,65.196777],[-21.844385,65.447363],[-24.475684,65.525195],[-23.285352,65.75],[-23.832617,65.849219],[-23.452539,66.181006],[-22.441699,65.908301],[-22.889209,66.440625],[-21.406885,66.025586],[-21.658447,65.723584],[-21.129687,65.266602],[-20.20752,66.100098],[-19.489697,65.768066],[-18.845898,66.183936],[-18.141943,65.734082],[-18.297168,66.157422],[-17.550439,65.964404],[-16.249316,66.5229],[-15.647363,66.258789],[-15.543115,66.228516]]]}},{"type":"Feature","properties":{"scalerank":0,"featurecla":"Land","min_zoom":4},"bbox":[-65.023633,18.321289,-64.84502,18.385205],"geometry":{"type":"Polygon","coordinates":[[[-64.84502,18.330078],[-64.919971,18.321289],[-65.023633,18.367578],[-64.942041,18.385205],[-64.889111,18.374219],[-64.84502,18.330078]]]}},{"type":"Feature","properties":{"scalerank":0,"featurecla":"Land","min_zoom":4},"bbox":[178.475,51.899121,178.607324,51.994678],"geometry":{"type":"Polygon","coordinates":[[[178.575488,51.91626],[178.511816,51.899121],[178.477734,51.942529],[178.475,51.967725],[178.509375,51.994678],[178.570605,51.977539],[178.607324,51.953027],[178.575488,51.91626]]]}},{"type":"Feature","properties":{"scalerank":0,"featurecla":"Land","min_zoom":4},"bbox":[14.180371,36.012158,14.320898,36.075781],"geometry":{"type":"Polygon","coordinates":[[[14.313477,36.027588],[14.253613,36.012158],[14.194238,36.042236],[14.180371,36.0604],[14.263281,36.075781],[14.303711,36.062305],[14.320898,36.03623],[14.313477,36.027588]]]}},{"type":"Feature","properties":{"scalerank":0,"featurecla":"Land","min_zoom":4},"bbox":[13.853516,40.696973,13.962109,40.761816],"geometry":{"type":"Polygon","coordinates":[[[13.938281,40.705615],[13.893652,40.696973],[13.867676,40.70874],[13.853516,40.724072],[13.871191,40.761816],[13.962109,40.739404],[13.96084,40.718164],[13.938281,40.705615]]]}},{"type":"Feature","properties":{"scalerank":0,"featurecla":"Land","min_zoom":4},"bbox":[11.936426,36.745996,12.05127,36.843066],"geometry":{"type":"Polygon","coordinates":[[[12.05127,36.757031],[12.00332,36.745996],[11.940625,36.780371],[11.936426,36.828613],[11.948047,36.843066],[12.024219,36.820947],[12.048047,36.776367],[12.05127,36.757031]]]}},{"type":"Feature","properties":{"scalerank":0,"featurecla":"Land","min_zoom":4},"bbox":[6.159277,53.476807,6.333398,53.51499],"geometry":{"type":"Polygon","coordinates":[[[6.333398,53.510742],[6.193262,53.476807],[6.159277,53.483936],[6.167676,53.49375],[6.290918,53.51499],[6.333398,53.510742]]]}},{"type":"Feature","properties":{"scalerank":0,"featurecla":"Land","min_zoom":4},"bbox":[5.654297,53.442627,5.929297,53.475098],"geometry":{"type":"Polygon","coordinates":[[[5.929297,53.458838],[5.732031,53.442627],[5.665332,53.454883],[5.654297,53.466504],[5.708105,53.473389],[5.87627,53.475098],[5.928223,53.46499],[5.929297,53.458838]]]}},{"type":"Feature","properties":{"scalerank":0,"featurecla":"Land","min_zoom":4},"bbox":[4.90791,53.23457,5.108594,53.310205],"geometry":{"type":"Polygon","coordinates":[[[5.108594,53.308008],[4.92373,53.23457],[4.90791,53.24624],[5.027051,53.310205],[5.108594,53.308008]]]}},{"type":"Feature","properties":{"scalerank":0,"featurecla":"Land","min_zoom":4},"bbox":[5.190234,53.377783,5.582617,53.443555],"geometry":{"type":"Polygon","coordinates":[[[5.325781,53.385742],[5.232617,53.377783],[5.190234,53.391797],[5.415137,53.431445],[5.557422,53.443555],[5.582617,53.438086],[5.325781,53.385742]]]}},{"type":"Feature","properties":{"scalerank":0,"featurecla":"Land","min_zoom":4},"bbox":[-179.079004,-17.991797,-178.988086,-17.92041],"geometry":{"type":"Polygon","coordinates":[[[-178.988086,-17.97666],[-179.018408,-17.991797],[-179.039209,-17.988379],[-179.063818,-17.972363],[-179.079004,-17.944141],[-179.047607,-17.92041],[-178.999121,-17.947363],[-178.988086,-17.97666]]]}},{"type":"Feature","properties":{"scalerank":0,"featurecla":"Land","min_zoom":4},"bbox":[-178.8479,-18.252441,-178.761914,-18.186328],"geometry":{"type":"Polygon","coordinates":[[[-178.761914,-18.233887],[-178.773633,-18.252441],[-178.827344,-18.222168],[-178.8479,-18.202051],[-178.790869,-18.186328],[-178.763086,-18.191406],[-178.761914,-18.233887]]]}},{"type":"Feature","properties":{"scalerank":0,"featurecla":"Land","min_zoom":4},"bbox":[-178.357227,-17.963281,-178.251123,-17.875781],"geometry":{"type":"Polygon","coordinates":[[[-178.251123,-17.952734],[-178.306836,-17.963281],[-178.357227,-17.920898],[-178.325391,-17.875781],[-178.280322,-17.886426],[-178.25459,-17.92998],[-178.251123,-17.952734]]]}},{"type":"Feature","properties":{"scalerank":0,"featurecla":"Land","min_zoom":4},"bbox":[-151.512402,-16.665137,-151.438086,-16.574023],"geometry":{"type":"Polygon","coordinates":[[[-151.466602,-16.65752],[-151.484912,-16.665137],[-151.50415,-16.646973],[-151.512402,-16.619043],[-151.505762,-16.574023],[-151.457422,-16.603711],[-151.438086,-16.623438],[-151.466602,-16.65752]]]}},{"type":"Feature","properties":{"scalerank":0,"featurecla":"Land","min_zoom":3},"bbox":[-149.911816,-17.571094,-149.782422,-17.469531],"geometry":{"type":"Polygon","coordinates":[[[-149.813672,-17.54502],[-149.844922,-17.571094],[-149.886572,-17.552832],[-149.905127,-17.527734],[-149.911816,-17.501172],[-149.902148,-17.469531],[-149.808789,-17.473926],[-149.782422,-17.487793],[-149.813672,-17.54502]]]}},{"type":"Feature","properties":{"scalerank":0,"featurecla":"Land","min_zoom":4},"bbox":[-120.441553,34.022266,-120.306592,34.073291],"geometry":{"type":"Polygon","coordinates":[[[-120.306592,34.024854],[-120.359717,34.022266],[-120.441553,34.03291],[-120.412939,34.056299],[-120.367725,34.073291],[-120.35332,34.060596],[-120.306592,34.024854]]]}},{"type":"Feature","properties":{"scalerank":0,"featurecla":"Land","min_zoom":4},"bbox":[-119.575195,33.215332,-119.438037,33.282031],"geometry":{"type":"Polygon","coordinates":[[[-119.438037,33.217187],[-119.48252,33.215332],[-119.543652,33.224609],[-119.575195,33.27832],[-119.525146,33.282031],[-119.478809,33.274609],[-119.442041,33.232422],[-119.438037,33.217187]]]}},{"type":"Feature","properties":{"scalerank":0,"featurecla":"Land","min_zoom":3},"bbox":[-67.849707,-55.891699,-67.509814,-55.816113],"geometry":{"type":"Polygon","coordinates":[[[-67.575195,-55.889648],[-67.611426,-55.891699],[-67.699512,-55.873145],[-67.831543,-55.864844],[-67.846436,-55.857227],[-67.849707,-55.842578],[-67.834082,-55.827539],[-67.762061,-55.816113],[-67.544824,-55.825977],[-67.517285,-55.832813],[-67.509814,-55.844336],[-67.545264,-55.877441],[-67.575195,-55.889648]]]}},{"type":"Feature","properties":{"scalerank":0,"featurecla":"Land","min_zoom":3},"bbox":[-70.066113,12.422998,-69.895703,12.614111],"geometry":{"type":"Polygon","coordinates":[[[-69.899121,12.452002],[-69.895703,12.422998],[-69.942187,12.438525],[-70.00415,12.500488],[-70.066113,12.546973],[-70.050879,12.59707],[-70.035107,12.614111],[-69.973145,12.567627],[-69.911816,12.480469],[-69.899121,12.452002]]]}},{"type":"Feature","properties":{"scalerank":0,"featurecla":"Land","min_zoom":3},"bbox":[-65.414648,10.883984,-65.2125,10.973828],"geometry":{"type":"Polygon","coordinates":[[[-65.2125,10.906445],[-65.266406,10.883984],[-65.365234,10.906445],[-65.414648,10.937891],[-65.383203,10.973828],[-65.302344,10.973828],[-65.226562,10.930225],[-65.2125,10.906445]]]}},{"type":"Feature","properties":{"scalerank":0,"featurecla":"Land","min_zoom":2},"bbox":[-73.285254,18.707129,-72.80459,18.967285],"geometry":{"type":"Polygon","coordinates":[[[-72.80459,18.777686],[-73.276416,18.954053],[-72.919238,18.861475],[-72.80459,18.777686]]]}},{"type":"Feature","properties":{"scalerank":0,"featurecla":"Land","min_zoom":3},"bbox":[-25.198389,36.941553,-25.027344,37.024023],"geometry":{"type":"Polygon","coordinates":[[[-25.027344,36.959961],[-25.031543,36.941553],[-25.088379,36.948877],[-25.159912,36.943359],[-25.198389,36.996533],[-25.163525,37.018555],[-25.08291,37.024023],[-25.044336,37.000195],[-25.027344,36.959961]]]}},{"type":"Feature","properties":{"scalerank":0,"featurecla":"Land","min_zoom":3},"bbox":[16.650684,42.895508,17.188281,42.996582],"geometry":{"type":"Polygon","coordinates":[[[16.650684,42.996582],[17.188281,42.917041],[16.666309,42.959912],[16.650684,42.996582]]]}},{"type":"Feature","properties":{"scalerank":0,"featurecla":"Land","min_zoom":3},"bbox":[16.376465,43.11543,17.194043,43.229248],"geometry":{"type":"Polygon","coordinates":[[[17.194043,43.125781],[16.376465,43.21377],[17.061133,43.143896],[17.194043,43.125781]]]}},{"type":"Feature","properties":{"scalerank":0,"featurecla":"Land","min_zoom":3},"bbox":[16.423145,43.268066,16.891309,43.387061],"geometry":{"type":"Polygon","coordinates":[[[16.785254,43.270654],[16.423145,43.317236],[16.873633,43.297949],[16.785254,43.270654]]]}},{"type":"Feature","properties":{"scalerank":0,"featurecla":"Land","min_zoom":4},"bbox":[-2.646143,49.428711,-2.512305,49.506592],"geometry":{"type":"Polygon","coordinates":[[[-2.512305,49.494531],[-2.547363,49.428711],[-2.639014,49.450928],[-2.646143,49.468213],[-2.542187,49.506592],[-2.520898,49.506299],[-2.512305,49.494531]]]}},{"type":"Feature","properties":{"scalerank":0,"featurecla":"Land","min_zoom":3},"bbox":[-2.23584,49.169824,-2.009912,49.266357],"geometry":{"type":"Polygon","coordinates":[[[-2.018652,49.23125],[-2.009912,49.180811],[-2.05376,49.169824],[-2.091016,49.187402],[-2.165674,49.187402],[-2.23584,49.176367],[-2.220508,49.266357],[-2.082227,49.255371],[-2.018652,49.23125]]]}},{"type":"Feature","properties":{"scalerank":0,"featurecla":"Land","min_zoom":4},"bbox":[145.645508,18.725244,145.708398,18.806787],"geometry":{"type":"Polygon","coordinates":[[[145.708398,18.7625],[145.678125,18.725244],[145.652539,18.752637],[145.645508,18.806787],[145.690137,18.801611],[145.706641,18.790479],[145.708398,18.7625]]]}},{"type":"Feature","properties":{"scalerank":0,"featurecla":"Land","min_zoom":4},"bbox":[145.631055,16.332129,145.719531,16.379639],"geometry":{"type":"Polygon","coordinates":[[[145.712109,16.339111],[145.690234,16.332129],[145.658301,16.335791],[145.636035,16.351514],[145.631055,16.377979],[145.695508,16.379639],[145.719531,16.359766],[145.712109,16.339111]]]}},{"type":"Feature","properties":{"scalerank":0,"featurecla":"Land","min_zoom":4},"bbox":[145.152148,14.111328,145.26543,14.189453],"geometry":{"type":"Polygon","coordinates":[[[145.264844,14.158105],[145.215332,14.111328],[145.17959,14.120996],[145.157422,14.136914],[145.152148,14.163623],[145.232422,14.189453],[145.26543,14.180225],[145.264844,14.158105]]]}},{"type":"Feature","properties":{"scalerank":0,"featurecla":"Land","min_zoom":3},"bbox":[-60.11748,43.903906,-59.727148,44.002832],"geometry":{"type":"Polygon","coordinates":[[[-59.787598,43.9396],[-60.11748,43.953369],[-59.727148,44.002832],[-59.787598,43.9396]]]}},{"type":"Feature","properties":{"scalerank":0,"featurecla":"Land","min_zoom":3},"bbox":[-97.036035,27.89917,-96.839746,28.13291],"geometry":{"type":"Polygon","coordinates":[[[-97.014355,27.901611],[-97.036035,27.89917],[-96.987646,27.981055],[-96.978662,28.013867],[-96.899316,28.11748],[-96.857422,28.13291],[-96.839746,28.088818],[-96.921338,28.016016],[-97.014355,27.901611]]]}},{"type":"Feature","properties":{"scalerank":0,"featurecla":"Land","min_zoom":4},"bbox":[-88.943604,29.660254,-88.872656,29.752979],"geometry":{"type":"Polygon","coordinates":[[[-88.889307,29.712598],[-88.943604,29.660254],[-88.941113,29.680225],[-88.901172,29.732617],[-88.872656,29.752979],[-88.889307,29.712598]]]}},{"type":"Feature","properties":{"scalerank":0,"featurecla":"Land","min_zoom":4},"bbox":[-88.722852,30.204785,-88.558105,30.264258],"geometry":{"type":"Polygon","coordinates":[[[-88.558105,30.215918],[-88.570654,30.204785],[-88.659229,30.225586],[-88.713086,30.244922],[-88.722852,30.264258],[-88.573975,30.22915],[-88.558105,30.215918]]]}},{"type":"Feature","properties":{"scalerank":0,"featurecla":"Land","min_zoom":4},"bbox":[-88.31626,30.230908,-88.071338,30.27373],"geometry":{"type":"Polygon","coordinates":[[[-88.071338,30.252344],[-88.159326,30.230908],[-88.289746,30.23291],[-88.31626,30.24043],[-88.263916,30.254736],[-88.109375,30.27373],[-88.071338,30.252344]]]}},{"type":"Feature","properties":{"scalerank":0,"featurecla":"Land","min_zoom":4},"bbox":[-63.124707,18.019189,-63.009424,18.115332],"geometry":{"type":"Polygon","coordinates":[[[-63.012305,18.04541],[-63.023047,18.019189],[-63.09043,18.041406],[-63.124707,18.064307],[-63.11499,18.090723],[-63.063086,18.115332],[-63.024805,18.113086],[-63.009424,18.104297],[-63.012305,18.04541]]]}},{"type":"Feature","properties":{"scalerank":0,"featurecla":"Land","min_zoom":3},"bbox":[-65.572217,18.099512,-65.294873,18.165039],"geometry":{"type":"Polygon","coordinates":[[[-65.425586,18.105615],[-65.504004,18.099512],[-65.555078,18.107666],[-65.572217,18.137305],[-65.477148,18.165039],[-65.366211,18.161084],[-65.302686,18.144385],[-65.294873,18.13335],[-65.425586,18.105615]]]}},{"type":"Feature","properties":{"scalerank":0,"featurecla":"Land","min_zoom":4},"bbox":[-62.624902,17.100586,-62.532227,17.201025],"geometry":{"type":"Polygon","coordinates":[[[-62.532227,17.121875],[-62.582422,17.100586],[-62.624902,17.12959],[-62.615283,17.199121],[-62.574707,17.201025],[-62.53418,17.170117],[-62.532227,17.121875]]]}},{"type":"Feature","properties":{"scalerank":0,"featurecla":"Land","min_zoom":4},"bbox":[-64.44375,18.457422,-64.324658,18.51748],"geometry":{"type":"Polygon","coordinates":[[[-64.395215,18.4646],[-64.421143,18.457422],[-64.438037,18.458984],[-64.44375,18.473389],[-64.426074,18.513086],[-64.324658,18.51748],[-64.395215,18.4646]]]}},{"type":"Feature","properties":{"scalerank":0,"featurecla":"Land","min_zoom":4},"bbox":[-64.787695,18.327881,-64.659814,18.371973],"geometry":{"type":"Polygon","coordinates":[[[-64.659814,18.354346],[-64.725977,18.327881],[-64.770605,18.331592],[-64.787695,18.341113],[-64.752441,18.371973],[-64.659814,18.354346]]]}},{"type":"Feature","properties":{"scalerank":0,"featurecla":"Land","min_zoom":4},"bbox":[-64.695117,18.399121,-64.545166,18.446289],"geometry":{"type":"Polygon","coordinates":[[[-64.593652,18.402832],[-64.671826,18.399121],[-64.695117,18.41167],[-64.650977,18.442529],[-64.569141,18.446289],[-64.545166,18.438135],[-64.593652,18.402832]]]}},{"type":"Feature","properties":{"scalerank":0,"featurecla":"Land","min_zoom":3},"bbox":[-64.889111,17.701709,-64.580469,17.794336],"geometry":{"type":"Polygon","coordinates":[[[-64.765625,17.794336],[-64.681836,17.750195],[-64.580469,17.750195],[-64.686279,17.706104],[-64.889111,17.701709],[-64.884717,17.772266],[-64.765625,17.794336]]]}},{"type":"Feature","properties":{"scalerank":0,"featurecla":"Land","min_zoom":3},"bbox":[-77.561914,24.993115,-77.269141,25.083008],"geometry":{"type":"Polygon","coordinates":[[[-77.347559,25.013867],[-77.460498,24.993115],[-77.541211,25.013574],[-77.561914,25.030029],[-77.527344,25.057666],[-77.45127,25.080713],[-77.329102,25.083008],[-77.275586,25.055762],[-77.269141,25.043848],[-77.347559,25.013867]]]}},{"type":"Feature","properties":{"scalerank":0,"featurecla":"Land","min_zoom":3},"bbox":[-81.137354,24.693115,-80.930469,24.759473],"geometry":{"type":"Polygon","coordinates":[[[-81.044189,24.716797],[-81.08999,24.693115],[-81.137354,24.710498],[-81.085254,24.73418],[-80.930469,24.759473],[-80.988916,24.727881],[-81.044189,24.716797]]]}},{"type":"Feature","properties":{"scalerank":0,"featurecla":"Land","min_zoom":4},"bbox":[114.134473,22.195166,114.246875,22.296631],"geometry":{"type":"Polygon","coordinates":[[[114.232031,22.210547],[114.207227,22.195166],[114.13877,22.268359],[114.134473,22.292236],[114.187402,22.296631],[114.246875,22.263574],[114.243555,22.233545],[114.232031,22.210547]]]}},{"type":"Feature","properties":{"scalerank":0,"featurecla":"Land","min_zoom":4},"bbox":[-76.673926,34.652539,-76.54624,34.700146],"geometry":{"type":"Polygon","coordinates":[[[-76.54624,34.654883],[-76.568506,34.652539],[-76.607812,34.663574],[-76.661963,34.684668],[-76.673926,34.700146],[-76.622266,34.694531],[-76.54624,34.654883]]]}},{"type":"Feature","properties":{"scalerank":0,"featurecla":"Land","min_zoom":3},"bbox":[-175.362354,-21.263672,-175.078174,-21.068262],"geometry":{"type":"Polygon","coordinates":[[[-175.161914,-21.169336],[-175.147656,-21.169434],[-175.131934,-21.139746],[-175.078174,-21.129004],[-175.084082,-21.160742],[-175.156592,-21.263672],[-175.202344,-21.223438],[-175.335449,-21.157715],[-175.362354,-21.106836],[-175.318066,-21.068262],[-175.322607,-21.099316],[-175.300439,-21.113379],[-175.225391,-21.11875],[-175.158008,-21.146484],[-175.199756,-21.155664],[-175.161914,-21.169336]]]}},{"type":"Feature","properties":{"scalerank":0,"featurecla":"Land","min_zoom":4},"bbox":[52.554297,45.401318,52.692969,45.528027],"geometry":{"type":"Polygon","coordinates":[[[52.682422,45.411816],[52.664844,45.401318],[52.59834,45.428174],[52.554297,45.473975],[52.608887,45.528027],[52.65957,45.518066],[52.692969,45.460742],[52.682422,45.411816]]]}},{"type":"Feature","properties":{"scalerank":0,"featurecla":"Land","min_zoom":4},"bbox":[47.917578,45.469971,47.987109,45.64707],"geometry":{"type":"Polygon","coordinates":[[[47.983008,45.488232],[47.967676,45.469971],[47.920313,45.562061],[47.917578,45.618164],[47.947168,45.64707],[47.987109,45.554053],[47.983008,45.488232]]]}},{"type":"Feature","properties":{"scalerank":0,"featurecla":"Land","min_zoom":4},"bbox":[-58.541406,-52.099023,-58.432715,-51.999414],"geometry":{"type":"Polygon","coordinates":[[[-58.438818,-52.011035],[-58.432715,-52.099023],[-58.512842,-52.071094],[-58.541406,-52.028418],[-58.49707,-51.999414],[-58.460547,-52.001563],[-58.438818,-52.011035]]]}},{"type":"Feature","properties":{"scalerank":0,"featurecla":"Land","min_zoom":4},"bbox":[42.549023,15.281201,42.624512,15.43252],"geometry":{"type":"Polygon","coordinates":[[[42.590234,15.303418],[42.558691,15.281201],[42.549023,15.320068],[42.569727,15.407324],[42.602344,15.43252],[42.624512,15.367969],[42.610449,15.332275],[42.590234,15.303418]]]}},{"type":"Feature","properties":{"scalerank":0,"featurecla":"Land","min_zoom":4},"bbox":[39.996094,15.985742,40.110059,16.104492],"geometry":{"type":"Polygon","coordinates":[[[40.076465,16.082422],[40.110059,15.985742],[40.012402,16.022656],[39.996094,16.042676],[40.039062,16.080957],[40.048145,16.104492],[40.076465,16.082422]]]}},{"type":"Feature","properties":{"scalerank":0,"featurecla":"Land","min_zoom":3},"bbox":[36.504297,25.383057,36.954785,25.688721],"geometry":{"type":"Polygon","coordinates":[[[36.90166,25.383057],[36.533594,25.688721],[36.954785,25.414648],[36.90166,25.383057]]]}},{"type":"Feature","properties":{"scalerank":0,"featurecla":"Land","min_zoom":4},"bbox":[36.543945,25.699219,36.595605,25.855518],"geometry":{"type":"Polygon","coordinates":[[[36.595508,25.712793],[36.586133,25.699219],[36.543945,25.734277],[36.546484,25.811621],[36.582715,25.855518],[36.579883,25.79541],[36.595605,25.734863],[36.595508,25.712793]]]}},{"type":"Feature","properties":{"scalerank":0,"featurecla":"Land","min_zoom":4},"bbox":[101.26543,2.97041,101.328418,3.067383],"geometry":{"type":"Polygon","coordinates":[[[101.318555,2.988477],[101.268066,2.97041],[101.26543,2.996484],[101.274219,3.032812],[101.31123,3.067383],[101.328418,3.047607],[101.318555,2.988477]]]}},{"type":"Feature","properties":{"scalerank":0,"featurecla":"Land","min_zoom":4},"bbox":[134.633691,-6.558887,134.728516,-6.456055],"geometry":{"type":"Polygon","coordinates":[[[134.716113,-6.549414],[134.66084,-6.558887],[134.633691,-6.477246],[134.679102,-6.456055],[134.728516,-6.505859],[134.716113,-6.549414]]]}},{"type":"Feature","properties":{"scalerank":0,"featurecla":"Land","min_zoom":3},"bbox":[123.48252,-1.71084,123.616406,-1.502832],"geometry":{"type":"Polygon","coordinates":[[[123.597559,-1.704297],[123.528613,-1.71084],[123.48252,-1.681445],[123.486621,-1.534863],[123.528516,-1.502832],[123.548535,-1.508203],[123.561328,-1.551855],[123.582031,-1.590918],[123.616406,-1.627441],[123.597559,-1.704297]]]}},{"type":"Feature","properties":{"scalerank":0,"featurecla":"Land","min_zoom":4},"bbox":[126.646094,34.296436,126.769922,34.395898],"geometry":{"type":"Polygon","coordinates":[[[126.753027,34.343994],[126.769922,34.296436],[126.689063,34.30542],[126.646094,34.351123],[126.651855,34.390332],[126.7,34.395898],[126.753027,34.343994]]]}},{"type":"Feature","properties":{"scalerank":0,"featurecla":"Land","min_zoom":4},"bbox":[152.558594,76.085791,152.885938,76.194824],"geometry":{"type":"Polygon","coordinates":[[[152.885938,76.121729],[152.558594,76.143604],[152.86377,76.163428],[152.885938,76.121729]]]}},{"type":"Feature","properties":{"scalerank":0,"featurecla":"Land","min_zoom":3},"bbox":[67.025879,69.442529,67.344922,69.575391],"geometry":{"type":"Polygon","coordinates":[[[67.344922,69.529834],[67.025879,69.483203],[67.328906,69.572119],[67.344922,69.529834]]]}},{"type":"Feature","properties":{"scalerank":0,"featurecla":"Land","min_zoom":4},"bbox":[66.394824,70.501465,66.568555,70.772656],"geometry":{"type":"Polygon","coordinates":[[[66.560938,70.541748],[66.568555,70.501465],[66.51582,70.514893],[66.448633,70.561035],[66.407617,70.615771],[66.394824,70.727295],[66.418164,70.757129],[66.440234,70.772656],[66.462891,70.769336],[66.457715,70.698779],[66.560938,70.541748]]]}},{"type":"Feature","properties":{"scalerank":0,"featurecla":"Land","min_zoom":4},"bbox":[54.979688,80.226807,55.479688,80.325391],"geometry":{"type":"Polygon","coordinates":[[[55.479688,80.273828],[54.979688,80.256445],[55.434766,80.302246],[55.479688,80.273828]]]}},{"type":"Feature","properties":{"scalerank":0,"featurecla":"Land","min_zoom":4},"bbox":[18.349902,59.01958,18.485547,59.107861],"geometry":{"type":"Polygon","coordinates":[[[18.416211,59.029102],[18.371875,59.01958],[18.349902,59.022607],[18.377246,59.069043],[18.397559,59.089111],[18.464941,59.107861],[18.485547,59.10459],[18.416211,59.029102]]]}},{"type":"Feature","properties":{"scalerank":0,"featurecla":"Land","min_zoom":4},"bbox":[18.545117,59.437256,18.698438,59.547803],"geometry":{"type":"Polygon","coordinates":[[[18.59541,59.470361],[18.570312,59.437256],[18.545117,59.477832],[18.555176,59.485791],[18.572363,59.52583],[18.620898,59.547803],[18.698438,59.534619],[18.697949,59.524609],[18.623828,59.492188],[18.59541,59.470361]]]}},{"type":"Feature","properties":{"scalerank":0,"featurecla":"Land","min_zoom":4},"bbox":[-122.911914,47.185059,-122.84917,47.274707],"geometry":{"type":"Polygon","coordinates":[[[-122.853076,47.204736],[-122.862598,47.185059],[-122.876758,47.186133],[-122.907959,47.226123],[-122.911914,47.254346],[-122.885107,47.274707],[-122.84917,47.216309],[-122.853076,47.204736]]]}},{"type":"Feature","properties":{"scalerank":0,"featurecla":"Land","min_zoom":3},"bbox":[105.584082,-10.56416,105.725391,-10.430664],"geometry":{"type":"Polygon","coordinates":[[[105.725391,-10.492969],[105.696875,-10.56416],[105.644336,-10.525],[105.584082,-10.5125],[105.595703,-10.459668],[105.645508,-10.452246],[105.669824,-10.449414],[105.705469,-10.430664],[105.725391,-10.492969]]]}},{"type":"Feature","properties":{"scalerank":0,"featurecla":"Land","min_zoom":3},"bbox":[-86.63042,16.300244,-86.255518,16.439209],"geometry":{"type":"Polygon","coordinates":[[[-86.419922,16.378369],[-86.580273,16.300244],[-86.63042,16.301758],[-86.556934,16.362109],[-86.438281,16.413867],[-86.337842,16.439209],[-86.255518,16.428223],[-86.419922,16.378369]]]}},{"type":"Feature","properties":{"scalerank":0,"featurecla":"Land","min_zoom":3},"bbox":[163.737207,-74.832715,164.208496,-74.607715],"geometry":{"type":"Polygon","coordinates":[[[163.975977,-74.832715],[163.844629,-74.832715],[163.763379,-74.802832],[163.737207,-74.733789],[163.741699,-74.711523],[164.002344,-74.628906],[164.208496,-74.607715],[164.098242,-74.731934],[164.05918,-74.752734],[163.975977,-74.832715]]]}},{"type":"Feature","properties":{"scalerank":0,"featurecla":"Land","min_zoom":3},"bbox":[164.638965,-67.568848,164.918652,-67.259375],"geometry":{"type":"Polygon","coordinates":[[[164.833594,-67.54043],[164.683984,-67.259375],[164.860449,-67.503906],[164.833594,-67.54043]]]}},{"type":"Feature","properties":{"scalerank":0,"featurecla":"Land","min_zoom":3},"bbox":[166.0125,-78.306445,167.642773,-77.992383],"geometry":{"type":"Polygon","coordinates":[[[167.642773,-78.141406],[166.0125,-78.13125],[167.639844,-78.111719],[167.642773,-78.141406]]]}},{"type":"Feature","properties":{"scalerank":0,"featurecla":"Land","min_zoom":3},"bbox":[163.089648,-66.881934,163.301953,-66.688477],"geometry":{"type":"Polygon","coordinates":[[[163.301953,-66.821191],[163.283594,-66.881934],[163.23457,-66.867969],[163.163867,-66.819141],[163.089648,-66.700586],[163.156152,-66.688477],[163.237891,-66.708789],[163.271094,-66.767578],[163.299121,-66.798438],[163.301953,-66.821191]]]}},{"type":"Feature","properties":{"scalerank":0,"featurecla":"Land","min_zoom":2},"bbox":[166.216797,-77.850977,169.352734,-77.161719],"geometry":{"type":"Polygon","coordinates":[[[167.084082,-77.32168],[169.352734,-77.524707],[166.729004,-77.850977],[166.216797,-77.524609],[167.084961,-77.307422],[167.084082,-77.32168]]]}},{"type":"Feature","properties":{"scalerank":0,"featurecla":"Land","min_zoom":3},"bbox":[169.479492,-73.625293,169.960352,-73.32041],"geometry":{"type":"Polygon","coordinates":[[[169.843652,-73.60498],[169.479492,-73.539453],[169.858789,-73.568066],[169.843652,-73.60498]]]}},{"type":"Feature","properties":{"scalerank":0,"featurecla":"Land","min_zoom":4},"bbox":[162.591211,-75.696191,162.968066,-75.557324],"geometry":{"type":"Polygon","coordinates":[[[162.968066,-75.56709],[162.591211,-75.668555],[162.916992,-75.557324],[162.968066,-75.56709]]]}},{"type":"Feature","properties":{"scalerank":0,"featurecla":"Land","min_zoom":2},"bbox":[100.270312,-65.70127,101.258984,-65.378125],"geometry":{"type":"Polygon","coordinates":[[[100.981445,-65.677539],[100.270312,-65.60332],[101.238379,-65.564551],[100.981445,-65.677539]]]}},{"type":"Feature","properties":{"scalerank":0,"featurecla":"Land","min_zoom":3},"bbox":[85.314453,-66.979688,85.937695,-66.72334],"geometry":{"type":"Polygon","coordinates":[[[85.822363,-66.95332],[85.314453,-66.775977],[85.937695,-66.894141],[85.822363,-66.95332]]]}},{"type":"Feature","properties":{"scalerank":0,"featurecla":"Land","min_zoom":3},"bbox":[92.248145,-65.82168,92.669629,-65.702148],"geometry":{"type":"Polygon","coordinates":[[[92.601367,-65.808301],[92.248145,-65.739941],[92.669629,-65.774805],[92.601367,-65.808301]]]}},{"type":"Feature","properties":{"scalerank":0,"featurecla":"Land","min_zoom":3},"bbox":[86.232227,-66.791992,86.651953,-66.674805],"geometry":{"type":"Polygon","coordinates":[[[86.541797,-66.76748],[86.232227,-66.73291],[86.651953,-66.718164],[86.541797,-66.76748]]]}},{"type":"Feature","properties":{"scalerank":0,"featurecla":"Land","min_zoom":4},"bbox":[85.06875,-66.643457,85.328516,-66.518555],"geometry":{"type":"Polygon","coordinates":[[[85.328516,-66.611914],[85.222461,-66.643457],[85.136133,-66.637109],[85.07959,-66.604297],[85.06875,-66.583789],[85.121094,-66.518555],[85.164746,-66.521582],[85.193945,-66.556055],[85.328516,-66.611914]]]}},{"type":"Feature","properties":{"scalerank":0,"featurecla":"Land","min_zoom":4},"bbox":[69.692578,-72.04668,69.918359,-71.893945],"geometry":{"type":"Polygon","coordinates":[[[69.918359,-71.917773],[69.791992,-72.04668],[69.743555,-72.044141],[69.692578,-71.968262],[69.737109,-71.921973],[69.796094,-71.893945],[69.895215,-71.907813],[69.918359,-71.917773]]]}},{"type":"Feature","properties":{"scalerank":0,"featurecla":"Land","min_zoom":3},"bbox":[68.408887,-72.300195,68.84043,-72.08916],"geometry":{"type":"Polygon","coordinates":[[[68.461719,-72.300098],[68.408887,-72.300195],[68.436133,-72.260449],[68.566309,-72.190137],[68.66709,-72.103125],[68.729297,-72.08916],[68.84043,-72.16543],[68.817188,-72.228711],[68.669531,-72.275977],[68.461719,-72.300098]]]}},{"type":"Feature","properties":{"scalerank":0,"featurecla":"Land","min_zoom":3},"bbox":[96.307031,-66.225,97.018848,-66.03584],"geometry":{"type":"Polygon","coordinates":[[[96.612695,-66.03584],[97.015625,-66.163965],[96.499805,-66.045898],[96.612695,-66.03584]]]}},{"type":"Feature","properties":{"scalerank":0,"featurecla":"Land","min_zoom":3},"bbox":[71.637109,-70.633008,72.097363,-70.264258],"geometry":{"type":"Polygon","coordinates":[[[72.002246,-70.632617],[71.646582,-70.336328],[72.078125,-70.609082],[72.002246,-70.632617]]]}},{"type":"Feature","properties":{"scalerank":0,"featurecla":"Land","min_zoom":3},"bbox":[162.297266,-66.525098,162.611426,-66.25127],"geometry":{"type":"Polygon","coordinates":[[[162.611426,-66.477344],[162.310547,-66.25127],[162.563281,-66.432617],[162.611426,-66.477344]]]}},{"type":"Feature","properties":{"scalerank":0,"featurecla":"Land","min_zoom":4},"bbox":[100.07627,-66.229492,100.290527,-66.112402],"geometry":{"type":"Polygon","coordinates":[[[100.264746,-66.216602],[100.133203,-66.229492],[100.082031,-66.202734],[100.07627,-66.188086],[100.174414,-66.131055],[100.290527,-66.112402],[100.281543,-66.17998],[100.264746,-66.216602]]]}},{"type":"Feature","properties":{"scalerank":0,"featurecla":"Land","min_zoom":3},"bbox":[98.596484,-66.481641,98.949805,-66.369238],"geometry":{"type":"Polygon","coordinates":[[[98.846094,-66.469824],[98.751758,-66.481641],[98.655078,-66.45332],[98.605176,-66.399902],[98.596484,-66.382617],[98.748633,-66.369238],[98.949805,-66.420508],[98.846094,-66.469824]]]}},{"type":"Feature","properties":{"scalerank":0,"featurecla":"Land","min_zoom":3},"bbox":[102.75957,-65.468555,103.397266,-65.129688],"geometry":{"type":"Polygon","coordinates":[[[103.397266,-65.445312],[102.75957,-65.167871],[103.378906,-65.426465],[103.397266,-65.445312]]]}},{"type":"Feature","properties":{"scalerank":0,"featurecla":"Land","min_zoom":4},"bbox":[-148.001074,-76.662793,-147.578857,-76.558008],"geometry":{"type":"Polygon","coordinates":[[[-147.588281,-76.649805],[-148.001074,-76.577148],[-147.649121,-76.61084],[-147.588281,-76.649805]]]}},{"type":"Feature","properties":{"scalerank":0,"featurecla":"Land","min_zoom":3},"bbox":[-146.15083,-75.716113,-145.238086,-75.504785],"geometry":{"type":"Polygon","coordinates":[[[-145.238086,-75.71123],[-146.15083,-75.573535],[-145.252246,-75.682813],[-145.238086,-75.71123]]]}},{"type":"Feature","properties":{"scalerank":0,"featurecla":"Land","min_zoom":3},"bbox":[-147.115625,-77.005664,-146.163965,-76.837109],"geometry":{"type":"Polygon","coordinates":[[[-146.606738,-76.961328],[-147.115625,-76.866211],[-146.163965,-76.948535],[-146.606738,-76.961328]]]}},{"type":"Feature","properties":{"scalerank":0,"featurecla":"Land","min_zoom":3},"bbox":[-132.857178,-74.498438,-132.362305,-74.386621],"geometry":{"type":"Polygon","coordinates":[[[-132.39126,-74.441895],[-132.546289,-74.498438],[-132.857178,-74.461719],[-132.831689,-74.421582],[-132.55249,-74.386621],[-132.362305,-74.409961],[-132.39126,-74.441895]]]}},{"type":"Feature","properties":{"scalerank":0,"featurecla":"Land","min_zoom":3},"bbox":[-149.302539,-77.019141,-148.439746,-76.900195],"geometry":{"type":"Polygon","coordinates":[[[-148.59585,-77.006836],[-149.302539,-76.91582],[-148.474316,-76.997754],[-148.59585,-77.006836]]]}},{"type":"Feature","properties":{"scalerank":0,"featurecla":"Land","min_zoom":3},"bbox":[-149.468945,-76.845313,-148.320801,-76.717383],"geometry":{"type":"Polygon","coordinates":[[[-149.333252,-76.717383],[-148.320801,-76.77168],[-149.468945,-76.757129],[-149.333252,-76.717383]]]}},{"type":"Feature","properties":{"scalerank":0,"featurecla":"Land","min_zoom":2},"bbox":[-132.162646,-74.604785,-130.956787,-74.323828],"geometry":{"type":"Polygon","coordinates":[[[-131.066699,-74.583789],[-132.162646,-74.425781],[-130.967285,-74.515039],[-131.066699,-74.583789]]]}},{"type":"Feature","properties":{"scalerank":0,"featurecla":"Land","min_zoom":1},"bbox":[-119.905127,-74.12207,-118.877344,-73.774902],"geometry":{"type":"Polygon","coordinates":[[[-119.548926,-74.110254],[-119.802588,-73.814648],[-118.877344,-73.878027],[-119.448535,-74.076172],[-119.548926,-74.110254]]]}},{"type":"Feature","properties":{"scalerank":0,"featurecla":"Land","min_zoom":2},"bbox":[-117.398291,-74.192773,-116.15498,-73.865527],"geometry":{"type":"Polygon","coordinates":[[[-116.738623,-74.165039],[-117.398291,-74.122461],[-116.15498,-73.910449],[-116.570898,-74.125684],[-116.738623,-74.165039]]]}},{"type":"Feature","properties":{"scalerank":0,"featurecla":"Land","min_zoom":2},"bbox":[-128.133447,-74.640527,-127.145166,-74.312207],"geometry":{"type":"Polygon","coordinates":[[[-127.36582,-74.622656],[-128.133447,-74.327441],[-127.231934,-74.578418],[-127.36582,-74.622656]]]}},{"type":"Feature","properties":{"scalerank":0,"featurecla":"Land","min_zoom":4},"bbox":[-149.662354,-77.386816,-148.928857,-77.274707],"geometry":{"type":"Polygon","coordinates":[[[-149.218115,-77.336328],[-148.928857,-77.386816],[-149.662354,-77.300977],[-149.249121,-77.315039],[-149.218115,-77.336328]]]}},{"type":"Feature","properties":{"scalerank":0,"featurecla":"Land","min_zoom":3},"bbox":[-163.795947,-83.141797,-161.635156,-82.842676],"geometry":{"type":"Polygon","coordinates":[[[-161.993799,-83.11875],[-163.795947,-82.842676],[-161.828223,-83.042578],[-161.993799,-83.11875]]]}},{"type":"Feature","properties":{"scalerank":0,"featurecla":"Land","min_zoom":3},"bbox":[-150.873535,-76.788965,-150.084766,-76.691309],"geometry":{"type":"Polygon","coordinates":[[[-150.23252,-76.776465],[-150.873535,-76.736719],[-150.084766,-76.735156],[-150.23252,-76.776465]]]}},{"type":"Feature","properties":{"scalerank":0,"featurecla":"Land","min_zoom":3},"bbox":[-147.420898,-76.260938,-146.690137,-76.062793],"geometry":{"type":"Polygon","coordinates":[[[-146.690137,-76.246387],[-147.420898,-76.090234],[-146.949023,-76.098145],[-146.690137,-76.246387]]]}},{"type":"Feature","properties":{"scalerank":0,"featurecla":"Land","min_zoom":3},"bbox":[-147.355322,-76.714063,-146.790039,-76.531543],"geometry":{"type":"Polygon","coordinates":[[[-146.790039,-76.633105],[-147.355322,-76.618848],[-146.877881,-76.563281],[-146.790039,-76.633105]]]}},{"type":"Feature","properties":{"scalerank":0,"featurecla":"Land","min_zoom":2},"bbox":[-163.951221,-81.597852,-160.467139,-81.281445],"geometry":{"type":"Polygon","coordinates":[[[-160.467139,-81.589453],[-163.951221,-81.390918],[-160.485449,-81.566992],[-160.467139,-81.589453]]]}},{"type":"Feature","properties":{"scalerank":0,"featurecla":"Land","min_zoom":3},"bbox":[-151.511621,-77.37373,-150.35625,-77.22002],"geometry":{"type":"Polygon","coordinates":[[[-150.39707,-77.369141],[-151.511621,-77.27334],[-150.35625,-77.349023],[-150.39707,-77.369141]]]}},{"type":"Feature","properties":{"scalerank":0,"featurecla":"Land","min_zoom":3},"bbox":[-155.751172,-80.036035,-153.930469,-79.765527],"geometry":{"type":"Polygon","coordinates":[[[-153.930469,-80.033301],[-155.751172,-79.82959],[-154.025391,-79.987695],[-153.930469,-80.033301]]]}},{"type":"Feature","properties":{"scalerank":0,"featurecla":"Land","min_zoom":2},"bbox":[-150.788525,-77.136621,-149.230664,-76.875],"geometry":{"type":"Polygon","coordinates":[[[-149.230664,-77.120508],[-150.788525,-76.981641],[-149.28833,-77.093164],[-149.230664,-77.120508]]]}},{"type":"Feature","properties":{"scalerank":0,"featurecla":"Land","min_zoom":3},"bbox":[-158.988721,-82.112012,-157.83457,-81.779297],"geometry":{"type":"Polygon","coordinates":[[[-157.9875,-82.10498],[-158.988721,-81.779297],[-157.83457,-82.030762],[-157.9875,-82.10498]]]}},{"type":"Feature","properties":{"scalerank":0,"featurecla":"Land","min_zoom":3},"bbox":[-6.437988,-70.611523,-5.894092,-70.404688],"geometry":{"type":"Polygon","coordinates":[[[-5.894092,-70.552246],[-6.437988,-70.452637],[-5.949512,-70.432227],[-5.894092,-70.552246]]]}},{"type":"Feature","properties":{"scalerank":0,"featurecla":"Land","min_zoom":3},"bbox":[2.584668,-70.623535,3.259863,-70.381641],"geometry":{"type":"Polygon","coordinates":[[[3.036914,-70.597363],[2.584668,-70.53457],[3.171094,-70.553906],[3.036914,-70.597363]]]}},{"type":"Feature","properties":{"scalerank":0,"featurecla":"Land","min_zoom":3},"bbox":[-3.403857,-71.236621,-2.95498,-71.051758],"geometry":{"type":"Polygon","coordinates":[[[-2.95498,-71.21377],[-3.060596,-71.236621],[-3.201465,-71.230273],[-3.309375,-71.200879],[-3.385645,-71.142969],[-3.403857,-71.119824],[-3.391699,-71.081152],[-3.398975,-71.062109],[-3.263037,-71.051758],[-3.212793,-71.075977],[-3.191357,-71.094824],[-2.95498,-71.21377]]]}},{"type":"Feature","properties":{"scalerank":0,"featurecla":"Land","min_zoom":3},"bbox":[0.949609,-70.381348,1.460938,-70.022754],"geometry":{"type":"Polygon","coordinates":[[[1.299316,-70.255176],[0.949609,-70.094043],[1.460938,-70.135645],[1.299316,-70.255176]]]}},{"type":"Feature","properties":{"scalerank":0,"featurecla":"Land","min_zoom":2},"bbox":[-3.574658,-71.16748,-2.092285,-70.674414],"geometry":{"type":"Polygon","coordinates":[[[-2.532812,-70.767773],[-2.092285,-70.820898],[-2.783496,-71.16748],[-3.574658,-70.703125],[-2.749805,-70.694141],[-2.532812,-70.767773]]]}},{"type":"Feature","properties":{"scalerank":0,"featurecla":"Land","min_zoom":3},"bbox":[4.069727,-70.502637,4.617578,-70.24082],"geometry":{"type":"Polygon","coordinates":[[[4.525879,-70.478711],[4.069727,-70.290234],[4.589941,-70.43252],[4.525879,-70.478711]]]}},{"type":"Feature","properties":{"scalerank":0,"featurecla":"Land","min_zoom":3},"bbox":[48.293945,-66.807324,48.785547,-66.700977],"geometry":{"type":"Polygon","coordinates":[[[48.545996,-66.78418],[48.37793,-66.807324],[48.304492,-66.797852],[48.295996,-66.773828],[48.293945,-66.750098],[48.300781,-66.724219],[48.357715,-66.703809],[48.637793,-66.700977],[48.751074,-66.719629],[48.782422,-66.731152],[48.785547,-66.767578],[48.774707,-66.77832],[48.545996,-66.78418]]]}},{"type":"Feature","properties":{"scalerank":0,"featurecla":"Land","min_zoom":2},"bbox":[15.562598,-70.071973,16.625488,-69.70498],"geometry":{"type":"Polygon","coordinates":[[[16.222656,-70.007617],[15.562598,-69.862793],[16.625488,-69.750293],[16.31543,-69.844434],[16.222656,-70.007617]]]}},{"type":"Feature","properties":{"scalerank":0,"featurecla":"Land","min_zoom":2},"bbox":[25.954102,-70.447949,26.874805,-70.060547],"geometry":{"type":"Polygon","coordinates":[[[26.857227,-70.381152],[25.954102,-70.261426],[26.874805,-70.32998],[26.857227,-70.381152]]]}},{"type":"Feature","properties":{"scalerank":0,"featurecla":"Land","min_zoom":2},"bbox":[-32.000293,-80.01084,-29.614453,-79.634277],"geometry":{"type":"Polygon","coordinates":[[[-31.118848,-79.798438],[-29.614453,-79.90957],[-32.000293,-79.732422],[-31.604883,-79.644727],[-31.118848,-79.798438]]]}},{"type":"Feature","properties":{"scalerank":0,"featurecla":"Land","min_zoom":2},"bbox":[-36.600781,-79.357129,-33.93418,-79.090039],"geometry":{"type":"Polygon","coordinates":[[[-33.93418,-79.32041],[-36.600781,-79.282715],[-33.947168,-79.305371],[-33.93418,-79.32041]]]}},{"type":"Feature","properties":{"scalerank":0,"featurecla":"Land","min_zoom":2},"bbox":[-3.496826,-70.535449,-2.682715,-70.279688],"geometry":{"type":"Polygon","coordinates":[[[-3.280225,-70.533789],[-3.441895,-70.535449],[-3.490234,-70.508008],[-3.496826,-70.488379],[-3.287451,-70.344043],[-3.173242,-70.307324],[-2.949902,-70.279688],[-2.805127,-70.288477],[-2.713525,-70.320215],[-2.684375,-70.376172],[-2.682715,-70.462207],[-2.738037,-70.507031],[-3.280225,-70.533789]]]}},{"type":"Feature","properties":{"scalerank":0,"featurecla":"Land","min_zoom":2},"bbox":[-22.035352,-74.492676,-20.411426,-73.619238],"geometry":{"type":"Polygon","coordinates":[[[-20.607422,-73.886621],[-20.489014,-74.492676],[-22.035352,-74.106543],[-20.520703,-73.797852],[-20.607422,-73.886621]]]}},{"type":"Feature","properties":{"scalerank":0,"featurecla":"Land","min_zoom":3},"bbox":[-16.516553,-72.702832,-16.104492,-72.458594],"geometry":{"type":"Polygon","coordinates":[[[-16.104492,-72.679102],[-16.516553,-72.530859],[-16.17251,-72.6],[-16.104492,-72.679102]]]}},{"type":"Feature","properties":{"scalerank":0,"featurecla":"Land","min_zoom":3},"bbox":[-12.963281,-72.196094,-12.508887,-72.000684],"geometry":{"type":"Polygon","coordinates":[[[-12.508887,-72.17334],[-12.963281,-72.064453],[-12.534766,-72.140039],[-12.508887,-72.17334]]]}},{"type":"Feature","properties":{"scalerank":0,"featurecla":"Land","min_zoom":3},"bbox":[-32.583252,-79.682813,-31.933447,-79.529883],"geometry":{"type":"Polygon","coordinates":[[[-32.342529,-79.673633],[-32.514893,-79.682813],[-32.583252,-79.658301],[-32.50083,-79.592285],[-32.376611,-79.534668],[-32.15,-79.529883],[-31.933447,-79.567871],[-31.956738,-79.603809],[-32.001172,-79.607031],[-32.342529,-79.673633]]]}},{"type":"Feature","properties":{"scalerank":0,"featurecla":"Land","min_zoom":3},"bbox":[-45.956299,-60.733008,-45.172852,-60.520898],"geometry":{"type":"Polygon","coordinates":[[[-45.717773,-60.520898],[-45.173682,-60.733008],[-45.83418,-60.543457],[-45.717773,-60.520898]]]}},{"type":"Feature","properties":{"scalerank":0,"featurecla":"Land","min_zoom":4},"bbox":[-54.192236,-61.308496,-54.024316,-61.135254],"geometry":{"type":"Polygon","coordinates":[[[-54.070703,-61.299121],[-54.11543,-61.308496],[-54.183887,-61.269727],[-54.192236,-61.246582],[-54.121973,-61.201758],[-54.049902,-61.14209],[-54.024316,-61.135254],[-54.041309,-61.255371],[-54.070703,-61.299121]]]}},{"type":"Feature","properties":{"scalerank":0,"featurecla":"Land","min_zoom":2},"bbox":[-68.548926,-79.501172,-67.068652,-79.214063],"geometry":{"type":"Polygon","coordinates":[[[-67.261914,-79.452637],[-68.548926,-79.437402],[-67.304883,-79.394043],[-67.261914,-79.452637]]]}},{"type":"Feature","properties":{"scalerank":0,"featurecla":"Land","min_zoom":3},"bbox":[-55.440234,-61.248535,-54.670996,-61.072656],"geometry":{"type":"Polygon","coordinates":[[[-55.16543,-61.22041],[-55.440234,-61.106152],[-54.670996,-61.116992],[-55.057617,-61.168652],[-55.16543,-61.22041]]]}},{"type":"Feature","properties":{"scalerank":0,"featurecla":"Land","min_zoom":2},"bbox":[-56.505322,-63.437305,-55.075195,-63.12832],"geometry":{"type":"Polygon","coordinates":[[[-55.528027,-63.173535],[-55.075195,-63.324316],[-56.505322,-63.334277],[-55.528711,-63.156836],[-55.528027,-63.173535]]]}},{"type":"Feature","properties":{"scalerank":0,"featurecla":"Land","min_zoom":3},"bbox":[-56.235205,-63.57998,-55.719189,-63.407324],"geometry":{"type":"Polygon","coordinates":[[[-55.872559,-63.535645],[-56.235205,-63.468848],[-55.719189,-63.49209],[-55.872559,-63.535645]]]}},{"type":"Feature","properties":{"scalerank":0,"featurecla":"Land","min_zoom":3},"bbox":[-57.4479,-64.570703,-56.894727,-64.333008],"geometry":{"type":"Polygon","coordinates":[[[-57.240479,-64.566797],[-57.32627,-64.570703],[-57.433398,-64.540234],[-57.4479,-64.488477],[-57.445898,-64.459863],[-57.365625,-64.43877],[-57.314551,-64.435352],[-57.022559,-64.352344],[-56.894727,-64.333008],[-56.951709,-64.381738],[-56.945264,-64.427246],[-56.991016,-64.467969],[-57.240479,-64.566797]]]}},{"type":"Feature","properties":{"scalerank":0,"featurecla":"Land","min_zoom":3},"bbox":[-59.202441,-62.347754,-58.837939,-62.239063],"geometry":{"type":"Polygon","coordinates":[[[-58.837939,-62.302539],[-59.202441,-62.283105],[-58.878662,-62.267871],[-58.837939,-62.302539]]]}},{"type":"Feature","properties":{"scalerank":0,"featurecla":"Land","min_zoom":2},"bbox":[-59.003711,-62.247754,-57.636523,-61.911914],"geometry":{"type":"Polygon","coordinates":[[[-57.978418,-61.911914],[-57.639551,-62.02041],[-59.003711,-62.209766],[-58.265186,-61.95332],[-57.978418,-61.911914]]]}},{"type":"Feature","properties":{"scalerank":0,"featurecla":"Land","min_zoom":4},"bbox":[-62.043896,-64.080371,-61.798242,-63.966602],"geometry":{"type":"Polygon","coordinates":[[[-61.952441,-64.077148],[-62.043896,-64.080371],[-62.020752,-64.027344],[-61.936279,-63.990234],[-61.798242,-63.966602],[-61.88623,-64.026953],[-61.911133,-64.054492],[-61.952441,-64.077148]]]}},{"type":"Feature","properties":{"scalerank":0,"featurecla":"Land","min_zoom":2},"bbox":[-62.567676,-69.729492,-61.783691,-69.145996],"geometry":{"type":"Polygon","coordinates":[[[-61.997607,-69.721875],[-62.567676,-69.180469],[-61.815967,-69.376172],[-61.970117,-69.691406],[-61.997607,-69.721875]]]}},{"type":"Feature","properties":{"scalerank":0,"featurecla":"Land","min_zoom":3},"bbox":[-63.55835,-64.906543,-63.177246,-64.729785],"geometry":{"type":"Polygon","coordinates":[[[-63.316211,-64.861133],[-63.474414,-64.906543],[-63.55835,-64.905957],[-63.459277,-64.796289],[-63.366895,-64.79209],[-63.219385,-64.729785],[-63.177246,-64.73877],[-63.256934,-64.79082],[-63.316211,-64.861133]]]}},{"type":"Feature","properties":{"scalerank":0,"featurecla":"Land","min_zoom":2},"bbox":[-62.781787,-64.514258,-62.058496,-64.012402],"geometry":{"type":"Polygon","coordinates":[[[-62.325781,-64.424414],[-62.781787,-64.479004],[-62.451416,-64.012402],[-62.058496,-64.138086],[-62.303711,-64.401367],[-62.325781,-64.424414]]]}},{"type":"Feature","properties":{"scalerank":0,"featurecla":"Land","min_zoom":3},"bbox":[-62.655273,-63.073828,-62.317432,-62.874121],"geometry":{"type":"Polygon","coordinates":[[[-62.615088,-63.069336],[-62.655273,-63.073828],[-62.638867,-63.031934],[-62.527051,-62.923828],[-62.317432,-62.874121],[-62.344043,-62.917773],[-62.411475,-62.971582],[-62.615088,-63.069336]]]}},{"type":"Feature","properties":{"scalerank":0,"featurecla":"Land","min_zoom":3},"bbox":[-59.660693,-62.451465,-59.353369,-62.352148],"geometry":{"type":"Polygon","coordinates":[[[-59.389014,-62.444336],[-59.660693,-62.354297],[-59.353369,-62.412891],[-59.389014,-62.444336]]]}},{"type":"Feature","properties":{"scalerank":0,"featurecla":"Land","min_zoom":3},"bbox":[-56.61416,-63.173145,-56.051025,-62.982227],"geometry":{"type":"Polygon","coordinates":[[[-56.059961,-63.078516],[-56.61416,-63.045117],[-56.051025,-63.054688],[-56.059961,-63.078516]]]}},{"type":"Feature","properties":{"scalerank":0,"featurecla":"Land","min_zoom":2},"bbox":[-61.152393,-62.74541,-59.849561,-62.475195],"geometry":{"type":"Polygon","coordinates":[[[-60.625,-62.560059],[-59.849561,-62.614941],[-61.149805,-62.63418],[-60.731836,-62.491016],[-60.625,-62.560059]]]}},{"type":"Feature","properties":{"scalerank":0,"featurecla":"Land","min_zoom":3},"bbox":[-57.683252,-63.878516,-57.104004,-63.791406],"geometry":{"type":"Polygon","coordinates":[[[-57.37417,-63.807227],[-57.360205,-63.824805],[-57.16084,-63.815723],[-57.104004,-63.841211],[-57.218018,-63.875586],[-57.247754,-63.868359],[-57.34375,-63.878516],[-57.616357,-63.853613],[-57.683252,-63.812695],[-57.439355,-63.791406],[-57.37417,-63.807227]]]}},{"type":"Feature","properties":{"scalerank":0,"featurecla":"Land","min_zoom":3},"bbox":[-61.404346,-69.97793,-61.10791,-69.856348],"geometry":{"type":"Polygon","coordinates":[[[-61.158447,-69.975781],[-61.308643,-69.97793],[-61.378467,-69.949805],[-61.404346,-69.93252],[-61.386475,-69.893262],[-61.327148,-69.856348],[-61.151855,-69.883105],[-61.10791,-69.955273],[-61.158447,-69.975781]]]}},{"type":"Feature","properties":{"scalerank":0,"featurecla":"Land","min_zoom":3},"bbox":[-61.014941,-68.79502,-60.655908,-68.680664],"geometry":{"type":"Polygon","coordinates":[[[-60.655908,-68.767578],[-61.014941,-68.709766],[-60.704834,-68.72207],[-60.655908,-68.767578]]]}},{"type":"Feature","properties":{"scalerank":0,"featurecla":"Land","min_zoom":3},"bbox":[-60.975537,-70.710547,-60.448975,-70.508789],"geometry":{"type":"Polygon","coordinates":[[[-60.740625,-70.710547],[-60.826074,-70.710547],[-60.896484,-70.689648],[-60.958008,-70.629004],[-60.975537,-70.599121],[-60.941797,-70.53252],[-60.883887,-70.517578],[-60.553662,-70.508789],[-60.45249,-70.544238],[-60.448975,-70.60332],[-60.487695,-70.64668],[-60.740625,-70.710547]]]}},{"type":"Feature","properties":{"scalerank":0,"featurecla":"Land","min_zoom":3},"bbox":[-60.946484,-71.058691,-60.516309,-70.914062],"geometry":{"type":"Polygon","coordinates":[[[-60.552246,-71.05293],[-60.946484,-70.967383],[-60.535937,-71.040918],[-60.552246,-71.05293]]]}},{"type":"Feature","properties":{"scalerank":0,"featurecla":"Land","min_zoom":4},"bbox":[-60.74043,-63.017969,-60.504883,-62.895215],"geometry":{"type":"Polygon","coordinates":[[[-60.504883,-62.967383],[-60.554688,-62.977539],[-60.619727,-62.969043],[-60.617725,-62.986621],[-60.563672,-63.008984],[-60.62168,-63.017969],[-60.69292,-62.995703],[-60.74043,-62.948633],[-60.705859,-62.905566],[-60.637402,-62.895215],[-60.504883,-62.967383]]]}},{"type":"Feature","properties":{"scalerank":0,"featurecla":"Land","min_zoom":3},"bbox":[-60.972168,-63.902148,-60.562354,-63.668848],"geometry":{"type":"Polygon","coordinates":[[[-60.653125,-63.866602],[-60.972168,-63.849023],[-60.65498,-63.850098],[-60.653125,-63.866602]]]}},{"type":"Feature","properties":{"scalerank":0,"featurecla":"Land","min_zoom":4},"bbox":[-94.113184,-72.920215,-93.755811,-72.819727],"geometry":{"type":"Polygon","coordinates":[[[-93.795605,-72.919727],[-94.113184,-72.860059],[-93.755811,-72.907617],[-93.795605,-72.919727]]]}},{"type":"Feature","properties":{"scalerank":0,"featurecla":"Land","min_zoom":2},"bbox":[-91.67002,-73.207129,-90.750977,-72.547363],"geometry":{"type":"Polygon","coordinates":[[[-91.160693,-73.182227],[-91.67002,-72.62373],[-90.807129,-72.610645],[-90.998437,-73.136523],[-91.160693,-73.182227]]]}},{"type":"Feature","properties":{"scalerank":0,"featurecla":"Land","min_zoom":3},"bbox":[-105.131787,-73.212109,-104.537939,-72.941016],"geometry":{"type":"Polygon","coordinates":[[[-104.537939,-73.166309],[-104.65957,-73.212109],[-104.880957,-73.200586],[-105.05293,-73.125977],[-105.123437,-73.026367],[-105.131787,-72.991504],[-105.08457,-72.965918],[-104.972412,-72.941016],[-104.537939,-73.166309]]]}},{"type":"Feature","properties":{"scalerank":0,"featurecla":"Land","min_zoom":3},"bbox":[-95.272949,-72.669824,-94.426025,-72.468066],"geometry":{"type":"Polygon","coordinates":[[[-95.027051,-72.665039],[-95.219434,-72.669824],[-95.272949,-72.646875],[-95.215625,-72.599414],[-94.753027,-72.517188],[-94.566113,-72.468066],[-94.538379,-72.475781],[-94.513867,-72.491699],[-94.433936,-72.58916],[-94.426025,-72.612598],[-95.027051,-72.665039]]]}},{"type":"Feature","properties":{"scalerank":0,"featurecla":"Land","min_zoom":1},"bbox":[-71.795264,-70.442285,-71.340283,-70.265137],"geometry":{"type":"Polygon","coordinates":[[[-71.69502,-70.265137],[-71.340283,-70.31748],[-71.795264,-70.288379],[-71.69502,-70.265137]]]}},{"type":"Feature","properties":{"scalerank":0,"featurecla":"Land","min_zoom":2},"bbox":[-72.957324,-69.740137,-71.985352,-69.413086],"geometry":{"type":"Polygon","coordinates":[[[-71.985352,-69.698438],[-72.957324,-69.529102],[-72.331152,-69.491797],[-71.985352,-69.698438]]]}},{"type":"Feature","properties":{"scalerank":0,"featurecla":"Land","min_zoom":3},"bbox":[-74.146631,-73.376074,-73.542432,-73.100391],"geometry":{"type":"Polygon","coordinates":[[[-73.878418,-73.356836],[-73.974805,-73.376074],[-74.038281,-73.365527],[-74.146631,-73.31543],[-74.134424,-73.27666],[-74.084473,-73.249316],[-74.04873,-73.220215],[-73.832129,-73.113281],[-73.674219,-73.100391],[-73.542432,-73.123828],[-73.682275,-73.225],[-73.721387,-73.296289],[-73.878418,-73.356836]]]}},{"type":"Feature","properties":{"scalerank":0,"featurecla":"Land","min_zoom":3},"bbox":[-66.181445,-65.880859,-65.636914,-65.527246],"geometry":{"type":"Polygon","coordinates":[[[-65.845264,-65.84248],[-66.181445,-65.826367],[-65.636914,-65.547754],[-65.835742,-65.81377],[-65.845264,-65.84248]]]}},{"type":"Feature","properties":{"scalerank":0,"featurecla":"Land","min_zoom":3},"bbox":[-66.867529,-66.312695,-66.575195,-66.066797],"geometry":{"type":"Polygon","coordinates":[[[-66.595312,-66.200684],[-66.867529,-66.293848],[-66.592627,-66.178613],[-66.595312,-66.200684]]]}},{"type":"Feature","properties":{"scalerank":0,"featurecla":"Land","min_zoom":3},"bbox":[-67.743262,-67.785254,-67.149414,-67.590625],"geometry":{"type":"Polygon","coordinates":[[[-67.348926,-67.766211],[-67.743262,-67.66123],[-67.299707,-67.737207],[-67.348926,-67.766211]]]}},{"type":"Feature","properties":{"scalerank":0,"featurecla":"Land","min_zoom":3},"bbox":[-67.593262,-66.901953,-67.256982,-66.736914],"geometry":{"type":"Polygon","coordinates":[[[-67.362402,-66.894531],[-67.409229,-66.901953],[-67.520801,-66.897266],[-67.593262,-66.875586],[-67.499512,-66.803613],[-67.51084,-66.75625],[-67.425977,-66.736914],[-67.331689,-66.753516],[-67.26875,-66.815234],[-67.256982,-66.840918],[-67.362402,-66.894531]]]}},{"type":"Feature","properties":{"scalerank":0,"featurecla":"Land","min_zoom":3},"bbox":[-180,-16.962988,-179.822314,-16.688281],"geometry":{"type":"Polygon","coordinates":[[[-179.974902,-16.924805],[-180,-16.962988],[-180,-16.907813],[-179.999951,-16.858789],[-179.999951,-16.785547],[-179.893604,-16.700391],[-179.860986,-16.688281],[-179.822314,-16.765332],[-179.867773,-16.850293],[-179.974902,-16.924805]]]}},{"type":"Feature","properties":{"scalerank":0,"featurecla":"Land","min_zoom":1},"bbox":[-180,-16.540039,-179.900928,-16.431543],"geometry":{"type":"Polygon","coordinates":[[[-179.929443,-16.502832],[-180,-16.540039],[-180,-16.512891],[-179.999951,-16.488867],[-179.943652,-16.441406],[-179.900928,-16.431543],[-179.927344,-16.479102],[-179.929443,-16.502832]]]}},{"type":"Feature","properties":{"scalerank":0,"featurecla":"Land","min_zoom":3},"bbox":[179.896973,-17.000293,180,-16.785742],"geometry":{"type":"Polygon","coordinates":[[[180,-16.963086],[179.925879,-17.000293],[179.896973,-16.964063],[179.930957,-16.875977],[180,-16.785742],[179.999219,-16.858789],[180,-16.963086]]]}},{"type":"Feature","properties":{"scalerank":0,"featurecla":"Land","min_zoom":3},"bbox":[-78.964941,8.231934,-78.83916,8.460254],"geometry":{"type":"Polygon","coordinates":[[[-78.89834,8.274268],[-78.918115,8.231934],[-78.964941,8.32627],[-78.957422,8.350586],[-78.960596,8.43584],[-78.916016,8.458252],[-78.883252,8.460254],[-78.856152,8.448242],[-78.83916,8.3479],[-78.853223,8.302441],[-78.89834,8.274268]]]}},{"type":"Feature","properties":{"scalerank":0,"featurecla":"Land","min_zoom":3},"bbox":[154.610938,49.267676,154.899609,49.646924],"geometry":{"type":"Polygon","coordinates":[[[154.810449,49.312012],[154.824902,49.646924],[154.829883,49.3479],[154.810449,49.312012]]]}},{"type":"Feature","properties":{"scalerank":0,"featurecla":"Land","min_zoom":3},"bbox":[58.610156,81.292285,59.374609,81.397705],"geometry":{"type":"Polygon","coordinates":[[[59.313086,81.305225],[58.610156,81.337256],[59.374609,81.325049],[59.313086,81.305225]]]}},{"type":"Feature","properties":{"scalerank":0,"featurecla":"Land","min_zoom":3},"bbox":[53.811914,80.421338,54.437305,80.605273],"geometry":{"type":"Polygon","coordinates":[[[54.415332,80.472803],[53.811914,80.476221],[54.437305,80.498682],[54.415332,80.472803]]]}},{"type":"Feature","properties":{"scalerank":0,"featurecla":"Land","min_zoom":3},"bbox":[60.058203,80.929688,61.567383,81.103955],"geometry":{"type":"Polygon","coordinates":[[[61.14082,80.950342],[60.058203,80.984619],[61.471973,81.011035],[61.14082,80.950342]]]}},{"type":"Feature","properties":{"scalerank":0,"featurecla":"Land","min_zoom":3},"bbox":[52.213379,80.173242,53.85166,80.412646],"geometry":{"type":"Polygon","coordinates":[[[53.521387,80.185205],[52.213379,80.263721],[53.65293,80.222559],[53.521387,80.185205]]]}},{"type":"Feature","properties":{"scalerank":0,"featurecla":"Land","min_zoom":2},"bbox":[55.724023,80.071484,57.122656,80.366162],"geometry":{"type":"Polygon","coordinates":[[[57.078711,80.350928],[55.724023,80.104736],[56.944531,80.366162],[57.078711,80.350928]]]}},{"type":"Feature","properties":{"scalerank":0,"featurecla":"Land","min_zoom":3},"bbox":[58.919238,79.923047,59.911035,80.118848],"geometry":{"type":"Polygon","coordinates":[[[59.688867,79.955811],[58.919238,79.984619],[59.911035,79.994287],[59.688867,79.955811]]]}},{"type":"Feature","properties":{"scalerank":0,"featurecla":"Land","min_zoom":4},"bbox":[-66.636621,-55.272852,-66.435791,-55.165527],"geometry":{"type":"Polygon","coordinates":[[[-66.472119,-55.229102],[-66.551709,-55.272852],[-66.611133,-55.269922],[-66.630176,-55.254102],[-66.636621,-55.234375],[-66.624756,-55.213086],[-66.599707,-55.193652],[-66.541553,-55.169434],[-66.523145,-55.165527],[-66.435791,-55.189746],[-66.472119,-55.229102]]]}},{"type":"Feature","properties":{"scalerank":0,"featurecla":"Land","min_zoom":4},"bbox":[-75.142139,-44.906543,-75.032227,-44.795117],"geometry":{"type":"Polygon","coordinates":[[[-75.04248,-44.890137],[-75.06748,-44.906543],[-75.09873,-44.901758],[-75.124219,-44.869922],[-75.142139,-44.815625],[-75.107422,-44.795117],[-75.079492,-44.795117],[-75.048437,-44.823926],[-75.032227,-44.870508],[-75.04248,-44.890137]]]}},{"type":"Feature","properties":{"scalerank":0,"featurecla":"Land","min_zoom":0},"bbox":[-75.650928,-48.764648,-75.155518,-48.019727],"geometry":{"type":"Polygon","coordinates":[[[-75.510254,-48.763477],[-75.391406,-48.019727],[-75.433984,-48.721191],[-75.510254,-48.763477]]]}},{"type":"Feature","properties":{"scalerank":0,"featurecla":"Land","min_zoom":3},"bbox":[-75.477393,-50.772363,-75.115332,-50.480566],"geometry":{"type":"Polygon","coordinates":[[[-75.302002,-50.67998],[-75.330469,-50.772363],[-75.411377,-50.764355],[-75.438525,-50.741113],[-75.452637,-50.68252],[-75.477393,-50.654199],[-75.442676,-50.595508],[-75.419775,-50.530371],[-75.427637,-50.480566],[-75.303711,-50.483984],[-75.156152,-50.496777],[-75.115332,-50.510449],[-75.160449,-50.554395],[-75.203418,-50.580664],[-75.292334,-50.596875],[-75.302002,-50.67998]]]}},{"type":"Feature","properties":{"scalerank":0,"featurecla":"Land","min_zoom":0},"bbox":[-74.712012,-53.358398,-73.135205,-52.733887],"geometry":{"type":"Polygon","coordinates":[[[-74.385742,-52.922363],[-73.135205,-53.353906],[-74.712012,-52.74873],[-74.422266,-52.860059],[-74.385742,-52.922363]]]}},{"type":"Feature","properties":{"scalerank":0,"featurecla":"Land","min_zoom":0},"bbox":[-69.987988,-55.650586,-68.045557,-54.882031],"geometry":{"type":"Polygon","coordinates":[[[-69.702979,-54.919043],[-68.458008,-54.959668],[-68.04834,-55.643164],[-69.192627,-55.171875],[-69.411816,-55.444238],[-69.884424,-54.882031],[-69.702979,-54.919043]]]}},{"type":"Feature","properties":{"scalerank":0,"featurecla":"Land","min_zoom":0},"bbox":[-75.641162,-49.230664,-75.106689,-48.772949],"geometry":{"type":"Polygon","coordinates":[[[-75.106689,-48.836523],[-75.641162,-49.19541],[-75.118604,-48.772949],[-75.106689,-48.836523]]]}},{"type":"Feature","properties":{"scalerank":0,"featurecla":"Land","min_zoom":3},"bbox":[-60.275879,-51.395996,-60.069824,-51.273438],"geometry":{"type":"Polygon","coordinates":[[[-60.111719,-51.395898],[-60.248828,-51.395996],[-60.275879,-51.363184],[-60.275342,-51.280566],[-60.171387,-51.273438],[-60.069824,-51.30791],[-60.076465,-51.342578],[-60.111719,-51.395898]]]}},{"type":"Feature","properties":{"scalerank":0,"featurecla":"Land","min_zoom":4},"bbox":[-26.451025,-58.492285,-26.259863,-58.382227],"geometry":{"type":"Polygon","coordinates":[[[-26.264111,-58.435156],[-26.259863,-58.492285],[-26.415332,-58.439844],[-26.451025,-58.415332],[-26.401221,-58.383203],[-26.303467,-58.382227],[-26.279395,-58.401758],[-26.264111,-58.435156]]]}},{"type":"Feature","properties":{"scalerank":0,"featurecla":"Land","min_zoom":2},"bbox":[53.31582,12.318994,54.511133,12.715771],"geometry":{"type":"Polygon","coordinates":[[[53.763184,12.636816],[54.511133,12.552783],[53.718848,12.318994],[53.31582,12.533154],[53.638477,12.707373],[53.763184,12.636816]]]}},{"type":"Feature","properties":{"scalerank":0,"featurecla":"Land","min_zoom":3},"bbox":[53.190918,24.25293,53.445312,24.411035],"geometry":{"type":"Polygon","coordinates":[[[53.332227,24.258594],[53.258301,24.25293],[53.190918,24.290918],[53.33252,24.341602],[53.370898,24.364453],[53.412402,24.411035],[53.445312,24.371191],[53.408984,24.30791],[53.382617,24.280859],[53.332227,24.258594]]]}},{"type":"Feature","properties":{"scalerank":0,"featurecla":"Land","min_zoom":2},"bbox":[58.640918,20.203613,58.950781,20.680566],"geometry":{"type":"Polygon","coordinates":[[[58.72207,20.21875],[58.884375,20.680566],[58.772266,20.266846],[58.72207,20.21875]]]}},{"type":"Feature","properties":{"scalerank":0,"featurecla":"Land","min_zoom":4},"bbox":[52.582227,24.281299,52.657617,24.376758],"geometry":{"type":"Polygon","coordinates":[[[52.616895,24.288574],[52.6,24.281299],[52.582227,24.335254],[52.583594,24.352344],[52.629395,24.376758],[52.657617,24.332617],[52.616895,24.288574]]]}},{"type":"Feature","properties":{"scalerank":0,"featurecla":"Land","min_zoom":2},"bbox":[55.29502,26.583105,56.279395,27.003271],"geometry":{"type":"Polygon","coordinates":[[[56.187988,26.921143],[55.29502,26.639209],[56.279395,26.9521],[56.187988,26.921143]]]}},{"type":"Feature","properties":{"scalerank":0,"featurecla":"Land","min_zoom":3},"bbox":[53.634473,24.135547,53.928125,24.258936],"geometry":{"type":"Polygon","coordinates":[[[53.927832,24.177197],[53.928125,24.143359],[53.826367,24.153125],[53.799121,24.135547],[53.71582,24.145313],[53.634473,24.169775],[53.689648,24.210791],[53.833789,24.258936],[53.89375,24.215137],[53.927832,24.177197]]]}},{"type":"Feature","properties":{"scalerank":0,"featurecla":"Land","min_zoom":2},"bbox":[41.776074,16.570703,42.17041,17.002539],"geometry":{"type":"Polygon","coordinates":[[[41.987695,16.715625],[42.065039,16.710059],[42.033203,16.741943],[42.026367,16.757666],[42.059961,16.803516],[42.17041,16.708643],[42.167188,16.596387],[42.157813,16.570703],[42.127734,16.594824],[42.108398,16.618457],[42.102344,16.643945],[42.071777,16.671484],[41.96416,16.653467],[41.897266,16.684277],[41.801563,16.77876],[41.776074,16.846875],[41.816113,16.860156],[41.858203,16.89292],[41.884961,16.946826],[41.860449,17.002539],[41.917285,16.993652],[41.947949,16.936426],[41.953906,16.80625],[41.9625,16.778662],[41.94668,16.748926],[41.987695,16.715625]]]}},{"type":"Feature","properties":{"scalerank":0,"featurecla":"Land","min_zoom":2},"bbox":[39.939941,15.577344,40.408203,15.889404],"geometry":{"type":"Polygon","coordinates":[[[40.141211,15.696143],[40.399023,15.579883],[40.132422,15.795264],[40.141211,15.696143]]]}},{"type":"Feature","properties":{"scalerank":0,"featurecla":"Land","min_zoom":4},"bbox":[42.689746,13.673633,42.794141,13.769287],"geometry":{"type":"Polygon","coordinates":[[[42.755859,13.704297],[42.689746,13.673633],[42.734961,13.752979],[42.78125,13.769287],[42.794141,13.766113],[42.755859,13.704297]]]}},{"type":"Feature","properties":{"scalerank":0,"featurecla":"Land","min_zoom":3},"bbox":[50.452441,25.806787,50.61748,26.246436],"geometry":{"type":"Polygon","coordinates":[[[50.607227,25.883105],[50.574902,25.806787],[50.544043,25.833496],[50.465918,25.965527],[50.489453,26.058447],[50.452441,26.19082],[50.469922,26.228955],[50.564063,26.246436],[50.585938,26.240723],[50.557813,26.198291],[50.609766,26.124463],[50.61748,26.002344],[50.607227,25.883105]]]}},{"type":"Feature","properties":{"scalerank":0,"featurecla":"Land","min_zoom":4},"bbox":[42.694043,13.950244,42.79834,14.06748],"geometry":{"type":"Polygon","coordinates":[[[42.787402,13.971484],[42.774219,13.950244],[42.756055,13.954883],[42.694043,14.00791],[42.762109,14.06748],[42.79834,14.012256],[42.787402,13.971484]]]}},{"type":"Feature","properties":{"scalerank":0,"featurecla":"Land","min_zoom":2},"bbox":[48.081445,29.601953,48.348242,29.978857],"geometry":{"type":"Polygon","coordinates":[[[48.275391,29.624316],[48.184766,29.978857],[48.340234,29.694727],[48.275391,29.624316]]]}},{"type":"Feature","properties":{"scalerank":0,"featurecla":"Land","min_zoom":4},"bbox":[179.373145,-17.393848,179.447168,-17.256152],"geometry":{"type":"Polygon","coordinates":[[[179.422363,-17.366797],[179.388965,-17.393848],[179.373145,-17.256152],[179.407617,-17.257324],[179.432813,-17.271582],[179.447168,-17.30625],[179.422363,-17.366797]]]}},{"type":"Feature","properties":{"scalerank":0,"featurecla":"Land","min_zoom":3},"bbox":[179.253516,-18.110449,179.362402,-17.944043],"geometry":{"type":"Polygon","coordinates":[[[179.349316,-18.102344],[179.34043,-18.110449],[179.253516,-18.030566],[179.256445,-17.999023],[179.271777,-17.970703],[179.306445,-17.944043],[179.337891,-17.989551],[179.362402,-18.065234],[179.349316,-18.102344]]]}},{"type":"Feature","properties":{"scalerank":0,"featurecla":"Land","min_zoom":3},"bbox":[178.747656,-17.746777,178.852539,-17.618848],"geometry":{"type":"Polygon","coordinates":[[[178.827539,-17.729004],[178.776074,-17.746777],[178.747656,-17.685742],[178.787109,-17.624414],[178.831055,-17.618848],[178.852539,-17.68125],[178.827539,-17.729004]]]}},{"type":"Feature","properties":{"scalerank":0,"featurecla":"Land","min_zoom":3},"bbox":[168.124316,-16.835059,168.476562,-16.593848],"geometry":{"type":"Polygon","coordinates":[[[168.446777,-16.778809],[168.476562,-16.793652],[168.460156,-16.835059],[168.322754,-16.787793],[168.212305,-16.806152],[168.181445,-16.804004],[168.148535,-16.765723],[168.124316,-16.690039],[168.135352,-16.636914],[168.181836,-16.599902],[168.199219,-16.593848],[168.233789,-16.639648],[168.26543,-16.670801],[168.296094,-16.68418],[168.366016,-16.758789],[168.446777,-16.778809]]]}},{"type":"Feature","properties":{"scalerank":0,"featurecla":"Land","min_zoom":2},"bbox":[167.929004,-16.346777,168.297949,-16.081641],"geometry":{"type":"Polygon","coordinates":[[[168.29668,-16.336523],[167.929004,-16.228711],[168.297949,-16.29873],[168.29668,-16.336523]]]}},{"type":"Feature","properties":{"scalerank":0,"featurecla":"Land","min_zoom":2},"bbox":[168.158203,-17.807227,168.584961,-17.542188],"geometry":{"type":"Polygon","coordinates":[[[168.445801,-17.542188],[168.54541,-17.684668],[168.584961,-17.695898],[168.524609,-17.798047],[168.399414,-17.807227],[168.25166,-17.780762],[168.305859,-17.745703],[168.277832,-17.706055],[168.233203,-17.698047],[168.182031,-17.716992],[168.158203,-17.710547],[168.190918,-17.644824],[168.273145,-17.552246],[168.297461,-17.544922],[168.319531,-17.543945],[168.341016,-17.552051],[168.445801,-17.542188]]]}},{"type":"Feature","properties":{"scalerank":0,"featurecla":"Land","min_zoom":3},"bbox":[167.674219,-15.481836,168.002539,-15.283203],"geometry":{"type":"Polygon","coordinates":[[[167.911328,-15.435938],[167.844238,-15.481836],[167.720215,-15.477441],[167.674219,-15.451563],[167.82627,-15.312012],[168.002539,-15.283203],[167.911328,-15.435938]]]}},{"type":"Feature","properties":{"scalerank":0,"featurecla":"Land","min_zoom":1},"bbox":[166.526074,-15.634863,167.200781,-14.636523],"geometry":{"type":"Polygon","coordinates":[[[166.745801,-14.826855],[167.093945,-15.580859],[166.631055,-15.406055],[166.662598,-14.735059],[166.745801,-14.826855]]]}},{"type":"Feature","properties":{"scalerank":0,"featurecla":"Land","min_zoom":3},"bbox":[168.122852,-15.97168,168.267773,-15.461816],"geometry":{"type":"Polygon","coordinates":[[[168.212891,-15.97041],[168.159961,-15.461816],[168.256348,-15.955176],[168.212891,-15.97041]]]}},{"type":"Feature","properties":{"scalerank":0,"featurecla":"Land","min_zoom":3},"bbox":[168.104199,-15.390625,168.18916,-14.986426],"geometry":{"type":"Polygon","coordinates":[[[168.18916,-15.328711],[168.171875,-15.390625],[168.130469,-15.318945],[168.104199,-15.016602],[168.114941,-14.988574],[168.136426,-14.986426],[168.186914,-15.196875],[168.18916,-15.328711]]]}},{"type":"Feature","properties":{"scalerank":0,"featurecla":"Land","min_zoom":1.5},"bbox":[167.151465,-16.574316,167.836621,-15.876758],"geometry":{"type":"Polygon","coordinates":[[[167.4125,-16.095898],[167.836621,-16.449707],[167.449316,-16.55498],[167.335742,-15.916699],[167.4125,-16.095898]]]}},{"type":"Feature","properties":{"scalerank":0,"featurecla":"Land","min_zoom":1},"bbox":[167.094727,-15.750098,167.234375,-15.622559],"geometry":{"type":"Polygon","coordinates":[[[167.218945,-15.724121],[167.200781,-15.750098],[167.094727,-15.685254],[167.119043,-15.622559],[167.234375,-15.64502],[167.218945,-15.724121]]]}},{"type":"Feature","properties":{"scalerank":0,"featurecla":"Land","min_zoom":1},"bbox":[158.457422,-8.557422,159.880859,-7.544727],"geometry":{"type":"Polygon","coordinates":[[[159.879102,-8.534277],[158.457422,-7.544727],[159.848633,-8.463477],[159.879102,-8.534277]]]}},{"type":"Feature","properties":{"scalerank":0,"featurecla":"Land","min_zoom":1.5},"bbox":[156.452539,-7.425684,157.518652,-6.608887],"geometry":{"type":"Polygon","coordinates":[[[157.486719,-7.330371],[156.452539,-6.638281],[157.451563,-7.313672],[157.486719,-7.330371]]]}},{"type":"Feature","properties":{"scalerank":0,"featurecla":"Land","min_zoom":4},"bbox":[153.591504,-4.123047,153.662988,-4.041211],"geometry":{"type":"Polygon","coordinates":[[[153.659277,-4.099316],[153.650098,-4.123047],[153.591504,-4.095996],[153.639746,-4.044727],[153.662988,-4.041211],[153.659277,-4.099316]]]}},{"type":"Feature","properties":{"scalerank":0,"featurecla":"Land","min_zoom":2},"bbox":[120.876367,5.869971,121.414648,6.095996],"geometry":{"type":"Polygon","coordinates":[[[121.159375,6.075635],[121.411035,5.939844],[121.037695,6.095996],[121.159375,6.075635]]]}},{"type":"Feature","properties":{"scalerank":0,"featurecla":"Land","min_zoom":4},"bbox":[114.298828,-7.173145,114.412598,-7.073438],"geometry":{"type":"Polygon","coordinates":[[[114.412598,-7.133496],[114.397656,-7.173145],[114.346875,-7.163281],[114.298828,-7.097559],[114.322168,-7.080371],[114.348926,-7.073438],[114.383594,-7.080664],[114.412598,-7.133496]]]}},{"type":"Feature","properties":{"scalerank":0,"featurecla":"Land","min_zoom":3},"bbox":[134.182129,34.423047,134.372266,34.534375],"geometry":{"type":"Polygon","coordinates":[[[134.351855,34.483643],[134.333203,34.46377],[134.315332,34.468945],[134.251855,34.423047],[134.238086,34.467041],[134.188281,34.496338],[134.182129,34.519238],[134.325977,34.534375],[134.372266,34.522363],[134.351855,34.483643]]]}},{"type":"Feature","properties":{"scalerank":0,"featurecla":"Land","min_zoom":3},"bbox":[-75.261035,-47.850684,-74.916016,-47.690625],"geometry":{"type":"Polygon","coordinates":[[[-75.112207,-47.837695],[-75.18584,-47.850684],[-75.194336,-47.818066],[-75.261035,-47.763867],[-75.203125,-47.728027],[-75.089844,-47.690625],[-75.003955,-47.694727],[-74.926465,-47.723145],[-74.916016,-47.756641],[-75.05127,-47.800488],[-75.084473,-47.824512],[-75.112207,-47.837695]]]}},{"type":"Feature","properties":{"scalerank":0,"featurecla":"Land","min_zoom":3},"bbox":[-74.842676,-43.625391,-74.664795,-43.535938],"geometry":{"type":"Polygon","coordinates":[[[-74.66875,-43.607812],[-74.810449,-43.625391],[-74.842676,-43.595508],[-74.841992,-43.570312],[-74.817676,-43.549414],[-74.74502,-43.535938],[-74.697461,-43.553027],[-74.672656,-43.577441],[-74.664795,-43.599609],[-74.66875,-43.607812]]]}},{"type":"Feature","properties":{"scalerank":0,"featurecla":"Land","min_zoom":3},"bbox":[-73.818457,-44.83291,-73.616602,-44.544238],"geometry":{"type":"Polygon","coordinates":[[[-73.632178,-44.821484],[-73.664844,-44.83291],[-73.69458,-44.831152],[-73.724756,-44.796875],[-73.734863,-44.75166],[-73.800146,-44.684082],[-73.818457,-44.652148],[-73.816992,-44.613965],[-73.779492,-44.55918],[-73.723926,-44.544238],[-73.686475,-44.546289],[-73.641211,-44.61084],[-73.628223,-44.680762],[-73.616602,-44.75293],[-73.632178,-44.821484]]]}},{"type":"Feature","properties":{"scalerank":0,"featurecla":"Land","min_zoom":0},"bbox":[-75.247266,-48.626465,-74.567285,-47.839355],"geometry":{"type":"Polygon","coordinates":[[[-74.567285,-48.591992],[-75.247266,-48.026758],[-74.827441,-47.850391],[-74.618213,-48.425195],[-74.567285,-48.591992]]]}},{"type":"Feature","properties":{"scalerank":0,"featurecla":"Land","min_zoom":3},"bbox":[-64.757324,-54.902539,-63.81543,-54.716211],"geometry":{"type":"Polygon","coordinates":[[[-64.54917,-54.716211],[-63.81543,-54.725098],[-64.581348,-54.752734],[-64.54917,-54.716211]]]}},{"type":"Feature","properties":{"scalerank":0,"featurecla":"Land","min_zoom":3},"bbox":[-62.093018,-39.234863,-61.865967,-39.08623],"geometry":{"type":"Polygon","coordinates":[[[-61.875781,-39.171875],[-61.865967,-39.234863],[-61.918018,-39.227441],[-62.041602,-39.166895],[-62.083301,-39.110156],[-62.093018,-39.08623],[-61.96665,-39.112207],[-61.907129,-39.135645],[-61.875781,-39.171875]]]}},{"type":"Feature","properties":{"scalerank":0,"featurecla":"Land","min_zoom":4},"bbox":[-59.793311,-52.250879,-59.681006,-52.13418],"geometry":{"type":"Polygon","coordinates":[[[-59.682666,-52.231641],[-59.746582,-52.250879],[-59.764453,-52.242188],[-59.784863,-52.204688],[-59.785937,-52.156152],[-59.793311,-52.13418],[-59.753223,-52.141406],[-59.681006,-52.180078],[-59.682666,-52.231641]]]}},{"type":"Feature","properties":{"scalerank":0,"featurecla":"Land","min_zoom":3},"bbox":[-61.14502,-51.946289,-60.875977,-51.785742],"geometry":{"type":"Polygon","coordinates":[[[-61.01875,-51.785742],[-60.947266,-51.799512],[-60.875977,-51.794238],[-60.916162,-51.896973],[-60.947559,-51.946289],[-61.031982,-51.94248],[-61.115771,-51.875293],[-61.14502,-51.839453],[-61.05166,-51.813965],[-61.01875,-51.785742]]]}},{"type":"Feature","properties":{"scalerank":0,"featurecla":"Land","min_zoom":0},"bbox":[-73.845459,-54.126563,-72.20542,-53.394434],"geometry":{"type":"Polygon","coordinates":[[[-72.923242,-53.481641],[-72.20542,-53.807422],[-72.870996,-54.126563],[-73.845459,-53.545801],[-72.947266,-53.44248],[-72.923242,-53.481641]]]}},{"type":"Feature","properties":{"scalerank":0,"featurecla":"Land","min_zoom":0},"bbox":[-68.301367,-55.292578,-67.079932,-54.929395],"geometry":{"type":"Polygon","coordinates":[[[-67.079932,-55.153809],[-68.301367,-54.980664],[-67.085498,-55.115234],[-67.079932,-55.153809]]]}},{"type":"Feature","properties":{"scalerank":0,"featurecla":"Land","min_zoom":0},"bbox":[-71.437207,-55.177051,-70.283057,-54.83457],"geometry":{"type":"Polygon","coordinates":[[[-70.991602,-54.867969],[-70.297852,-55.11377],[-71.437207,-54.889258],[-71.088623,-54.86748],[-70.991602,-54.867969]]]}},{"type":"Feature","properties":{"scalerank":0,"featurecla":"Land","min_zoom":3},"bbox":[-67.563477,-55.784766,-67.262451,-55.585156],"geometry":{"type":"Polygon","coordinates":[[[-67.288867,-55.776855],[-67.563477,-55.707813],[-67.267285,-55.762793],[-67.288867,-55.776855]]]}},{"type":"Feature","properties":{"scalerank":0,"featurecla":"Land","min_zoom":2},"bbox":[-75.300049,-51.625391,-74.558643,-51.207129],"geometry":{"type":"Polygon","coordinates":[[[-74.558643,-51.277051],[-75.289111,-51.625391],[-74.570508,-51.24541],[-74.558643,-51.277051]]]}},{"type":"Feature","properties":{"scalerank":0,"featurecla":"Land","min_zoom":0},"bbox":[-75.449121,-50.37627,-74.838574,-50.011816],"geometry":{"type":"Polygon","coordinates":[[[-75.054785,-50.296094],[-75.449121,-50.343359],[-75.32666,-50.011816],[-74.963379,-50.237305],[-75.054785,-50.296094]]]}},{"type":"Feature","properties":{"scalerank":0,"featurecla":"Land","min_zoom":0},"bbox":[-75.105371,-52.279199,-74.531836,-51.630176],"geometry":{"type":"Polygon","coordinates":[[[-74.822949,-51.630176],[-74.694482,-52.279199],[-74.909668,-51.65],[-74.822949,-51.630176]]]}},{"type":"Feature","properties":{"scalerank":0,"featurecla":"Land","min_zoom":3},"bbox":[-74.142969,-43.921973,-73.789648,-43.783789],"geometry":{"type":"Polygon","coordinates":[[[-73.810645,-43.827246],[-74.142969,-43.872168],[-73.841406,-43.788965],[-73.810645,-43.827246]]]}},{"type":"Feature","properties":{"scalerank":0,"featurecla":"Land","min_zoom":0},"bbox":[-72.210449,-54.374023,-71.004883,-53.884863],"geometry":{"type":"Polygon","coordinates":[[[-71.390479,-54.032813],[-71.004883,-54.24668],[-72.210449,-54.047754],[-71.55415,-53.956055],[-71.390479,-54.032813]]]}},{"type":"Feature","properties":{"scalerank":0,"featurecla":"Land","min_zoom":3},"bbox":[-74.475391,-51.94209,-74.11543,-51.724902],"geometry":{"type":"Polygon","coordinates":[[[-74.142187,-51.931055],[-74.475391,-51.725684],[-74.118896,-51.911133],[-74.142187,-51.931055]]]}},{"type":"Feature","properties":{"scalerank":0,"featurecla":"Land","min_zoom":0},"bbox":[-74.617773,-45.344922,-73.703223,-44.134863],"geometry":{"type":"Polygon","coordinates":[[[-73.735352,-44.394531],[-73.7521,-45.266797],[-74.099072,-45.325391],[-74.617773,-44.647949],[-73.703711,-44.325391],[-73.735352,-44.394531]]]}},{"type":"Feature","properties":{"scalerank":0,"featurecla":"Land","min_zoom":0},"bbox":[-74.689844,-45.757227,-74.229199,-45.172656],"geometry":{"type":"Polygon","coordinates":[[[-74.312891,-45.691504],[-74.689844,-45.662598],[-74.310547,-45.172656],[-74.243896,-45.653613],[-74.312891,-45.691504]]]}},{"type":"Feature","properties":{"scalerank":0,"featurecla":"Land","min_zoom":3},"bbox":[-73.960547,45.441406,-73.476074,45.704736],"geometry":{"type":"Polygon","coordinates":[[[-73.566504,45.469092],[-73.960547,45.441406],[-73.55166,45.489844],[-73.566504,45.469092]]]}},{"type":"Feature","properties":{"scalerank":0,"featurecla":"Land","min_zoom":3},"bbox":[-73.857715,45.564893,-73.572363,45.694482],"geometry":{"type":"Polygon","coordinates":[[[-73.695312,45.585498],[-73.815918,45.564893],[-73.857715,45.573584],[-73.724658,45.671826],[-73.572363,45.694482],[-73.695312,45.585498]]]}},{"type":"Feature","properties":{"scalerank":0,"featurecla":"Land","min_zoom":4},"bbox":[-61.081738,45.481738,-60.912451,45.577344],"geometry":{"type":"Polygon","coordinates":[[[-60.961572,45.489941],[-61.002881,45.481738],[-61.0125,45.496045],[-61.076172,45.537305],[-61.081738,45.557812],[-61.025977,45.577344],[-60.912451,45.567285],[-60.953027,45.515527],[-60.961572,45.489941]]]}},{"type":"Feature","properties":{"scalerank":0,"featurecla":"Land","min_zoom":3},"bbox":[-62.008301,47.218994,-61.395508,47.646777],"geometry":{"type":"Polygon","coordinates":[[[-61.914111,47.284521],[-61.395508,47.637646],[-61.886621,47.344629],[-61.914111,47.284521]]]}},{"type":"Feature","properties":{"scalerank":0,"featurecla":"Land","min_zoom":3},"bbox":[-64.68457,47.747607,-64.508594,47.886719],"geometry":{"type":"Polygon","coordinates":[[[-64.508594,47.886719],[-64.533887,47.81377],[-64.621289,47.751904],[-64.664648,47.747607],[-64.68457,47.753613],[-64.660498,47.793555],[-64.663281,47.863037],[-64.591113,47.872461],[-64.564844,47.86626],[-64.508594,47.886719]]]}},{"type":"Feature","properties":{"scalerank":0,"featurecla":"Land","min_zoom":4},"bbox":[-64.591309,47.907227,-64.476074,48.01377],"geometry":{"type":"Polygon","coordinates":[[[-64.476074,47.958887],[-64.591309,47.907227],[-64.540723,47.984961],[-64.51958,48.005078],[-64.500195,48.01377],[-64.48125,48.006934],[-64.476074,47.958887]]]}},{"type":"Feature","properties":{"scalerank":0,"featurecla":"Land","min_zoom":3},"bbox":[-71.11665,46.864844,-70.825781,46.996094],"geometry":{"type":"Polygon","coordinates":[[[-71.025732,46.872949],[-71.11665,46.864844],[-71.094971,46.899561],[-70.97085,46.961426],[-70.879639,46.996094],[-70.825781,46.995361],[-70.913477,46.919531],[-71.025732,46.872949]]]}},{"type":"Feature","properties":{"scalerank":0,"featurecla":"Land","min_zoom":4},"bbox":[-66.324121,44.257324,-66.210352,44.392041],"geometry":{"type":"Polygon","coordinates":[[[-66.273779,44.292285],[-66.324121,44.257324],[-66.311914,44.291602],[-66.250488,44.379004],[-66.210352,44.392041],[-66.273779,44.292285]]]}},{"type":"Feature","properties":{"scalerank":0,"featurecla":"Land","min_zoom":4},"bbox":[-68.703027,44.17627,-68.623193,44.256201],"geometry":{"type":"Polygon","coordinates":[[[-68.623193,44.196045],[-68.661182,44.17627],[-68.701709,44.182666],[-68.703027,44.231982],[-68.690771,44.24873],[-68.676758,44.256201],[-68.655957,44.242334],[-68.623193,44.196045]]]}},{"type":"Feature","properties":{"scalerank":0,"featurecla":"Land","min_zoom":3},"bbox":[-66.89707,44.628906,-66.74541,44.805371],"geometry":{"type":"Polygon","coordinates":[[[-66.7625,44.681787],[-66.89707,44.628906],[-66.844727,44.763916],[-66.802148,44.805371],[-66.74541,44.791406],[-66.753369,44.709814],[-66.7625,44.681787]]]}},{"type":"Feature","properties":{"scalerank":0,"featurecla":"Land","min_zoom":3},"bbox":[-68.411719,44.249707,-68.187256,44.456494],"geometry":{"type":"Polygon","coordinates":[[[-68.187256,44.332471],[-68.245459,44.312988],[-68.309277,44.321484],[-68.307959,44.268701],[-68.315088,44.249707],[-68.385791,44.276855],[-68.411719,44.294336],[-68.409473,44.364258],[-68.347021,44.430371],[-68.299414,44.456494],[-68.238037,44.438379],[-68.190918,44.364355],[-68.187256,44.332471]]]}},{"type":"Feature","properties":{"scalerank":0,"featurecla":"Land","min_zoom":2},"bbox":[112.725879,-7.224121,114.083008,-6.873047],"geometry":{"type":"Polygon","coordinates":[[[113.844531,-7.105371],[112.725879,-7.072754],[113.885352,-7.049023],[113.844531,-7.105371]]]}},{"type":"Feature","properties":{"scalerank":0,"featurecla":"Land","min_zoom":4},"bbox":[158.835938,-54.749219,158.958887,-54.472363],"geometry":{"type":"Polygon","coordinates":[[[158.878809,-54.709766],[158.845215,-54.749219],[158.835938,-54.704004],[158.896973,-54.506055],[158.958887,-54.472363],[158.945605,-54.575],[158.878809,-54.709766]]]}},{"type":"Feature","properties":{"scalerank":0,"featurecla":"Land","min_zoom":3},"bbox":[-174.069141,-18.698633,-173.921875,-18.565332],"geometry":{"type":"Polygon","coordinates":[[[-173.953516,-18.639355],[-173.991309,-18.698633],[-174.009326,-18.697754],[-174.053125,-18.663379],[-174.069141,-18.640234],[-174.002441,-18.570703],[-173.968066,-18.565332],[-173.921875,-18.588574],[-173.923975,-18.608496],[-173.953516,-18.639355]]]}},{"type":"Feature","properties":{"scalerank":0,"featurecla":"Land","min_zoom":3},"bbox":[-151.485498,-16.879297,-151.364502,-16.739648],"geometry":{"type":"Polygon","coordinates":[[[-151.409814,-16.877734],[-151.449463,-16.879297],[-151.485498,-16.863672],[-151.476416,-16.760742],[-151.466748,-16.739648],[-151.411182,-16.774414],[-151.364502,-16.864258],[-151.409814,-16.877734]]]}},{"type":"Feature","properties":{"scalerank":0,"featurecla":"Land","min_zoom":3},"bbox":[-157.578955,1.731738,-157.175781,2.029297],"geometry":{"type":"Polygon","coordinates":[[[-157.342139,1.855566],[-157.175781,1.739844],[-157.246143,1.731738],[-157.420117,1.787549],[-157.578955,1.902051],[-157.531494,1.926855],[-157.508203,1.885693],[-157.43584,1.847266],[-157.393213,1.927686],[-157.365186,1.946094],[-157.492188,2.029297],[-157.441895,2.025049],[-157.321875,1.968555],[-157.342139,1.855566]]]}},{"type":"Feature","properties":{"scalerank":0,"featurecla":"Land","min_zoom":3},"bbox":[-139.166455,-9.845703,-138.827344,-9.695215],"geometry":{"type":"Polygon","coordinates":[[[-139.024316,-9.695215],[-138.874463,-9.747168],[-138.827344,-9.741602],[-138.874951,-9.792871],[-139.024268,-9.820703],[-139.073682,-9.845703],[-139.134082,-9.829492],[-139.166455,-9.770215],[-139.024316,-9.695215]]]}},{"type":"Feature","properties":{"scalerank":0,"featurecla":"Land","min_zoom":4},"bbox":[-139.134229,-10.00957,-139.059717,-9.91543],"geometry":{"type":"Polygon","coordinates":[[[-139.059717,-9.931348],[-139.133984,-10.00957],[-139.134229,-9.92627],[-139.107471,-9.91543],[-139.083154,-9.91543],[-139.059717,-9.931348]]]}},{"type":"Feature","properties":{"scalerank":0,"featurecla":"Land","min_zoom":4},"bbox":[-138.690381,-10.532422,-138.624463,-10.425586],"geometry":{"type":"Polygon","coordinates":[[[-138.651123,-10.515332],[-138.687744,-10.532422],[-138.690381,-10.425586],[-138.64292,-10.445898],[-138.624463,-10.462988],[-138.632373,-10.492188],[-138.651123,-10.515332]]]}},{"type":"Feature","properties":{"scalerank":0,"featurecla":"Land","min_zoom":2},"bbox":[-149.63501,-17.862305,-149.150879,-17.496387],"geometry":{"type":"Polygon","coordinates":[[[-149.321533,-17.690039],[-149.63501,-17.564258],[-149.330078,-17.588965],[-149.321533,-17.690039]]]}},{"type":"Feature","properties":{"scalerank":0,"featurecla":"Land","min_zoom":3},"bbox":[-140.252686,-8.933984,-140.043701,-8.781543],"geometry":{"type":"Polygon","coordinates":[[[-140.072607,-8.910449],[-140.170557,-8.933984],[-140.217432,-8.929688],[-140.252686,-8.848047],[-140.240039,-8.797559],[-140.224414,-8.781543],[-140.057666,-8.801465],[-140.043701,-8.838477],[-140.046143,-8.873633],[-140.072607,-8.910449]]]}},{"type":"Feature","properties":{"scalerank":0,"featurecla":"Land","min_zoom":4},"bbox":[-140.144385,-9.444141,-140.031104,-9.328125],"geometry":{"type":"Polygon","coordinates":[[[-140.075635,-9.425977],[-140.097363,-9.444141],[-140.138037,-9.384375],[-140.144385,-9.359375],[-140.070947,-9.328125],[-140.031104,-9.344727],[-140.075635,-9.425977]]]}},{"type":"Feature","properties":{"scalerank":0,"featurecla":"Land","min_zoom":2},"bbox":[-172.778516,-13.804297,-172.176855,-13.465234],"geometry":{"type":"Polygon","coordinates":[[[-172.333496,-13.465234],[-172.224951,-13.804297],[-172.510889,-13.482813],[-172.333496,-13.465234]]]}},{"type":"Feature","properties":{"scalerank":0,"featurecla":"Land","min_zoom":4},"bbox":[-179.017676,-17.307031,-178.914844,-17.14834],"geometry":{"type":"Polygon","coordinates":[[[-178.956494,-17.272852],[-178.981836,-17.307031],[-179.003906,-17.294922],[-178.975537,-17.2375],[-178.971484,-17.212695],[-179.014941,-17.182422],[-179.017676,-17.161328],[-179.005029,-17.14834],[-178.952832,-17.182031],[-178.921143,-17.208398],[-178.914844,-17.223047],[-178.924561,-17.248633],[-178.956494,-17.272852]]]}},{"type":"Feature","properties":{"scalerank":0,"featurecla":"Land","min_zoom":4},"bbox":[-159.409033,3.796582,-159.259326,3.923535],"geometry":{"type":"Polygon","coordinates":[[[-159.339063,3.923535],[-159.259326,3.839209],[-159.274756,3.796582],[-159.332275,3.800488],[-159.35874,3.815332],[-159.313672,3.822656],[-159.30625,3.838379],[-159.326807,3.863184],[-159.354199,3.880518],[-159.373193,3.880518],[-159.377783,3.846631],[-159.409033,3.873242],[-159.390967,3.899561],[-159.369043,3.916992],[-159.339063,3.923535]]]}},{"type":"Feature","properties":{"scalerank":0,"featurecla":"Land","min_zoom":2},"bbox":[-172.045898,-14.047266,-171.449561,-13.807129],"geometry":{"type":"Polygon","coordinates":[[[-171.454102,-14.046484],[-172.045898,-13.857129],[-171.449561,-14.022461],[-171.454102,-14.046484]]]}},{"type":"Feature","properties":{"scalerank":0,"featurecla":"Land","min_zoom":3},"bbox":[-170.820508,-14.359766,-170.568115,-14.257422],"geometry":{"type":"Polygon","coordinates":[[[-170.72627,-14.351172],[-170.769238,-14.359766],[-170.820508,-14.312109],[-170.72085,-14.275977],[-170.68916,-14.257422],[-170.568115,-14.266797],[-170.640479,-14.282227],[-170.72627,-14.351172]]]}},{"type":"Feature","properties":{"scalerank":0,"featurecla":"Land","min_zoom":3},"bbox":[-169.94834,-19.137891,-169.793408,-18.966016],"geometry":{"type":"Polygon","coordinates":[[[-169.803418,-19.083008],[-169.903809,-19.137891],[-169.94834,-19.072852],[-169.90874,-18.990234],[-169.861572,-18.968652],[-169.834033,-18.966016],[-169.793408,-19.042578],[-169.803418,-19.083008]]]}},{"type":"Feature","properties":{"scalerank":0,"featurecla":"Land","min_zoom":4},"bbox":[-176.195361,-13.340918,-176.128076,-13.22168],"geometry":{"type":"Polygon","coordinates":[[[-176.160596,-13.332813],[-176.176904,-13.340918],[-176.195361,-13.30166],[-176.171191,-13.242578],[-176.147949,-13.22168],[-176.128076,-13.268164],[-176.160596,-13.332813]]]}},{"type":"Feature","properties":{"scalerank":0,"featurecla":"Land","min_zoom":4},"bbox":[-174.972949,-21.450586,-174.913135,-21.300488],"geometry":{"type":"Polygon","coordinates":[[[-174.913135,-21.300488],[-174.918652,-21.450586],[-174.967529,-21.381738],[-174.972949,-21.349805],[-174.923486,-21.303418],[-174.913135,-21.300488]]]}},{"type":"Feature","properties":{"scalerank":0,"featurecla":"Land","min_zoom":3},"bbox":[134.50625,7.360645,134.65957,7.712109],"geometry":{"type":"Polygon","coordinates":[[[134.59541,7.382031],[134.534668,7.360645],[134.50625,7.437109],[134.515723,7.525781],[134.555957,7.593945],[134.599707,7.615771],[134.608691,7.623584],[134.651172,7.712109],[134.65957,7.663281],[134.632715,7.501318],[134.598242,7.438281],[134.59541,7.382031]]]}},{"type":"Feature","properties":{"scalerank":0,"featurecla":"Land","min_zoom":4},"bbox":[145.729102,18.056934,145.835449,18.172656],"geometry":{"type":"Polygon","coordinates":[[[145.777539,18.078955],[145.729102,18.056934],[145.789258,18.15542],[145.807422,18.172656],[145.835449,18.136768],[145.777539,18.078955]]]}},{"type":"Feature","properties":{"scalerank":0,"featurecla":"Land","min_zoom":3},"bbox":[145.684277,15.107227,145.821875,15.265381],"geometry":{"type":"Polygon","coordinates":[[[145.751953,15.133154],[145.749219,15.107227],[145.698242,15.113525],[145.684277,15.125098],[145.713184,15.215283],[145.786328,15.256885],[145.821875,15.265381],[145.788574,15.222656],[145.782324,15.174609],[145.751953,15.133154]]]}},{"type":"Feature","properties":{"scalerank":0,"featurecla":"Land","min_zoom":3},"bbox":[144.649316,13.25752,144.94082,13.622363],"geometry":{"type":"Polygon","coordinates":[[[144.741797,13.259277],[144.699512,13.25752],[144.662793,13.291064],[144.65,13.313477],[144.649316,13.428711],[144.790332,13.526855],[144.836719,13.622363],[144.875391,13.614648],[144.909668,13.599023],[144.94082,13.570312],[144.779883,13.411133],[144.741797,13.259277]]]}},{"type":"Feature","properties":{"scalerank":0,"featurecla":"Land","min_zoom":4},"bbox":[145.586719,14.919531,145.662305,15.060156],"geometry":{"type":"Polygon","coordinates":[[[145.662305,14.970508],[145.620996,14.919531],[145.591602,14.998828],[145.586719,15.030811],[145.624805,15.060156],[145.647363,15.059473],[145.662305,14.970508]]]}},{"type":"Feature","properties":{"scalerank":0,"featurecla":"Land","min_zoom":3},"bbox":[138.061914,9.419043,138.213574,9.593311],"geometry":{"type":"Polygon","coordinates":[[[138.142676,9.500684],[138.06709,9.419043],[138.061914,9.445752],[138.085059,9.49458],[138.116895,9.550195],[138.146973,9.583594],[138.18584,9.593311],[138.213574,9.547217],[138.18252,9.507373],[138.142676,9.500684]]]}},{"type":"Feature","properties":{"scalerank":0,"featurecla":"Land","min_zoom":3},"bbox":[177.958691,-19.15166,178.487891,-18.934473],"geometry":{"type":"Polygon","coordinates":[[[178.487891,-18.974121],[177.958691,-19.121582],[178.420313,-18.950781],[178.487891,-18.974121]]]}},{"type":"Feature","properties":{"scalerank":0,"featurecla":"Land","min_zoom":3},"bbox":[167.403516,-14.311621,167.598926,-14.142188],"geometry":{"type":"Polygon","coordinates":[[[167.584863,-14.260938],[167.543262,-14.311621],[167.430273,-14.294922],[167.403516,-14.281543],[167.410742,-14.197461],[167.439063,-14.168457],[167.506445,-14.142188],[167.598926,-14.183789],[167.584863,-14.260938]]]}},{"type":"Feature","properties":{"scalerank":0,"featurecla":"Land","min_zoom":3},"bbox":[167.391797,-13.91709,167.553516,-13.709473],"geometry":{"type":"Polygon","coordinates":[[[167.488867,-13.907227],[167.474219,-13.91709],[167.451074,-13.909375],[167.391797,-13.788379],[167.406836,-13.748047],[167.481055,-13.709473],[167.547266,-13.77666],[167.553516,-13.813965],[167.553027,-13.845703],[167.542871,-13.873145],[167.498633,-13.88457],[167.488867,-13.907227]]]}},{"type":"Feature","properties":{"scalerank":0,"featurecla":"Land","min_zoom":3},"bbox":[169.7375,-20.241797,169.896289,-20.144727],"geometry":{"type":"Polygon","coordinates":[[[169.896289,-20.186621],[169.861133,-20.241797],[169.807031,-20.241113],[169.7375,-20.202148],[169.750684,-20.15332],[169.829492,-20.144727],[169.852344,-20.147949],[169.896289,-20.186621]]]}},{"type":"Feature","properties":{"scalerank":0,"featurecla":"Land","min_zoom":3},"bbox":[169.21748,-19.648828,169.491309,-19.321777],"geometry":{"type":"Polygon","coordinates":[[[169.491309,-19.540137],[169.438477,-19.648828],[169.347266,-19.623535],[169.261914,-19.54502],[169.21748,-19.476367],[169.247461,-19.344727],[169.291113,-19.321777],[169.336719,-19.329297],[169.359961,-19.457813],[169.491309,-19.540137]]]}},{"type":"Feature","properties":{"scalerank":0,"featurecla":"Land","min_zoom":2},"bbox":[168.986914,-18.988574,169.334375,-18.61748],"geometry":{"type":"Polygon","coordinates":[[[169.334375,-18.940234],[169.01582,-18.64375],[169.296191,-18.866797],[169.334375,-18.940234]]]}},{"type":"Feature","properties":{"scalerank":0,"featurecla":"Land","min_zoom":2},"bbox":[167.81543,-21.643164,168.139063,-21.337891],"geometry":{"type":"Polygon","coordinates":[[[168.010938,-21.42998],[168.05791,-21.448438],[168.139063,-21.445215],[168.120703,-21.61582],[168.006445,-21.643164],[167.966797,-21.641602],[167.941309,-21.605762],[167.875879,-21.582129],[167.879102,-21.523633],[167.81543,-21.392676],[167.925977,-21.372852],[167.988477,-21.337891],[167.984961,-21.369727],[167.994629,-21.406934],[168.010938,-21.42998]]]}},{"type":"Feature","properties":{"scalerank":0,"featurecla":"Land","min_zoom":3},"bbox":[166.493555,-20.708594,166.670801,-20.413379],"geometry":{"type":"Polygon","coordinates":[[[166.546777,-20.69873],[166.493555,-20.708594],[166.557813,-20.61709],[166.559668,-20.561133],[166.585449,-20.450488],[166.58252,-20.413379],[166.624707,-20.418262],[166.670801,-20.450195],[166.617871,-20.477539],[166.600293,-20.525391],[166.602148,-20.585352],[166.622559,-20.596289],[166.588867,-20.661914],[166.546777,-20.69873]]]}},{"type":"Feature","properties":{"scalerank":0,"featurecla":"Land","min_zoom":2},"bbox":[167.032715,-21.16875,167.430566,-20.673535],"geometry":{"type":"Polygon","coordinates":[[[167.400879,-21.160645],[167.055762,-20.720215],[167.430273,-21.087012],[167.400879,-21.160645]]]}},{"type":"Feature","properties":{"scalerank":0,"featurecla":"Land","min_zoom":3},"bbox":[167.42207,-22.661133,167.544434,-22.541406],"geometry":{"type":"Polygon","coordinates":[[[167.544434,-22.623242],[167.512695,-22.661133],[167.473438,-22.65332],[167.44375,-22.63916],[167.42207,-22.618555],[167.443457,-22.541406],[167.529492,-22.579199],[167.544434,-22.623242]]]}},{"type":"Feature","properties":{"scalerank":0,"featurecla":"Land","min_zoom":4},"bbox":[159.928223,-19.333105,159.975098,-19.114648],"geometry":{"type":"Polygon","coordinates":[[[159.951758,-19.311719],[159.936426,-19.333105],[159.928223,-19.174316],[159.959863,-19.114648],[159.975098,-19.238281],[159.951758,-19.311719]]]}},{"type":"Feature","properties":{"scalerank":0,"featurecla":"Land","min_zoom":3},"bbox":[166.747461,-11.681348,166.929199,-11.571289],"geometry":{"type":"Polygon","coordinates":[[[166.929199,-11.665137],[166.84082,-11.681348],[166.805957,-11.677344],[166.747461,-11.59082],[166.790918,-11.571289],[166.855469,-11.578809],[166.875098,-11.629688],[166.929199,-11.665137]]]}},{"type":"Feature","properties":{"scalerank":0,"featurecla":"Land","min_zoom":3},"bbox":[165.79043,-10.851465,166.162109,-10.661133],"geometry":{"type":"Polygon","coordinates":[[[166.133203,-10.757812],[165.791016,-10.784766],[166.129883,-10.745215],[166.133203,-10.757812]]]}},{"type":"Feature","properties":{"scalerank":0,"featurecla":"Land","min_zoom":2},"bbox":[159.979297,-11.832227,160.57627,-11.471973],"geometry":{"type":"Polygon","coordinates":[[[160.57627,-11.797852],[159.986328,-11.494727],[160.537109,-11.758789],[160.57627,-11.797852]]]}},{"type":"Feature","properties":{"scalerank":0,"featurecla":"Land","min_zoom":1.5},"bbox":[160.59043,-9.61123,161.377539,-8.313965],"geometry":{"type":"Polygon","coordinates":[[[160.749414,-8.313965],[161.367383,-9.61123],[160.702148,-8.316504],[160.749414,-8.313965]]]}},{"type":"Feature","properties":{"scalerank":0,"featurecla":"Land","min_zoom":1.5},"bbox":[161.285547,-10.832129,162.37334,-10.204395],"geometry":{"type":"Polygon","coordinates":[[[161.715332,-10.387305],[162.37334,-10.823242],[161.304785,-10.204395],[161.697949,-10.371289],[161.715332,-10.387305]]]}},{"type":"Feature","properties":{"scalerank":0,"featurecla":"Land","min_zoom":1},"bbox":[161.36416,-9.769727,161.558887,-9.353418],"geometry":{"type":"Polygon","coordinates":[[[161.547852,-9.625684],[161.558887,-9.732715],[161.553809,-9.769727],[161.47793,-9.691113],[161.44248,-9.718945],[161.409766,-9.681641],[161.412012,-9.600391],[161.416992,-9.51377],[161.402246,-9.448145],[161.36416,-9.353418],[161.406836,-9.368457],[161.547852,-9.625684]]]}},{"type":"Feature","properties":{"scalerank":0,"featurecla":"Land","min_zoom":3},"bbox":[159.036328,-9.125977,159.233984,-8.993066],"geometry":{"type":"Polygon","coordinates":[[[159.188574,-9.123535],[159.175098,-9.125977],[159.128125,-9.11377],[159.071094,-9.109668],[159.036328,-9.075],[159.077637,-9.025391],[159.129785,-8.993066],[159.153711,-9.001367],[159.176074,-9.02207],[159.228418,-9.02998],[159.233984,-9.09375],[159.188574,-9.123535]]]}},{"type":"Feature","properties":{"scalerank":0,"featurecla":"Land","min_zoom":3},"bbox":[160.096289,-9.18125,160.40752,-8.995508],"geometry":{"type":"Polygon","coordinates":[[[160.168164,-8.995508],[160.225684,-9.00957],[160.253516,-9.007324],[160.319336,-9.061133],[160.40752,-9.140332],[160.371484,-9.18125],[160.3,-9.160352],[160.275977,-9.168652],[160.268164,-9.163184],[160.253125,-9.123438],[160.175195,-9.084082],[160.105371,-9.080762],[160.096289,-9.033984],[160.168164,-8.995508]]]}},{"type":"Feature","properties":{"scalerank":0,"featurecla":"Land","min_zoom":3},"bbox":[159.538477,-8.521484,159.687695,-8.379492],"geometry":{"type":"Polygon","coordinates":[[[159.687695,-8.50791],[159.640039,-8.521484],[159.569238,-8.484766],[159.538477,-8.451367],[159.553223,-8.399219],[159.594629,-8.379492],[159.641602,-8.414453],[159.646289,-8.450391],[159.687695,-8.50791]]]}},{"type":"Feature","properties":{"scalerank":0,"featurecla":"Land","min_zoom":2},"bbox":[157.217578,-8.612012,157.898438,-7.965723],"geometry":{"type":"Polygon","coordinates":[[[157.763477,-8.242188],[157.819336,-8.612012],[157.217578,-8.262793],[157.65127,-8.216797],[157.763477,-8.242188]]]}},{"type":"Feature","properties":{"scalerank":0,"featurecla":"Land","min_zoom":4},"bbox":[158.155371,-8.825781,158.253418,-8.678125],"geometry":{"type":"Polygon","coordinates":[[[158.200781,-8.821973],[158.178809,-8.825781],[158.155371,-8.785938],[158.209961,-8.678125],[158.236328,-8.764844],[158.253418,-8.797363],[158.200781,-8.821973]]]}},{"type":"Feature","properties":{"scalerank":0,"featurecla":"Land","min_zoom":3},"bbox":[157.879297,-8.763086,158.132227,-8.508203],"geometry":{"type":"Polygon","coordinates":[[[158.10791,-8.68418],[158.009473,-8.763086],[157.937598,-8.736426],[157.879297,-8.66875],[157.898438,-8.587207],[157.909277,-8.565625],[157.938281,-8.560938],[157.966992,-8.544238],[157.998438,-8.508203],[158.105469,-8.536816],[158.132227,-8.556641],[158.068359,-8.606641],[158.089648,-8.622656],[158.103516,-8.646484],[158.10791,-8.68418]]]}},{"type":"Feature","properties":{"scalerank":0,"featurecla":"Land","min_zoom":3},"bbox":[157.212305,-8.728125,157.410938,-8.420898],"geometry":{"type":"Polygon","coordinates":[[[157.388965,-8.713477],[157.389063,-8.728125],[157.333887,-8.7],[157.212305,-8.565039],[157.233789,-8.519922],[157.345117,-8.432422],[157.379492,-8.420898],[157.410938,-8.475098],[157.383496,-8.555078],[157.34707,-8.575488],[157.332227,-8.650684],[157.388965,-8.713477]]]}},{"type":"Feature","properties":{"scalerank":0,"featurecla":"Land","min_zoom":2},"bbox":[156.502441,-7.936816,156.809082,-7.574023],"geometry":{"type":"Polygon","coordinates":[[[156.687891,-7.923047],[156.560938,-7.574023],[156.708008,-7.876953],[156.687891,-7.923047]]]}},{"type":"Feature","properties":{"scalerank":0,"featurecla":"Land","min_zoom":3},"bbox":[156.539648,-8.196289,156.612402,-7.958789],"geometry":{"type":"Polygon","coordinates":[[[156.603906,-8.171582],[156.591699,-8.196289],[156.539648,-8.072949],[156.542285,-8.01084],[156.55127,-7.970996],[156.570312,-7.958789],[156.612402,-8.096191],[156.603906,-8.171582]]]}},{"type":"Feature","properties":{"scalerank":0,"featurecla":"Land","min_zoom":2},"bbox":[156.958301,-8.123242,157.200586,-7.855469],"geometry":{"type":"Polygon","coordinates":[[[157.171875,-8.108105],[157.15,-8.123242],[157.041211,-8.11748],[156.958301,-8.014355],[156.958984,-7.937988],[157.024121,-7.867871],[157.102734,-7.855469],[157.145801,-7.882617],[157.186133,-7.941211],[157.200586,-8.015918],[157.191504,-8.081836],[157.171875,-8.108105]]]}},{"type":"Feature","properties":{"scalerank":0,"featurecla":"Land","min_zoom":3},"bbox":[155.677539,-7.121094,155.864648,-6.972949],"geometry":{"type":"Polygon","coordinates":[[[155.839844,-7.097168],[155.739355,-7.121094],[155.677539,-7.088965],[155.70498,-7.012695],[155.738965,-6.972949],[155.864648,-7.043262],[155.839844,-7.097168]]]}},{"type":"Feature","properties":{"scalerank":0,"featurecla":"Land","min_zoom":4},"bbox":[162.921094,5.277246,162.993457,5.33501],"geometry":{"type":"Polygon","coordinates":[[[162.983203,5.325732],[162.993457,5.277246],[162.929883,5.300781],[162.921094,5.31792],[162.958203,5.33501],[162.983203,5.325732]]]}},{"type":"Feature","properties":{"scalerank":0,"featurecla":"Land","min_zoom":3},"bbox":[158.127637,6.791016,158.334961,6.977734],"geometry":{"type":"Polygon","coordinates":[[[158.314844,6.813672],[158.256543,6.791016],[158.183398,6.80127],[158.16084,6.882812],[158.127637,6.904639],[158.134766,6.944824],[158.186133,6.977734],[158.294629,6.951074],[158.334961,6.893164],[158.309375,6.854639],[158.314844,6.813672]]]}},{"type":"Feature","properties":{"scalerank":0,"featurecla":"Land","min_zoom":3},"bbox":[175.336621,-36.333887,175.551172,-36.070898],"geometry":{"type":"Polygon","coordinates":[[[175.543164,-36.279297],[175.551172,-36.333887],[175.474609,-36.314453],[175.444629,-36.273242],[175.358789,-36.230664],[175.346191,-36.217773],[175.336621,-36.134766],[175.381641,-36.094824],[175.389551,-36.077734],[175.409375,-36.070898],[175.444336,-36.114648],[175.512598,-36.176953],[175.543164,-36.279297]]]}},{"type":"Feature","properties":{"scalerank":0,"featurecla":"Land","min_zoom":3},"bbox":[173.780859,-40.921777,173.964453,-40.712988],"geometry":{"type":"Polygon","coordinates":[[[173.914648,-40.863672],[173.780859,-40.921777],[173.78623,-40.881445],[173.812402,-40.793652],[173.87334,-40.749316],[173.90332,-40.746289],[173.964453,-40.712988],[173.958008,-40.786816],[173.914648,-40.863672]]]}},{"type":"Feature","properties":{"scalerank":0,"featurecla":"Land","min_zoom":3},"bbox":[166.532031,-45.729883,166.746289,-45.615039],"geometry":{"type":"Polygon","coordinates":[[[166.746289,-45.655859],[166.741016,-45.70498],[166.729199,-45.729688],[166.694531,-45.729883],[166.64248,-45.724414],[166.591699,-45.701758],[166.55918,-45.708203],[166.532031,-45.699805],[166.56709,-45.644434],[166.685645,-45.615039],[166.731445,-45.638672],[166.746289,-45.655859]]]}},{"type":"Feature","properties":{"scalerank":0,"featurecla":"Land","min_zoom":2},"bbox":[-176.847656,-44.116602,-176.177637,-43.717578],"geometry":{"type":"Polygon","coordinates":[[[-176.177637,-43.740332],[-176.571533,-44.114941],[-176.847656,-43.823926],[-176.566113,-43.717578],[-176.177637,-43.740332]]]}},{"type":"Feature","properties":{"scalerank":0,"featurecla":"Land","min_zoom":4},"bbox":[-176.229297,-44.330566,-176.122559,-44.224512],"geometry":{"type":"Polygon","coordinates":[[[-176.176465,-44.32168],[-176.220801,-44.330566],[-176.2146,-44.273535],[-176.229297,-44.236719],[-176.154687,-44.224512],[-176.122559,-44.268457],[-176.176465,-44.32168]]]}},{"type":"Feature","properties":{"scalerank":0,"featurecla":"Land","min_zoom":4},"bbox":[169.021777,-52.570312,169.233496,-52.485156],"geometry":{"type":"Polygon","coordinates":[[[169.178223,-52.497266],[169.233496,-52.548242],[169.127539,-52.570312],[169.075977,-52.551855],[169.039844,-52.528516],[169.021777,-52.49541],[169.079102,-52.498828],[169.128613,-52.485156],[169.178223,-52.497266]]]}},{"type":"Feature","properties":{"scalerank":0,"featurecla":"Land","min_zoom":3},"bbox":[165.88916,-50.846094,166.26748,-50.530957],"geometry":{"type":"Polygon","coordinates":[[[166.221094,-50.761523],[165.88916,-50.807715],[166.200781,-50.750879],[166.221094,-50.761523]]]}},{"type":"Feature","properties":{"scalerank":0,"featurecla":"Land","min_zoom":2},"bbox":[167.521973,-47.263672,168.260645,-46.694434],"geometry":{"type":"Polygon","coordinates":[[[168.144922,-46.862207],[167.521973,-47.258691],[167.955762,-46.694434],[168.144922,-46.862207]]]}},{"type":"Feature","properties":{"scalerank":0,"featurecla":"Land","min_zoom":3},"bbox":[136.942676,-15.824414,137.093652,-15.594824],"geometry":{"type":"Polygon","coordinates":[[[137.093652,-15.778125],[137.050879,-15.824414],[136.996484,-15.775781],[136.985059,-15.725977],[136.942676,-15.711719],[136.963379,-15.665723],[136.985742,-15.652441],[137.00957,-15.594824],[137.064551,-15.662891],[137.071094,-15.738086],[137.093652,-15.778125]]]}},{"type":"Feature","properties":{"scalerank":0,"featurecla":"Land","min_zoom":4},"bbox":[136.845605,-15.627344,136.890234,-15.502539],"geometry":{"type":"Polygon","coordinates":[[[136.862695,-15.619922],[136.846777,-15.627344],[136.845605,-15.544043],[136.876855,-15.502539],[136.890234,-15.588867],[136.862695,-15.619922]]]}},{"type":"Feature","properties":{"scalerank":0,"featurecla":"Land","min_zoom":3},"bbox":[136.502734,-15.632422,136.612305,-15.533691],"geometry":{"type":"Polygon","coordinates":[[[136.591016,-15.628223],[136.531152,-15.632422],[136.514258,-15.627344],[136.502734,-15.583105],[136.522559,-15.543164],[136.586035,-15.533691],[136.612305,-15.544141],[136.591016,-15.628223]]]}},{"type":"Feature","properties":{"scalerank":0,"featurecla":"Land","min_zoom":3},"bbox":[132.483789,-11.318359,132.629102,-10.968848],"geometry":{"type":"Polygon","coordinates":[[[132.593359,-11.302832],[132.573633,-11.318359],[132.49375,-11.163672],[132.516309,-11.116016],[132.483789,-11.037305],[132.537793,-11.028418],[132.578809,-10.968848],[132.593262,-10.997656],[132.596875,-11.106445],[132.629102,-11.169141],[132.593359,-11.302832]]]}},{"type":"Feature","properties":{"scalerank":0,"featurecla":"Land","min_zoom":4},"bbox":[148.938867,-20.302539,149.045313,-20.153516],"geometry":{"type":"Polygon","coordinates":[[[149.04375,-20.291504],[149.019922,-20.302539],[148.987402,-20.301758],[148.938867,-20.283691],[148.981055,-20.153516],[149.004395,-20.221484],[149.045313,-20.277539],[149.04375,-20.291504]]]}},{"type":"Feature","properties":{"scalerank":0,"featurecla":"Land","min_zoom":4},"bbox":[148.886914,-20.154297,148.967871,-20.044336],"geometry":{"type":"Polygon","coordinates":[[[148.935547,-20.149902],[148.913477,-20.154297],[148.886914,-20.143555],[148.906445,-20.101953],[148.931641,-20.068945],[148.967871,-20.044336],[148.95625,-20.134668],[148.935547,-20.149902]]]}},{"type":"Feature","properties":{"scalerank":0,"featurecla":"Land","min_zoom":3},"bbox":[146.098828,-18.484766,146.341992,-18.225879],"geometry":{"type":"Polygon","coordinates":[[[146.27832,-18.23125],[146.298828,-18.326074],[146.341992,-18.400098],[146.327051,-18.448633],[146.298828,-18.484766],[146.235645,-18.450781],[146.191309,-18.362891],[146.116211,-18.292383],[146.098828,-18.251758],[146.186719,-18.255176],[146.230859,-18.241406],[146.249121,-18.225879],[146.27832,-18.23125]]]}},{"type":"Feature","properties":{"scalerank":0,"featurecla":"Land","min_zoom":3},"bbox":[142.125488,-10.762012,142.274805,-10.591992],"geometry":{"type":"Polygon","coordinates":[[[142.274805,-10.704785],[142.191406,-10.762012],[142.137207,-10.731934],[142.125488,-10.668457],[142.131055,-10.640625],[142.197949,-10.591992],[142.274805,-10.704785]]]}},{"type":"Feature","properties":{"scalerank":0,"featurecla":"Land","min_zoom":3},"bbox":[142.195117,-10.254199,142.338965,-10.14043],"geometry":{"type":"Polygon","coordinates":[[[142.338965,-10.192188],[142.279395,-10.254199],[142.216211,-10.235645],[142.195117,-10.199316],[142.21875,-10.149414],[142.29873,-10.14043],[142.338965,-10.192188]]]}},{"type":"Feature","properties":{"scalerank":0,"featurecla":"Land","min_zoom":4},"bbox":[142.097656,-10.18125,142.191992,-10.051758],"geometry":{"type":"Polygon","coordinates":[[[142.167578,-10.154102],[142.141992,-10.18125],[142.097656,-10.121777],[142.148828,-10.051758],[142.191992,-10.085254],[142.167578,-10.154102]]]}},{"type":"Feature","properties":{"scalerank":0,"featurecla":"Land","min_zoom":2},"bbox":[139.147656,-16.741699,139.697754,-16.395215],"geometry":{"type":"Polygon","coordinates":[[[139.507812,-16.573047],[139.15957,-16.741699],[139.559668,-16.529492],[139.507812,-16.573047]]]}},{"type":"Feature","properties":{"scalerank":0,"featurecla":"Land","min_zoom":3},"bbox":[139.408203,-17.131641,139.570898,-16.99043],"geometry":{"type":"Polygon","coordinates":[[[139.45918,-17.114551],[139.42168,-17.131641],[139.408203,-17.090625],[139.45918,-17.049121],[139.492773,-16.99043],[139.560059,-17.041992],[139.570898,-17.094434],[139.45918,-17.114551]]]}},{"type":"Feature","properties":{"scalerank":0,"featurecla":"Land","min_zoom":2},"bbox":[136.335449,-14.293066,136.950781,-13.675879],"geometry":{"type":"Polygon","coordinates":[[[136.714648,-13.803906],[136.894336,-14.293066],[136.335449,-14.211816],[136.695996,-13.726172],[136.714648,-13.803906]]]}},{"type":"Feature","properties":{"scalerank":0,"featurecla":"Land","min_zoom":3},"bbox":[136.122266,-13.835938,136.275391,-13.664746],"geometry":{"type":"Polygon","coordinates":[[[136.237402,-13.824512],[136.213672,-13.835938],[136.122656,-13.816602],[136.122266,-13.780566],[136.134375,-13.753125],[136.15957,-13.736719],[136.21543,-13.664746],[136.257422,-13.706641],[136.275391,-13.791113],[136.237402,-13.824512]]]}},{"type":"Feature","properties":{"scalerank":0,"featurecla":"Land","min_zoom":3},"bbox":[136.52168,-11.438867,136.780273,-11.0125],"geometry":{"type":"Polygon","coordinates":[[[136.598535,-11.378906],[136.526563,-11.438867],[136.52168,-11.393848],[136.559766,-11.35791],[136.649023,-11.211621],[136.687988,-11.177637],[136.710547,-11.158398],[136.727344,-11.104785],[136.731738,-11.024609],[136.780273,-11.0125],[136.741406,-11.194629],[136.598535,-11.378906]]]}},{"type":"Feature","properties":{"scalerank":0,"featurecla":"Land","min_zoom":3},"bbox":[136.180273,-11.676758,136.479297,-11.465918],"geometry":{"type":"Polygon","coordinates":[[[136.338672,-11.602344],[136.180273,-11.676758],[136.267383,-11.576465],[136.449219,-11.487109],[136.479297,-11.465918],[136.470508,-11.509277],[136.379395,-11.583203],[136.338672,-11.602344]]]}},{"type":"Feature","properties":{"scalerank":0,"featurecla":"Land","min_zoom":2},"bbox":[130.043262,-11.835645,130.60625,-11.336816],"geometry":{"type":"Polygon","coordinates":[[[130.459277,-11.679297],[130.043262,-11.787305],[130.294922,-11.336816],[130.432813,-11.592188],[130.459277,-11.679297]]]}},{"type":"Feature","properties":{"scalerank":0,"featurecla":"Land","min_zoom":2},"bbox":[130.368555,-11.926465,131.538574,-11.180469],"geometry":{"type":"Polygon","coordinates":[[[130.618848,-11.376074],[131.538574,-11.436914],[130.950977,-11.926465],[130.559766,-11.305957],[130.618848,-11.376074]]]}},{"type":"Feature","properties":{"scalerank":0,"featurecla":"Land","min_zoom":3},"bbox":[125.091211,-14.641699,125.198828,-14.456055],"geometry":{"type":"Polygon","coordinates":[[[125.198828,-14.579492],[125.134766,-14.641699],[125.091211,-14.591699],[125.117383,-14.491992],[125.159961,-14.456055],[125.198145,-14.474805],[125.193555,-14.552637],[125.198828,-14.579492]]]}},{"type":"Feature","properties":{"scalerank":0,"featurecla":"Land","min_zoom":3},"bbox":[124.482813,-15.430176,124.605078,-15.26748],"geometry":{"type":"Polygon","coordinates":[[[124.597266,-15.401953],[124.55957,-15.430176],[124.524219,-15.421484],[124.52373,-15.382422],[124.482813,-15.340332],[124.504102,-15.29248],[124.519336,-15.26748],[124.550879,-15.270313],[124.564551,-15.31084],[124.605078,-15.356543],[124.597266,-15.401953]]]}},{"type":"Feature","properties":{"scalerank":0,"featurecla":"Land","min_zoom":3},"bbox":[115.308594,-20.866016,115.457617,-20.667969],"geometry":{"type":"Polygon","coordinates":[[[115.446191,-20.787793],[115.388086,-20.866016],[115.318066,-20.850586],[115.308594,-20.811133],[115.354297,-20.746289],[115.43457,-20.667969],[115.457617,-20.716309],[115.446191,-20.787793]]]}},{"type":"Feature","properties":{"scalerank":0,"featurecla":"Land","min_zoom":3},"bbox":[112.908203,-26.094531,113.183008,-25.520215],"geometry":{"type":"Polygon","coordinates":[[[113.183008,-26.053125],[112.94707,-25.531543],[113.14834,-25.973828],[113.183008,-26.053125]]]}},{"type":"Feature","properties":{"scalerank":0,"featurecla":"Land","min_zoom":3},"bbox":[147.104688,-43.500781,147.356055,-43.278906],"geometry":{"type":"Polygon","coordinates":[[[147.356055,-43.396973],[147.308887,-43.500781],[147.231445,-43.483105],[147.153809,-43.500195],[147.10498,-43.431152],[147.104688,-43.412891],[147.163086,-43.430273],[147.184668,-43.407813],[147.198438,-43.379199],[147.219727,-43.371387],[147.233984,-43.330469],[147.283887,-43.278906],[147.3125,-43.280273],[147.34248,-43.346289],[147.356055,-43.396973]]]}},{"type":"Feature","properties":{"scalerank":0,"featurecla":"Land","min_zoom":3},"bbox":[148.022754,-42.719238,148.169531,-42.593164],"geometry":{"type":"Polygon","coordinates":[[[148.104297,-42.710449],[148.048145,-42.719238],[148.029688,-42.714844],[148.030859,-42.663379],[148.022754,-42.64043],[148.072559,-42.593164],[148.142773,-42.615918],[148.169531,-42.651758],[148.100586,-42.680566],[148.104297,-42.710449]]]}},{"type":"Feature","properties":{"scalerank":0,"featurecla":"Land","min_zoom":3},"bbox":[147.296094,-43.24082,147.43457,-43.080273],"geometry":{"type":"Polygon","coordinates":[[[147.43457,-43.240723],[147.371875,-43.24082],[147.348828,-43.232422],[147.337598,-43.183301],[147.296094,-43.161719],[147.319141,-43.145313],[147.327344,-43.114648],[147.352539,-43.080273],[147.397266,-43.118262],[147.43457,-43.240723]]]}},{"type":"Feature","properties":{"scalerank":0,"featurecla":"Land","min_zoom":4},"bbox":[144.710156,-40.589453,144.79082,-40.434863],"geometry":{"type":"Polygon","coordinates":[[[144.784375,-40.506738],[144.748047,-40.589453],[144.710156,-40.485254],[144.751172,-40.470215],[144.783398,-40.434863],[144.79082,-40.440332],[144.784375,-40.506738]]]}},{"type":"Feature","properties":{"scalerank":0,"featurecla":"Land","min_zoom":2},"bbox":[143.838574,-40.120215,144.141016,-39.580176],"geometry":{"type":"Polygon","coordinates":[[[143.92793,-40.116113],[143.948828,-39.583691],[144.035059,-40.078223],[143.92793,-40.116113]]]}},{"type":"Feature","properties":{"scalerank":0,"featurecla":"Land","min_zoom":3},"bbox":[148.010449,-40.497266,148.474219,-40.306934],"geometry":{"type":"Polygon","coordinates":[[[148.32627,-40.306934],[148.420703,-40.367188],[148.474219,-40.432422],[148.404004,-40.486523],[148.352734,-40.497266],[148.319434,-40.43457],[148.214063,-40.45752],[148.102539,-40.45166],[148.020117,-40.404199],[148.010449,-40.380566],[148.058789,-40.356836],[148.198145,-40.35791],[148.32627,-40.306934]]]}},{"type":"Feature","properties":{"scalerank":0,"featurecla":"Land","min_zoom":2},"bbox":[147.767188,-40.262109,148.323242,-39.725977],"geometry":{"type":"Polygon","coordinates":[[[148.000391,-39.757617],[148.313574,-40.173535],[147.933008,-39.725977],[148.000391,-39.757617]]]}},{"type":"Feature","properties":{"scalerank":0,"featurecla":"Land","min_zoom":4},"bbox":[148.117285,-40.592578,148.236914,-40.503125],"geometry":{"type":"Polygon","coordinates":[[[148.236914,-40.515137],[148.187793,-40.592578],[148.126953,-40.543945],[148.117285,-40.521484],[148.193164,-40.503125],[148.218359,-40.505078],[148.236914,-40.515137]]]}},{"type":"Feature","properties":{"scalerank":0,"featurecla":"Land","min_zoom":2},"bbox":[136.540625,-36.074805,138.123438,-35.59248],"geometry":{"type":"Polygon","coordinates":[[[137.596484,-35.738672],[138.123438,-35.852344],[136.540625,-35.890137],[137.598145,-35.722266],[137.596484,-35.738672]]]}},{"type":"Feature","properties":{"scalerank":0,"featurecla":"Land","min_zoom":3},"bbox":[145.280273,-38.420996,145.486523,-38.31416],"geometry":{"type":"Polygon","coordinates":[[[145.486523,-38.354883],[145.33584,-38.420996],[145.280273,-38.390625],[145.28584,-38.341016],[145.295313,-38.318945],[145.426563,-38.31416],[145.486523,-38.354883]]]}},{"type":"Feature","properties":{"scalerank":0,"featurecla":"Land","min_zoom":4},"bbox":[145.128418,-38.557031,145.355078,-38.458594],"geometry":{"type":"Polygon","coordinates":[[[145.314453,-38.49082],[145.349219,-38.538184],[145.355078,-38.557031],[145.270898,-38.519727],[145.128418,-38.527637],[145.217773,-38.458594],[145.287891,-38.472168],[145.314453,-38.49082]]]}},{"type":"Feature","properties":{"scalerank":0,"featurecla":"Land","min_zoom":3},"bbox":[153.395801,-27.711719,153.53877,-27.405371],"geometry":{"type":"Polygon","coordinates":[[[153.53877,-27.436426],[153.426563,-27.706445],[153.521875,-27.422461],[153.53877,-27.436426]]]}},{"type":"Feature","properties":{"scalerank":0,"featurecla":"Land","min_zoom":3},"bbox":[153.365039,-27.330957,153.466797,-27.029883],"geometry":{"type":"Polygon","coordinates":[[[153.44248,-27.316016],[153.420898,-27.330957],[153.376563,-27.235352],[153.365039,-27.138867],[153.379883,-27.049414],[153.432324,-27.029883],[153.466797,-27.038086],[153.426367,-27.201465],[153.44248,-27.316016]]]}},{"type":"Feature","properties":{"scalerank":0,"featurecla":"Land","min_zoom":2},"bbox":[152.97666,-25.77832,153.359277,-24.728906],"geometry":{"type":"Polygon","coordinates":[[[153.077441,-25.750781],[153.256934,-24.728906],[153.083789,-25.68252],[153.077441,-25.750781]]]}},{"type":"Feature","properties":{"scalerank":0,"featurecla":"Land","min_zoom":3},"bbox":[151.033301,-23.775781,151.295801,-23.460547],"geometry":{"type":"Polygon","coordinates":[[[151.146582,-23.49082],[151.238281,-23.775781],[151.059961,-23.460547],[151.146582,-23.49082]]]}},{"type":"Feature","properties":{"scalerank":0,"featurecla":"Land","min_zoom":4},"bbox":[150.462402,-22.324707,150.548828,-22.210742],"geometry":{"type":"Polygon","coordinates":[[[150.516699,-22.322559],[150.488477,-22.324707],[150.462402,-22.307715],[150.484668,-22.267871],[150.488477,-22.210742],[150.521484,-22.22832],[150.548828,-22.306934],[150.516699,-22.322559]]]}},{"type":"Feature","properties":{"scalerank":0,"featurecla":"Land","min_zoom":4},"bbox":[149.869531,-22.223242,149.92832,-22.04873],"geometry":{"type":"Polygon","coordinates":[[[149.92832,-22.193066],[149.893652,-22.223242],[149.869531,-22.150391],[149.875391,-22.074023],[149.912305,-22.04873],[149.92793,-22.149316],[149.92832,-22.193066]]]}},{"type":"Feature","properties":{"scalerank":0,"featurecla":"Land","min_zoom":3},"bbox":[117.272266,8.191016,117.355273,8.31499],"geometry":{"type":"Polygon","coordinates":[[[117.355273,8.214648],[117.287012,8.191016],[117.272266,8.253516],[117.280859,8.31499],[117.32959,8.308496],[117.353711,8.289258],[117.355273,8.214648]]]}},{"type":"Feature","properties":{"scalerank":0,"featurecla":"Land","min_zoom":3},"bbox":[116.969531,7.80752,117.079883,8.069141],"geometry":{"type":"Polygon","coordinates":[[[117.079883,7.883398],[117.02832,7.80752],[116.969531,7.894922],[116.975781,8.01665],[116.993555,8.050537],[117.077051,8.069141],[117.079883,7.883398]]]}},{"type":"Feature","properties":{"scalerank":0,"featurecla":"Land","min_zoom":3},"bbox":[119.764453,10.455273,120.008398,10.640137],"geometry":{"type":"Polygon","coordinates":[[[119.916211,10.485986],[119.793164,10.455273],[119.764453,10.551611],[119.852051,10.640137],[119.950195,10.604785],[120.008398,10.570117],[119.981152,10.538721],[119.916211,10.485986]]]}},{"type":"Feature","properties":{"scalerank":0,"featurecla":"Land","min_zoom":3},"bbox":[119.725586,11.375684,119.88291,11.525342],"geometry":{"type":"Polygon","coordinates":[[[119.861426,11.525342],[119.88291,11.472412],[119.854883,11.393066],[119.830664,11.375684],[119.798633,11.40874],[119.72998,11.431934],[119.725586,11.474658],[119.761426,11.473633],[119.826758,11.51543],[119.861426,11.525342]]]}},{"type":"Feature","properties":{"scalerank":0,"featurecla":"Land","min_zoom":2},"bbox":[119.865918,11.99375,120.341406,12.319092],"geometry":{"type":"Polygon","coordinates":[[[120.1,12.167676],[120.154688,12.152393],[120.19375,12.167041],[120.228223,12.219824],[120.260547,12.141748],[120.341406,12.077441],[120.314551,12.012402],[120.243457,12.004785],[120.173633,12.019629],[120.100098,11.99375],[120.010547,12.008252],[119.957031,12.069238],[119.896094,12.17876],[119.865918,12.199023],[119.869629,12.243994],[119.891797,12.27251],[119.880078,12.279883],[119.885742,12.299854],[119.89668,12.313428],[119.916406,12.319092],[119.963867,12.27041],[120.077539,12.197754],[120.1,12.167676]]]}},{"type":"Feature","properties":{"scalerank":0,"featurecla":"Land","min_zoom":3},"bbox":[119.860938,11.669385,120.073145,11.981348],"geometry":{"type":"Polygon","coordinates":[[[120.03877,11.70332],[119.963867,11.669385],[119.944922,11.690723],[119.931738,11.740332],[119.932813,11.774463],[119.860938,11.953955],[119.916016,11.981348],[119.956543,11.960254],[119.997852,11.932129],[120.035937,11.917236],[120.070703,11.860547],[120.062402,11.821338],[120.073145,11.783496],[120.03877,11.70332]]]}},{"type":"Feature","properties":{"scalerank":0,"featurecla":"Land","min_zoom":3},"bbox":[122.516699,10.424951,122.737207,10.740625],"geometry":{"type":"Polygon","coordinates":[[[122.649512,10.472705],[122.621875,10.459033],[122.597168,10.461035],[122.538379,10.424951],[122.516699,10.492529],[122.5375,10.607568],[122.625781,10.69502],[122.648438,10.72251],[122.672559,10.738818],[122.70127,10.740625],[122.729199,10.706396],[122.737207,10.65459],[122.68125,10.498242],[122.649512,10.472705]]]}},{"type":"Feature","properties":{"scalerank":0,"featurecla":"Land","min_zoom":1},"bbox":[123.316016,9.422949,124.05791,11.273535],"geometry":{"type":"Polygon","coordinates":[[[123.370313,9.449609],[124.038867,11.273535],[123.493555,9.589307],[123.370313,9.449609]]]}},{"type":"Feature","properties":{"scalerank":0,"featurecla":"Land","min_zoom":3},"bbox":[123.707617,11.150732,123.815625,11.283301],"geometry":{"type":"Polygon","coordinates":[[[123.757031,11.283301],[123.815625,11.150732],[123.736719,11.151465],[123.707617,11.247998],[123.741406,11.27915],[123.757031,11.283301]]]}},{"type":"Feature","properties":{"scalerank":0,"featurecla":"Land","min_zoom":2},"bbox":[123.817187,9.599316,124.593848,10.159912],"geometry":{"type":"Polygon","coordinates":[[[124.593848,9.787207],[123.817187,9.817383],[124.335742,10.159912],[124.582227,9.82959],[124.593848,9.787207]]]}},{"type":"Feature","properties":{"scalerank":0,"featurecla":"Land","min_zoom":3},"bbox":[124.639063,9.083105,124.806641,9.243164],"geometry":{"type":"Polygon","coordinates":[[[124.806641,9.142627],[124.77793,9.083105],[124.66582,9.132324],[124.639063,9.175098],[124.65332,9.22583],[124.708105,9.243018],[124.736816,9.243164],[124.790234,9.190088],[124.806641,9.142627]]]}},{"type":"Feature","properties":{"scalerank":0,"featurecla":"Land","min_zoom":3},"bbox":[123.493457,9.10332,123.70625,9.27876],"geometry":{"type":"Polygon","coordinates":[[[123.697656,9.237305],[123.70625,9.133545],[123.614453,9.10332],[123.540723,9.129736],[123.493457,9.19209],[123.493555,9.215527],[123.535156,9.213574],[123.626074,9.268262],[123.654883,9.27876],[123.697656,9.237305]]]}},{"type":"Feature","properties":{"scalerank":0,"featurecla":"Land","min_zoom":3},"bbox":[119.821484,5.060205,120.250391,5.340088],"geometry":{"type":"Polygon","coordinates":[[[120.250391,5.256592],[119.821484,5.069531],[120.229395,5.284082],[120.250391,5.256592]]]}},{"type":"Feature","properties":{"scalerank":0,"featurecla":"Land","min_zoom":2},"bbox":[121.808691,6.414551,122.323535,6.740723],"geometry":{"type":"Polygon","coordinates":[[[122.092871,6.42832],[121.832031,6.664062],[122.200977,6.48291],[122.092871,6.42832]]]}},{"type":"Feature","properties":{"scalerank":0,"featurecla":"Land","min_zoom":3},"bbox":[125.991211,9.760791,126.172559,10.059229],"geometry":{"type":"Polygon","coordinates":[[[126.059375,9.766211],[126.073828,10.059229],[126.136914,9.767773],[126.059375,9.766211]]]}},{"type":"Feature","properties":{"scalerank":0,"featurecla":"Land","min_zoom":2},"bbox":[125.494824,9.886475,125.70332,10.440137],"geometry":{"type":"Polygon","coordinates":[[[125.690234,9.914453],[125.666797,10.440137],[125.69248,9.939014],[125.690234,9.914453]]]}},{"type":"Feature","properties":{"scalerank":0,"featurecla":"Land","min_zoom":3},"bbox":[120.099414,13.682959,120.272852,13.858057],"geometry":{"type":"Polygon","coordinates":[[[120.271289,13.750684],[120.272852,13.682959],[120.104199,13.782373],[120.099414,13.816943],[120.103418,13.842529],[120.120703,13.858057],[120.211426,13.820654],[120.271289,13.750684]]]}},{"type":"Feature","properties":{"scalerank":0,"featurecla":"Land","min_zoom":2},"bbox":[121.815039,13.20498,122.122363,13.566162],"geometry":{"type":"Polygon","coordinates":[[[121.914844,13.540332],[122.004883,13.20498],[121.866211,13.566162],[121.914844,13.540332]]]}},{"type":"Feature","properties":{"scalerank":0,"featurecla":"Land","min_zoom":2},"bbox":[121.923242,12.105615,122.14502,12.652637],"geometry":{"type":"Polygon","coordinates":[[[122.094043,12.354883],[122.013965,12.105615],[121.960156,12.191406],[121.981934,12.245312],[121.935645,12.290381],[121.923242,12.331299],[121.941016,12.3854],[121.989453,12.435303],[122.001563,12.598535],[122.103809,12.650635],[122.14502,12.652637],[122.130273,12.612598],[122.131641,12.537549],[122.094043,12.354883]]]}},{"type":"Feature","properties":{"scalerank":0,"featurecla":"Land","min_zoom":4},"bbox":[122.247852,12.498291,122.31084,12.59292],"geometry":{"type":"Polygon","coordinates":[[[122.31084,12.528809],[122.279785,12.498291],[122.260938,12.503076],[122.247852,12.556934],[122.278027,12.59292],[122.2875,12.589258],[122.31084,12.528809]]]}},{"type":"Feature","properties":{"scalerank":0,"featurecla":"Land","min_zoom":3},"bbox":[122.422949,12.285596,122.683301,12.491943],"geometry":{"type":"Polygon","coordinates":[[[122.654492,12.309033],[122.60332,12.285596],[122.499316,12.383691],[122.438867,12.429492],[122.422949,12.455078],[122.471875,12.491943],[122.603613,12.491602],[122.673633,12.424268],[122.683301,12.382324],[122.654492,12.309033]]]}},{"type":"Feature","properties":{"scalerank":0,"featurecla":"Land","min_zoom":3},"bbox":[122.949023,12.70083,123.367188,13.116162],"geometry":{"type":"Polygon","coordinates":[[[123.281836,12.853418],[122.95752,13.107178],[123.20625,12.90542],[123.281836,12.853418]]]}},{"type":"Feature","properties":{"scalerank":0,"featurecla":"Land","min_zoom":3},"bbox":[123.587207,12.36626,123.779102,12.674902],"geometry":{"type":"Polygon","coordinates":[[[123.775391,12.453906],[123.779102,12.36626],[123.741504,12.398535],[123.620605,12.570508],[123.587207,12.633301],[123.621484,12.674902],[123.708691,12.610791],[123.775391,12.453906]]]}},{"type":"Feature","properties":{"scalerank":0,"featurecla":"Land","min_zoom":2},"bbox":[123.155859,11.752441,124.055664,12.583496],"geometry":{"type":"Polygon","coordinates":[[[123.716602,12.287354],[124.045508,11.752441],[123.47373,12.21665],[123.157813,11.925635],[123.236426,12.583496],[123.574805,12.406934],[123.716602,12.287354]]]}},{"type":"Feature","properties":{"scalerank":0,"featurecla":"Land","min_zoom":2},"bbox":[124.038867,13.531543,124.417188,14.077588],"geometry":{"type":"Polygon","coordinates":[[[124.353613,13.632227],[124.057031,13.605566],[124.18623,14.059521],[124.404004,13.679443],[124.353613,13.632227]]]}},{"type":"Feature","properties":{"scalerank":0,"featurecla":"Land","min_zoom":3},"bbox":[121.945996,14.008008,122.175391,14.22876],"geometry":{"type":"Polygon","coordinates":[[[122.175391,14.048828],[122.172266,14.008008],[121.95625,14.156055],[121.946387,14.181494],[121.945996,14.205127],[121.95918,14.22876],[122.175391,14.048828]]]}},{"type":"Feature","properties":{"scalerank":0,"featurecla":"Land","min_zoom":3},"bbox":[121.820312,14.656055,122.051562,15.046387],"geometry":{"type":"Polygon","coordinates":[[[122.033496,15.005029],[121.933008,14.656055],[121.97168,15.046387],[122.033496,15.005029]]]}},{"type":"Feature","properties":{"scalerank":0,"featurecla":"Land","min_zoom":3},"bbox":[121.825195,18.8229,121.987891,19.010449],"geometry":{"type":"Polygon","coordinates":[[[121.92168,18.894727],[121.858203,18.8229],[121.825195,18.842725],[121.860742,18.912549],[121.859766,18.936768],[121.888867,18.991553],[121.943359,19.010449],[121.987891,18.956641],[121.92168,18.894727]]]}},{"type":"Feature","properties":{"scalerank":0,"featurecla":"Land","min_zoom":4},"bbox":[121.184863,19.015186,121.252246,19.183594],"geometry":{"type":"Polygon","coordinates":[[[121.252246,19.082422],[121.24668,19.015186],[121.196094,19.050684],[121.184863,19.101416],[121.189941,19.138916],[121.213184,19.183594],[121.244727,19.143018],[121.252246,19.082422]]]}},{"type":"Feature","properties":{"scalerank":0,"featurecla":"Land","min_zoom":3},"bbox":[121.374609,19.271338,121.53125,19.399365],"geometry":{"type":"Polygon","coordinates":[[[121.520898,19.361963],[121.53125,19.271338],[121.47207,19.27334],[121.38291,19.328467],[121.374609,19.356299],[121.375977,19.379688],[121.391602,19.399365],[121.520898,19.361963]]]}},{"type":"Feature","properties":{"scalerank":0,"featurecla":"Land","min_zoom":4},"bbox":[121.914062,20.353711,122.031152,20.47959],"geometry":{"type":"Polygon","coordinates":[[[121.960059,20.365869],[121.941309,20.353711],[121.914062,20.359424],[121.941211,20.453711],[121.991211,20.47959],[122.031152,20.469385],[121.960059,20.365869]]]}},{"type":"Feature","properties":{"scalerank":0,"featurecla":"Land","min_zoom":4},"bbox":[121.790625,20.700293,121.878125,20.84126],"geometry":{"type":"Polygon","coordinates":[[[121.878125,20.781885],[121.82959,20.700293],[121.790625,20.701172],[121.796484,20.746631],[121.847852,20.84126],[121.866992,20.839209],[121.878125,20.781885]]]}},{"type":"Feature","properties":{"scalerank":0,"featurecla":"Land","min_zoom":2},"bbox":[147.781055,-5.833984,148.076074,-5.49082],"geometry":{"type":"Polygon","coordinates":[[[148.025781,-5.826367],[147.794629,-5.492383],[148.060449,-5.764648],[148.025781,-5.826367]]]}},{"type":"Feature","properties":{"scalerank":0,"featurecla":"Land","min_zoom":3},"bbox":[147.005859,-5.437402,147.221875,-5.19082],"geometry":{"type":"Polygon","coordinates":[[[147.17627,-5.431934],[147.120215,-5.437402],[147.029004,-5.342383],[147.005859,-5.307031],[147.014746,-5.257422],[147.131055,-5.19082],[147.206348,-5.251563],[147.221875,-5.381543],[147.17627,-5.431934]]]}},{"type":"Feature","properties":{"scalerank":0,"featurecla":"Land","min_zoom":3},"bbox":[145.883594,-4.755762,146.053418,-4.539258],"geometry":{"type":"Polygon","coordinates":[[[146.019336,-4.726172],[145.952344,-4.755762],[145.904004,-4.733008],[145.883594,-4.66748],[145.900195,-4.604199],[145.958789,-4.554297],[145.995801,-4.539258],[146.037402,-4.573145],[146.053418,-4.640137],[146.019336,-4.726172]]]}},{"type":"Feature","properties":{"scalerank":0,"featurecla":"Land","min_zoom":4},"bbox":[147.735547,-2.335742,147.876953,-2.246777],"geometry":{"type":"Polygon","coordinates":[[[147.876953,-2.283105],[147.844531,-2.335742],[147.768945,-2.33125],[147.735547,-2.315527],[147.790234,-2.305566],[147.812207,-2.262109],[147.83584,-2.246777],[147.876953,-2.283105]]]}},{"type":"Feature","properties":{"scalerank":0,"featurecla":"Land","min_zoom":2},"bbox":[146.531348,-2.210449,147.444141,-1.948535],"geometry":{"type":"Polygon","coordinates":[[[147.067578,-1.960156],[147.438086,-2.058984],[146.546484,-2.208594],[146.857129,-1.948535],[147.067578,-1.960156]]]}},{"type":"Feature","properties":{"scalerank":0,"featurecla":"Land","min_zoom":1},"bbox":[154.540039,-5.440625,154.727148,-5.013867],"geometry":{"type":"Polygon","coordinates":[[[154.647266,-5.432715],[154.632617,-5.013867],[154.698438,-5.382812],[154.647266,-5.432715]]]}},{"type":"Feature","properties":{"scalerank":0,"featurecla":"Land","min_zoom":3},"bbox":[152.543262,-3.221191,152.670605,-3.042773],"geometry":{"type":"Polygon","coordinates":[[[152.670605,-3.133398],[152.646191,-3.221191],[152.585059,-3.169824],[152.543262,-3.095605],[152.569922,-3.0625],[152.63877,-3.042773],[152.670605,-3.133398]]]}},{"type":"Feature","properties":{"scalerank":0,"featurecla":"Land","min_zoom":3},"bbox":[151.95459,-2.997852,152.099219,-2.845605],"geometry":{"type":"Polygon","coordinates":[[[152.099219,-2.947363],[152.088477,-2.997852],[152.057324,-2.994922],[151.971094,-2.896094],[151.95459,-2.870508],[151.974707,-2.845605],[152.074609,-2.918457],[152.099219,-2.947363]]]}},{"type":"Feature","properties":{"scalerank":0,"featurecla":"Land","min_zoom":4},"bbox":[151.929785,-2.830371,152.011328,-2.708594],"geometry":{"type":"Polygon","coordinates":[[[151.957227,-2.830176],[151.933398,-2.830371],[151.929785,-2.750586],[151.946387,-2.708594],[152.001953,-2.737793],[152.011328,-2.80918],[151.957227,-2.830176]]]}},{"type":"Feature","properties":{"scalerank":0,"featurecla":"Land","min_zoom":3},"bbox":[149.545898,-1.58916,149.76543,-1.353223],"geometry":{"type":"Polygon","coordinates":[[[149.76543,-1.553027],[149.763184,-1.58916],[149.690918,-1.570898],[149.671094,-1.57627],[149.545898,-1.47168],[149.547852,-1.407715],[149.580957,-1.353223],[149.633008,-1.362012],[149.725293,-1.430664],[149.76543,-1.553027]]]}},{"type":"Feature","properties":{"scalerank":0,"featurecla":"Land","min_zoom":2},"bbox":[149.961621,-2.675488,150.451563,-2.38418],"geometry":{"type":"Polygon","coordinates":[[[150.436621,-2.661816],[149.961621,-2.473828],[150.446094,-2.632324],[150.436621,-2.661816]]]}},{"type":"Feature","properties":{"scalerank":0,"featurecla":"Land","min_zoom":2},"bbox":[150.776074,-10.194727,151.296484,-9.709082],"geometry":{"type":"Polygon","coordinates":[[[151.080957,-10.020117],[150.776074,-9.709082],[151.044141,-9.983105],[151.080957,-10.020117]]]}},{"type":"Feature","properties":{"scalerank":0,"featurecla":"Land","min_zoom":2},"bbox":[150.109766,-9.518555,150.368164,-9.206348],"geometry":{"type":"Polygon","coordinates":[[[150.34541,-9.493848],[150.331348,-9.518555],[150.272852,-9.500391],[150.109766,-9.361914],[150.134961,-9.25957],[150.208301,-9.206348],[150.320117,-9.26416],[150.357031,-9.349023],[150.368164,-9.396484],[150.34541,-9.493848]]]}},{"type":"Feature","properties":{"scalerank":0,"featurecla":"Land","min_zoom":2},"bbox":[150.431445,-9.702832,150.898633,-9.345605],"geometry":{"type":"Polygon","coordinates":[[[150.528418,-9.346582],[150.894043,-9.66748],[150.498926,-9.345605],[150.528418,-9.346582]]]}},{"type":"Feature","properties":{"scalerank":0,"featurecla":"Land","min_zoom":3},"bbox":[151.00498,-8.804883,151.138574,-8.418848],"geometry":{"type":"Polygon","coordinates":[[[151.106836,-8.733496],[151.124121,-8.804883],[151.046191,-8.72832],[151.080762,-8.641797],[151.086816,-8.59502],[151.082813,-8.568652],[151.00498,-8.523828],[151.046289,-8.450586],[151.090137,-8.425977],[151.117578,-8.418848],[151.116406,-8.521875],[151.138574,-8.568066],[151.106836,-8.733496]]]}},{"type":"Feature","properties":{"scalerank":0,"featurecla":"Land","min_zoom":2},"bbox":[152.515137,-9.224316,152.995313,-8.959375],"geometry":{"type":"Polygon","coordinates":[[[152.630957,-8.959375],[152.966895,-9.208984],[152.577051,-8.97002],[152.630957,-8.959375]]]}},{"type":"Feature","properties":{"scalerank":0,"featurecla":"Land","min_zoom":4},"bbox":[150.785742,-10.643457,150.89873,-10.551855],"geometry":{"type":"Polygon","coordinates":[[[150.89873,-10.565332],[150.884668,-10.643457],[150.802344,-10.620215],[150.785742,-10.603418],[150.799316,-10.554102],[150.87207,-10.551855],[150.89873,-10.565332]]]}},{"type":"Feature","properties":{"scalerank":0,"featurecla":"Land","min_zoom":3},"bbox":[154.023438,-11.425684,154.280762,-11.311426],"geometry":{"type":"Polygon","coordinates":[[[154.280762,-11.361426],[154.266016,-11.415918],[154.22959,-11.397461],[154.121191,-11.425684],[154.064063,-11.419336],[154.031152,-11.370508],[154.023438,-11.347949],[154.117676,-11.365527],[154.101758,-11.311426],[154.237891,-11.338867],[154.280762,-11.361426]]]}},{"type":"Feature","properties":{"scalerank":0,"featurecla":"Land","min_zoom":2},"bbox":[153.203613,-11.630566,153.759863,-11.324121],"geometry":{"type":"Polygon","coordinates":[[[153.536133,-11.476172],[153.703223,-11.528516],[153.759863,-11.586328],[153.699512,-11.612598],[153.553711,-11.630566],[153.519238,-11.595215],[153.379004,-11.55957],[153.357031,-11.49502],[153.286816,-11.516992],[153.322363,-11.471484],[153.234473,-11.420313],[153.207031,-11.351855],[153.203613,-11.324121],[153.306738,-11.356348],[153.536133,-11.476172]]]}},{"type":"Feature","properties":{"scalerank":0,"featurecla":"Land","min_zoom":3},"bbox":[143.321875,-8.484766,143.592578,-8.367578],"geometry":{"type":"Polygon","coordinates":[[[143.586816,-8.481738],[143.321875,-8.367578],[143.592578,-8.459961],[143.586816,-8.481738]]]}},{"type":"Feature","properties":{"scalerank":0,"featurecla":"Land","min_zoom":3},"bbox":[143.206836,-8.677148,143.608203,-8.423438],"geometry":{"type":"Polygon","coordinates":[[[143.590332,-8.633398],[143.608203,-8.677148],[143.462793,-8.61709],[143.324121,-8.516797],[143.253809,-8.489551],[143.206836,-8.423438],[143.293066,-8.472754],[143.443359,-8.518945],[143.590332,-8.633398]]]}},{"type":"Feature","properties":{"scalerank":0,"featurecla":"Land","min_zoom":2},"bbox":[135.383008,-1.216797,136.375293,-0.651367],"geometry":{"type":"Polygon","coordinates":[[[135.383008,-0.651367],[136.375293,-1.094043],[135.387695,-0.704883],[135.383008,-0.651367]]]}},{"type":"Feature","properties":{"scalerank":0,"featurecla":"Land","min_zoom":2},"bbox":[135.469727,-1.893652,136.892578,-1.591797],"geometry":{"type":"Polygon","coordinates":[[[135.474219,-1.591797],[136.892578,-1.799707],[135.469727,-1.616211],[135.474219,-1.591797]]]}},{"type":"Feature","properties":{"scalerank":0,"featurecla":"Land","min_zoom":3},"bbox":[134.808887,-1.134277,134.996289,-0.938477],"geometry":{"type":"Polygon","coordinates":[[[134.965332,-1.116016],[134.917383,-1.134277],[134.861719,-1.11416],[134.808887,-1.037598],[134.82793,-0.978809],[134.889258,-0.938477],[134.94082,-0.978906],[134.956738,-1.030566],[134.996289,-1.034082],[134.965332,-1.116016]]]}},{"type":"Feature","properties":{"scalerank":0,"featurecla":"Land","min_zoom":4},"bbox":[134.335059,-2.13877,134.419043,-2.027637],"geometry":{"type":"Polygon","coordinates":[[[134.374219,-2.123535],[134.345215,-2.13877],[134.335059,-2.095215],[134.350781,-2.036914],[134.369531,-2.027637],[134.391016,-2.030762],[134.419043,-2.051758],[134.374219,-2.123535]]]}},{"type":"Feature","properties":{"scalerank":0,"featurecla":"Land","min_zoom":2},"bbox":[138.563379,-8.401758,138.897656,-8.173438],"geometry":{"type":"Polygon","coordinates":[[[138.895117,-8.388672],[138.563379,-8.309082],[138.897656,-8.3375],[138.895117,-8.388672]]]}},{"type":"Feature","properties":{"scalerank":0,"featurecla":"Land","min_zoom":3},"bbox":[133.320898,-4.299316,133.621875,-4.111035],"geometry":{"type":"Polygon","coordinates":[[[133.570801,-4.245898],[133.621875,-4.299316],[133.50293,-4.257422],[133.333008,-4.169629],[133.320898,-4.111035],[133.464355,-4.199805],[133.570801,-4.245898]]]}},{"type":"Feature","properties":{"scalerank":0,"featurecla":"Land","min_zoom":2},"bbox":[129.737695,-2.063867,130.425,-1.690527],"geometry":{"type":"Polygon","coordinates":[[[130.35332,-1.690527],[130.248047,-2.047754],[129.737695,-1.866895],[130.317969,-1.691992],[130.35332,-1.690527]]]}},{"type":"Feature","properties":{"scalerank":0,"featurecla":"Land","min_zoom":0.5},"bbox":[130.667969,-1.343457,131.073926,-0.890039],"geometry":{"type":"Polygon","coordinates":[[[131.001855,-1.315527],[130.672949,-0.959766],[131.046191,-1.188184],[131.001855,-1.315527]]]}},{"type":"Feature","properties":{"scalerank":0,"featurecla":"Land","min_zoom":3},"bbox":[130.402441,-0.923926,130.905273,-0.765039],"geometry":{"type":"Polygon","coordinates":[[[130.905273,-0.777441],[130.402441,-0.923926],[130.807031,-0.765039],[130.905273,-0.777441]]]}},{"type":"Feature","properties":{"scalerank":0,"featurecla":"Land","min_zoom":3},"bbox":[130.46543,-0.52998,130.684277,-0.417285],"geometry":{"type":"Polygon","coordinates":[[[130.62666,-0.528711],[130.569141,-0.52998],[130.46543,-0.486523],[130.525879,-0.44873],[130.56416,-0.440918],[130.597461,-0.418262],[130.615918,-0.417285],[130.656934,-0.436523],[130.684277,-0.469141],[130.62666,-0.528711]]]}},{"type":"Feature","properties":{"scalerank":0,"featurecla":"Land","min_zoom":2},"bbox":[130.236621,-0.443848,131.339746,-0.004102],"geometry":{"type":"Polygon","coordinates":[[[130.813281,-0.004102],[131.339746,-0.290332],[130.236621,-0.209668],[130.722363,-0.029834],[130.813281,-0.004102]]]}},{"type":"Feature","properties":{"scalerank":0,"featurecla":"Land","min_zoom":3},"bbox":[129.308789,-0.189844,129.548926,0.04541],"geometry":{"type":"Polygon","coordinates":[[[129.548926,-0.187012],[129.505664,-0.189844],[129.469238,-0.131445],[129.370117,-0.066406],[129.308789,0.04541],[129.541992,-0.139258],[129.548926,-0.187012]]]}},{"type":"Feature","properties":{"scalerank":0,"featurecla":"Land","min_zoom":2},"bbox":[128.217969,2.034717,128.688477,2.597607],"geometry":{"type":"Polygon","coordinates":[[[128.453906,2.051758],[128.217969,2.297461],[128.602148,2.597607],[128.547559,2.09707],[128.453906,2.051758]]]}},{"type":"Feature","properties":{"scalerank":0,"featurecla":"Land","min_zoom":4},"bbox":[127.396777,-0.036621,127.453418,0.142578],"geometry":{"type":"Polygon","coordinates":[[[127.453418,-0.005859],[127.448633,-0.036621],[127.417871,0.006348],[127.396777,0.016602],[127.419531,0.124414],[127.431348,0.142578],[127.449414,0.068994],[127.453418,-0.005859]]]}},{"type":"Feature","properties":{"scalerank":0,"featurecla":"Land","min_zoom":4},"bbox":[127.362891,0.631006,127.445898,0.744385],"geometry":{"type":"Polygon","coordinates":[[[127.419727,0.64209],[127.383984,0.631006],[127.373633,0.634863],[127.362891,0.675146],[127.382617,0.743555],[127.424805,0.744385],[127.442578,0.733447],[127.445898,0.683301],[127.419727,0.64209]]]}},{"type":"Feature","properties":{"scalerank":0,"featurecla":"Land","min_zoom":3},"bbox":[127.104395,-0.521191,127.290039,-0.255762],"geometry":{"type":"Polygon","coordinates":[[[127.249902,-0.495313],[127.187305,-0.521191],[127.119141,-0.520508],[127.104395,-0.413867],[127.126465,-0.278613],[127.189648,-0.255762],[127.290039,-0.284375],[127.253027,-0.318652],[127.280566,-0.391016],[127.249902,-0.495313]]]}},{"type":"Feature","properties":{"scalerank":0,"featurecla":"Land","min_zoom":3},"bbox":[127.156445,-0.801563,127.30127,-0.619336],"geometry":{"type":"Polygon","coordinates":[[[127.300391,-0.780957],[127.289062,-0.801563],[127.18457,-0.775293],[127.156445,-0.760938],[127.209082,-0.619336],[127.258203,-0.623438],[127.30127,-0.758398],[127.300391,-0.780957]]]}},{"type":"Feature","properties":{"scalerank":0,"featurecla":"Land","min_zoom":2},"bbox":[127.29707,-0.883691,127.880176,-0.306641],"geometry":{"type":"Polygon","coordinates":[[[127.566992,-0.318945],[127.761133,-0.883691],[127.3,-0.500293],[127.527344,-0.306641],[127.566992,-0.318945]]]}},{"type":"Feature","properties":{"scalerank":0,"featurecla":"Land","min_zoom":2},"bbox":[127.392188,-1.728516,128.153027,-1.332422],"geometry":{"type":"Polygon","coordinates":[[[128.153027,-1.660547],[127.392188,-1.644824],[127.64668,-1.332422],[128.14873,-1.603711],[128.153027,-1.660547]]]}},{"type":"Feature","properties":{"scalerank":0,"featurecla":"Land","min_zoom":1.5},"bbox":[134.153125,-6.365332,134.758105,-5.427344],"geometry":{"type":"Polygon","coordinates":[[[134.746973,-5.707031],[134.441113,-6.334863],[134.205371,-5.707227],[134.700781,-5.603027],[134.746973,-5.707031]]]}},{"type":"Feature","properties":{"scalerank":0,"featurecla":"Land","min_zoom":1.5},"bbox":[134.05918,-6.908789,134.536816,-6.17627],"geometry":{"type":"Polygon","coordinates":[[[134.536816,-6.442285],[134.2,-6.908789],[134.114648,-6.19082],[134.415039,-6.386719],[134.536816,-6.442285]]]}},{"type":"Feature","properties":{"scalerank":0,"featurecla":"Land","min_zoom":3},"bbox":[132.84502,-5.987988,133.172852,-5.310645],"geometry":{"type":"Polygon","coordinates":[[[132.92627,-5.902051],[133.138477,-5.317871],[132.971094,-5.73584],[132.92627,-5.902051]]]}},{"type":"Feature","properties":{"scalerank":0,"featurecla":"Land","min_zoom":3},"bbox":[132.630176,-5.94707,132.807129,-5.607031],"geometry":{"type":"Polygon","coordinates":[[[132.807129,-5.850781],[132.746289,-5.94707],[132.704883,-5.913086],[132.681445,-5.912598],[132.667285,-5.856055],[132.681348,-5.738867],[132.630176,-5.607031],[132.697852,-5.608984],[132.716504,-5.64834],[132.737793,-5.661719],[132.804297,-5.788867],[132.807129,-5.850781]]]}},{"type":"Feature","properties":{"scalerank":0,"featurecla":"Land","min_zoom":3},"bbox":[128.585156,-3.602539,128.722461,-3.494824],"geometry":{"type":"Polygon","coordinates":[[[128.722461,-3.546875],[128.720117,-3.58916],[128.713281,-3.602539],[128.658789,-3.587793],[128.619531,-3.588574],[128.585156,-3.512207],[128.594922,-3.494824],[128.666504,-3.516699],[128.693555,-3.524512],[128.722461,-3.546875]]]}},{"type":"Feature","properties":{"scalerank":0,"featurecla":"Land","min_zoom":3},"bbox":[128.391602,-3.637891,128.562598,-3.514746],"geometry":{"type":"Polygon","coordinates":[[[128.562598,-3.585449],[128.391602,-3.637891],[128.42832,-3.54043],[128.451563,-3.514746],[128.536328,-3.541309],[128.562598,-3.585449]]]}},{"type":"Feature","properties":{"scalerank":0,"featurecla":"Land","min_zoom":2},"bbox":[127.925,-3.770996,128.329102,-3.512305],"geometry":{"type":"Polygon","coordinates":[[[128.275586,-3.674609],[127.925,-3.699316],[128.277441,-3.633203],[128.275586,-3.674609]]]}},{"type":"Feature","properties":{"scalerank":0,"featurecla":"Land","min_zoom":0.5},"bbox":[122.584961,-5.671289,123.203027,-4.386914],"geometry":{"type":"Polygon","coordinates":[[[123.179785,-4.551172],[123.187305,-5.333008],[122.64502,-5.663379],[123.068945,-4.433594],[123.179785,-4.551172]]]}},{"type":"Feature","properties":{"scalerank":0,"featurecla":"Land","min_zoom":0.5},"bbox":[122.283105,-5.391211,122.759863,-4.618652],"geometry":{"type":"Polygon","coordinates":[[[122.645117,-5.269434],[122.283105,-5.319531],[122.701953,-4.618652],[122.614062,-5.138672],[122.645117,-5.269434]]]}},{"type":"Feature","properties":{"scalerank":0,"featurecla":"Land","min_zoom":2},"bbox":[121.808496,-5.464746,122.061816,-5.072266],"geometry":{"type":"Polygon","coordinates":[[[122.042969,-5.437988],[121.97959,-5.464746],[121.859375,-5.350293],[121.808496,-5.256152],[121.820703,-5.20293],[121.856641,-5.15625],[121.87373,-5.144629],[121.866309,-5.095996],[121.913672,-5.072266],[121.965723,-5.075586],[121.999902,-5.14082],[122.041016,-5.158789],[122.061816,-5.221289],[122.042969,-5.437988]]]}},{"type":"Feature","properties":{"scalerank":0,"featurecla":"Land","min_zoom":2},"bbox":[122.969043,-4.233301,123.246973,-3.980957],"geometry":{"type":"Polygon","coordinates":[[[123.242383,-4.112988],[123.144531,-4.233301],[123.076172,-4.227148],[122.994727,-4.148047],[122.970898,-4.061328],[122.969043,-4.02998],[123.024902,-3.980957],[123.211914,-3.997559],[123.246973,-4.040918],[123.242383,-4.112988]]]}},{"type":"Feature","properties":{"scalerank":0,"featurecla":"Land","min_zoom":3},"bbox":[125.862891,-2.469434,126.065723,-1.974805],"geometry":{"type":"Polygon","coordinates":[[[126.055078,-2.45127],[125.922754,-1.974805],[126.065723,-2.36582],[126.055078,-2.45127]]]}},{"type":"Feature","properties":{"scalerank":0,"featurecla":"Land","min_zoom":2},"bbox":[125.387207,-1.940039,126.331738,-1.789746],"geometry":{"type":"Polygon","coordinates":[[[126.024219,-1.789746],[126.331738,-1.822852],[125.387207,-1.843066],[125.720313,-1.81377],[126.024219,-1.789746]]]}},{"type":"Feature","properties":{"scalerank":0,"featurecla":"Land","min_zoom":2},"bbox":[124.329688,-2.006934,125.320215,-1.635938],"geometry":{"type":"Polygon","coordinates":[[[124.969531,-1.705469],[125.314063,-1.877148],[124.417773,-2.005176],[124.663965,-1.635938],[124.969531,-1.705469]]]}},{"type":"Feature","properties":{"scalerank":0,"featurecla":"Land","min_zoom":4},"bbox":[123.777246,-1.995703,123.866016,-1.87832],"geometry":{"type":"Polygon","coordinates":[[[123.848242,-1.955469],[123.866016,-1.995703],[123.803516,-1.994336],[123.777246,-1.918652],[123.783496,-1.87832],[123.848242,-1.955469]]]}},{"type":"Feature","properties":{"scalerank":0,"featurecla":"Land","min_zoom":2},"bbox":[122.81084,-1.616016,123.547266,-1.15752],"geometry":{"type":"Polygon","coordinates":[[[123.212305,-1.171289],[123.511914,-1.447363],[122.89043,-1.587207],[123.158301,-1.15752],[123.212305,-1.171289]]]}},{"type":"Feature","properties":{"scalerank":0,"featurecla":"Land","min_zoom":4},"bbox":[123.070898,-1.898926,123.152539,-1.772656],"geometry":{"type":"Polygon","coordinates":[[[123.152539,-1.816504],[123.078809,-1.898926],[123.070898,-1.854883],[123.08584,-1.814844],[123.106445,-1.786719],[123.1375,-1.772656],[123.152539,-1.816504]]]}},{"type":"Feature","properties":{"scalerank":0,"featurecla":"Land","min_zoom":3},"bbox":[121.655273,-0.526172,121.906836,-0.406836],"geometry":{"type":"Polygon","coordinates":[[[121.864355,-0.406836],[121.906836,-0.45127],[121.88125,-0.502637],[121.846875,-0.489844],[121.756055,-0.49082],[121.721777,-0.494727],[121.680957,-0.525],[121.655273,-0.526172],[121.672363,-0.478809],[121.749316,-0.407031],[121.797363,-0.417676],[121.864355,-0.406836]]]}},{"type":"Feature","properties":{"scalerank":0,"featurecla":"Land","min_zoom":2},"bbox":[126.704492,4.012598,126.921094,4.5479],"geometry":{"type":"Polygon","coordinates":[[[126.816602,4.033496],[126.757324,4.5479],[126.847656,4.17998],[126.816602,4.033496]]]}},{"type":"Feature","properties":{"scalerank":0,"featurecla":"Land","min_zoom":3},"bbox":[126.6375,3.83252,126.739648,4.041943],"geometry":{"type":"Polygon","coordinates":[[[126.719336,3.874658],[126.721777,3.83252],[126.66123,3.928418],[126.6375,4.041943],[126.685547,4.001416],[126.739648,3.917725],[126.719336,3.874658]]]}},{"type":"Feature","properties":{"scalerank":0,"featurecla":"Land","min_zoom":4},"bbox":[126.777539,3.756934,126.857813,3.85791],"geometry":{"type":"Polygon","coordinates":[[[126.851855,3.768457],[126.835547,3.756934],[126.799609,3.783887],[126.777539,3.813428],[126.778906,3.843164],[126.804492,3.85791],[126.857031,3.812402],[126.857813,3.787207],[126.851855,3.768457]]]}},{"type":"Feature","properties":{"scalerank":0,"featurecla":"Land","min_zoom":3},"bbox":[125.455273,3.40542,125.658105,3.733252],"geometry":{"type":"Polygon","coordinates":[[[125.658105,3.436035],[125.468848,3.733252],[125.643555,3.476514],[125.658105,3.436035]]]}},{"type":"Feature","properties":{"scalerank":0,"featurecla":"Land","min_zoom":4},"bbox":[125.360059,2.629541,125.446484,2.805371],"geometry":{"type":"Polygon","coordinates":[[[125.407422,2.651611],[125.397266,2.629541],[125.360059,2.746826],[125.39082,2.805371],[125.435254,2.783887],[125.446484,2.762988],[125.403906,2.707031],[125.407422,2.651611]]]}},{"type":"Feature","properties":{"scalerank":0,"featurecla":"Land","min_zoom":3},"bbox":[120.435547,-6.464844,120.549219,-5.775293],"geometry":{"type":"Polygon","coordinates":[[[120.52832,-6.298438],[120.487305,-6.464844],[120.467969,-6.406152],[120.460742,-6.254004],[120.435547,-6.180176],[120.451563,-6.094922],[120.446484,-5.87627],[120.477344,-5.775293],[120.53418,-5.903809],[120.549219,-5.969238],[120.52832,-6.298438]]]}},{"type":"Feature","properties":{"scalerank":0,"featurecla":"Land","min_zoom":3},"bbox":[131.750781,-7.251367,131.982031,-7.104492],"geometry":{"type":"Polygon","coordinates":[[[131.982031,-7.202051],[131.969531,-7.251367],[131.926855,-7.225],[131.884473,-7.16748],[131.822852,-7.15918],[131.777539,-7.143945],[131.750781,-7.116797],[131.922266,-7.104492],[131.982031,-7.202051]]]}},{"type":"Feature","properties":{"scalerank":0,"featurecla":"Land","min_zoom":3},"bbox":[130.775195,-8.349902,131.176367,-8.091309],"geometry":{"type":"Polygon","coordinates":[[[130.862207,-8.31875],[131.176367,-8.130762],[130.908105,-8.245703],[130.862207,-8.31875]]]}},{"type":"Feature","properties":{"scalerank":0,"featurecla":"Land","min_zoom":2},"bbox":[131.086816,-8.01084,131.736133,-7.112793],"geometry":{"type":"Polygon","coordinates":[[[131.325586,-7.999512],[131.137793,-7.684863],[131.643457,-7.112793],[131.343457,-7.981445],[131.325586,-7.999512]]]}},{"type":"Feature","properties":{"scalerank":0,"featurecla":"Land","min_zoom":3},"bbox":[129.591895,-8.046484,129.843555,-7.794824],"geometry":{"type":"Polygon","coordinates":[[[129.838867,-7.95459],[129.779785,-8.046484],[129.713477,-8.040723],[129.591895,-7.917383],[129.59873,-7.831348],[129.608984,-7.803418],[129.655469,-7.794824],[129.812988,-7.819727],[129.843555,-7.889355],[129.838867,-7.95459]]]}},{"type":"Feature","properties":{"scalerank":0,"featurecla":"Land","min_zoom":3},"bbox":[128.529785,-7.208594,128.673242,-7.06875],"geometry":{"type":"Polygon","coordinates":[[[128.670117,-7.183301],[128.625,-7.208594],[128.550195,-7.156348],[128.529785,-7.13457],[128.577344,-7.083203],[128.627734,-7.06875],[128.658301,-7.091113],[128.673242,-7.113379],[128.666895,-7.137988],[128.670117,-7.183301]]]}},{"type":"Feature","properties":{"scalerank":0,"featurecla":"Land","min_zoom":3},"bbox":[127.78623,-8.255371,128.119238,-8.098828],"geometry":{"type":"Polygon","coordinates":[[[127.823438,-8.098828],[128.119238,-8.170703],[127.78623,-8.120313],[127.823438,-8.098828]]]}},{"type":"Feature","properties":{"scalerank":0,"featurecla":"Land","min_zoom":3},"bbox":[127.355273,-7.646484,127.475195,-7.512793],"geometry":{"type":"Polygon","coordinates":[[[127.419434,-7.623047],[127.355273,-7.646484],[127.375,-7.572461],[127.370703,-7.512793],[127.475195,-7.531055],[127.474023,-7.578516],[127.463965,-7.596875],[127.419434,-7.623047]]]}},{"type":"Feature","properties":{"scalerank":0,"featurecla":"Land","min_zoom":2},"bbox":[125.798242,-7.98457,126.814453,-7.571777],"geometry":{"type":"Polygon","coordinates":[[[126.800977,-7.667871],[125.798242,-7.98457],[126.726367,-7.662207],[126.800977,-7.667871]]]}},{"type":"Feature","properties":{"scalerank":0,"featurecla":"Land","min_zoom":3},"bbox":[125.507129,-8.311816,125.646094,-8.139941],"geometry":{"type":"Polygon","coordinates":[[[125.646094,-8.139941],[125.579492,-8.311816],[125.507129,-8.275098],[125.584082,-8.178613],[125.621094,-8.15],[125.646094,-8.139941]]]}},{"type":"Feature","properties":{"scalerank":0,"featurecla":"Land","min_zoom":1},"bbox":[123.325586,-10.3375,123.496777,-10.139941],"geometry":{"type":"Polygon","coordinates":[[[123.416211,-10.302637],[123.325977,-10.3375],[123.325586,-10.26416],[123.395312,-10.171387],[123.458789,-10.139941],[123.493945,-10.176953],[123.496777,-10.193945],[123.405078,-10.227148],[123.416211,-10.302637]]]}},{"type":"Feature","properties":{"scalerank":0,"featurecla":"Land","min_zoom":2},"bbox":[122.818457,-10.909668,123.418164,-10.472461],"geometry":{"type":"Polygon","coordinates":[[[122.948926,-10.909277],[123.371094,-10.474902],[123.005273,-10.876367],[122.948926,-10.909277]]]}},{"type":"Feature","properties":{"scalerank":0,"featurecla":"Land","min_zoom":3},"bbox":[121.704688,-10.602148,121.99834,-10.433008],"geometry":{"type":"Polygon","coordinates":[[[121.883008,-10.590332],[121.833105,-10.602148],[121.726172,-10.573145],[121.704688,-10.555664],[121.796289,-10.507422],[121.866992,-10.438867],[121.949512,-10.433008],[121.99834,-10.446973],[121.981348,-10.528418],[121.883008,-10.590332]]]}},{"type":"Feature","properties":{"scalerank":0,"featurecla":"Land","min_zoom":2},"bbox":[124.355566,-8.444629,125.131738,-8.135449],"geometry":{"type":"Polygon","coordinates":[[[124.575586,-8.14082],[125.131738,-8.326465],[124.444238,-8.444629],[124.508594,-8.135449],[124.575586,-8.14082]]]}},{"type":"Feature","properties":{"scalerank":0,"featurecla":"Land","min_zoom":2},"bbox":[123.927734,-8.55166,124.304492,-8.201758],"geometry":{"type":"Polygon","coordinates":[[[124.286621,-8.329492],[123.927734,-8.448926],[124.304492,-8.228809],[124.286621,-8.329492]]]}},{"type":"Feature","properties":{"scalerank":0,"featurecla":"Land","min_zoom":2},"bbox":[123.230078,-8.586621,123.924805,-8.19043],"geometry":{"type":"Polygon","coordinates":[[[123.924805,-8.272461],[123.230078,-8.530664],[123.896094,-8.239258],[123.924805,-8.272461]]]}},{"type":"Feature","properties":{"scalerank":0,"featurecla":"Land","min_zoom":3},"bbox":[123.025,-8.398633,123.336035,-8.235449],"geometry":{"type":"Polygon","coordinates":[[[123.31748,-8.354785],[123.025,-8.395508],[123.336035,-8.269043],[123.31748,-8.354785]]]}},{"type":"Feature","properties":{"scalerank":0,"featurecla":"Land","min_zoom":3},"bbox":[119.378906,-8.750488,119.557227,-8.429199],"geometry":{"type":"Polygon","coordinates":[[[119.464063,-8.741016],[119.424902,-8.750488],[119.385547,-8.736035],[119.40166,-8.64707],[119.378906,-8.586523],[119.419922,-8.539062],[119.430176,-8.45498],[119.446484,-8.429199],[119.470508,-8.455664],[119.481738,-8.472949],[119.502148,-8.481055],[119.546973,-8.482617],[119.557227,-8.518848],[119.555469,-8.553418],[119.536328,-8.589355],[119.482813,-8.628223],[119.444043,-8.671777],[119.464063,-8.741016]]]}},{"type":"Feature","properties":{"scalerank":0,"featurecla":"Land","min_zoom":3},"bbox":[119.020898,-8.240039,119.134863,-8.13916],"geometry":{"type":"Polygon","coordinates":[[[119.073828,-8.238867],[119.02998,-8.240039],[119.020898,-8.199902],[119.036621,-8.157813],[119.078711,-8.140234],[119.097754,-8.13916],[119.12832,-8.177148],[119.134863,-8.19707],[119.106738,-8.223438],[119.073828,-8.238867]]]}},{"type":"Feature","properties":{"scalerank":0,"featurecla":"Land","min_zoom":3},"bbox":[115.480469,-8.804199,115.613281,-8.669922],"geometry":{"type":"Polygon","coordinates":[[[115.609961,-8.769824],[115.581934,-8.804199],[115.500879,-8.742871],[115.480469,-8.71543],[115.540625,-8.675391],[115.561426,-8.669922],[115.613281,-8.713184],[115.609961,-8.769824]]]}},{"type":"Feature","properties":{"scalerank":0,"featurecla":"Land","min_zoom":3},"bbox":[115.220313,-6.987793,115.546094,-6.838477],"geometry":{"type":"Polygon","coordinates":[[[115.377051,-6.970801],[115.295801,-6.987793],[115.220313,-6.952539],[115.222168,-6.905176],[115.240527,-6.86123],[115.353711,-6.838477],[115.414453,-6.839746],[115.479199,-6.870215],[115.524219,-6.901855],[115.546094,-6.938672],[115.424121,-6.940625],[115.377051,-6.970801]]]}},{"type":"Feature","properties":{"scalerank":0,"featurecla":"Land","min_zoom":3},"bbox":[112.586035,-5.846484,112.727344,-5.726172],"geometry":{"type":"Polygon","coordinates":[[[112.719434,-5.811035],[112.697949,-5.846484],[112.602148,-5.843652],[112.586035,-5.803613],[112.648535,-5.730859],[112.690039,-5.726172],[112.727344,-5.752734],[112.719434,-5.811035]]]}},{"type":"Feature","properties":{"scalerank":0,"featurecla":"Land","min_zoom":2},"bbox":[117.625098,4.004004,117.922852,4.262402],"geometry":{"type":"Polygon","coordinates":[[[117.922852,4.054297],[117.662109,4.250195],[117.917871,4.090527],[117.922852,4.054297]]]}},{"type":"Feature","properties":{"scalerank":0,"featurecla":"Land","min_zoom":3},"bbox":[117.5375,3.247754,117.680859,3.436084],"geometry":{"type":"Polygon","coordinates":[[[117.658398,3.280518],[117.645801,3.247754],[117.560352,3.328223],[117.5375,3.386377],[117.547852,3.431982],[117.636719,3.436084],[117.680859,3.40752],[117.658398,3.280518]]]}},{"type":"Feature","properties":{"scalerank":0,"featurecla":"Land","min_zoom":3},"bbox":[116.326563,-3.636719,116.426953,-3.399902],"geometry":{"type":"Polygon","coordinates":[[[116.424121,-3.464453],[116.387793,-3.636719],[116.326563,-3.539062],[116.395312,-3.42334],[116.426953,-3.399902],[116.424121,-3.464453]]]}},{"type":"Feature","properties":{"scalerank":0,"featurecla":"Land","min_zoom":0.5},"bbox":[116.018359,-4.054102,116.318652,-3.251074],"geometry":{"type":"Polygon","coordinates":[[[116.30332,-3.868164],[116.058789,-4.006934],[116.269727,-3.251074],[116.289258,-3.820898],[116.30332,-3.868164]]]}},{"type":"Feature","properties":{"scalerank":0,"featurecla":"Land","min_zoom":3},"bbox":[108.803711,-1.661621,108.956836,-1.539844],"geometry":{"type":"Polygon","coordinates":[[[108.953125,-1.619629],[108.837891,-1.661621],[108.803711,-1.567773],[108.877246,-1.539844],[108.956836,-1.564063],[108.953125,-1.619629]]]}},{"type":"Feature","properties":{"scalerank":0,"featurecla":"Land","min_zoom":2},"bbox":[109.428125,-1.282813,109.760547,-0.979102],"geometry":{"type":"Polygon","coordinates":[[[109.710254,-1.180664],[109.475977,-0.985352],[109.750781,-1.14502],[109.710254,-1.180664]]]}},{"type":"Feature","properties":{"scalerank":0,"featurecla":"Land","min_zoom":4},"bbox":[108.786523,2.853027,108.8875,2.998975],"geometry":{"type":"Polygon","coordinates":[[[108.8875,2.90542],[108.838867,2.853027],[108.786523,2.885645],[108.86709,2.991895],[108.885742,2.998975],[108.8875,2.90542]]]}},{"type":"Feature","properties":{"scalerank":0,"featurecla":"Land","min_zoom":2},"bbox":[108.002344,3.653076,108.398828,4.217139],"geometry":{"type":"Polygon","coordinates":[[[108.316016,3.689648],[108.003516,4.042578],[108.393555,3.836182],[108.316016,3.689648]]]}},{"type":"Feature","properties":{"scalerank":0,"featurecla":"Land","min_zoom":3},"bbox":[106.200977,3.088232,106.285254,3.22959],"geometry":{"type":"Polygon","coordinates":[[[106.285254,3.157129],[106.283691,3.088232],[106.214551,3.128564],[106.200977,3.204883],[106.22373,3.22959],[106.271191,3.216309],[106.285254,3.157129]]]}},{"type":"Feature","properties":{"scalerank":0,"featurecla":"Land","min_zoom":3},"bbox":[105.692187,2.85918,105.836719,3.0625],"geometry":{"type":"Polygon","coordinates":[[[105.760352,2.863037],[105.718555,2.85918],[105.706152,2.888867],[105.70791,2.940088],[105.704199,2.980908],[105.692187,3.011328],[105.692187,3.0625],[105.730664,3.036963],[105.760352,3.013037],[105.794531,2.995947],[105.822168,2.984375],[105.836719,2.976514],[105.809375,2.903955],[105.760352,2.863037]]]}},{"type":"Feature","properties":{"scalerank":0,"featurecla":"Land","min_zoom":0.5},"bbox":[101.403418,1.715723,101.773535,2.126709],"geometry":{"type":"Polygon","coordinates":[[[101.708105,2.078418],[101.500781,1.733203],[101.640723,2.126709],[101.708105,2.078418]]]}},{"type":"Feature","properties":{"scalerank":0,"featurecla":"Land","min_zoom":2},"bbox":[102.228613,0.959766,102.448828,1.39707],"geometry":{"type":"Polygon","coordinates":[[[102.427148,0.990137],[102.256348,1.39707],[102.428906,1.067285],[102.427148,0.990137]]]}},{"type":"Feature","properties":{"scalerank":0,"featurecla":"Land","min_zoom":2},"bbox":[102.018359,1.330908,102.499414,1.625391],"geometry":{"type":"Polygon","coordinates":[[[102.491895,1.45918],[102.018359,1.585645],[102.469531,1.510059],[102.491895,1.45918]]]}},{"type":"Feature","properties":{"scalerank":0,"featurecla":"Land","min_zoom":0.5},"bbox":[102.453906,0.708105,103.027539,1.130225],"geometry":{"type":"Polygon","coordinates":[[[103.027539,0.746631],[102.453906,0.889502],[103.002441,0.859277],[103.027539,0.746631]]]}},{"type":"Feature","properties":{"scalerank":0,"featurecla":"Land","min_zoom":2},"bbox":[102.701855,0.84165,103.166406,1.165479],"geometry":{"type":"Polygon","coordinates":[[[103.166406,0.870166],[102.725586,1.158838],[103.067578,1.014746],[103.166406,0.870166]]]}},{"type":"Feature","properties":{"scalerank":0,"featurecla":"Land","min_zoom":3},"bbox":[103.139551,0.536182,103.295117,0.699756],"geometry":{"type":"Polygon","coordinates":[[[103.284473,0.541943],[103.172168,0.536182],[103.139551,0.549072],[103.15332,0.643115],[103.187402,0.699756],[103.238184,0.698633],[103.295117,0.613965],[103.284473,0.541943]]]}},{"type":"Feature","properties":{"scalerank":0,"featurecla":"Land","min_zoom":3},"bbox":[103.31543,0.993359,103.429688,1.133643],"geometry":{"type":"Polygon","coordinates":[[[103.423926,1.04834],[103.429688,0.993359],[103.363281,1.006836],[103.31543,1.071289],[103.35498,1.117236],[103.37998,1.133643],[103.404883,1.072559],[103.423926,1.04834]]]}},{"type":"Feature","properties":{"scalerank":0,"featurecla":"Land","min_zoom":3},"bbox":[103.344434,0.650879,103.497461,0.86958],"geometry":{"type":"Polygon","coordinates":[[[103.450195,0.664453],[103.429688,0.650879],[103.344434,0.777881],[103.365723,0.851123],[103.386133,0.86958],[103.433105,0.825],[103.470313,0.778125],[103.497461,0.722705],[103.450195,0.664453]]]}},{"type":"Feature","properties":{"scalerank":0,"featurecla":"Land","min_zoom":4},"bbox":[103.740039,0.772217,103.833984,0.891357],"geometry":{"type":"Polygon","coordinates":[[[103.828613,0.801025],[103.833984,0.772217],[103.742383,0.82998],[103.740039,0.871826],[103.751953,0.891357],[103.806641,0.846338],[103.828613,0.801025]]]}},{"type":"Feature","properties":{"scalerank":0,"featurecla":"Land","min_zoom":3},"bbox":[103.932227,0.989551,104.139844,1.180566],"geometry":{"type":"Polygon","coordinates":[[[104.024805,1.180566],[104.088086,1.137012],[104.139844,1.165576],[104.137793,1.128223],[104.127344,1.092383],[104.066113,0.989551],[103.963574,1.013232],[103.939844,1.046484],[103.932227,1.071387],[103.946973,1.087012],[103.955371,1.137451],[103.999805,1.137256],[104.024805,1.180566]]]}},{"type":"Feature","properties":{"scalerank":0,"featurecla":"Land","min_zoom":2},"bbox":[104.244238,0.831934,104.662891,1.216113],"geometry":{"type":"Polygon","coordinates":[[[104.585352,1.216113],[104.575195,0.831934],[104.500098,1.180225],[104.585352,1.216113]]]}},{"type":"Feature","properties":{"scalerank":0,"featurecla":"Land","min_zoom":3},"bbox":[104.098145,0.804883,104.239355,0.943994],"geometry":{"type":"Polygon","coordinates":[[[104.239355,0.833984],[104.176758,0.804883],[104.098145,0.89624],[104.101074,0.91748],[104.108301,0.933545],[104.122754,0.943994],[104.170508,0.896729],[104.227051,0.879883],[104.239355,0.833984]]]}},{"type":"Feature","properties":{"scalerank":0,"featurecla":"Land","min_zoom":3},"bbox":[104.499219,0.034668,104.698145,0.23208],"geometry":{"type":"Polygon","coordinates":[[[104.689258,0.059521],[104.698145,0.034668],[104.650879,0.062695],[104.622363,0.079639],[104.603516,0.095215],[104.499219,0.23208],[104.543848,0.223291],[104.659863,0.103076],[104.689258,0.059521]]]}},{"type":"Feature","properties":{"scalerank":0,"featurecla":"Land","min_zoom":2},"bbox":[104.44707,-0.32334,105.005371,0.017725],"geometry":{"type":"Polygon","coordinates":[[[104.778613,-0.175977],[104.80752,-0.19248],[104.843164,-0.140625],[104.908984,-0.211719],[104.949707,-0.247266],[105.005371,-0.282813],[104.950586,-0.284473],[104.928516,-0.316992],[104.914258,-0.32334],[104.702246,-0.208691],[104.566602,-0.245605],[104.473535,-0.212109],[104.44707,-0.18916],[104.49707,-0.126367],[104.542676,0.017725],[104.635645,-0.018457],[104.658398,-0.062842],[104.652734,-0.076025],[104.713477,-0.103027],[104.778613,-0.175977]]]}},{"type":"Feature","properties":{"scalerank":0,"featurecla":"Land","min_zoom":2},"bbox":[104.257129,-0.658594,104.590137,-0.334668],"geometry":{"type":"Polygon","coordinates":[[[104.474219,-0.334668],[104.567773,-0.431836],[104.590137,-0.466602],[104.543945,-0.520508],[104.506543,-0.59668],[104.485352,-0.612891],[104.413867,-0.583691],[104.363184,-0.658594],[104.329785,-0.539062],[104.257129,-0.463281],[104.302344,-0.385742],[104.31875,-0.380176],[104.340723,-0.382617],[104.363574,-0.402832],[104.474219,-0.334668]]]}},{"type":"Feature","properties":{"scalerank":0,"featurecla":"Land","min_zoom":3},"bbox":[103.461328,-0.38291,103.764258,-0.227539],"geometry":{"type":"Polygon","coordinates":[[[103.736523,-0.347949],[103.606348,-0.38291],[103.461328,-0.357617],[103.479004,-0.297461],[103.548926,-0.227539],[103.610938,-0.230566],[103.723926,-0.27666],[103.764258,-0.317773],[103.736523,-0.347949]]]}},{"type":"Feature","properties":{"scalerank":0,"featurecla":"Land","min_zoom":2},"bbox":[107.563477,-3.226855,108.290625,-2.530273],"geometry":{"type":"Polygon","coordinates":[[[108.207227,-2.997656],[107.614453,-3.209375],[107.666309,-2.566309],[108.290625,-2.82998],[108.207227,-2.997656]]]}},{"type":"Feature","properties":{"scalerank":0,"featurecla":"Land","min_zoom":4},"bbox":[107.402441,-2.925293,107.499707,-2.834668],"geometry":{"type":"Polygon","coordinates":[[[107.47334,-2.899512],[107.432813,-2.925293],[107.409277,-2.900586],[107.402441,-2.872949],[107.419336,-2.838086],[107.474414,-2.834668],[107.499707,-2.84502],[107.47334,-2.899512]]]}},{"type":"Feature","properties":{"scalerank":0,"featurecla":"Land","min_zoom":3},"bbox":[106.742871,-3.025293,106.910645,-2.898926],"geometry":{"type":"Polygon","coordinates":[[[106.886426,-3.005273],[106.869727,-3.025293],[106.814258,-3.014453],[106.774316,-2.986816],[106.749219,-2.960449],[106.742871,-2.932813],[106.796875,-2.898926],[106.910645,-2.933984],[106.886426,-3.005273]]]}},{"type":"Feature","properties":{"scalerank":0,"featurecla":"Land","min_zoom":3},"bbox":[105.121387,-6.6625,105.277441,-6.523926],"geometry":{"type":"Polygon","coordinates":[[[105.252832,-6.64043],[105.19043,-6.6625],[105.142773,-6.643066],[105.121387,-6.614941],[105.192285,-6.545605],[105.225684,-6.529102],[105.260547,-6.523926],[105.277441,-6.561426],[105.252832,-6.64043]]]}},{"type":"Feature","properties":{"scalerank":0,"featurecla":"Land","min_zoom":2},"bbox":[97.079199,0.564453,97.931934,1.539746],"geometry":{"type":"Polygon","coordinates":[[[97.481543,1.465088],[97.82041,0.564453],[97.079199,1.425488],[97.355957,1.539746],[97.481543,1.465088]]]}},{"type":"Feature","properties":{"scalerank":0,"featurecla":"Land","min_zoom":3},"bbox":[102.110742,-5.483496,102.405469,-5.28623],"geometry":{"type":"Polygon","coordinates":[[[102.367188,-5.478711],[102.110742,-5.322559],[102.405469,-5.404785],[102.367188,-5.478711]]]}},{"type":"Feature","properties":{"scalerank":0,"featurecla":"Land","min_zoom":2},"bbox":[100.179297,-3.328516,100.468848,-2.783203],"geometry":{"type":"Polygon","coordinates":[[[100.425098,-3.18291],[100.198535,-2.785547],[100.433887,-3.141309],[100.425098,-3.18291]]]}},{"type":"Feature","properties":{"scalerank":0,"featurecla":"Land","min_zoom":3},"bbox":[99.968164,-2.821387,100.204102,-2.510254],"geometry":{"type":"Polygon","coordinates":[[[100.204102,-2.741016],[100.132715,-2.821387],[100.014941,-2.819727],[99.991895,-2.769824],[99.996875,-2.649316],[99.968164,-2.609766],[99.969336,-2.594141],[99.987891,-2.525391],[100.011914,-2.510254],[100.201953,-2.679688],[100.204102,-2.741016]]]}},{"type":"Feature","properties":{"scalerank":0,"featurecla":"Land","min_zoom":3},"bbox":[99.537402,-2.369727,99.847852,-2.016602],"geometry":{"type":"Polygon","coordinates":[[[99.843066,-2.343066],[99.572168,-2.025781],[99.815723,-2.284375],[99.843066,-2.343066]]]}},{"type":"Feature","properties":{"scalerank":0,"featurecla":"Land","min_zoom":2},"bbox":[98.601758,-1.783496,99.271484,-0.915625],"geometry":{"type":"Polygon","coordinates":[[[99.163867,-1.77793],[98.676074,-0.970508],[99.271484,-1.738477],[99.163867,-1.77793]]]}},{"type":"Feature","properties":{"scalerank":0,"featurecla":"Land","min_zoom":2},"bbox":[98.309668,-0.576855,98.544141,0.00708],"geometry":{"type":"Polygon","coordinates":[[[98.459277,-0.530469],[98.322949,-0.000781],[98.520117,-0.379688],[98.459277,-0.530469]]]}},{"type":"Feature","properties":{"scalerank":0,"featurecla":"Land","min_zoom":3},"bbox":[97.108301,2.053271,97.33418,2.232227],"geometry":{"type":"Polygon","coordinates":[[[97.33418,2.075635],[97.32832,2.053271],[97.225098,2.158496],[97.108301,2.216895],[97.156641,2.232227],[97.252832,2.216016],[97.291406,2.20083],[97.328711,2.148535],[97.33418,2.075635]]]}},{"type":"Feature","properties":{"scalerank":0,"featurecla":"Land","min_zoom":2},"bbox":[95.717188,2.350684,96.463672,2.916016],"geometry":{"type":"Polygon","coordinates":[[[96.463672,2.36001],[95.717188,2.825977],[96.459375,2.41582],[96.463672,2.36001]]]}},{"type":"Feature","properties":{"scalerank":0,"featurecla":"Land","min_zoom":3},"bbox":[95.217676,5.784131,95.366016,5.907031],"geometry":{"type":"Polygon","coordinates":[[[95.362109,5.812402],[95.342578,5.784131],[95.283203,5.798535],[95.217676,5.889502],[95.241992,5.907031],[95.28252,5.897754],[95.35918,5.876758],[95.366016,5.842676],[95.362109,5.812402]]]}},{"type":"Feature","properties":{"scalerank":0,"featurecla":"Land","min_zoom":3},"bbox":[111.300391,2.402197,111.389258,2.768311],"geometry":{"type":"Polygon","coordinates":[[[111.389258,2.415332],[111.333496,2.768311],[111.380469,2.458936],[111.389258,2.415332]]]}},{"type":"Feature","properties":{"scalerank":0,"featurecla":"Land","min_zoom":3},"bbox":[117.060156,7.115283,117.280762,7.35166],"geometry":{"type":"Polygon","coordinates":[[[117.141602,7.168213],[117.080664,7.115283],[117.060156,7.178857],[117.064258,7.260693],[117.146875,7.337012],[117.264063,7.35166],[117.280762,7.290625],[117.266797,7.220801],[117.239355,7.184766],[117.141602,7.168213]]]}},{"type":"Feature","properties":{"scalerank":0,"featurecla":"Land","min_zoom":3},"bbox":[31.508789,46.154687,32.150098,46.373145],"geometry":{"type":"Polygon","coordinates":[[[32.012207,46.203906],[32.150098,46.154687],[32.009375,46.167822],[31.700195,46.214062],[31.563867,46.257764],[31.528711,46.306592],[31.508789,46.373145],[31.584863,46.303174],[31.638477,46.272559],[32.012207,46.203906]]]}},{"type":"Feature","properties":{"scalerank":0,"featurecla":"Land","min_zoom":2},"bbox":[22.05625,58.68999,23.008691,59.087109],"geometry":{"type":"Polygon","coordinates":[[[22.92373,58.826904],[22.05625,58.943604],[23.008691,58.833936],[22.92373,58.826904]]]}},{"type":"Feature","properties":{"scalerank":0,"featurecla":"Land","min_zoom":3},"bbox":[23.063477,58.53999,23.356445,58.678125],"geometry":{"type":"Polygon","coordinates":[[[23.343555,58.550342],[23.063477,58.611084],[23.356445,58.575537],[23.343555,58.550342]]]}},{"type":"Feature","properties":{"scalerank":0,"featurecla":"Land","min_zoom":3},"bbox":[35.528906,64.97666,35.858398,65.197559],"geometry":{"type":"Polygon","coordinates":[[[35.816113,65.18208],[35.848438,65.142676],[35.858398,65.07793],[35.827344,65.036475],[35.842285,65.001465],[35.778711,64.97666],[35.680078,65.057617],[35.621387,65.058789],[35.558594,65.093604],[35.528906,65.151074],[35.585742,65.16709],[35.608691,65.157129],[35.729102,65.197559],[35.816113,65.18208]]]}},{"type":"Feature","properties":{"scalerank":0,"featurecla":"Land","min_zoom":4},"bbox":[42.460059,66.688086,42.713672,66.795508],"geometry":{"type":"Polygon","coordinates":[[[42.713672,66.701709],[42.675586,66.688086],[42.477344,66.735059],[42.460059,66.770361],[42.468555,66.785547],[42.547461,66.795508],[42.631445,66.782227],[42.690723,66.735303],[42.713672,66.701709]]]}},{"type":"Feature","properties":{"scalerank":0,"featurecla":"Land","min_zoom":3},"bbox":[26.407715,78.646484,27.007617,78.811475],"geometry":{"type":"Polygon","coordinates":[[[26.875977,78.648926],[26.407715,78.784326],[27.007617,78.69751],[26.875977,78.648926]]]}},{"type":"Feature","properties":{"scalerank":0,"featurecla":"Land","min_zoom":3},"bbox":[27.889063,78.828711,29.69668,78.97085],"geometry":{"type":"Polygon","coordinates":[[[29.04707,78.912061],[29.69668,78.904736],[27.889063,78.852148],[28.845215,78.97085],[29.04707,78.912061]]]}},{"type":"Feature","properties":{"scalerank":0,"featurecla":"Land","min_zoom":3},"bbox":[49.556055,80.060742,50.319141,80.230225],"geometry":{"type":"Polygon","coordinates":[[[50.051758,80.074316],[49.556055,80.158936],[50.072266,80.109473],[50.051758,80.074316]]]}},{"type":"Feature","properties":{"scalerank":0,"featurecla":"Land","min_zoom":3},"bbox":[50.091406,79.920508,51.435156,80.094238],"geometry":{"type":"Polygon","coordinates":[[[51.409277,79.944238],[50.091406,79.980566],[51.326953,79.972314],[51.409277,79.944238]]]}},{"type":"Feature","properties":{"scalerank":0,"featurecla":"Land","min_zoom":3},"bbox":[31.481934,80.081445,33.629297,80.242334],"geometry":{"type":"Polygon","coordinates":[[[32.525977,80.119141],[31.481934,80.10791],[33.556641,80.198145],[32.525977,80.119141]]]}},{"type":"Feature","properties":{"scalerank":0,"featurecla":"Land","min_zoom":2},"bbox":[55.466016,81.135547,58.563867,81.564648],"geometry":{"type":"Polygon","coordinates":[[[57.810254,81.546045],[58.563867,81.418408],[55.466016,81.311182],[57.716602,81.564648],[57.810254,81.546045]]]}},{"type":"Feature","properties":{"scalerank":0,"featurecla":"Land","min_zoom":2},"bbox":[54.04541,80.628418,57.694141,81.115967],"geometry":{"type":"Polygon","coordinates":[[[54.718945,81.115967],[57.694141,80.792285],[54.066602,80.813623],[54.633984,81.113184],[54.718945,81.115967]]]}},{"type":"Feature","properties":{"scalerank":0,"featurecla":"Land","min_zoom":4},"bbox":[50.368457,81.04126,50.946191,81.170654],"geometry":{"type":"Polygon","coordinates":[[[50.753711,81.047412],[50.368457,81.12251],[50.78877,81.071826],[50.753711,81.047412]]]}},{"type":"Feature","properties":{"scalerank":0,"featurecla":"Land","min_zoom":2},"bbox":[57.210938,80.764893,58.930566,81.118457],"geometry":{"type":"Polygon","coordinates":[[[58.622363,81.04165],[58.930566,80.831689],[57.210938,81.01709],[58.507617,81.061768],[58.622363,81.04165]]]}},{"type":"Feature","properties":{"scalerank":0,"featurecla":"Land","min_zoom":3},"bbox":[62.106445,81.596582,63.782422,81.718945],"geometry":{"type":"Polygon","coordinates":[[[63.650977,81.609326],[62.106445,81.679346],[63.782422,81.649805],[63.650977,81.609326]]]}},{"type":"Feature","properties":{"scalerank":0,"featurecla":"Land","min_zoom":3},"bbox":[57.909277,81.695654,59.408496,81.854199],"geometry":{"type":"Polygon","coordinates":[[[58.29541,81.715186],[57.909277,81.721924],[59.356445,81.758984],[58.29541,81.715186]]]}},{"type":"Feature","properties":{"scalerank":0,"featurecla":"Land","min_zoom":4},"bbox":[18.162207,80.245605,18.741602,80.35835],"geometry":{"type":"Polygon","coordinates":[[[18.741602,80.300928],[18.525,80.245605],[18.162207,80.288184],[18.205566,80.331787],[18.291699,80.35835],[18.519336,80.34834],[18.741602,80.300928]]]}},{"type":"Feature","properties":{"scalerank":0,"featurecla":"Land","min_zoom":3},"bbox":[10.557617,78.224854,12.116406,78.90293],"geometry":{"type":"Polygon","coordinates":[[[11.250293,78.610693],[12.116406,78.232568],[10.558203,78.90293],[11.15498,78.640576],[11.250293,78.610693]]]}},{"type":"Feature","properties":{"scalerank":0,"featurecla":"Land","min_zoom":3},"bbox":[18.797461,74.352148,19.274707,74.51792],"geometry":{"type":"Polygon","coordinates":[[[19.219336,74.391016],[18.797461,74.485693],[19.274707,74.456738],[19.219336,74.391016]]]}},{"type":"Feature","properties":{"scalerank":0,"featurecla":"Land","min_zoom":2},"bbox":[52.239844,70.968701,53.205176,71.403711],"geometry":{"type":"MultiPolygon","coordinates":[[[[53.141406,71.241895],[53.022656,70.968701],[52.239844,71.325049],[53.074023,71.237939],[53.141406,71.241895]]],[[[53.141406,71.241895],[53.138477,71.243408],[53.145703,71.242188],[53.141406,71.241895]]]]}},{"type":"Feature","properties":{"scalerank":0,"featurecla":"Land","min_zoom":3},"bbox":[74.100195,72.86377,74.961523,73.130469],"geometry":{"type":"Polygon","coordinates":[[[74.660547,72.873437],[74.100195,73.021533],[74.961523,73.0625],[74.697168,72.907715],[74.660547,72.873437]]]}},{"type":"Feature","properties":{"scalerank":0,"featurecla":"Land","min_zoom":3},"bbox":[75.344336,73.432275,76.051562,73.573633],"geometry":{"type":"Polygon","coordinates":[[[75.503711,73.456641],[75.344336,73.432275],[75.375,73.477393],[75.569727,73.540625],[75.930176,73.573633],[76.039453,73.559912],[76.051562,73.549268],[75.900977,73.481494],[75.827148,73.459131],[75.503711,73.456641]]]}},{"type":"Feature","properties":{"scalerank":0,"featurecla":"Land","min_zoom":3},"bbox":[76.083105,73.439502,76.756055,73.555273],"geometry":{"type":"Polygon","coordinates":[[[76.756055,73.445801],[76.659375,73.439502],[76.234473,73.476221],[76.083105,73.523486],[76.139551,73.554297],[76.250684,73.555273],[76.756055,73.445801]]]}},{"type":"Feature","properties":{"scalerank":0,"featurecla":"Land","min_zoom":2},"bbox":[76.871094,72.281885,78.365137,72.631201],"geometry":{"type":"Polygon","coordinates":[[[77.63252,72.29126],[76.871094,72.317041],[78.365137,72.482422],[77.780859,72.308545],[77.63252,72.29126]]]}},{"type":"Feature","properties":{"scalerank":0,"featurecla":"Land","min_zoom":2},"bbox":[78.633203,72.710693,79.541309,73.094336],"geometry":{"type":"Polygon","coordinates":[[[79.501465,72.721924],[78.633203,72.850732],[79.164258,73.094336],[79.537891,72.769336],[79.501465,72.721924]]]}},{"type":"Feature","properties":{"scalerank":0,"featurecla":"Land","min_zoom":4},"bbox":[82.329395,74.056445,82.709961,74.161426],"geometry":{"type":"Polygon","coordinates":[[[82.709961,74.090869],[82.329395,74.131104],[82.688965,74.11123],[82.709961,74.090869]]]}},{"type":"Feature","properties":{"scalerank":0,"featurecla":"Land","min_zoom":3},"bbox":[82.817773,74.039551,83.618359,74.151611],"geometry":{"type":"Polygon","coordinates":[[[83.549023,74.071777],[82.817773,74.091602],[83.618359,74.089453],[83.549023,74.071777]]]}},{"type":"Feature","properties":{"scalerank":0,"featurecla":"Land","min_zoom":4},"bbox":[84.389453,74.399805,84.872852,74.515527],"geometry":{"type":"Polygon","coordinates":[[[84.758984,74.459424],[84.389453,74.454443],[84.872852,74.515527],[84.758984,74.459424]]]}},{"type":"Feature","properties":{"scalerank":0,"featurecla":"Land","min_zoom":3},"bbox":[86.258594,74.830762,87.124316,74.992822],"geometry":{"type":"Polygon","coordinates":[[[86.653125,74.981299],[87.124316,74.939893],[86.258594,74.893506],[86.605469,74.992822],[86.653125,74.981299]]]}},{"type":"Feature","properties":{"scalerank":0,"featurecla":"Land","min_zoom":3},"bbox":[81.500586,75.247119,82.221582,75.515625],"geometry":{"type":"Polygon","coordinates":[[[82.172363,75.419385],[81.500586,75.36792],[82.165625,75.515625],[82.172363,75.419385]]]}},{"type":"Feature","properties":{"scalerank":0,"featurecla":"Land","min_zoom":3},"bbox":[95.311133,76.121729,96.613965,76.305371],"geometry":{"type":"Polygon","coordinates":[[[96.532422,76.278125],[95.311133,76.214746],[96.270703,76.305371],[96.532422,76.278125]]]}},{"type":"Feature","properties":{"scalerank":0,"featurecla":"Land","min_zoom":4},"bbox":[97.310352,76.584424,97.588379,76.706689],"geometry":{"type":"Polygon","coordinates":[[[97.588379,76.599365],[97.535254,76.584424],[97.430371,76.590723],[97.341699,76.628857],[97.310352,76.6896],[97.381641,76.706689],[97.588379,76.599365]]]}},{"type":"Feature","properties":{"scalerank":0,"featurecla":"Land","min_zoom":3},"bbox":[95.270312,76.974951,96.561914,77.205518],"geometry":{"type":"Polygon","coordinates":[[[96.285449,77.02666],[95.270312,77.018848],[96.424316,77.071191],[96.285449,77.02666]]]}},{"type":"Feature","properties":{"scalerank":0,"featurecla":"Land","min_zoom":3},"bbox":[89.141699,77.183984,89.67959,77.311035],"geometry":{"type":"Polygon","coordinates":[[[89.514258,77.188818],[89.141699,77.226807],[89.66582,77.254492],[89.514258,77.188818]]]}},{"type":"Feature","properties":{"scalerank":0,"featurecla":"Land","min_zoom":3},"bbox":[76.051562,79.489502,77.588965,79.664453],"geometry":{"type":"Polygon","coordinates":[[[76.248926,79.651074],[77.588965,79.501904],[76.148438,79.664453],[76.248926,79.651074]]]}},{"type":"Feature","properties":{"scalerank":0,"featurecla":"Land","min_zoom":3},"bbox":[78.977637,80.812061,80.42793,80.975391],"geometry":{"type":"Polygon","coordinates":[[[80.02666,80.848145],[78.977637,80.848242],[80.344824,80.86792],[80.02666,80.848145]]]}},{"type":"Feature","properties":{"scalerank":0,"featurecla":"Land","min_zoom":3},"bbox":[89.901172,81.063818,91.567187,81.213721],"geometry":{"type":"Polygon","coordinates":[[[91.567187,81.141211],[89.901172,81.170703],[91.477832,81.183936],[91.567187,81.141211]]]}},{"type":"Feature","properties":{"scalerank":0,"featurecla":"Land","min_zoom":3},"bbox":[106.415527,78.057764,107.695508,78.189404],"geometry":{"type":"Polygon","coordinates":[[[107.695508,78.130908],[106.415527,78.139844],[107.573242,78.185547],[107.695508,78.130908]]]}},{"type":"Feature","properties":{"scalerank":0,"featurecla":"Land","min_zoom":3},"bbox":[106.023633,78.198633,106.719629,78.340039],"geometry":{"type":"Polygon","coordinates":[[[106.27041,78.206201],[106.151074,78.198633],[106.023633,78.220117],[106.058398,78.264648],[106.350586,78.272607],[106.456836,78.340039],[106.64043,78.33623],[106.691211,78.31665],[106.719629,78.294189],[106.718945,78.26499],[106.679102,78.26499],[106.504687,78.26167],[106.472461,78.24502],[106.27041,78.206201]]]}},{"type":"Feature","properties":{"scalerank":0,"featurecla":"Land","min_zoom":4},"bbox":[107.269531,77.241504,107.679492,77.347119],"geometry":{"type":"Polygon","coordinates":[[[107.414746,77.242676],[107.302246,77.241504],[107.269531,77.289014],[107.366406,77.346631],[107.486426,77.347119],[107.593652,77.330029],[107.629297,77.319678],[107.664551,77.299805],[107.679492,77.268262],[107.414746,77.242676]]]}},{"type":"Feature","properties":{"scalerank":0,"featurecla":"Land","min_zoom":3},"bbox":[111.968945,76.450049,112.66084,76.643799],"geometry":{"type":"Polygon","coordinates":[[[112.478027,76.620898],[111.968945,76.626172],[112.394141,76.643799],[112.478027,76.620898]]]}},{"type":"Feature","properties":{"scalerank":0,"featurecla":"Land","min_zoom":3},"bbox":[119.64043,73.044873,120.261328,73.167676],"geometry":{"type":"Polygon","coordinates":[[[120.261328,73.089844],[119.64043,73.124316],[120.236816,73.107275],[120.261328,73.089844]]]}},{"type":"Feature","properties":{"scalerank":0,"featurecla":"Land","min_zoom":4},"bbox":[124.335742,73.8479,124.65293,73.943018],"geometry":{"type":"Polygon","coordinates":[[[124.542969,73.850098],[124.481738,73.8479],[124.366406,73.874609],[124.335742,73.910303],[124.336523,73.928369],[124.429688,73.943018],[124.547656,73.933838],[124.636914,73.900391],[124.65293,73.888037],[124.542969,73.850098]]]}},{"type":"Feature","properties":{"scalerank":0,"featurecla":"Land","min_zoom":3},"bbox":[135.451953,75.381982,136.168945,75.845264],"geometry":{"type":"Polygon","coordinates":[[[135.948633,75.40957],[135.451953,75.389551],[135.698633,75.845264],[136.020508,75.438379],[135.948633,75.40957]]]}},{"type":"Feature","properties":{"scalerank":0,"featurecla":"Land","min_zoom":3},"bbox":[148.398633,76.648242,149.406445,76.78208],"geometry":{"type":"Polygon","coordinates":[[[149.150195,76.659912],[148.398633,76.648242],[149.204785,76.677002],[149.150195,76.659912]]]}},{"type":"Feature","properties":{"scalerank":0,"featurecla":"Land","min_zoom":3},"bbox":[135.387012,73.88501,136.25918,74.253369],"geometry":{"type":"Polygon","coordinates":[[[136.197461,73.913623],[135.387012,74.253369],[136.25918,73.984961],[136.197461,73.913623]]]}},{"type":"Feature","properties":{"scalerank":0,"featurecla":"Land","min_zoom":3},"bbox":[137.064063,71.423242,137.959863,71.587891],"geometry":{"type":"Polygon","coordinates":[[[137.959863,71.507666],[137.064063,71.529883],[137.933789,71.542773],[137.959863,71.507666]]]}},{"type":"Feature","properties":{"scalerank":0,"featurecla":"Land","min_zoom":4},"bbox":[160.436914,70.805859,160.718945,70.934033],"geometry":{"type":"Polygon","coordinates":[[[160.718945,70.822705],[160.651367,70.805859],[160.504785,70.819727],[160.436914,70.851025],[160.44043,70.922656],[160.448535,70.934033],[160.56582,70.923779],[160.644922,70.883545],[160.718945,70.822705]]]}},{"type":"Feature","properties":{"scalerank":0,"featurecla":"Land","min_zoom":2},"bbox":[167.788867,69.571436,169.433594,70.015674],"geometry":{"type":"Polygon","coordinates":[[[169.200781,69.580469],[167.788867,69.836865],[169.374805,69.882617],[169.245801,69.601123],[169.200781,69.580469]]]}},{"type":"Feature","properties":{"scalerank":0,"featurecla":"Land","min_zoom":2},"bbox":[163.427246,58.509375,164.661621,59.226758],"geometry":{"type":"Polygon","coordinates":[[[163.635156,58.603369],[164.572656,59.221143],[164.615723,58.885596],[163.960059,58.74375],[163.635156,58.603369]]]}},{"type":"Feature","properties":{"scalerank":0,"featurecla":"Land","min_zoom":3},"bbox":[167.441504,54.512744,168.081348,54.856934],"geometry":{"type":"Polygon","coordinates":[[[168.039062,54.56499],[167.441504,54.855859],[167.882617,54.690479],[168.039062,54.56499]]]}},{"type":"Feature","properties":{"scalerank":0,"featurecla":"Land","min_zoom":2},"bbox":[165.751074,54.694092,166.650293,55.351465],"geometry":{"type":"Polygon","coordinates":[[[166.650293,54.839062],[165.751074,55.294531],[166.577344,54.907715],[166.650293,54.839062]]]}},{"type":"Feature","properties":{"scalerank":0,"featurecla":"Land","min_zoom":3},"bbox":[156.167969,50.633789,156.4875,50.862109],"geometry":{"type":"Polygon","coordinates":[[[156.405078,50.657617],[156.36543,50.633789],[156.325781,50.639062],[156.196289,50.702148],[156.167969,50.731885],[156.213086,50.784717],[156.376465,50.862109],[156.455859,50.85957],[156.4875,50.842969],[156.483105,50.751221],[156.405078,50.657617]]]}},{"type":"Feature","properties":{"scalerank":0,"featurecla":"Land","min_zoom":2},"bbox":[155.195117,50.04126,156.122852,50.771875],"geometry":{"type":"Polygon","coordinates":[[[155.921094,50.302197],[155.195117,50.264551],[156.096875,50.771875],[156.044434,50.451758],[155.921094,50.302197]]]}},{"type":"Feature","properties":{"scalerank":0,"featurecla":"Land","min_zoom":3},"bbox":[153.992285,48.73877,154.228418,48.904932],"geometry":{"type":"Polygon","coordinates":[[[154.08125,48.790283],[154.042969,48.73877],[154.000684,48.755713],[153.992285,48.77251],[154.091699,48.832129],[154.126367,48.904443],[154.199023,48.904932],[154.228418,48.89209],[154.204688,48.857178],[154.08125,48.790283]]]}},{"type":"Feature","properties":{"scalerank":0,"featurecla":"Land","min_zoom":3},"bbox":[155.467383,50.810596,155.653613,50.934473],"geometry":{"type":"Polygon","coordinates":[[[155.644824,50.821924],[155.553516,50.810596],[155.512793,50.837305],[155.483496,50.869629],[155.467383,50.913574],[155.568555,50.934473],[155.639648,50.910498],[155.653613,50.845361],[155.644824,50.821924]]]}},{"type":"Feature","properties":{"scalerank":0,"featurecla":"Land","min_zoom":4},"bbox":[152.984277,47.706104,153.101074,47.80874],"geometry":{"type":"Polygon","coordinates":[[[153.101074,47.762939],[153.053809,47.706104],[153.004102,47.713477],[152.984277,47.72793],[153.049121,47.797021],[153.079199,47.80874],[153.101074,47.762939]]]}},{"type":"Feature","properties":{"scalerank":0,"featurecla":"Land","min_zoom":3},"bbox":[151.715332,46.787109,152.288867,47.143408],"geometry":{"type":"Polygon","coordinates":[[[152.002051,46.897168],[151.715332,46.852686],[152.288867,47.142187],[152.002051,46.897168]]]}},{"type":"Feature","properties":{"scalerank":0,"featurecla":"Land","min_zoom":2},"bbox":[149.44707,45.591357,150.553125,46.213428],"geometry":{"type":"Polygon","coordinates":[[[149.687695,45.642041],[150.553125,46.208545],[149.883398,45.783154],[149.687695,45.642041]]]}},{"type":"Feature","properties":{"scalerank":0,"featurecla":"Land","min_zoom":2},"bbox":[146.897461,44.404297,148.837109,45.526465],"geometry":{"type":"Polygon","coordinates":[[[148.599512,45.317627],[146.897461,44.404297],[147.924023,45.383301],[148.790723,45.323975],[148.599512,45.317627]]]}},{"type":"Feature","properties":{"scalerank":0,"featurecla":"Land","min_zoom":3},"bbox":[150.470215,59.007422,150.727734,59.160156],"geometry":{"type":"Polygon","coordinates":[[[150.589941,59.01875],[150.511133,59.007422],[150.471777,59.034766],[150.470215,59.054053],[150.59248,59.097217],[150.666211,59.160156],[150.712695,59.122461],[150.727734,59.095215],[150.589941,59.01875]]]}},{"type":"Feature","properties":{"scalerank":0,"featurecla":"Land","min_zoom":2},"bbox":[137.23291,54.653271,138.206152,55.197021],"geometry":{"type":"Polygon","coordinates":[[[137.940527,55.092627],[137.721484,54.663232],[137.23291,54.790576],[137.910449,55.110059],[137.940527,55.092627]]]}},{"type":"Feature","properties":{"scalerank":0,"featurecla":"Land","min_zoom":3},"bbox":[136.714648,54.923975,137.178613,55.107813],"geometry":{"type":"Polygon","coordinates":[[[137.178613,55.100439],[136.714648,54.956152],[137.156055,55.107813],[137.178613,55.100439]]]}},{"type":"Feature","properties":{"scalerank":0,"featurecla":"Land","min_zoom":3},"bbox":[146.608594,43.716357,146.899023,43.860498],"geometry":{"type":"Polygon","coordinates":[[[146.713965,43.743799],[146.683008,43.716357],[146.608594,43.740479],[146.613477,43.797021],[146.621973,43.812988],[146.824609,43.860498],[146.884082,43.82915],[146.899023,43.80415],[146.713965,43.743799]]]}},{"type":"Feature","properties":{"scalerank":0,"featurecla":"Land","min_zoom":0},"bbox":[145.426172,43.6646,146.567773,44.500146],"geometry":{"type":"Polygon","coordinates":[[[146.207617,44.497656],[146.567773,44.44043],[145.439258,43.737061],[146.112109,44.500146],[146.207617,44.497656]]]}},{"type":"Feature","properties":{"scalerank":0,"featurecla":"Land","min_zoom":3},"bbox":[124.084766,24.335059,124.324023,24.587109],"geometry":{"type":"Polygon","coordinates":[[[124.293164,24.515918],[124.234277,24.358057],[124.185645,24.335059],[124.135742,24.347607],[124.084766,24.43584],[124.12041,24.469629],[124.170215,24.451855],[124.210547,24.458643],[124.301953,24.587109],[124.324023,24.566357],[124.293164,24.515918]]]}},{"type":"Feature","properties":{"scalerank":0,"featurecla":"Land","min_zoom":3},"bbox":[123.679785,24.266064,123.934863,24.414453],"geometry":{"type":"Polygon","coordinates":[[[123.888672,24.280127],[123.825586,24.266064],[123.749805,24.283301],[123.680664,24.288037],[123.679785,24.317773],[123.752344,24.348486],[123.753711,24.391309],[123.771484,24.414453],[123.934863,24.362012],[123.928125,24.323633],[123.888672,24.280127]]]}},{"type":"Feature","properties":{"scalerank":0,"featurecla":"Land","min_zoom":3},"bbox":[125.268945,24.71709,125.444141,24.871924],"geometry":{"type":"Polygon","coordinates":[[[125.444141,24.743164],[125.359375,24.71709],[125.268945,24.73252],[125.283594,24.871924],[125.314941,24.852393],[125.33457,24.804688],[125.401855,24.776855],[125.444141,24.743164]]]}},{"type":"Feature","properties":{"scalerank":0,"featurecla":"Land","min_zoom":2},"bbox":[127.649707,26.094727,128.331641,26.881885],"geometry":{"type":"Polygon","coordinates":[[[128.258789,26.652783],[127.653125,26.094727],[128.310938,26.720703],[128.258789,26.652783]]]}},{"type":"Feature","properties":{"scalerank":0,"featurecla":"Land","min_zoom":3},"bbox":[128.882812,27.70249,129.016406,27.910254],"geometry":{"type":"Polygon","coordinates":[[[128.998145,27.720801],[128.95625,27.70249],[128.9,27.727783],[128.882812,27.842432],[128.907617,27.897998],[128.95166,27.910254],[128.989746,27.811133],[129.016406,27.770215],[128.998145,27.720801]]]}},{"type":"Feature","properties":{"scalerank":0,"featurecla":"Land","min_zoom":2},"bbox":[129.164648,28.127734,129.714648,28.51748],"geometry":{"type":"Polygon","coordinates":[[[129.452539,28.208984],[129.164648,28.249756],[129.689551,28.51748],[129.439063,28.254785],[129.452539,28.208984]]]}},{"type":"Feature","properties":{"scalerank":0,"featurecla":"Land","min_zoom":4},"bbox":[129.19248,28.081592,129.330566,28.19248],"geometry":{"type":"Polygon","coordinates":[[[129.324023,28.104932],[129.330566,28.081592],[129.232422,28.101123],[129.19248,28.19248],[129.257422,28.176172],[129.277344,28.144727],[129.324023,28.104932]]]}},{"type":"Feature","properties":{"scalerank":0,"featurecla":"Land","min_zoom":3},"bbox":[130.388086,30.241406,130.673242,30.465527],"geometry":{"type":"Polygon","coordinates":[[[130.622754,30.262988],[130.508203,30.241406],[130.445605,30.264697],[130.388086,30.388184],[130.497168,30.465527],[130.643555,30.388965],[130.673242,30.366895],[130.622754,30.262988]]]}},{"type":"Feature","properties":{"scalerank":0,"featurecla":"Land","min_zoom":3},"bbox":[130.870313,30.386328,131.082617,30.828467],"geometry":{"type":"Polygon","coordinates":[[[130.959766,30.396924],[131.060352,30.828467],[130.992578,30.52998],[130.959766,30.396924]]]}},{"type":"Feature","properties":{"scalerank":0,"featurecla":"Land","min_zoom":3},"bbox":[128.649121,32.586133,128.894531,32.783887],"geometry":{"type":"Polygon","coordinates":[[[128.665332,32.783887],[128.704102,32.756885],[128.761035,32.772363],[128.806055,32.775977],[128.838574,32.762891],[128.879395,32.693311],[128.894531,32.652148],[128.821289,32.646338],[128.79043,32.636719],[128.750488,32.586133],[128.692969,32.604736],[128.657324,32.628418],[128.649121,32.662012],[128.665332,32.783887]]]}},{"type":"Feature","properties":{"scalerank":0,"featurecla":"Land","min_zoom":3},"bbox":[129.960156,32.193994,130.199512,32.541211],"geometry":{"type":"Polygon","coordinates":[[[130.08252,32.229687],[130.003516,32.193994],[129.993359,32.228174],[129.960156,32.24375],[130.017285,32.291846],[130.015332,32.313672],[129.979297,32.346191],[130.021289,32.468848],[130.009766,32.521631],[130.167773,32.541211],[130.19668,32.491602],[130.199512,32.340576],[130.08252,32.229687]]]}},{"type":"Feature","properties":{"scalerank":0,"featurecla":"Land","min_zoom":3},"bbox":[130.241699,32.419336,130.461426,32.527197],"geometry":{"type":"Polygon","coordinates":[[[130.381055,32.42373],[130.292578,32.419336],[130.256055,32.431006],[130.241699,32.462793],[130.36543,32.527197],[130.461426,32.515723],[130.418555,32.457715],[130.381055,32.42373]]]}},{"type":"Feature","properties":{"scalerank":0,"featurecla":"Land","min_zoom":3},"bbox":[133.189941,36.166504,133.38125,36.340137],"geometry":{"type":"Polygon","coordinates":[[[133.370508,36.203857],[133.324707,36.166504],[133.239258,36.17876],[133.189941,36.232617],[133.206152,36.293408],[133.295703,36.340137],[133.38125,36.246387],[133.370508,36.203857]]]}},{"type":"Feature","properties":{"scalerank":0,"featurecla":"Land","min_zoom":2},"bbox":[138.225195,37.81958,138.575195,38.315918],"geometry":{"type":"Polygon","coordinates":[[[138.344043,37.822119],[138.503613,38.315918],[138.496973,37.903906],[138.344043,37.822119]]]}},{"type":"Feature","properties":{"scalerank":0,"featurecla":"Land","min_zoom":3},"bbox":[139.411523,42.075635,139.558398,42.235205],"geometry":{"type":"Polygon","coordinates":[[[139.48125,42.081006],[139.458398,42.075635],[139.43457,42.084082],[139.411523,42.159668],[139.431348,42.199561],[139.495801,42.227441],[139.558398,42.235205],[139.505078,42.096387],[139.48125,42.081006]]]}},{"type":"Feature","properties":{"scalerank":0,"featurecla":"Land","min_zoom":3},"bbox":[140.97168,45.269336,141.072754,45.465479],"geometry":{"type":"Polygon","coordinates":[[[141.072754,45.332861],[141.033984,45.269336],[140.982129,45.36377],[140.97168,45.465479],[141.00166,45.464844],[141.056738,45.449561],[141.069922,45.4],[141.072754,45.332861]]]}},{"type":"Feature","properties":{"scalerank":0,"featurecla":"Land","min_zoom":3},"bbox":[141.135352,45.112207,141.329199,45.247852],"geometry":{"type":"Polygon","coordinates":[[[141.29541,45.119336],[141.225977,45.112207],[141.145313,45.153906],[141.135352,45.206201],[141.19375,45.247852],[141.251855,45.232471],[141.310059,45.178564],[141.329199,45.150488],[141.29541,45.119336]]]}},{"type":"Feature","properties":{"scalerank":0,"featurecla":"Land","min_zoom":4},"bbox":[139.768945,33.045459,139.873633,33.129248],"geometry":{"type":"Polygon","coordinates":[[[139.841113,33.056055],[139.823828,33.045459],[139.775684,33.078223],[139.768945,33.107178],[139.777441,33.125146],[139.808887,33.129248],[139.873633,33.093506],[139.841113,33.056055]]]}},{"type":"Feature","properties":{"scalerank":0,"featurecla":"Land","min_zoom":4},"bbox":[139.366895,34.679541,139.456445,34.775879],"geometry":{"type":"Polygon","coordinates":[[[139.456445,34.726514],[139.445703,34.679541],[139.392383,34.689893],[139.366895,34.720508],[139.37002,34.775439],[139.426172,34.775879],[139.456445,34.726514]]]}},{"type":"Feature","properties":{"scalerank":0,"featurecla":"Land","min_zoom":3},"bbox":[134.667871,34.20293,135.004688,34.544922],"geometry":{"type":"Polygon","coordinates":[[[134.932813,34.288135],[134.824414,34.20293],[134.730664,34.208887],[134.683496,34.246973],[134.667871,34.294141],[134.757227,34.368164],[134.834277,34.472656],[134.904102,34.519092],[134.960742,34.544922],[135.004688,34.544043],[134.905469,34.398291],[134.932813,34.288135]]]}},{"type":"Feature","properties":{"scalerank":0,"featurecla":"Land","min_zoom":3},"bbox":[128.997266,32.829492,129.181934,33.132568],"geometry":{"type":"Polygon","coordinates":[[[129.076953,32.840283],[129.051953,32.829492],[129.019629,32.919629],[128.997266,32.951855],[129.034961,32.969092],[129.109766,33.132568],[129.123633,33.067676],[129.152734,33.00332],[129.181934,32.993115],[129.153516,32.946191],[129.111621,32.928857],[129.076953,32.840283]]]}},{"type":"Feature","properties":{"scalerank":0,"featurecla":"Land","min_zoom":3},"bbox":[129.37041,33.17583,129.569922,33.361035],"geometry":{"type":"Polygon","coordinates":[[[129.491797,33.223047],[129.421387,33.17583],[129.37041,33.176025],[129.416992,33.231104],[129.423145,33.257373],[129.461914,33.33125],[129.537988,33.357764],[129.569922,33.361035],[129.508105,33.284326],[129.491797,33.223047]]]}},{"type":"Feature","properties":{"scalerank":0,"featurecla":"Land","min_zoom":3},"bbox":[129.674805,33.707324,129.795703,33.858398],"geometry":{"type":"Polygon","coordinates":[[[129.795703,33.748828],[129.726562,33.707324],[129.674805,33.739697],[129.7,33.828906],[129.717285,33.858398],[129.776367,33.829199],[129.795703,33.748828]]]}},{"type":"Feature","properties":{"scalerank":0,"featurecla":"Land","min_zoom":3},"bbox":[129.186426,34.082812,129.337109,34.320654],"geometry":{"type":"Polygon","coordinates":[[[129.279492,34.123389],[129.214453,34.082812],[129.186426,34.14502],[129.214844,34.320654],[129.337109,34.284766],[129.335059,34.230811],[129.279492,34.123389]]]}},{"type":"Feature","properties":{"scalerank":0,"featurecla":"Land","min_zoom":3},"bbox":[129.266699,34.305518,129.480176,34.686572],"geometry":{"type":"Polygon","coordinates":[[[129.385645,34.353662],[129.365332,34.305518],[129.297461,34.3396],[129.266699,34.370459],[129.329395,34.521875],[129.32207,34.579297],[129.325879,34.607275],[129.451074,34.686572],[129.472461,34.671338],[129.480176,34.649463],[129.469141,34.615527],[129.475391,34.54043],[129.381445,34.416455],[129.385645,34.353662]]]}},{"type":"Feature","properties":{"scalerank":0,"featurecla":"Land","min_zoom":4},"bbox":[132.460938,34.075098,132.578418,34.172656],"geometry":{"type":"Polygon","coordinates":[[[132.578418,34.115186],[132.549414,34.075098],[132.460938,34.087256],[132.496289,34.121973],[132.523535,34.164062],[132.543457,34.172656],[132.560156,34.126904],[132.578418,34.115186]]]}},{"type":"Feature","properties":{"scalerank":0,"featurecla":"Land","min_zoom":3},"bbox":[132.200586,33.847021,132.444922,33.947803],"geometry":{"type":"Polygon","coordinates":[[[132.266016,33.945166],[132.314551,33.908594],[132.430469,33.923535],[132.444922,33.913184],[132.411035,33.879932],[132.359961,33.847021],[132.267285,33.871484],[132.208789,33.872852],[132.200586,33.927783],[132.208008,33.947803],[132.266016,33.945166]]]}},{"type":"Feature","properties":{"scalerank":0,"featurecla":"Land","min_zoom":3},"bbox":[118.287305,24.414355,118.451172,24.522119],"geometry":{"type":"Polygon","coordinates":[[[118.407422,24.522119],[118.451172,24.455566],[118.432715,24.414355],[118.295117,24.436328],[118.287305,24.476611],[118.339355,24.469141],[118.407422,24.522119]]]}},{"type":"Feature","properties":{"scalerank":0,"featurecla":"Land","min_zoom":4},"bbox":[118.076758,24.436133,118.183008,24.552344],"geometry":{"type":"Polygon","coordinates":[[[118.183008,24.496289],[118.149512,24.436133],[118.090527,24.446143],[118.08877,24.488867],[118.076758,24.501416],[118.092969,24.541211],[118.103809,24.552344],[118.170703,24.518506],[118.183008,24.496289]]]}},{"type":"Feature","properties":{"scalerank":0,"featurecla":"Land","min_zoom":3},"bbox":[128.489258,34.736865,128.741016,35.013574],"geometry":{"type":"Polygon","coordinates":[[[128.741016,34.798535],[128.64668,34.736865],[128.519531,34.81958],[128.489258,34.865283],[128.585938,34.932275],[128.667969,35.008789],[128.721875,35.013574],[128.741016,34.798535]]]}},{"type":"Feature","properties":{"scalerank":0,"featurecla":"Land","min_zoom":3},"bbox":[127.832227,34.703223,128.06582,34.920996],"geometry":{"type":"Polygon","coordinates":[[[128.06582,34.805859],[128.054688,34.708057],[127.983984,34.703223],[127.941797,34.76626],[127.896875,34.735498],[127.873438,34.734961],[127.838281,34.81333],[127.832227,34.874512],[127.91543,34.920996],[127.965625,34.893018],[128.037988,34.878613],[128.06582,34.805859]]]}},{"type":"Feature","properties":{"scalerank":0,"featurecla":"Land","min_zoom":4},"bbox":[127.737305,34.584082,127.799023,34.682129],"geometry":{"type":"Polygon","coordinates":[[[127.799023,34.615039],[127.787793,34.584082],[127.737305,34.630908],[127.787109,34.682129],[127.799023,34.615039]]]}},{"type":"Feature","properties":{"scalerank":0,"featurecla":"Land","min_zoom":2},"bbox":[126.165625,33.201514,126.93125,33.553223],"geometry":{"type":"Polygon","coordinates":[[[126.326953,33.223633],[126.901172,33.515137],[126.581738,33.23833],[126.326953,33.223633]]]}},{"type":"Feature","properties":{"scalerank":0,"featurecla":"Land","min_zoom":3},"bbox":[126.108594,34.355176,126.379883,34.56333],"geometry":{"type":"Polygon","coordinates":[[[126.233691,34.370508],[126.169727,34.355176],[126.133789,34.3896],[126.108594,34.39873],[126.122852,34.443945],[126.227051,34.532715],[126.247461,34.56333],[126.343848,34.544922],[126.379883,34.497949],[126.335449,34.426416],[126.233691,34.370508]]]}},{"type":"Feature","properties":{"scalerank":0,"featurecla":"Land","min_zoom":3},"bbox":[126.369336,37.604687,126.520703,37.822656],"geometry":{"type":"Polygon","coordinates":[[[126.520703,37.736816],[126.516016,37.604687],[126.46084,37.610352],[126.42334,37.623633],[126.407227,37.649414],[126.369336,37.772021],[126.411621,37.822656],[126.493555,37.782568],[126.520703,37.736816]]]}},{"type":"Feature","properties":{"scalerank":0,"featurecla":"Land","min_zoom":2},"bbox":[121.211133,31.46377,121.862695,31.805371],"geometry":{"type":"Polygon","coordinates":[[[121.862695,31.492285],[121.211133,31.805371],[121.843652,31.526367],[121.862695,31.492285]]]}},{"type":"Feature","properties":{"scalerank":0,"featurecla":"Land","min_zoom":3},"bbox":[121.969434,29.943848,122.322266,30.143115],"geometry":{"type":"Polygon","coordinates":[[[122.295898,29.963428],[121.969434,30.143115],[122.322266,30.031396],[122.295898,29.963428]]]}},{"type":"Feature","properties":{"scalerank":0,"featurecla":"Land","min_zoom":4},"bbox":[122.042676,29.660254,122.172559,29.782227],"geometry":{"type":"Polygon","coordinates":[[[122.172559,29.679004],[122.169043,29.660254],[122.083789,29.725342],[122.042676,29.735937],[122.062305,29.772754],[122.119629,29.782227],[122.165039,29.700781],[122.172559,29.679004]]]}},{"type":"Feature","properties":{"scalerank":0,"featurecla":"Land","min_zoom":4},"bbox":[122.331836,29.846094,122.403906,29.955225],"geometry":{"type":"Polygon","coordinates":[[[122.403906,29.892383],[122.394043,29.846094],[122.367578,29.852686],[122.331836,29.934961],[122.350977,29.955225],[122.401563,29.950244],[122.403906,29.892383]]]}},{"type":"Feature","properties":{"scalerank":0,"featurecla":"Land","min_zoom":3},"bbox":[119.695996,25.410693,119.838672,25.653174],"geometry":{"type":"Polygon","coordinates":[[[119.820898,25.456982],[119.74668,25.410693],[119.700293,25.432715],[119.699414,25.494727],[119.723047,25.550586],[119.695996,25.590869],[119.722559,25.638818],[119.77793,25.653174],[119.797461,25.623242],[119.828711,25.607373],[119.838379,25.591064],[119.838672,25.559668],[119.809082,25.507812],[119.832422,25.47959],[119.820898,25.456982]]]}},{"type":"Feature","properties":{"scalerank":0,"featurecla":"Land","min_zoom":3},"bbox":[110.264648,20.967725,110.539551,21.093164],"geometry":{"type":"Polygon","coordinates":[[[110.385156,21.093164],[110.422363,21.058594],[110.521582,21.083105],[110.539551,21.039014],[110.538867,21.018457],[110.503906,20.967725],[110.421875,21.006885],[110.339941,20.997754],[110.280957,21.001172],[110.264648,21.025195],[110.309863,21.074756],[110.385156,21.093164]]]}},{"type":"Feature","properties":{"scalerank":0,"featurecla":"Land","min_zoom":3},"bbox":[107.403516,21.09165,107.602734,21.268945],"geometry":{"type":"Polygon","coordinates":[[[107.602734,21.216797],[107.458691,21.09165],[107.403516,21.093652],[107.452539,21.235303],[107.47627,21.268945],[107.562695,21.22041],[107.602734,21.216797]]]}},{"type":"Feature","properties":{"scalerank":0,"featurecla":"Land","min_zoom":4},"bbox":[107.399219,20.900537,107.55127,21.034033],"geometry":{"type":"Polygon","coordinates":[[[107.521289,20.926611],[107.465527,20.900537],[107.399219,20.903467],[107.478613,20.952344],[107.518945,21.012842],[107.55127,21.034033],[107.551074,20.981201],[107.521289,20.926611]]]}},{"type":"Feature","properties":{"scalerank":0,"featurecla":"Land","min_zoom":3},"bbox":[106.910645,20.743066,107.064453,20.867041],"geometry":{"type":"Polygon","coordinates":[[[107.031348,20.747021],[106.990039,20.743066],[106.910645,20.824219],[106.953418,20.867041],[107.04375,20.836816],[107.064453,20.817285],[107.063965,20.799756],[107.042285,20.761035],[107.031348,20.747021]]]}},{"type":"Feature","properties":{"scalerank":0,"featurecla":"Land","min_zoom":4},"bbox":[106.769434,20.796387,106.865625,20.92793],"geometry":{"type":"Polygon","coordinates":[[[106.865625,20.815723],[106.854102,20.796387],[106.803125,20.84375],[106.769434,20.864209],[106.795313,20.92793],[106.855078,20.858252],[106.865625,20.815723]]]}},{"type":"Feature","properties":{"scalerank":0,"featurecla":"Land","min_zoom":4},"bbox":[106.567969,8.680518,106.658594,8.766357],"geometry":{"type":"Polygon","coordinates":[[[106.61748,8.682812],[106.589258,8.680518],[106.567969,8.700928],[106.658594,8.766357],[106.649512,8.722998],[106.652539,8.701123],[106.61748,8.682812]]]}},{"type":"Feature","properties":{"scalerank":0,"featurecla":"Land","min_zoom":3},"bbox":[103.849512,10.029199,104.083008,10.428369],"geometry":{"type":"Polygon","coordinates":[[[104.063965,10.39082],[104.018457,10.029199],[104.027734,10.428369],[104.063965,10.39082]]]}},{"type":"Feature","properties":{"scalerank":0,"featurecla":"Land","min_zoom":4},"bbox":[102.993359,11.275488,103.045117,11.389941],"geometry":{"type":"Polygon","coordinates":[[[103.045117,11.285059],[103.027344,11.275488],[103.010547,11.275781],[102.993359,11.29043],[102.99502,11.348096],[103.00752,11.383301],[103.036816,11.389941],[103.045117,11.285059]]]}},{"type":"Feature","properties":{"scalerank":0,"featurecla":"Land","min_zoom":4},"bbox":[102.532813,11.572168,102.606445,11.691699],"geometry":{"type":"Polygon","coordinates":[[[102.606445,11.676514],[102.589941,11.572168],[102.532813,11.614941],[102.546484,11.667773],[102.568945,11.691699],[102.606445,11.676514]]]}},{"type":"Feature","properties":{"scalerank":0,"featurecla":"Land","min_zoom":3},"bbox":[102.27334,11.964746,102.42998,12.151855],"geometry":{"type":"Polygon","coordinates":[[[102.426758,11.988721],[102.42998,11.964746],[102.378125,11.982959],[102.359961,11.974414],[102.301953,11.980811],[102.27334,12.119336],[102.277441,12.151855],[102.318848,12.14165],[102.378125,12.072852],[102.408398,12.025098],[102.426758,11.988721]]]}},{"type":"Feature","properties":{"scalerank":0,"featurecla":"Land","min_zoom":2},"bbox":[103.650195,1.265381,103.996387,1.44707],"geometry":{"type":"Polygon","coordinates":[[[103.969727,1.331445],[103.650195,1.325537],[103.996387,1.365234],[103.969727,1.331445]]]}},{"type":"Feature","properties":{"scalerank":0,"featurecla":"Land","min_zoom":3},"bbox":[104.129102,2.721338,104.223242,2.871729],"geometry":{"type":"Polygon","coordinates":[[[104.221582,2.731738],[104.17334,2.721338],[104.146875,2.728223],[104.129102,2.767236],[104.169824,2.856836],[104.184766,2.871729],[104.223242,2.774219],[104.221582,2.731738]]]}},{"type":"Feature","properties":{"scalerank":0,"featurecla":"Land","min_zoom":3},"bbox":[100.191016,5.266992,100.338867,5.467773],"geometry":{"type":"Polygon","coordinates":[[[100.288965,5.294727],[100.26377,5.266992],[100.191016,5.282861],[100.203906,5.446875],[100.245508,5.467773],[100.310156,5.437939],[100.338867,5.410059],[100.288965,5.294727]]]}},{"type":"Feature","properties":{"scalerank":0,"featurecla":"Land","min_zoom":3},"bbox":[99.646289,6.263281,99.918652,6.465723],"geometry":{"type":"Polygon","coordinates":[[[99.848047,6.465723],[99.918652,6.358594],[99.883398,6.31084],[99.86582,6.29707],[99.823242,6.312744],[99.782617,6.271582],[99.74375,6.263281],[99.704688,6.337549],[99.656641,6.367139],[99.646289,6.418359],[99.710547,6.427344],[99.749219,6.409619],[99.82168,6.44502],[99.848047,6.465723]]]}},{"type":"Feature","properties":{"scalerank":0,"featurecla":"Land","min_zoom":3},"bbox":[99.606641,6.516113,99.701367,6.714111],"geometry":{"type":"Polygon","coordinates":[[[99.663086,6.521924],[99.644043,6.516113],[99.606641,6.596826],[99.654004,6.714111],[99.701367,6.570557],[99.663086,6.521924]]]}},{"type":"Feature","properties":{"scalerank":0,"featurecla":"Land","min_zoom":4},"bbox":[99.983398,9.67998,100.074121,9.793555],"geometry":{"type":"Polygon","coordinates":[[[100.074121,9.69668],[100.064453,9.67998],[100.025684,9.711719],[99.998047,9.747607],[99.983398,9.793555],[100.043457,9.79165],[100.073047,9.749121],[100.074121,9.69668]]]}},{"type":"Feature","properties":{"scalerank":0,"featurecla":"Land","min_zoom":3},"bbox":[99.93125,9.421631,100.075293,9.586035],"geometry":{"type":"Polygon","coordinates":[[[100.070703,9.586035],[100.075293,9.529443],[100.053711,9.461426],[99.962402,9.421631],[99.93125,9.476074],[99.939551,9.559961],[99.953613,9.581006],[100.042969,9.576855],[100.070703,9.586035]]]}},{"type":"Feature","properties":{"scalerank":0,"featurecla":"Land","min_zoom":4},"bbox":[98.529395,7.917041,98.604297,8.108545],"geometry":{"type":"Polygon","coordinates":[[[98.591992,7.933936],[98.57998,7.917041],[98.529395,8.108545],[98.604297,8.057324],[98.591992,7.933936]]]}},{"type":"Feature","properties":{"scalerank":0,"featurecla":"Land","min_zoom":3},"bbox":[98.262305,7.776074,98.434961,8.166309],"geometry":{"type":"Polygon","coordinates":[[[98.409082,7.902051],[98.398438,7.828418],[98.357422,7.829443],[98.315625,7.782324],[98.296289,7.776074],[98.262305,7.926074],[98.301367,8.13623],[98.32207,8.166309],[98.350977,8.110645],[98.434961,8.085645],[98.398828,7.964551],[98.409082,7.902051]]]}},{"type":"Feature","properties":{"scalerank":0,"featurecla":"Land","min_zoom":4},"bbox":[98.250781,9.04082,98.3125,9.139111],"geometry":{"type":"Polygon","coordinates":[[[98.30752,9.051465],[98.250781,9.04082],[98.258398,9.09541],[98.273633,9.129883],[98.301172,9.139111],[98.3125,9.080371],[98.30752,9.051465]]]}},{"type":"Feature","properties":{"scalerank":0,"featurecla":"Land","min_zoom":2},"bbox":[93.656348,6.748682,93.92959,7.236621],"geometry":{"type":"Polygon","coordinates":[[[93.890039,6.831055],[93.68418,7.183594],[93.92959,6.973486],[93.890039,6.831055]]]}},{"type":"Feature","properties":{"scalerank":0,"featurecla":"Land","min_zoom":3},"bbox":[93.597266,7.261865,93.733594,7.410596],"geometry":{"type":"Polygon","coordinates":[[[93.733594,7.356494],[93.638477,7.261865],[93.597266,7.31875],[93.614258,7.358105],[93.654688,7.379932],[93.69248,7.410596],[93.733594,7.356494]]]}},{"type":"Feature","properties":{"scalerank":0,"featurecla":"Land","min_zoom":4},"bbox":[93.064258,8.212061,93.170605,8.349365],"geometry":{"type":"Polygon","coordinates":[[[93.140723,8.249512],[93.170605,8.212061],[93.115234,8.218506],[93.064258,8.274951],[93.077539,8.327881],[93.096973,8.349365],[93.140723,8.249512]]]}},{"type":"Feature","properties":{"scalerank":0,"featurecla":"Land","min_zoom":3},"bbox":[93.309375,7.876562,93.447363,8.01792],"geometry":{"type":"Polygon","coordinates":[[[93.442578,7.877832],[93.365039,7.876562],[93.341992,7.919336],[93.309375,7.964014],[93.334473,8.006934],[93.375488,8.01792],[93.433691,7.948389],[93.447363,7.899121],[93.442578,7.877832]]]}},{"type":"Feature","properties":{"scalerank":0,"featurecla":"Land","min_zoom":3},"bbox":[93.456445,8.019434,93.536914,8.224658],"geometry":{"type":"Polygon","coordinates":[[[93.536914,8.056641],[93.490039,8.019434],[93.478223,8.024463],[93.471777,8.052686],[93.469727,8.072656],[93.46123,8.108594],[93.456445,8.171875],[93.494043,8.224658],[93.531641,8.21377],[93.511621,8.159766],[93.536914,8.056641]]]}},{"type":"Feature","properties":{"scalerank":0,"featurecla":"Land","min_zoom":4},"bbox":[92.713281,9.130957,92.809277,9.243896],"geometry":{"type":"Polygon","coordinates":[[[92.7875,9.13667],[92.743555,9.130957],[92.716602,9.165088],[92.713281,9.204883],[92.738574,9.230664],[92.762109,9.243896],[92.785742,9.240527],[92.809277,9.173389],[92.7875,9.13667]]]}},{"type":"Feature","properties":{"scalerank":0,"featurecla":"Land","min_zoom":2},"bbox":[92.352832,10.520752,92.574316,10.897461],"geometry":{"type":"Polygon","coordinates":[[[92.502832,10.554883],[92.472656,10.520752],[92.369531,10.547412],[92.377148,10.650586],[92.352832,10.751123],[92.370703,10.793506],[92.447852,10.865527],[92.510352,10.897461],[92.554004,10.799805],[92.574316,10.704248],[92.502832,10.554883]]]}},{"type":"Feature","properties":{"scalerank":0,"featurecla":"Land","min_zoom":4},"bbox":[92.595703,11.361328,92.693164,11.509131],"geometry":{"type":"Polygon","coordinates":[[[92.693164,11.381152],[92.644531,11.361328],[92.595703,11.386426],[92.633887,11.426758],[92.640234,11.509131],[92.690039,11.463428],[92.687207,11.41123],[92.693164,11.381152]]]}},{"type":"Feature","properties":{"scalerank":0,"featurecla":"Land","min_zoom":4},"bbox":[92.955371,11.899414,93.062109,12.036816],"geometry":{"type":"Polygon","coordinates":[[[93.017383,12.036816],[93.062109,11.899414],[92.981738,11.959473],[92.955371,12.002441],[92.995801,12.031787],[93.017383,12.036816]]]}},{"type":"Feature","properties":{"scalerank":0,"featurecla":"Land","min_zoom":4},"bbox":[92.679688,12.799951,92.730859,12.961572],"geometry":{"type":"Polygon","coordinates":[[[92.717578,12.864893],[92.685742,12.799951],[92.679688,12.939258],[92.694434,12.956787],[92.710645,12.961572],[92.730859,12.948535],[92.717578,12.864893]]]}},{"type":"Feature","properties":{"scalerank":0,"featurecla":"Land","min_zoom":2},"bbox":[92.533887,11.512549,93.07666,13.545459],"geometry":{"type":"Polygon","coordinates":[[[92.722754,11.536084],[93.062305,13.545459],[92.764648,11.63916],[92.722754,11.536084]]]}},{"type":"Feature","properties":{"scalerank":0,"featurecla":"Land","min_zoom":4},"bbox":[98.477441,10.959375,98.541699,11.086963],"geometry":{"type":"Polygon","coordinates":[[[98.541699,10.961523],[98.518945,10.959375],[98.498047,10.964258],[98.477441,10.979736],[98.526563,11.086963],[98.541699,10.961523]]]}},{"type":"Feature","properties":{"scalerank":0,"featurecla":"Land","min_zoom":3},"bbox":[98.080469,10.739893,98.293457,10.980322],"geometry":{"type":"Polygon","coordinates":[[[98.209766,10.952734],[98.293457,10.779687],[98.284375,10.753125],[98.271484,10.739893],[98.251758,10.744434],[98.218164,10.837744],[98.155371,10.897949],[98.080469,10.886621],[98.142578,10.963135],[98.167285,10.980322],[98.209766,10.952734]]]}},{"type":"Feature","properties":{"scalerank":0,"featurecla":"Land","min_zoom":3},"bbox":[98.118066,9.875391,98.291699,10.051318],"geometry":{"type":"Polygon","coordinates":[[[98.182617,9.933447],[98.134375,9.875391],[98.118066,9.877881],[98.140234,9.974658],[98.220703,10.045215],[98.291699,10.051318],[98.283398,10.007617],[98.23125,9.953955],[98.182617,9.933447]]]}},{"type":"Feature","properties":{"scalerank":0,"featurecla":"Land","min_zoom":3},"bbox":[98.187305,11.455762,98.30752,11.783008],"geometry":{"type":"Polygon","coordinates":[[[98.22168,11.478223],[98.216211,11.455762],[98.209375,11.456543],[98.187305,11.472412],[98.201074,11.567187],[98.239062,11.644727],[98.278125,11.758398],[98.299609,11.783008],[98.30752,11.7229],[98.283789,11.594092],[98.263281,11.523633],[98.22168,11.478223]]]}},{"type":"Feature","properties":{"scalerank":0,"featurecla":"Land","min_zoom":3},"bbox":[98.454492,11.899414,98.60957,12.084277],"geometry":{"type":"Polygon","coordinates":[[[98.516016,11.905029],[98.474316,11.899414],[98.454492,12.061279],[98.466211,12.084277],[98.525293,12.005176],[98.60957,11.956641],[98.576465,11.925098],[98.516016,11.905029]]]}},{"type":"Feature","properties":{"scalerank":0,"featurecla":"Land","min_zoom":4},"bbox":[98.010352,11.636816,98.083594,11.860254],"geometry":{"type":"Polygon","coordinates":[[[98.075488,11.692383],[98.083594,11.636816],[98.021094,11.695898],[98.010352,11.860254],[98.05957,11.756689],[98.080762,11.733203],[98.075488,11.692383]]]}},{"type":"Feature","properties":{"scalerank":0,"featurecla":"Land","min_zoom":3},"bbox":[98.376465,11.538672,98.553809,11.804932],"geometry":{"type":"Polygon","coordinates":[[[98.553809,11.744873],[98.528418,11.538672],[98.464844,11.567187],[98.434766,11.56709],[98.396875,11.683545],[98.399512,11.714844],[98.376465,11.791504],[98.523535,11.804932],[98.553809,11.744873]]]}},{"type":"Feature","properties":{"scalerank":0,"featurecla":"Land","min_zoom":3},"bbox":[98.037305,12.144873,98.136719,12.291797],"geometry":{"type":"Polygon","coordinates":[[[98.136719,12.150439],[98.125098,12.144873],[98.108496,12.148096],[98.075391,12.164453],[98.037305,12.232471],[98.057324,12.280078],[98.071387,12.291797],[98.104883,12.287793],[98.122461,12.278711],[98.128418,12.26123],[98.118457,12.223389],[98.120117,12.191309],[98.136719,12.150439]]]}},{"type":"Feature","properties":{"scalerank":0,"featurecla":"Land","min_zoom":3},"bbox":[97.938672,12.279004,98.066113,12.397852],"geometry":{"type":"Polygon","coordinates":[[[98.066113,12.389795],[98.060352,12.353516],[98.002344,12.279004],[97.951758,12.322314],[97.938672,12.346094],[97.990234,12.393799],[98.045117,12.387012],[98.059863,12.397852],[98.066113,12.389795]]]}},{"type":"Feature","properties":{"scalerank":0,"featurecla":"Land","min_zoom":3},"bbox":[98.302539,12.335986,98.468262,12.678174],"geometry":{"type":"Polygon","coordinates":[[[98.413965,12.597949],[98.313867,12.335986],[98.396484,12.647119],[98.413965,12.597949]]]}},{"type":"Feature","properties":{"scalerank":0,"featurecla":"Land","min_zoom":3},"bbox":[98.250781,12.934717,98.31543,13.202246],"geometry":{"type":"Polygon","coordinates":[[[98.31543,13.099072],[98.30918,12.934717],[98.259277,13.014014],[98.250781,13.104395],[98.25459,13.188574],[98.265332,13.202246],[98.268555,13.189355],[98.298633,13.15166],[98.31543,13.099072]]]}},{"type":"Feature","properties":{"scalerank":0,"featurecla":"Land","min_zoom":3},"bbox":[97.469141,16.240137,97.599609,16.505078],"geometry":{"type":"Polygon","coordinates":[[[97.575,16.253223],[97.537207,16.240137],[97.480371,16.305713],[97.469141,16.461035],[97.516406,16.496875],[97.541992,16.505078],[97.579004,16.486035],[97.593262,16.460791],[97.599609,16.429541],[97.589355,16.397363],[97.575,16.253223]]]}},{"type":"Feature","properties":{"scalerank":0,"featurecla":"Land","min_zoom":4},"bbox":[99.037695,7.471289,99.104395,7.636523],"geometry":{"type":"Polygon","coordinates":[[[99.078418,7.591846],[99.104395,7.471289],[99.067871,7.495898],[99.037695,7.548486],[99.038086,7.625732],[99.045117,7.636523],[99.078418,7.591846]]]}},{"type":"Feature","properties":{"scalerank":0,"featurecla":"Land","min_zoom":4},"bbox":[94.733496,15.793848,94.838184,15.933008],"geometry":{"type":"Polygon","coordinates":[[[94.804883,15.819336],[94.784375,15.793848],[94.743359,15.812109],[94.733496,15.823047],[94.828027,15.933008],[94.838184,15.89209],[94.804883,15.819336]]]}},{"type":"Feature","properties":{"scalerank":0,"featurecla":"Land","min_zoom":3},"bbox":[94.387891,15.848389,94.618652,16.205518],"geometry":{"type":"Polygon","coordinates":[[[94.476758,15.945947],[94.411914,15.848389],[94.387891,15.994141],[94.49375,16.075342],[94.545996,16.152832],[94.60127,16.205518],[94.618652,16.141309],[94.566113,16.019287],[94.476758,15.945947]]]}},{"type":"Feature","properties":{"scalerank":0,"featurecla":"Land","min_zoom":3},"bbox":[93.4875,18.675684,93.745508,18.888818],"geometry":{"type":"Polygon","coordinates":[[[93.69082,18.684277],[93.674023,18.675684],[93.569922,18.75957],[93.4875,18.867529],[93.618262,18.888818],[93.744727,18.865527],[93.745508,18.808057],[93.718359,18.715723],[93.69082,18.684277]]]}},{"type":"Feature","properties":{"scalerank":0,"featurecla":"Land","min_zoom":3},"bbox":[93.412891,19.754785,93.513281,19.950342],"geometry":{"type":"Polygon","coordinates":[[[93.491797,19.892578],[93.513281,19.754785],[93.444629,19.806445],[93.419531,19.877588],[93.412891,19.950342],[93.491797,19.892578]]]}},{"type":"Feature","properties":{"scalerank":0,"featurecla":"Land","min_zoom":3},"bbox":[92.912695,19.828857,93.023242,20.086475],"geometry":{"type":"Polygon","coordinates":[[[93.010156,19.923926],[93.023242,19.828857],[92.975195,19.868018],[92.912695,19.999805],[92.914648,20.086475],[92.95957,20.046191],[93.010156,19.923926]]]}},{"type":"Feature","properties":{"scalerank":0,"featurecla":"Land","min_zoom":3},"bbox":[93.644043,19.298682,93.947461,19.558252],"geometry":{"type":"Polygon","coordinates":[[[93.714844,19.558252],[93.901953,19.332031],[93.688379,19.544434],[93.714844,19.558252]]]}},{"type":"Feature","properties":{"scalerank":0,"featurecla":"Land","min_zoom":4},"bbox":[91.819727,21.750244,91.88252,21.927051],"geometry":{"type":"Polygon","coordinates":[[[91.873828,21.832129],[91.837598,21.750244],[91.819727,21.809814],[91.835156,21.885352],[91.850684,21.927051],[91.861328,21.92666],[91.88252,21.883643],[91.873828,21.832129]]]}},{"type":"Feature","properties":{"scalerank":0,"featurecla":"Land","min_zoom":3},"bbox":[91.857031,21.50332,91.961914,21.722949],"geometry":{"type":"Polygon","coordinates":[[[91.949219,21.508057],[91.888867,21.50332],[91.859473,21.532959],[91.873242,21.574414],[91.857031,21.708789],[91.907715,21.722949],[91.933984,21.722168],[91.948633,21.682568],[91.961914,21.609766],[91.949219,21.508057]]]}},{"type":"Feature","properties":{"scalerank":0,"featurecla":"Land","min_zoom":3},"bbox":[91.044727,22.105176,91.178223,22.519727],"geometry":{"type":"Polygon","coordinates":[[[91.150781,22.175195],[91.044727,22.105176],[91.079492,22.519727],[91.158301,22.36543],[91.178223,22.283008],[91.150781,22.175195]]]}},{"type":"Feature","properties":{"scalerank":0,"featurecla":"Land","min_zoom":3},"bbox":[91.411328,22.352783,91.556738,22.616504],"geometry":{"type":"Polygon","coordinates":[[[91.556738,22.382227],[91.510449,22.352783],[91.466895,22.378418],[91.411328,22.475684],[91.438867,22.598828],[91.456055,22.616504],[91.483984,22.576562],[91.523047,22.490723],[91.54834,22.425391],[91.556738,22.382227]]]}},{"type":"Feature","properties":{"scalerank":0,"featurecla":"Land","min_zoom":4},"bbox":[90.536328,22.92002,90.65957,23.035449],"geometry":{"type":"Polygon","coordinates":[[[90.641797,22.962988],[90.65957,22.92002],[90.603906,22.945557],[90.562305,22.975439],[90.536328,23.014893],[90.579883,23.035449],[90.641797,22.962988]]]}},{"type":"Feature","properties":{"scalerank":0,"featurecla":"Land","min_zoom":0},"bbox":[90.50293,22.054199,90.868164,22.863525],"geometry":{"type":"Polygon","coordinates":[[[90.777637,22.089307],[90.50293,22.835352],[90.829883,22.159961],[90.777637,22.089307]]]}},{"type":"Feature","properties":{"scalerank":0,"featurecla":"Land","min_zoom":4},"bbox":[79.845703,9.619824,79.969531,9.744336],"geometry":{"type":"Polygon","coordinates":[[[79.969531,9.630664],[79.906836,9.619824],[79.857422,9.686377],[79.845703,9.714648],[79.858594,9.734375],[79.872266,9.744336],[79.888477,9.741162],[79.911914,9.67915],[79.969531,9.630664]]]}},{"type":"Feature","properties":{"scalerank":0,"featurecla":"Land","min_zoom":4},"bbox":[79.747656,8.975,79.903711,9.10459],"geometry":{"type":"Polygon","coordinates":[[[79.874805,9.050732],[79.903711,8.975],[79.821094,9.026855],[79.766797,9.069775],[79.747656,9.10459],[79.859961,9.065723],[79.874805,9.050732]]]}},{"type":"Feature","properties":{"scalerank":0,"featurecla":"Land","min_zoom":3},"bbox":[-9.098877,70.832666,-7.978809,71.177686],"geometry":{"type":"Polygon","coordinates":[[[-8.953564,70.83916],[-7.978809,71.116895],[-8.635352,70.94043],[-8.953564,70.83916]]]}},{"type":"Feature","properties":{"scalerank":0,"featurecla":"Land","min_zoom":0.5},"bbox":[-156.048682,18.963916,-154.804199,20.27583],"geometry":{"type":"Polygon","coordinates":[[[-155.581348,19.012012],[-156.048682,19.749951],[-155.831641,20.27583],[-154.804199,19.524463],[-155.535254,19.109082],[-155.581348,19.012012]]]}},{"type":"Feature","properties":{"scalerank":0,"featurecla":"Land","min_zoom":1.5},"bbox":[-157.290332,21.056348,-156.712158,21.229785],"geometry":{"type":"Polygon","coordinates":[[[-157.213623,21.215381],[-156.712158,21.155078],[-157.249951,21.229785],[-157.213623,21.215381]]]}},{"type":"Feature","properties":{"scalerank":0,"featurecla":"Land","min_zoom":1.5},"bbox":[-156.697754,20.598779,-155.989844,21.034326],"geometry":{"type":"Polygon","coordinates":[[[-156.486816,20.932568],[-155.989844,20.757129],[-156.438232,20.617871],[-156.532324,20.992676],[-156.486816,20.932568]]]}},{"type":"Feature","properties":{"scalerank":0,"featurecla":"Land","min_zoom":3},"bbox":[-160.243457,21.796875,-160.04873,22.015234],"geometry":{"type":"Polygon","coordinates":[[[-160.180029,21.841064],[-160.200244,21.796875],[-160.234717,21.803662],[-160.243457,21.843066],[-160.220898,21.897266],[-160.163867,21.944043],[-160.100635,22.015234],[-160.04873,22.004639],[-160.076709,21.958105],[-160.080029,21.907422],[-160.153418,21.87876],[-160.180029,21.841064]]]}},{"type":"Feature","properties":{"scalerank":0,"featurecla":"Land","min_zoom":1},"bbox":[-158.273145,21.268604,-157.6354,21.701367],"geometry":{"type":"Polygon","coordinates":[[[-157.799365,21.456641],[-158.273145,21.585254],[-157.82959,21.471436],[-157.799365,21.456641]]]}},{"type":"Feature","properties":{"scalerank":0,"featurecla":"Land","min_zoom":1.5},"bbox":[-159.78916,21.876123,-159.300684,22.223145],"geometry":{"type":"Polygon","coordinates":[[[-159.372754,21.932373],[-159.78916,22.041797],[-159.34375,21.973633],[-159.372754,21.932373]]]}},{"type":"Feature","properties":{"scalerank":0,"featurecla":"Land","min_zoom":3},"bbox":[-157.050586,20.744482,-156.809375,20.930029],"geometry":{"type":"Polygon","coordinates":[[[-156.849609,20.772656],[-156.908887,20.744482],[-156.973389,20.75752],[-156.988428,20.825684],[-157.050586,20.912451],[-156.941797,20.930029],[-156.880566,20.904834],[-156.848291,20.877783],[-156.809375,20.831152],[-156.849609,20.772656]]]}},{"type":"Feature","properties":{"scalerank":0,"featurecla":"Land","min_zoom":3},"bbox":[178.647949,51.372217,179.451563,51.655957],"geometry":{"type":"Polygon","coordinates":[[[179.451563,51.372607],[178.647949,51.643896],[179.415527,51.400879],[179.451563,51.372607]]]}},{"type":"Feature","properties":{"scalerank":0,"featurecla":"Land","min_zoom":3},"bbox":[179.497656,51.880225,179.77998,52.03042],"geometry":{"type":"Polygon","coordinates":[[[179.727734,51.90542],[179.645215,51.880225],[179.549609,51.894043],[179.497656,51.932812],[179.503906,51.97959],[179.627148,52.03042],[179.77998,51.966846],[179.727734,51.90542]]]}},{"type":"Feature","properties":{"scalerank":0,"featurecla":"Land","min_zoom":3},"bbox":[177.250293,51.841064,177.669629,52.113818],"geometry":{"type":"Polygon","coordinates":[[[177.41543,51.882812],[177.328516,51.841064],[177.260645,51.883691],[177.250293,51.90293],[177.380664,51.975781],[177.478418,51.991602],[177.520508,52.018213],[177.56377,52.110498],[177.636523,52.113818],[177.669629,52.103027],[177.653027,52.059766],[177.595996,51.993848],[177.594141,51.947559],[177.41543,51.882812]]]}},{"type":"Feature","properties":{"scalerank":0,"featurecla":"Land","min_zoom":3},"bbox":[173.402344,52.356641,173.776074,52.504102],"geometry":{"type":"Polygon","coordinates":[[[173.722754,52.35957],[173.402344,52.404785],[173.744727,52.446631],[173.722754,52.35957]]]}},{"type":"Feature","properties":{"scalerank":0,"featurecla":"Land","min_zoom":2},"bbox":[172.494824,52.7521,173.436035,53.012988],"geometry":{"type":"Polygon","coordinates":[[[172.811816,53.012988],[173.436035,52.852051],[172.67793,53.007568],[172.811816,53.012988]]]}},{"type":"Feature","properties":{"scalerank":0,"featurecla":"Land","min_zoom":3},"bbox":[-173.074023,60.299121,-172.23208,60.606836],"geometry":{"type":"Polygon","coordinates":[[[-172.742236,60.457373],[-172.23208,60.299121],[-172.860205,60.505664],[-172.742236,60.457373]]]}},{"type":"Feature","properties":{"scalerank":0,"featurecla":"Land","min_zoom":3},"bbox":[-170.386621,57.136768,-170.116162,57.241797],"geometry":{"type":"Polygon","coordinates":[[[-170.160547,57.183936],[-170.264014,57.136768],[-170.358008,57.154199],[-170.385889,57.188574],[-170.386621,57.203027],[-170.116162,57.241797],[-170.160547,57.183936]]]}},{"type":"Feature","properties":{"scalerank":0,"featurecla":"Land","min_zoom":4},"bbox":[-160.51748,55.258789,-160.329297,55.356982],"geometry":{"type":"Polygon","coordinates":[[[-160.329297,55.337695],[-160.343311,55.258789],[-160.480762,55.308984],[-160.51748,55.333838],[-160.49292,55.352344],[-160.362305,55.356982],[-160.329297,55.337695]]]}},{"type":"Feature","properties":{"scalerank":0,"featurecla":"Land","min_zoom":3},"bbox":[-160.846533,55.145215,-160.482666,55.404639],"geometry":{"type":"Polygon","coordinates":[[[-160.684912,55.314795],[-160.669727,55.314258],[-160.638818,55.321924],[-160.573975,55.378271],[-160.552783,55.380762],[-160.55249,55.363379],[-160.583154,55.307617],[-160.531201,55.233203],[-160.482666,55.197412],[-160.487549,55.184863],[-160.609082,55.159033],[-160.701807,55.177637],[-160.750635,55.171191],[-160.795068,55.145215],[-160.825488,55.173975],[-160.846533,55.311328],[-160.839648,55.3354],[-160.789209,55.383105],[-160.723926,55.404639],[-160.695654,55.39834],[-160.672168,55.379395],[-160.666357,55.359424],[-160.684912,55.314795]]]}},{"type":"Feature","properties":{"scalerank":0,"featurecla":"Land","min_zoom":3},"bbox":[-162.433887,54.842383,-162.23374,54.983496],"geometry":{"type":"Polygon","coordinates":[[[-162.298145,54.847021],[-162.321924,54.842383],[-162.390771,54.872998],[-162.415771,54.895898],[-162.433887,54.931543],[-162.293652,54.982861],[-162.2646,54.983496],[-162.238379,54.954736],[-162.23374,54.932031],[-162.272559,54.867188],[-162.298145,54.847021]]]}},{"type":"Feature","properties":{"scalerank":0,"featurecla":"Land","min_zoom":3},"bbox":[-162.820557,54.379541,-162.554395,54.494531],"geometry":{"type":"Polygon","coordinates":[[[-162.554395,54.401367],[-162.641113,54.379541],[-162.733105,54.402295],[-162.811719,54.444385],[-162.820557,54.494531],[-162.64541,54.462061],[-162.607959,54.446631],[-162.554395,54.401367]]]}},{"type":"Feature","properties":{"scalerank":0,"featurecla":"Land","min_zoom":4},"bbox":[-159.461914,54.967334,-159.362012,55.058789],"geometry":{"type":"Polygon","coordinates":[[[-159.362012,54.972412],[-159.394482,54.967334],[-159.421338,54.978125],[-159.458496,55.034961],[-159.461914,55.058789],[-159.39043,55.040869],[-159.363184,54.999512],[-159.362012,54.972412]]]}},{"type":"Feature","properties":{"scalerank":0,"featurecla":"Land","min_zoom":3},"bbox":[-160.227051,54.922705,-159.839404,55.272998],"geometry":{"type":"Polygon","coordinates":[[[-159.872998,55.12876],[-160.227051,54.922705],[-159.854102,55.144678],[-159.872998,55.12876]]]}},{"type":"Feature","properties":{"scalerank":0,"featurecla":"Land","min_zoom":4},"bbox":[-159.648486,55.057324,-159.515137,55.225977],"geometry":{"type":"Polygon","coordinates":[[[-159.515137,55.151855],[-159.52041,55.072168],[-159.534961,55.059619],[-159.561475,55.080908],[-159.617725,55.057324],[-159.648486,55.074561],[-159.6354,55.102344],[-159.639648,55.123975],[-159.597949,55.125684],[-159.588037,55.165332],[-159.595264,55.182031],[-159.574756,55.217725],[-159.545068,55.225977],[-159.515137,55.151855]]]}},{"type":"Feature","properties":{"scalerank":0,"featurecla":"Land","min_zoom":3},"bbox":[-169.991846,52.792334,-169.691943,52.883643],"geometry":{"type":"Polygon","coordinates":[[[-169.691943,52.847363],[-169.991846,52.829834],[-169.710986,52.866748],[-169.691943,52.847363]]]}},{"type":"Feature","properties":{"scalerank":0,"featurecla":"Land","min_zoom":3},"bbox":[-170.827051,52.549756,-170.584619,52.697559],"geometry":{"type":"Polygon","coordinates":[[[-170.733398,52.581494],[-170.797363,52.549756],[-170.816064,52.561523],[-170.827051,52.600732],[-170.791162,52.63125],[-170.68208,52.697559],[-170.608057,52.685059],[-170.584619,52.667578],[-170.586621,52.642432],[-170.614014,52.609619],[-170.649268,52.593115],[-170.692285,52.592969],[-170.733398,52.581494]]]}},{"type":"Feature","properties":{"scalerank":0,"featurecla":"Land","min_zoom":3},"bbox":[-166.105811,54.047168,-165.692871,54.211035],"geometry":{"type":"Polygon","coordinates":[[[-165.841553,54.070654],[-165.879395,54.053027],[-165.909863,54.04917],[-165.93291,54.05918],[-166.036426,54.047168],[-166.056641,54.054346],[-166.102832,54.113965],[-166.105811,54.144824],[-166.087744,54.169141],[-166.04126,54.19126],[-165.966406,54.211035],[-165.892871,54.206982],[-165.764453,54.1521],[-165.704248,54.119922],[-165.692871,54.099902],[-165.737891,54.081104],[-165.841553,54.070654]]]}},{"type":"Feature","properties":{"scalerank":0,"featurecla":"Land","min_zoom":3},"bbox":[-165.65415,54.12915,-165.407861,54.284521],"geometry":{"type":"Polygon","coordinates":[[[-165.561133,54.136719],[-165.604834,54.12915],[-165.615381,54.139551],[-165.620508,54.183545],[-165.65415,54.25332],[-165.590332,54.278662],[-165.550635,54.284521],[-165.533789,54.273877],[-165.487695,54.221875],[-165.441748,54.208008],[-165.407861,54.196826],[-165.467578,54.180908],[-165.561133,54.136719]]]}},{"type":"Feature","properties":{"scalerank":0,"featurecla":"Land","min_zoom":2},"bbox":[-169.088916,52.832031,-167.804688,53.558203],"geometry":{"type":"Polygon","coordinates":[[[-167.964355,53.345117],[-169.088916,52.832031],[-167.865137,53.387305],[-167.964355,53.345117]]]}},{"type":"Feature","properties":{"scalerank":0,"featurecla":"Land","min_zoom":2},"bbox":[-167.808789,53.259424,-166.230859,54.005957],"geometry":{"type":"Polygon","coordinates":[[[-166.615332,53.900928],[-166.230859,53.932617],[-167.808789,53.323779],[-166.627393,53.995654],[-166.615332,53.900928]]]}},{"type":"Feature","properties":{"scalerank":0,"featurecla":"Land","min_zoom":4},"bbox":[-166.250732,53.72041,-166.102686,53.843066],"geometry":{"type":"Polygon","coordinates":[[[-166.209766,53.723291],[-166.223828,53.72041],[-166.249414,53.745166],[-166.250732,53.767773],[-166.234375,53.78418],[-166.187744,53.822461],[-166.154541,53.836133],[-166.113721,53.843066],[-166.102686,53.832812],[-166.138623,53.787402],[-166.18374,53.756885],[-166.209766,53.723291]]]}},{"type":"Feature","properties":{"scalerank":0,"featurecla":"Land","min_zoom":3},"bbox":[-172.619824,52.257471,-172.313623,52.388037],"geometry":{"type":"Polygon","coordinates":[[[-172.464795,52.272266],[-172.539111,52.257471],[-172.619824,52.272852],[-172.582178,52.325635],[-172.543652,52.353809],[-172.47041,52.388037],[-172.383105,52.372949],[-172.313623,52.32959],[-172.464795,52.272266]]]}},{"type":"Feature","properties":{"scalerank":0,"featurecla":"Land","min_zoom":3},"bbox":[-173.99248,52.041553,-173.0229,52.14375],"geometry":{"type":"Polygon","coordinates":[[[-173.55332,52.136279],[-173.0229,52.07915],[-173.99248,52.12334],[-173.656836,52.14375],[-173.55332,52.136279]]]}},{"type":"Feature","properties":{"scalerank":0,"featurecla":"Land","min_zoom":2},"bbox":[-175.295557,51.993896,-174.018359,52.420166],"geometry":{"type":"Polygon","coordinates":[[[-174.677393,52.03501],[-175.295557,52.022168],[-174.045605,52.367236],[-174.343555,52.077783],[-174.677393,52.03501]]]}},{"type":"Feature","properties":{"scalerank":0,"featurecla":"Land","min_zoom":4},"bbox":[-176.204443,51.790479,-176.008984,51.886279],"geometry":{"type":"Polygon","coordinates":[[[-176.008984,51.812354],[-176.093359,51.790479],[-176.204443,51.834814],[-176.193652,51.886279],[-176.071631,51.843311],[-176.008984,51.812354]]]}},{"type":"Feature","properties":{"scalerank":0,"featurecla":"Land","min_zoom":4},"bbox":[-176.413721,51.733301,-176.280225,51.861133],"geometry":{"type":"Polygon","coordinates":[[[-176.286719,51.791992],[-176.349658,51.733301],[-176.396094,51.759863],[-176.413721,51.840576],[-176.378564,51.861133],[-176.280225,51.802832],[-176.286719,51.791992]]]}},{"type":"Feature","properties":{"scalerank":0,"featurecla":"Land","min_zoom":2},"bbox":[-176.961621,51.603662,-176.437354,51.986035],"geometry":{"type":"Polygon","coordinates":[[[-176.593311,51.866699],[-176.961621,51.603662],[-176.551611,51.91958],[-176.593311,51.866699]]]}},{"type":"Feature","properties":{"scalerank":0,"featurecla":"Land","min_zoom":3},"bbox":[-176.184521,51.972998,-175.975293,52.099951],"geometry":{"type":"Polygon","coordinates":[[[-176.021533,52.002441],[-176.045068,51.972998],[-176.142871,52.004297],[-176.177539,52.029834],[-176.184521,52.056055],[-176.155664,52.099414],[-176.077393,52.099951],[-176.031201,52.082324],[-175.988086,52.049463],[-175.975293,52.028955],[-176.021533,52.002441]]]}},{"type":"Feature","properties":{"scalerank":0,"featurecla":"Land","min_zoom":3},"bbox":[-177.670215,51.676562,-177.063037,51.929785],"geometry":{"type":"Polygon","coordinates":[[[-177.148193,51.716748],[-177.670215,51.701074],[-177.135107,51.806934],[-177.148193,51.716748]]]}},{"type":"Feature","properties":{"scalerank":0,"featurecla":"Land","min_zoom":3},"bbox":[-178.194531,51.616406,-177.644482,51.918457],"geometry":{"type":"Polygon","coordinates":[[[-177.879053,51.649707],[-178.194531,51.882227],[-177.826953,51.685889],[-177.879053,51.649707]]]}},{"type":"Feature","properties":{"scalerank":0,"featurecla":"Land","min_zoom":3},"bbox":[73.251172,-53.18457,73.837793,-52.966309],"geometry":{"type":"Polygon","coordinates":[[[73.707422,-53.137109],[73.251172,-52.975781],[73.795117,-53.129883],[73.707422,-53.137109]]]}},{"type":"Feature","properties":{"scalerank":0,"featurecla":"Land","min_zoom":3},"bbox":[69.150098,-49.066797,69.394727,-48.878809],"geometry":{"type":"Polygon","coordinates":[[[69.282422,-49.058887],[69.220605,-49.066797],[69.201563,-49.034277],[69.203906,-48.991211],[69.169531,-48.957031],[69.150098,-48.919043],[69.167188,-48.88291],[69.266406,-48.878809],[69.36875,-48.89043],[69.394727,-48.951172],[69.321191,-49.034277],[69.282422,-49.058887]]]}},{"type":"Feature","properties":{"scalerank":0,"featurecla":"Land","min_zoom":3},"bbox":[51.659277,-46.44873,51.83457,-46.326855],"geometry":{"type":"Polygon","coordinates":[[[51.83457,-46.439941],[51.761719,-46.44873],[51.696582,-46.428125],[51.659277,-46.373633],[51.741895,-46.326855],[51.78418,-46.358887],[51.81543,-46.394727],[51.83457,-46.439941]]]}},{"type":"Feature","properties":{"scalerank":0,"featurecla":"Land","min_zoom":3},"bbox":[37.590039,-46.962891,37.887695,-46.824023],"geometry":{"type":"Polygon","coordinates":[[[37.856934,-46.944238],[37.813965,-46.962891],[37.611816,-46.946484],[37.590039,-46.908008],[37.649707,-46.848926],[37.684863,-46.824023],[37.789551,-46.8375],[37.872852,-46.885449],[37.887695,-46.90166],[37.856934,-46.944238]]]}},{"type":"Feature","properties":{"scalerank":0,"featurecla":"Land","min_zoom":2},"bbox":[27.715527,35.908301,28.231836,36.433643],"geometry":{"type":"Polygon","coordinates":[[[27.842773,35.929297],[28.231836,36.433643],[27.965527,36.04751],[27.842773,35.929297]]]}},{"type":"Feature","properties":{"scalerank":0,"featurecla":"Land","min_zoom":3},"bbox":[27.070703,35.409082,27.233594,35.820459],"geometry":{"type":"Polygon","coordinates":[[[27.176074,35.465283],[27.223145,35.820459],[27.233594,35.478564],[27.176074,35.465283]]]}},{"type":"Feature","properties":{"scalerank":0,"featurecla":"Land","min_zoom":4},"bbox":[27.785742,36.537988,27.869824,36.641162],"geometry":{"type":"Polygon","coordinates":[[[27.860156,36.553906],[27.838281,36.537988],[27.788086,36.583691],[27.785742,36.60752],[27.836816,36.634863],[27.8625,36.641162],[27.869824,36.62251],[27.869043,36.582666],[27.860156,36.553906]]]}},{"type":"Feature","properties":{"scalerank":0,"featurecla":"Land","min_zoom":4},"bbox":[26.888672,36.945215,27.040137,37.087256],"geometry":{"type":"Polygon","coordinates":[[[27.019727,36.959033],[26.919922,36.945215],[26.937695,37.024609],[26.888672,37.087256],[26.966602,37.0521],[27.016016,37.009668],[27.040137,37.001562],[27.03457,36.975977],[27.019727,36.959033]]]}},{"type":"Feature","properties":{"scalerank":0,"featurecla":"Land","min_zoom":3},"bbox":[26.918359,36.725928,27.352148,36.905127],"geometry":{"type":"Polygon","coordinates":[[[26.949609,36.7271],[27.352148,36.868896],[27.033594,36.770752],[26.949609,36.7271]]]}},{"type":"Feature","properties":{"scalerank":0,"featurecla":"Land","min_zoom":3},"bbox":[25.361914,36.929688,25.587891,37.196387],"geometry":{"type":"Polygon","coordinates":[[[25.545898,36.967578],[25.456738,36.929688],[25.395898,36.984375],[25.361914,37.07041],[25.525293,37.196387],[25.564355,37.185107],[25.587891,37.152539],[25.584277,37.039307],[25.545898,36.967578]]]}},{"type":"Feature","properties":{"scalerank":0,"featurecla":"Land","min_zoom":3},"bbox":[25.105469,36.991309,25.278906,37.148535],"geometry":{"type":"Polygon","coordinates":[[[25.278906,37.068408],[25.199414,36.991309],[25.133301,36.999658],[25.105469,37.034961],[25.146484,37.107422],[25.235059,37.148535],[25.275293,37.137842],[25.271484,37.08418],[25.278906,37.068408]]]}},{"type":"Feature","properties":{"scalerank":0,"featurecla":"Land","min_zoom":4},"bbox":[25.370508,36.340088,25.482422,36.47373],"geometry":{"type":"Polygon","coordinates":[[[25.482422,36.392627],[25.435938,36.340088],[25.370508,36.358936],[25.397168,36.378955],[25.412891,36.404883],[25.414648,36.442285],[25.396875,36.465332],[25.408984,36.47373],[25.467383,36.435059],[25.482422,36.392627]]]}},{"type":"Feature","properties":{"scalerank":0,"featurecla":"Land","min_zoom":4},"bbox":[25.259961,36.65835,25.406934,36.78916],"geometry":{"type":"Polygon","coordinates":[[[25.381738,36.674023],[25.364355,36.65835],[25.288672,36.721533],[25.259961,36.758447],[25.295898,36.78916],[25.406934,36.717334],[25.381738,36.674023]]]}},{"type":"Feature","properties":{"scalerank":0,"featurecla":"Land","min_zoom":3},"bbox":[26.581055,37.644727,27.055078,37.811426],"geometry":{"type":"Polygon","coordinates":[[[26.824414,37.811426],[26.947363,37.778467],[26.981543,37.781982],[27.039648,37.77002],[27.055078,37.709277],[26.978125,37.700488],[26.844922,37.644727],[26.788281,37.656982],[26.720508,37.705469],[26.612891,37.710498],[26.581055,37.72373],[26.638672,37.780859],[26.743359,37.809766],[26.824414,37.811426]]]}},{"type":"Feature","properties":{"scalerank":0,"featurecla":"Land","min_zoom":3},"bbox":[25.982422,37.525586,26.351367,37.674316],"geometry":{"type":"Polygon","coordinates":[[[26.029297,37.529395],[25.982422,37.525586],[25.996777,37.565576],[26.086328,37.634912],[26.211523,37.638281],[26.325586,37.673047],[26.351367,37.674316],[26.296875,37.61958],[26.204883,37.568506],[26.029297,37.529395]]]}},{"type":"Feature","properties":{"scalerank":0,"featurecla":"Land","min_zoom":3},"bbox":[25.743164,36.782227,26.064453,36.937402],"geometry":{"type":"Polygon","coordinates":[[[25.859375,36.79043],[25.771094,36.782227],[25.743164,36.789746],[25.796777,36.807031],[25.834375,36.825391],[25.852441,36.847559],[25.941992,36.886572],[26.000684,36.937402],[26.064453,36.902734],[25.984668,36.879687],[25.859375,36.79043]]]}},{"type":"Feature","properties":{"scalerank":0,"featurecla":"Land","min_zoom":3},"bbox":[26.269824,36.511377,26.460645,36.638574],"geometry":{"type":"Polygon","coordinates":[[[26.460645,36.5854],[26.381641,36.561523],[26.331445,36.511377],[26.27002,36.546924],[26.269824,36.59541],[26.337012,36.580566],[26.38418,36.607861],[26.37002,36.638574],[26.421289,36.624219],[26.460645,36.5854]]]}},{"type":"Feature","properties":{"scalerank":0,"featurecla":"Land","min_zoom":3},"bbox":[24.277441,37.528271,24.400781,37.682715],"geometry":{"type":"Polygon","coordinates":[[[24.355957,37.576855],[24.288965,37.528271],[24.277441,37.601123],[24.32041,37.677734],[24.379102,37.682715],[24.400781,37.649023],[24.355957,37.576855]]]}},{"type":"Feature","properties":{"scalerank":0,"featurecla":"Land","min_zoom":4},"bbox":[24.369727,37.314111,24.481445,37.475195],"geometry":{"type":"Polygon","coordinates":[[[24.435742,37.344434],[24.378906,37.314111],[24.397754,37.383447],[24.369727,37.419629],[24.394824,37.450391],[24.43125,37.475195],[24.448535,37.449561],[24.481445,37.408008],[24.435742,37.344434]]]}},{"type":"Feature","properties":{"scalerank":0,"featurecla":"Land","min_zoom":3},"bbox":[24.325977,36.655615,24.5375,36.76377],"geometry":{"type":"Polygon","coordinates":[[[24.535742,36.76377],[24.5375,36.705029],[24.530664,36.683984],[24.325977,36.655615],[24.344922,36.722998],[24.357422,36.744287],[24.425195,36.712939],[24.450195,36.728955],[24.460352,36.747461],[24.535742,36.76377]]]}},{"type":"Feature","properties":{"scalerank":0,"featurecla":"Land","min_zoom":4},"bbox":[24.895313,37.389697,24.942871,37.508887],"geometry":{"type":"Polygon","coordinates":[[[24.942871,37.493506],[24.937891,37.389697],[24.911523,37.390576],[24.896191,37.406592],[24.895313,37.446338],[24.906543,37.508887],[24.942871,37.493506]]]}},{"type":"Feature","properties":{"scalerank":0,"featurecla":"Land","min_zoom":3},"bbox":[24.700195,37.692383,24.991699,37.990137],"geometry":{"type":"Polygon","coordinates":[[[24.991699,37.759619],[24.700195,37.96167],[24.980469,37.796924],[24.991699,37.759619]]]}},{"type":"Feature","properties":{"scalerank":0,"featurecla":"Land","min_zoom":3},"bbox":[24.996484,37.535107,25.255859,37.680664],"geometry":{"type":"Polygon","coordinates":[[[25.255859,37.599609],[25.21875,37.535107],[25.156348,37.545068],[25.051953,37.614453],[25.016309,37.645947],[24.996484,37.676904],[25.039355,37.680664],[25.091797,37.647998],[25.225391,37.630664],[25.255859,37.599609]]]}},{"type":"Feature","properties":{"scalerank":0,"featurecla":"Land","min_zoom":4},"bbox":[24.670996,36.91709,24.763184,37.023828],"geometry":{"type":"Polygon","coordinates":[[[24.720898,36.921436],[24.702637,36.91709],[24.676465,36.959277],[24.670996,36.998584],[24.681445,37.021631],[24.716113,37.023828],[24.763184,36.949219],[24.720898,36.921436]]]}},{"type":"Feature","properties":{"scalerank":0,"featurecla":"Land","min_zoom":2},"bbox":[25.846094,38.161523,26.160352,38.601709],"geometry":{"type":"Polygon","coordinates":[[[26.094043,38.218066],[25.846094,38.574023],[26.103125,38.23418],[26.094043,38.218066]]]}},{"type":"Feature","properties":{"scalerank":0,"featurecla":"Land","min_zoom":0},"bbox":[25.844141,38.972803,26.595605,39.383008],"geometry":{"type":"Polygon","coordinates":[[[26.410156,39.329443],[26.547168,38.994141],[25.844141,39.200049],[26.347754,39.383008],[26.410156,39.329443]]]}},{"type":"Feature","properties":{"scalerank":0,"featurecla":"Land","min_zoom":4},"bbox":[23.593945,39.080566,23.779785,39.208594],"geometry":{"type":"Polygon","coordinates":[[[23.779785,39.114404],[23.735156,39.080566],[23.666113,39.095361],[23.593945,39.208594],[23.779785,39.114404]]]}},{"type":"Feature","properties":{"scalerank":0,"featurecla":"Land","min_zoom":4},"bbox":[23.841211,39.146582,23.970898,39.267725],"geometry":{"type":"Polygon","coordinates":[[[23.887988,39.158301],[23.841211,39.146582],[23.888086,39.226367],[23.970898,39.267725],[23.939746,39.200537],[23.887988,39.158301]]]}},{"type":"Feature","properties":{"scalerank":0,"featurecla":"Land","min_zoom":3},"bbox":[24.461035,38.784814,24.674707,38.980273],"geometry":{"type":"Polygon","coordinates":[[[24.674707,38.809229],[24.569043,38.784814],[24.541016,38.788672],[24.564551,38.819434],[24.566406,38.832373],[24.461035,38.888623],[24.473438,38.96167],[24.485645,38.980273],[24.564063,38.942236],[24.58125,38.878857],[24.674707,38.809229]]]}},{"type":"Feature","properties":{"scalerank":0,"featurecla":"Land","min_zoom":3},"bbox":[25.448047,40.400439,25.685742,40.515869],"geometry":{"type":"Polygon","coordinates":[[[25.685742,40.426562],[25.572656,40.400439],[25.448047,40.482812],[25.568555,40.515869],[25.624316,40.491992],[25.664258,40.463867],[25.685742,40.426562]]]}},{"type":"Feature","properties":{"scalerank":0,"featurecla":"Land","min_zoom":3},"bbox":[25.052344,39.806104,25.449121,40.034814],"geometry":{"type":"Polygon","coordinates":[[[25.437695,39.983301],[25.062207,39.852393],[25.449121,40.034814],[25.437695,39.983301]]]}},{"type":"Feature","properties":{"scalerank":0,"featurecla":"Land","min_zoom":3},"bbox":[24.515527,40.579443,24.786328,40.79292],"geometry":{"type":"Polygon","coordinates":[[[24.774219,40.615186],[24.645898,40.579443],[24.515527,40.647021],[24.516699,40.687207],[24.585547,40.76875],[24.62334,40.79292],[24.719141,40.786279],[24.773633,40.730273],[24.786328,40.703857],[24.768652,40.658887],[24.774219,40.615186]]]}},{"type":"Feature","properties":{"scalerank":0,"featurecla":"Land","min_zoom":3},"bbox":[25.668945,40.105469,25.977051,40.237988],"geometry":{"type":"Polygon","coordinates":[[[25.97002,40.136328],[25.668945,40.135889],[25.977051,40.177832],[25.97002,40.136328]]]}},{"type":"Feature","properties":{"scalerank":0,"featurecla":"Land","min_zoom":3},"bbox":[-16.236426,11.04458,-16.052783,11.198779],"geometry":{"type":"Polygon","coordinates":[[[-16.114502,11.059424],[-16.194531,11.04458],[-16.231006,11.094238],[-16.236426,11.113428],[-16.194629,11.130127],[-16.175879,11.130811],[-16.144043,11.166846],[-16.104785,11.191016],[-16.087451,11.198779],[-16.067334,11.197217],[-16.052783,11.117529],[-16.072217,11.084082],[-16.114502,11.059424]]]}},{"type":"Feature","properties":{"scalerank":0,"featurecla":"Land","min_zoom":3},"bbox":[-16.477002,19.609277,-16.343652,19.866211],"geometry":{"type":"Polygon","coordinates":[[[-16.37334,19.706445],[-16.437549,19.609277],[-16.465967,19.646387],[-16.477002,19.710352],[-16.420166,19.801953],[-16.393262,19.849268],[-16.343652,19.866211],[-16.37334,19.706445]]]}},{"type":"Feature","properties":{"scalerank":0,"featurecla":"Land","min_zoom":2},"bbox":[-17.241016,32.648291,-16.693262,32.868604],"geometry":{"type":"Polygon","coordinates":[[[-17.190869,32.868604],[-16.693262,32.758008],[-17.241016,32.807373],[-17.190869,32.868604]]]}},{"type":"Feature","properties":{"scalerank":0,"featurecla":"Land","min_zoom":4},"bbox":[-15.963965,11.054736,-15.895898,11.192773],"geometry":{"type":"Polygon","coordinates":[[[-15.895898,11.082471],[-15.905176,11.054736],[-15.963965,11.058984],[-15.950635,11.087109],[-15.963477,11.095312],[-15.946484,11.179736],[-15.937695,11.192773],[-15.909131,11.161328],[-15.905273,11.14834],[-15.895898,11.082471]]]}},{"type":"Feature","properties":{"scalerank":0,"featurecla":"Land","min_zoom":2},"bbox":[-16.905322,28.007178,-16.119141,28.575977],"geometry":{"type":"Polygon","coordinates":[[[-16.334473,28.379932],[-16.658008,28.007178],[-16.905322,28.3396],[-16.119141,28.528271],[-16.334473,28.379932]]]}},{"type":"Feature","properties":{"scalerank":0,"featurecla":"Land","min_zoom":2},"bbox":[-13.859912,28.845459,-13.422949,29.237207],"geometry":{"type":"Polygon","coordinates":[[[-13.715967,28.91123],[-13.463574,29.237207],[-13.554688,28.960205],[-13.715967,28.91123]]]}},{"type":"Feature","properties":{"scalerank":0,"featurecla":"Land","min_zoom":2},"bbox":[-14.491797,28.056006,-13.827148,28.744678],"geometry":{"type":"Polygon","coordinates":[[[-14.196777,28.169287],[-14.491797,28.100928],[-13.886279,28.744678],[-13.928027,28.253467],[-14.196777,28.169287]]]}},{"type":"Feature","properties":{"scalerank":0,"featurecla":"Land","min_zoom":2},"bbox":[-12.951611,7.410254,-12.500635,7.637207],"geometry":{"type":"Polygon","coordinates":[[[-12.526074,7.436328],[-12.951611,7.57085],[-12.500635,7.535107],[-12.526074,7.436328]]]}},{"type":"Feature","properties":{"scalerank":0,"featurecla":"Land","min_zoom":2},"bbox":[-15.809473,27.746973,-15.383154,28.159326],"geometry":{"type":"Polygon","coordinates":[[[-15.400586,28.147363],[-15.710303,27.784082],[-15.415479,28.159326],[-15.400586,28.147363]]]}},{"type":"Feature","properties":{"scalerank":0,"featurecla":"Land","min_zoom":3},"bbox":[-15.779785,11.174512,-15.65835,11.301758],"geometry":{"type":"Polygon","coordinates":[[[-15.725146,11.215479],[-15.725146,11.174512],[-15.76748,11.182275],[-15.779785,11.194531],[-15.754687,11.268701],[-15.71748,11.301758],[-15.671924,11.296484],[-15.65835,11.286475],[-15.667187,11.257861],[-15.687109,11.234326],[-15.725146,11.215479]]]}},{"type":"Feature","properties":{"scalerank":0,"featurecla":"Land","min_zoom":4},"bbox":[-15.619629,11.51377,-15.482471,11.632324],"geometry":{"type":"Polygon","coordinates":[[[-15.553418,11.537012],[-15.562793,11.51377],[-15.619629,11.533496],[-15.536572,11.617627],[-15.482471,11.632324],[-15.484424,11.567529],[-15.526221,11.553857],[-15.553418,11.537012]]]}},{"type":"Feature","properties":{"scalerank":0,"featurecla":"Land","min_zoom":2},"bbox":[-25.341553,16.925928,-24.979687,17.193652],"geometry":{"type":"Polygon","coordinates":[[[-25.169824,16.946484],[-25.267236,16.925928],[-25.308301,16.93584],[-25.321924,17.015381],[-25.341553,17.067725],[-25.337109,17.091016],[-25.113477,17.193652],[-25.034668,17.176465],[-24.979687,17.094727],[-25.01709,17.049316],[-25.169824,16.946484]]]}},{"type":"Feature","properties":{"scalerank":0,"featurecla":"Land","min_zoom":3},"bbox":[-25.093066,16.794189,-24.887061,16.922119],"geometry":{"type":"Polygon","coordinates":[[[-24.887061,16.818115],[-24.969141,16.794189],[-25.019971,16.797217],[-25.093066,16.83252],[-25.070117,16.870703],[-24.991016,16.913232],[-24.936475,16.922119],[-24.891895,16.846484],[-24.887061,16.818115]]]}},{"type":"Feature","properties":{"scalerank":0,"featurecla":"Land","min_zoom":3},"bbox":[-17.324902,28.013525,-17.101074,28.203174],"geometry":{"type":"Polygon","coordinates":[[[-17.184668,28.021973],[-17.225391,28.013525],[-17.273926,28.038281],[-17.324902,28.117676],[-17.290332,28.176318],[-17.258594,28.203174],[-17.214355,28.199268],[-17.129639,28.155957],[-17.10376,28.111133],[-17.101074,28.083447],[-17.184668,28.021973]]]}},{"type":"Feature","properties":{"scalerank":0,"featurecla":"Land","min_zoom":3},"bbox":[-16.023193,11.434424,-15.901807,11.598291],"geometry":{"type":"Polygon","coordinates":[[[-15.901807,11.46582],[-15.94873,11.434424],[-15.997217,11.44917],[-16.023193,11.477148],[-16.019336,11.527295],[-15.964551,11.598291],[-15.915332,11.589111],[-15.901807,11.46582]]]}},{"type":"Feature","properties":{"scalerank":0,"featurecla":"Land","min_zoom":3},"bbox":[-16.152441,11.759717,-15.986426,11.88667],"geometry":{"type":"Polygon","coordinates":[[[-15.986426,11.882031],[-16.03833,11.759717],[-16.102441,11.773193],[-16.147363,11.845996],[-16.152441,11.876807],[-16.021875,11.88667],[-15.986426,11.882031]]]}},{"type":"Feature","properties":{"scalerank":0,"featurecla":"Land","min_zoom":3},"bbox":[-18.160547,27.646387,-17.887939,27.850146],"geometry":{"type":"Polygon","coordinates":[[[-17.887939,27.80957],[-17.984766,27.646387],[-18.106592,27.707471],[-18.135937,27.72793],[-18.160547,27.761475],[-18.043359,27.768115],[-17.924512,27.850146],[-17.887939,27.80957]]]}},{"type":"Feature","properties":{"scalerank":0,"featurecla":"Land","min_zoom":3},"bbox":[-22.959277,15.986035,-22.681885,16.237256],"geometry":{"type":"Polygon","coordinates":[[[-22.917725,16.237256],[-22.834326,16.218994],[-22.802637,16.225537],[-22.749414,16.221533],[-22.692627,16.169043],[-22.681885,16.113281],[-22.710107,16.043359],[-22.820508,15.986035],[-22.884082,15.992725],[-22.959277,16.045117],[-22.916113,16.148438],[-22.917725,16.237256]]]}},{"type":"Feature","properties":{"scalerank":0,"featurecla":"Land","min_zoom":3},"bbox":[-24.51709,14.818213,-24.295801,15.038281],"geometry":{"type":"Polygon","coordinates":[[[-24.308252,14.856299],[-24.386133,14.818213],[-24.440527,14.834814],[-24.492188,14.874219],[-24.51709,14.93125],[-24.496875,14.980273],[-24.391992,15.038281],[-24.329492,15.019482],[-24.295801,14.929541],[-24.308252,14.856299]]]}},{"type":"Feature","properties":{"scalerank":0,"featurecla":"Land","min_zoom":2},"bbox":[-18.000781,28.485693,-17.726562,28.846777],"geometry":{"type":"Polygon","coordinates":[[[-17.834277,28.493213],[-17.928809,28.84458],[-17.758008,28.569092],[-17.834277,28.493213]]]}},{"type":"Feature","properties":{"scalerank":0,"featurecla":"Land","min_zoom":3},"bbox":[-24.398096,16.493115,-24.032715,16.677783],"geometry":{"type":"Polygon","coordinates":[[[-24.087695,16.62251],[-24.046387,16.593066],[-24.032715,16.572021],[-24.094141,16.561035],[-24.243066,16.599414],[-24.282812,16.575928],[-24.322363,16.493115],[-24.398096,16.618408],[-24.39292,16.664453],[-24.376709,16.677783],[-24.271094,16.644873],[-24.087695,16.62251]]]}},{"type":"Feature","properties":{"scalerank":0,"featurecla":"Land","min_zoom":3},"bbox":[-22.990918,16.60791,-22.88833,16.84375],"geometry":{"type":"Polygon","coordinates":[[[-22.88833,16.659082],[-22.920264,16.60791],[-22.959424,16.683057],[-22.980615,16.700879],[-22.990918,16.808838],[-22.93291,16.841016],[-22.904736,16.84375],[-22.903906,16.732129],[-22.88833,16.659082]]]}},{"type":"Feature","properties":{"scalerank":0,"featurecla":"Land","min_zoom":3},"bbox":[-23.251807,15.133105,-23.115869,15.323535],"geometry":{"type":"Polygon","coordinates":[[[-23.182129,15.136768],[-23.209961,15.133105],[-23.251807,15.178125],[-23.24248,15.240527],[-23.247168,15.256982],[-23.210254,15.323535],[-23.137744,15.317725],[-23.119336,15.268408],[-23.115869,15.16665],[-23.182129,15.136768]]]}},{"type":"Feature","properties":{"scalerank":0,"featurecla":"Land","min_zoom":2},"bbox":[-23.78501,14.916113,-23.444238,15.328516],"geometry":{"type":"Polygon","coordinates":[[[-23.444238,15.007959],[-23.748096,15.328516],[-23.535254,15.139258],[-23.444238,15.007959]]]}},{"type":"Feature","properties":{"scalerank":0,"featurecla":"Land","min_zoom":3},"bbox":[44.220117,-12.356543,44.526758,-12.071387],"geometry":{"type":"Polygon","coordinates":[[[44.476367,-12.081543],[44.526758,-12.219531],[44.52627,-12.323535],[44.50498,-12.356543],[44.460156,-12.335156],[44.377441,-12.252246],[44.220117,-12.171387],[44.292285,-12.164746],[44.334473,-12.173047],[44.379102,-12.165625],[44.407031,-12.120117],[44.412598,-12.092969],[44.451855,-12.071387],[44.476367,-12.081543]]]}},{"type":"Feature","properties":{"scalerank":0,"featurecla":"Land","min_zoom":3},"bbox":[43.631348,-12.368262,43.858984,-12.24707],"geometry":{"type":"Polygon","coordinates":[[[43.788672,-12.307031],[43.858984,-12.368262],[43.663672,-12.342871],[43.63291,-12.287695],[43.631348,-12.24707],[43.704297,-12.255957],[43.788672,-12.307031]]]}},{"type":"Feature","properties":{"scalerank":0,"featurecla":"Land","min_zoom":3},"bbox":[45.042578,-12.984961,45.223145,-12.653027],"geometry":{"type":"Polygon","coordinates":[[[45.180273,-12.976758],[45.092383,-12.653027],[45.179395,-12.920215],[45.180273,-12.976758]]]}},{"type":"Feature","properties":{"scalerank":0,"featurecla":"Land","min_zoom":2},"bbox":[43.22666,-11.914551,43.491504,-11.368457],"geometry":{"type":"Polygon","coordinates":[[[43.46582,-11.90127],[43.299023,-11.374512],[43.491504,-11.862109],[43.46582,-11.90127]]]}},{"type":"Feature","properties":{"scalerank":0,"featurecla":"Land","min_zoom":3},"bbox":[39.60293,-7.990527,39.907129,-7.649219],"geometry":{"type":"Polygon","coordinates":[[[39.711328,-7.977441],[39.907129,-7.649219],[39.761816,-7.911914],[39.711328,-7.977441]]]}},{"type":"Feature","properties":{"scalerank":0,"featurecla":"Land","min_zoom":3},"bbox":[40.957324,-2.167285,41.139258,-2.036523],"geometry":{"type":"Polygon","coordinates":[[[40.994434,-2.158398],[40.957324,-2.167285],[40.976465,-2.109766],[41.086035,-2.036523],[41.130664,-2.053027],[41.139258,-2.069824],[41.136816,-2.085059],[41.118164,-2.100098],[40.994434,-2.158398]]]}},{"type":"Feature","properties":{"scalerank":0,"featurecla":"Land","min_zoom":2},"bbox":[39.182324,-6.453711,39.573047,-5.721973],"geometry":{"type":"Polygon","coordinates":[[[39.496484,-6.174609],[39.182324,-6.172559],[39.308984,-5.721973],[39.487891,-6.166211],[39.496484,-6.174609]]]}},{"type":"Feature","properties":{"scalerank":0,"featurecla":"Land","min_zoom":2},"bbox":[57.317676,-20.513184,57.791992,-19.989941],"geometry":{"type":"Polygon","coordinates":[[[57.65127,-20.484863],[57.317676,-20.427637],[57.575781,-19.997168],[57.706641,-20.434863],[57.65127,-20.484863]]]}},{"type":"Feature","properties":{"scalerank":0,"featurecla":"Land","min_zoom":2},"bbox":[55.232813,-21.369043,55.839063,-20.865137],"geometry":{"type":"Polygon","coordinates":[[[55.797363,-21.339355],[55.25,-21.002441],[55.822461,-21.277832],[55.797363,-21.339355]]]}},{"type":"Feature","properties":{"scalerank":0,"featurecla":"Land","min_zoom":3},"bbox":[48.191211,-13.400391,48.351074,-13.198242],"geometry":{"type":"Polygon","coordinates":[[[48.342188,-13.363867],[48.343555,-13.400391],[48.211914,-13.385254],[48.191211,-13.259961],[48.255664,-13.256055],[48.269727,-13.20459],[48.308887,-13.198242],[48.351074,-13.30957],[48.342188,-13.363867]]]}},{"type":"Feature","properties":{"scalerank":0,"featurecla":"Land","min_zoom":3},"bbox":[49.824023,-17.086523,50.023047,-16.695312],"geometry":{"type":"Polygon","coordinates":[[[49.936426,-16.90293],[49.824023,-17.086523],[49.855664,-16.933203],[49.985938,-16.712402],[50.023047,-16.695312],[49.936426,-16.90293]]]}},{"type":"Feature","properties":{"scalerank":0,"featurecla":"Land","min_zoom":3},"bbox":[-5.78252,-16.004004,-5.659717,-15.906152],"geometry":{"type":"Polygon","coordinates":[[[-5.692139,-15.997754],[-5.78252,-16.004004],[-5.775049,-15.956738],[-5.707861,-15.906152],[-5.6625,-15.912793],[-5.659717,-15.970898],[-5.692139,-15.997754]]]}},{"type":"Feature","properties":{"scalerank":0,"featurecla":"Land","min_zoom":2},"bbox":[39.646777,-5.443848,39.870996,-4.906152],"geometry":{"type":"Polygon","coordinates":[[[39.865039,-4.906152],[39.749316,-5.443848],[39.780762,-4.944922],[39.865039,-4.906152]]]}},{"type":"Feature","properties":{"scalerank":0,"featurecla":"Land","min_zoom":3},"bbox":[55.383398,-4.785547,55.542969,-4.558789],"geometry":{"type":"Polygon","coordinates":[[[55.540332,-4.693066],[55.542969,-4.785547],[55.494727,-4.75459],[55.48125,-4.694824],[55.416797,-4.650293],[55.383398,-4.609277],[55.455762,-4.558789],[55.540332,-4.693066]]]}},{"type":"Feature","properties":{"scalerank":0,"featurecla":"Land","min_zoom":2},"bbox":[8.434277,3.21709,8.950684,3.758301],"geometry":{"type":"Polygon","coordinates":[[[8.735742,3.758301],[8.652344,3.21709],[8.675879,3.735937],[8.735742,3.758301]]]}},{"type":"Feature","properties":{"scalerank":0,"featurecla":"Land","min_zoom":2},"bbox":[6.468164,0.047363,6.75,0.404395],"geometry":{"type":"Polygon","coordinates":[[[6.659961,0.120654],[6.556836,0.047363],[6.519727,0.066309],[6.496973,0.117383],[6.468164,0.227344],[6.477539,0.280127],[6.524316,0.340283],[6.625879,0.400244],[6.686914,0.404395],[6.749805,0.325635],[6.75,0.243457],[6.659961,0.120654]]]}},{"type":"Feature","properties":{"scalerank":0,"featurecla":"Land","min_zoom":3},"bbox":[7.330664,1.541553,7.452344,1.699121],"geometry":{"type":"Polygon","coordinates":[[[7.423828,1.567725],[7.386621,1.541553],[7.342383,1.563574],[7.330664,1.603369],[7.387598,1.680176],[7.414453,1.699121],[7.437012,1.683057],[7.450391,1.661963],[7.452344,1.631104],[7.423828,1.567725]]]}},{"type":"Feature","properties":{"scalerank":0,"featurecla":"Land","min_zoom":3},"bbox":[7.14043,4.387646,7.32793,4.527344],"geometry":{"type":"Polygon","coordinates":[[[7.300781,4.418164],[7.203906,4.387646],[7.14043,4.395117],[7.227344,4.527344],[7.271387,4.498926],[7.32793,4.487207],[7.300781,4.418164]]]}},{"type":"Feature","properties":{"scalerank":0,"featurecla":"Land","min_zoom":3},"bbox":[-44.360156,-23.212305,-44.098047,-23.074121],"geometry":{"type":"Polygon","coordinates":[[[-44.129297,-23.141895],[-44.098047,-23.169336],[-44.155762,-23.166602],[-44.220508,-23.19082],[-44.320068,-23.212305],[-44.360156,-23.17207],[-44.274121,-23.116211],[-44.242871,-23.074121],[-44.22041,-23.08291],[-44.191602,-23.113281],[-44.129297,-23.141895]]]}},{"type":"Feature","properties":{"scalerank":0,"featurecla":"Land","min_zoom":3},"bbox":[-48.665771,-26.41377,-48.497607,-26.170313],"geometry":{"type":"Polygon","coordinates":[[[-48.584424,-26.401563],[-48.603076,-26.41377],[-48.665771,-26.289648],[-48.539746,-26.170313],[-48.497607,-26.21875],[-48.531104,-26.313184],[-48.568066,-26.379688],[-48.584424,-26.401563]]]}},{"type":"Feature","properties":{"scalerank":0,"featurecla":"Land","min_zoom":3},"bbox":[-48.55459,-27.812207,-48.37793,-27.399609],"geometry":{"type":"Polygon","coordinates":[[[-48.485889,-27.766992],[-48.414893,-27.399609],[-48.496777,-27.707031],[-48.485889,-27.766992]]]}},{"type":"Feature","properties":{"scalerank":0,"featurecla":"Land","min_zoom":3},"bbox":[-45.451416,-23.941309,-45.233105,-23.727539],"geometry":{"type":"Polygon","coordinates":[[[-45.260254,-23.88916],[-45.260889,-23.941309],[-45.302539,-23.914746],[-45.412842,-23.934961],[-45.451416,-23.895605],[-45.302344,-23.727539],[-45.272266,-23.751953],[-45.249072,-23.782617],[-45.233105,-23.825391],[-45.250293,-23.853027],[-45.260254,-23.88916]]]}},{"type":"Feature","properties":{"scalerank":0,"featurecla":"Land","min_zoom":4},"bbox":[11.123633,34.681689,11.281055,34.820312],"geometry":{"type":"Polygon","coordinates":[[[11.278027,34.753809],[11.123633,34.681689],[11.153027,34.74458],[11.254883,34.820312],[11.281055,34.802197],[11.278027,34.753809]]]}},{"type":"Feature","properties":{"scalerank":0,"featurecla":"Land","min_zoom":3},"bbox":[10.72207,33.687158,11.037598,33.893115],"geometry":{"type":"Polygon","coordinates":[[[10.957617,33.72207],[10.931348,33.717432],[10.883008,33.690186],[10.857422,33.687158],[10.784766,33.717676],[10.757031,33.71748],[10.72207,33.738916],[10.733887,33.855615],[10.745215,33.888672],[10.921973,33.893115],[11.017871,33.82334],[11.033594,33.805029],[11.037598,33.785059],[10.993066,33.745947],[10.957617,33.72207]]]}},{"type":"Feature","properties":{"scalerank":0,"featurecla":"Land","min_zoom":3},"bbox":[-4.785352,54.058691,-4.337988,54.407178],"geometry":{"type":"Polygon","coordinates":[[[-4.412061,54.185352],[-4.785352,54.073047],[-4.392285,54.225391],[-4.412061,54.185352]]]}},{"type":"Feature","properties":{"scalerank":0,"featurecla":"Land","min_zoom":4},"bbox":[-6.668555,56.579443,-6.483691,56.672363],"geometry":{"type":"Polygon","coordinates":[[[-6.607617,56.58501],[-6.664453,56.579443],[-6.668555,56.593604],[-6.569922,56.66123],[-6.506055,56.672363],[-6.483691,56.665771],[-6.530078,56.626611],[-6.607617,56.58501]]]}},{"type":"Feature","properties":{"scalerank":0,"featurecla":"Land","min_zoom":3},"bbox":[-5.392676,55.448096,-5.094727,55.716943],"geometry":{"type":"Polygon","coordinates":[[[-5.10542,55.448828],[-5.370801,55.666943],[-5.094727,55.494336],[-5.10542,55.448828]]]}},{"type":"Feature","properties":{"scalerank":0,"featurecla":"Land","min_zoom":2},"bbox":[-6.32583,56.288721,-5.76084,56.649854],"geometry":{"type":"Polygon","coordinates":[[[-5.777881,56.344336],[-6.319678,56.569434],[-5.76084,56.490674],[-5.777881,56.344336]]]}},{"type":"Feature","properties":{"scalerank":0,"featurecla":"Land","min_zoom":3},"bbox":[-6.495654,55.606934,-6.055322,55.930566],"geometry":{"type":"Polygon","coordinates":[[[-6.128906,55.930566],[-6.491357,55.697314],[-6.215674,55.90459],[-6.128906,55.930566]]]}},{"type":"Feature","properties":{"scalerank":0,"featurecla":"Land","min_zoom":3},"bbox":[-6.071973,55.803809,-5.725146,56.120312],"geometry":{"type":"Polygon","coordinates":[[[-5.970068,55.814551],[-5.990918,55.803809],[-6.041553,55.806787],[-6.060352,55.8229],[-6.070703,55.847656],[-6.071973,55.893115],[-6.041309,55.925635],[-5.911768,55.974756],[-5.970312,55.992188],[-5.972656,56.004443],[-5.939062,56.045264],[-5.799609,56.108789],[-5.762256,56.120312],[-5.725146,56.118555],[-5.797217,56.005615],[-5.970068,55.814551]]]}},{"type":"Feature","properties":{"scalerank":0,"featurecla":"Land","min_zoom":3},"bbox":[-1.165527,60.502295,-0.99165,60.720215],"geometry":{"type":"Polygon","coordinates":[[[-1.042529,60.513867],[-1.067871,60.502295],[-1.165527,60.603906],[-1.093311,60.720215],[-1.005615,60.716504],[-0.99165,60.686035],[-1.000342,60.658008],[-1.04502,60.655518],[-1.049023,60.646924],[-1.035107,60.59292],[-1.034229,60.530176],[-1.042529,60.513867]]]}},{"type":"Feature","properties":{"scalerank":0,"featurecla":"Land","min_zoom":2},"bbox":[-1.66377,59.878662,-1.052441,60.60957],"geometry":{"type":"Polygon","coordinates":[[[-1.308105,60.5375],[-1.299463,59.878662],[-1.66377,60.28252],[-1.301709,60.607666],[-1.308105,60.5375]]]}},{"type":"Feature","properties":{"scalerank":0,"featurecla":"Land","min_zoom":3},"bbox":[-0.938086,60.683936,-0.774268,60.831885],"geometry":{"type":"Polygon","coordinates":[[[-0.774268,60.811963],[-0.774316,60.800488],[-0.826172,60.716162],[-0.825488,60.683936],[-0.909131,60.687012],[-0.922266,60.697266],[-0.938086,60.745654],[-0.927539,60.797168],[-0.91582,60.810449],[-0.891406,60.815918],[-0.864941,60.805811],[-0.823437,60.831885],[-0.801807,60.83125],[-0.774268,60.811963]]]}},{"type":"Feature","properties":{"scalerank":0,"featurecla":"Land","min_zoom":3},"bbox":[-3.40083,58.780957,-3.158545,58.918994],"geometry":{"type":"Polygon","coordinates":[[[-3.164941,58.794189],[-3.222119,58.780957],[-3.278809,58.781934],[-3.367188,58.839746],[-3.40083,58.881787],[-3.394727,58.909619],[-3.357422,58.918994],[-3.271924,58.905273],[-3.227637,58.857178],[-3.222119,58.825879],[-3.211621,58.813574],[-3.158545,58.801221],[-3.164941,58.794189]]]}},{"type":"Feature","properties":{"scalerank":0,"featurecla":"Land","min_zoom":2},"bbox":[-4.567871,53.13418,-4.049365,53.419287],"geometry":{"type":"Polygon","coordinates":[[[-4.196777,53.321436],[-4.471973,53.176367],[-4.315088,53.417236],[-4.196777,53.321436]]]}},{"type":"Feature","properties":{"scalerank":0,"featurecla":"Land","min_zoom":4},"bbox":[-2.662061,59.230176,-2.406982,59.30415],"geometry":{"type":"Polygon","coordinates":[[[-2.548877,59.231348],[-2.662061,59.230176],[-2.603613,59.289307],[-2.535645,59.30415],[-2.406982,59.297559],[-2.429834,59.271045],[-2.548877,59.231348]]]}},{"type":"Feature","properties":{"scalerank":0,"featurecla":"Land","min_zoom":4},"bbox":[-3.035449,58.738623,-2.896436,58.835693],"geometry":{"type":"Polygon","coordinates":[[[-2.929395,58.741602],[-2.938965,58.738623],[-2.975391,58.756934],[-3.035449,58.822656],[-2.941211,58.835693],[-2.896436,58.827588],[-2.913086,58.799609],[-2.929395,58.741602]]]}},{"type":"Feature","properties":{"scalerank":0,"featurecla":"Land","min_zoom":3},"bbox":[-3.353711,58.890527,-2.762451,59.143945],"geometry":{"type":"Polygon","coordinates":[[[-3.057422,59.029639],[-2.762451,58.955811],[-3.353711,59.01875],[-3.02002,59.057666],[-3.057422,59.029639]]]}},{"type":"Feature","properties":{"scalerank":0,"featurecla":"Land","min_zoom":3},"bbox":[-6.884766,61.768311,-6.623193,61.903711],"geometry":{"type":"Polygon","coordinates":[[[-6.623193,61.805957],[-6.642773,61.768311],[-6.670166,61.768652],[-6.764258,61.815332],[-6.83916,61.840771],[-6.863965,61.862256],[-6.884766,61.899121],[-6.841797,61.903711],[-6.790771,61.895361],[-6.662109,61.861768],[-6.62583,61.826709],[-6.623193,61.805957]]]}},{"type":"Feature","properties":{"scalerank":0,"featurecla":"Land","min_zoom":3},"bbox":[-6.934863,61.414307,-6.679688,61.634326],"geometry":{"type":"Polygon","coordinates":[[[-6.699463,61.444629],[-6.679688,61.414307],[-6.703027,61.417676],[-6.770508,61.452246],[-6.888135,61.534766],[-6.929248,61.60293],[-6.934863,61.634326],[-6.905908,61.630811],[-6.881641,61.602783],[-6.77002,61.584375],[-6.740625,61.570508],[-6.741064,61.536377],[-6.703516,61.495947],[-6.699463,61.444629]]]}},{"type":"Feature","properties":{"scalerank":0,"featurecla":"Land","min_zoom":3},"bbox":[-7.422607,62.040039,-7.065186,62.151221],"geometry":{"type":"Polygon","coordinates":[[[-7.186865,62.139307],[-7.097119,62.100537],[-7.065186,62.073242],[-7.116797,62.046826],[-7.179395,62.040039],[-7.254932,62.046143],[-7.379102,62.074805],[-7.422607,62.140283],[-7.336768,62.138672],[-7.235303,62.151221],[-7.186865,62.139307]]]}},{"type":"Feature","properties":{"scalerank":0,"featurecla":"Land","min_zoom":2},"bbox":[-7.172168,61.951465,-6.631055,62.31626],"geometry":{"type":"Polygon","coordinates":[[[-6.631055,62.227881],[-6.725195,61.951465],[-7.172168,62.285596],[-6.803662,62.265967],[-6.631055,62.227881]]]}},{"type":"Feature","properties":{"scalerank":0,"featurecla":"Land","min_zoom":3},"bbox":[-3.052051,59.161914,-2.719922,59.347119],"geometry":{"type":"Polygon","coordinates":[[[-2.729395,59.186768],[-3.052051,59.323877],[-2.719922,59.219482],[-2.729395,59.186768]]]}},{"type":"Feature","properties":{"scalerank":0,"featurecla":"Land","min_zoom":4},"bbox":[-6.559473,62.186523,-6.406055,62.355664],"geometry":{"type":"Polygon","coordinates":[[[-6.406055,62.258643],[-6.453857,62.186523],[-6.524707,62.197852],[-6.544141,62.205615],[-6.559473,62.224512],[-6.552051,62.278125],[-6.55459,62.355664],[-6.473047,62.291895],[-6.406055,62.258643]]]}},{"type":"Feature","properties":{"scalerank":0,"featurecla":"Land","min_zoom":2},"bbox":[-7.095605,57.75,-6.194238,58.502832],"geometry":{"type":"Polygon","coordinates":[[[-6.198682,58.363281],[-7.083447,57.81377],[-7.028418,58.222314],[-6.194238,58.435107],[-6.198682,58.363281]]]}},{"type":"Feature","properties":{"scalerank":0,"featurecla":"Land","min_zoom":4},"bbox":[-6.432617,56.951807,-6.260547,57.050537],"geometry":{"type":"Polygon","coordinates":[[[-6.279053,56.964697],[-6.30874,56.951807],[-6.34624,56.954297],[-6.383398,56.970898],[-6.432617,57.01792],[-6.322363,57.050537],[-6.278223,57.031396],[-6.261279,57.009521],[-6.260547,56.985254],[-6.279053,56.964697]]]}},{"type":"Feature","properties":{"scalerank":0,"featurecla":"Land","min_zoom":2},"bbox":[-6.761133,57.044434,-5.668652,57.671973],"geometry":{"type":"Polygon","coordinates":[[[-6.144727,57.50498],[-5.668652,57.226904],[-6.761133,57.442383],[-6.166064,57.585303],[-6.144727,57.50498]]]}},{"type":"Feature","properties":{"scalerank":0,"featurecla":"Land","min_zoom":3},"bbox":[-7.515625,57.533301,-7.092773,57.682959],"geometry":{"type":"Polygon","coordinates":[[[-7.205566,57.682959],[-7.092773,57.62666],[-7.182617,57.533301],[-7.320557,57.53374],[-7.514746,57.601953],[-7.515625,57.615869],[-7.499414,57.636328],[-7.470312,57.652539],[-7.440039,57.656396],[-7.391895,57.645215],[-7.324854,57.663135],[-7.271191,57.657471],[-7.205566,57.682959]]]}},{"type":"Feature","properties":{"scalerank":0,"featurecla":"Land","min_zoom":3},"bbox":[-7.422363,57.109766,-7.247559,57.383691],"geometry":{"type":"Polygon","coordinates":[[[-7.249854,57.115332],[-7.410547,57.381104],[-7.247559,57.126367],[-7.249854,57.115332]]]}},{"type":"Feature","properties":{"scalerank":0,"featurecla":"Land","min_zoom":3},"bbox":[-10.26582,53.884619,-9.948145,54.016992],"geometry":{"type":"Polygon","coordinates":[[[-9.948145,53.913379],[-10.26582,53.977734],[-9.956152,53.987354],[-9.948145,53.913379]]]}},{"type":"Feature","properties":{"scalerank":0,"featurecla":"Land","min_zoom":4},"bbox":[-7.542969,56.95166,-7.398926,57.018945],"geometry":{"type":"Polygon","coordinates":[[[-7.416895,56.96543],[-7.504785,56.95166],[-7.537402,56.959717],[-7.542969,56.972363],[-7.522949,57.006787],[-7.455469,57.018945],[-7.406689,57.000293],[-7.398926,56.98335],[-7.416895,56.96543]]]}},{"type":"Feature","properties":{"scalerank":0,"featurecla":"Land","min_zoom":4},"bbox":[21.805664,60.332275,21.994238,60.469922],"geometry":{"type":"Polygon","coordinates":[[[21.994238,60.33667],[21.921484,60.332275],[21.818652,60.381836],[21.805664,60.401221],[21.845996,60.412451],[21.819336,60.452295],[21.827246,60.469922],[21.906836,60.438477],[21.950293,60.401709],[21.907813,60.393164],[21.979785,60.355225],[21.994238,60.33667]]]}},{"type":"Feature","properties":{"scalerank":0,"featurecla":"Land","min_zoom":4},"bbox":[19.519043,60.135059,19.66748,60.246094],"geometry":{"type":"Polygon","coordinates":[[[19.662305,60.187158],[19.66748,60.164746],[19.629199,60.170361],[19.599805,60.162695],[19.579883,60.135059],[19.536523,60.144971],[19.519043,60.18457],[19.551367,60.243848],[19.628809,60.246094],[19.662305,60.187158]]]}},{"type":"Feature","properties":{"scalerank":0,"featurecla":"Land","min_zoom":2},"bbox":[19.672266,60.081738,20.258887,60.405811],"geometry":{"type":"Polygon","coordinates":[[[19.989551,60.351172],[20.258887,60.261279],[19.745996,60.098975],[19.944531,60.35752],[19.989551,60.351172]]]}},{"type":"Feature","properties":{"scalerank":0,"featurecla":"Land","min_zoom":3},"bbox":[21.083887,63.152002,21.421973,63.277734],"geometry":{"type":"Polygon","coordinates":[[[21.217773,63.241309],[21.228516,63.222656],[21.287109,63.227783],[21.366016,63.261768],[21.421973,63.245898],[21.415625,63.197363],[21.377637,63.199219],[21.367188,63.207227],[21.318457,63.179492],[21.309766,63.162695],[21.253418,63.152002],[21.149316,63.199463],[21.083887,63.277539],[21.236328,63.277734],[21.221777,63.259131],[21.217773,63.241309]]]}},{"type":"Feature","properties":{"scalerank":0,"featurecla":"Land","min_zoom":4},"bbox":[19.039258,57.860254,19.331445,57.981348],"geometry":{"type":"Polygon","coordinates":[[[19.156348,57.922607],[19.138379,57.860254],[19.086523,57.86499],[19.039258,57.911035],[19.134863,57.981348],[19.281152,57.977539],[19.331445,57.962891],[19.156348,57.922607]]]}},{"type":"Feature","properties":{"scalerank":0,"featurecla":"Land","min_zoom":2},"bbox":[16.394141,56.240186,17.117676,57.345068],"geometry":{"type":"Polygon","coordinates":[[[16.528516,56.290527],[17.117676,57.319824],[16.778027,56.805225],[16.528516,56.290527]]]}},{"type":"Feature","properties":{"scalerank":0,"featurecla":"Land","min_zoom":3},"bbox":[14.68418,55.004932,15.137109,55.296729],"geometry":{"type":"Polygon","coordinates":[[[15.087695,55.021875],[14.713672,55.238037],[15.137109,55.087158],[15.087695,55.021875]]]}},{"type":"Feature","properties":{"scalerank":0,"featurecla":"Land","min_zoom":2},"bbox":[13.156348,54.24585,13.73418,54.699316],"geometry":{"type":"Polygon","coordinates":[[[13.70918,54.382715],[13.156348,54.396924],[13.336816,54.697119],[13.601855,54.425146],[13.70918,54.382715]]]}},{"type":"Feature","properties":{"scalerank":0,"featurecla":"Land","min_zoom":1},"bbox":[12.118848,54.89248,12.549219,55.064111],"geometry":{"type":"Polygon","coordinates":[[[12.549219,54.965771],[12.118848,54.914404],[12.513281,54.997314],[12.549219,54.965771]]]}},{"type":"Feature","properties":{"scalerank":0,"featurecla":"Land","min_zoom":1},"bbox":[12.520313,55.554004,12.665723,55.680225],"geometry":{"type":"Polygon","coordinates":[[[12.665723,55.596533],[12.571582,55.554004],[12.550879,55.55625],[12.520313,55.6146],[12.569922,55.650098],[12.599219,55.680225],[12.62002,55.679346],[12.648438,55.646777],[12.665723,55.596533]]]}},{"type":"Feature","properties":{"scalerank":0,"featurecla":"Land","min_zoom":2},"bbox":[11.035547,54.628857,11.765918,54.951807],"geometry":{"type":"Polygon","coordinates":[[[11.361426,54.89165],[11.765918,54.679443],[11.035547,54.773096],[11.258496,54.951807],[11.361426,54.89165]]]}},{"type":"Feature","properties":{"scalerank":0,"featurecla":"Land","min_zoom":4},"bbox":[10.199902,54.837158,10.504883,54.962744],"geometry":{"type":"Polygon","coordinates":[[[10.484375,54.847559],[10.199902,54.962744],[10.504883,54.860547],[10.484375,54.847559]]]}},{"type":"Feature","properties":{"scalerank":0,"featurecla":"Land","min_zoom":3},"bbox":[9.771191,54.872461,10.06123,55.069043],"geometry":{"type":"Polygon","coordinates":[[[10.06123,54.886377],[9.771191,55.059912],[10.057715,54.90791],[10.06123,54.886377]]]}},{"type":"Feature","properties":{"scalerank":0,"featurecla":"Land","min_zoom":3},"bbox":[10.62168,54.745068,10.951074,55.157861],"geometry":{"type":"Polygon","coordinates":[[[10.734082,54.750732],[10.951074,55.156201],[10.765234,54.799658],[10.734082,54.750732]]]}},{"type":"Feature","properties":{"scalerank":0,"featurecla":"Land","min_zoom":3},"bbox":[10.516113,55.765088,10.661719,55.991943],"geometry":{"type":"Polygon","coordinates":[[[10.607324,55.783057],[10.590332,55.765088],[10.526953,55.783789],[10.520313,55.848486],[10.544336,55.906592],[10.516113,55.958545],[10.547168,55.991943],[10.636328,55.91416],[10.661719,55.877588],[10.627344,55.833887],[10.607324,55.783057]]]}},{"type":"Feature","properties":{"scalerank":0,"featurecla":"Land","min_zoom":3},"bbox":[11.011719,54.416016,11.282813,54.533398],"geometry":{"type":"Polygon","coordinates":[[[11.282813,54.417969],[11.129297,54.416016],[11.070703,54.456006],[11.011719,54.466162],[11.043457,54.515479],[11.084961,54.533398],[11.233594,54.50127],[11.280273,54.438379],[11.282813,54.417969]]]}},{"type":"Feature","properties":{"scalerank":0,"featurecla":"Land","min_zoom":3},"bbox":[10.873828,57.229102,11.174512,57.329932],"geometry":{"type":"Polygon","coordinates":[[[11.052148,57.252539],[11.011426,57.229102],[10.873828,57.262256],[10.93457,57.308594],[11.085742,57.329932],[11.174512,57.3229],[11.076855,57.276904],[11.052148,57.252539]]]}},{"type":"Feature","properties":{"scalerank":0,"featurecla":"Land","min_zoom":3},"bbox":[8.284668,54.76709,8.62959,55.05874],"geometry":{"type":"Polygon","coordinates":[[[8.307715,54.786963],[8.62959,54.891748],[8.347363,54.847607],[8.307715,54.786963]]]}},{"type":"Feature","properties":{"scalerank":0,"featurecla":"Land","min_zoom":3},"bbox":[-1.388867,45.816602,-1.17832,46.050391],"geometry":{"type":"Polygon","coordinates":[[[-1.17832,45.904053],[-1.213574,45.816602],[-1.280273,45.897119],[-1.368701,45.967676],[-1.388867,46.032959],[-1.388672,46.050391],[-1.285059,46.002686],[-1.17832,45.904053]]]}},{"type":"Feature","properties":{"scalerank":0,"featurecla":"Land","min_zoom":3},"bbox":[-1.563428,50.588525,-1.065576,50.773486],"geometry":{"type":"Polygon","coordinates":[[[-1.065576,50.690234],[-1.563428,50.666113],[-1.144238,50.734717],[-1.065576,50.690234]]]}},{"type":"Feature","properties":{"scalerank":0,"featurecla":"Land","min_zoom":3},"bbox":[4.70918,52.999805,4.886426,53.183301],"geometry":{"type":"Polygon","coordinates":[[[4.886133,53.070703],[4.787109,52.999805],[4.726758,53.019629],[4.70918,53.036035],[4.739844,53.091309],[4.886426,53.183301],[4.886133,53.070703]]]}},{"type":"Feature","properties":{"scalerank":0,"featurecla":"Land","min_zoom":3},"bbox":[10.109766,42.713184,10.432227,42.858154],"geometry":{"type":"Polygon","coordinates":[[[10.395117,42.858154],[10.42832,42.819189],[10.432227,42.796582],[10.409961,42.770996],[10.419336,42.713184],[10.335645,42.761133],[10.208984,42.736914],[10.13125,42.742041],[10.109766,42.785059],[10.127539,42.810303],[10.248242,42.815771],[10.285742,42.828076],[10.358984,42.822314],[10.395117,42.858154]]]}},{"type":"Feature","properties":{"scalerank":0,"featurecla":"Land","min_zoom":4},"bbox":[8.358594,38.968652,8.478906,39.115918],"geometry":{"type":"Polygon","coordinates":[[[8.478906,39.067529],[8.421484,38.968652],[8.360938,39.038672],[8.358594,39.098779],[8.366797,39.115918],[8.440625,39.090625],[8.478906,39.067529]]]}},{"type":"Feature","properties":{"scalerank":0,"featurecla":"Land","min_zoom":4},"bbox":[8.205664,40.994141,8.34375,41.121875],"geometry":{"type":"Polygon","coordinates":[[[8.286035,41.039844],[8.252734,40.994141],[8.205664,40.997461],[8.224023,41.031299],[8.267383,41.099121],[8.320215,41.121875],[8.34375,41.101611],[8.318945,41.062744],[8.286035,41.039844]]]}},{"type":"Feature","properties":{"scalerank":0,"featurecla":"Land","min_zoom":2},"bbox":[3.842676,39.830273,4.32207,40.075098],"geometry":{"type":"Polygon","coordinates":[[[4.293652,39.841846],[3.853418,40.063037],[4.32207,39.89751],[4.293652,39.841846]]]}},{"type":"Feature","properties":{"scalerank":0,"featurecla":"Land","min_zoom":3},"bbox":[1.401953,38.658838,1.593945,38.768213],"geometry":{"type":"Polygon","coordinates":[[[1.593945,38.67207],[1.571191,38.658838],[1.50498,38.670996],[1.405762,38.670996],[1.401953,38.711426],[1.417188,38.739648],[1.436328,38.768213],[1.496875,38.711914],[1.592676,38.701465],[1.593945,38.67207]]]}},{"type":"Feature","properties":{"scalerank":0,"featurecla":"Land","min_zoom":3},"bbox":[1.22334,38.857275,1.623633,39.121045],"geometry":{"type":"Polygon","coordinates":[[[1.445215,38.918701],[1.408984,38.857275],[1.256934,38.879004],[1.22334,38.903857],[1.25625,38.973389],[1.299805,38.981738],[1.302539,39.031152],[1.348633,39.080811],[1.564453,39.121045],[1.613184,39.087402],[1.623633,39.038818],[1.494531,38.93252],[1.445215,38.918701]]]}},{"type":"Feature","properties":{"scalerank":0,"featurecla":"Land","min_zoom":3},"bbox":[-31.282959,39.358936,-31.137109,39.52085],"geometry":{"type":"Polygon","coordinates":[[[-31.137109,39.406934],[-31.181348,39.358936],[-31.257617,39.375977],[-31.282959,39.394092],[-31.26084,39.496777],[-31.199854,39.52085],[-31.138623,39.479443],[-31.137109,39.406934]]]}},{"type":"Feature","properties":{"scalerank":0,"featurecla":"Land","min_zoom":3},"bbox":[-27.385937,38.634033,-27.041943,38.802686],"geometry":{"type":"Polygon","coordinates":[[[-27.075244,38.643457],[-27.385937,38.76582],[-27.041992,38.678906],[-27.075244,38.643457]]]}},{"type":"Feature","properties":{"scalerank":0,"featurecla":"Land","min_zoom":3},"bbox":[-28.310645,38.543555,-27.778467,38.743896],"geometry":{"type":"Polygon","coordinates":[[[-27.778467,38.555615],[-27.825879,38.543555],[-28.092334,38.620557],[-28.187256,38.655371],[-28.310645,38.743896],[-27.962646,38.636328],[-27.778467,38.555615]]]}},{"type":"Feature","properties":{"scalerank":0,"featurecla":"Land","min_zoom":3},"bbox":[-28.842041,38.522363,-28.605811,38.638477],"geometry":{"type":"Polygon","coordinates":[[[-28.641309,38.525],[-28.743848,38.522363],[-28.842041,38.598437],[-28.697754,38.638477],[-28.65542,38.614062],[-28.624219,38.586328],[-28.605811,38.550732],[-28.641309,38.525]]]}},{"type":"Feature","properties":{"scalerank":0,"featurecla":"Land","min_zoom":3},"bbox":[-28.548828,38.384668,-28.064795,38.553369],"geometry":{"type":"Polygon","coordinates":[[[-28.147266,38.452686],[-28.064795,38.412744],[-28.189746,38.40415],[-28.231152,38.384668],[-28.332422,38.412891],[-28.454492,38.408643],[-28.531152,38.462549],[-28.548828,38.518555],[-28.510254,38.553027],[-28.402148,38.553369],[-28.147266,38.452686]]]}},{"type":"Feature","properties":{"scalerank":0,"featurecla":"Land","min_zoom":2},"bbox":[-25.847852,37.715332,-25.181934,37.911133],"geometry":{"type":"Polygon","coordinates":[[[-25.648975,37.840918],[-25.181934,37.837891],[-25.78374,37.911133],[-25.648975,37.840918]]]}},{"type":"Feature","properties":{"scalerank":0,"featurecla":"Land","min_zoom":3},"bbox":[14.35127,35.820215,14.566211,35.978418],"geometry":{"type":"Polygon","coordinates":[[[14.566211,35.852734],[14.532715,35.820215],[14.436426,35.82168],[14.352344,35.872266],[14.35127,35.978418],[14.44834,35.957422],[14.537012,35.886279],[14.566211,35.852734]]]}},{"type":"Feature","properties":{"scalerank":0,"featurecla":"Land","min_zoom":4},"bbox":[15.06582,44.027051,15.24668,44.157666],"geometry":{"type":"Polygon","coordinates":[[[15.231055,44.062305],[15.24668,44.027051],[15.121875,44.093311],[15.074609,44.137842],[15.06582,44.157666],[15.231055,44.062305]]]}},{"type":"Feature","properties":{"scalerank":0,"featurecla":"Land","min_zoom":3},"bbox":[14.437891,44.955615,14.810254,45.224756],"geometry":{"type":"Polygon","coordinates":[[[14.810254,44.977051],[14.437891,45.098633],[14.73916,45.065479],[14.810254,44.977051]]]}},{"type":"Feature","properties":{"scalerank":0,"featurecla":"Land","min_zoom":3},"bbox":[14.660352,44.714844,14.856641,44.848145],"geometry":{"type":"Polygon","coordinates":[[[14.831445,44.758936],[14.856641,44.714844],[14.7625,44.754639],[14.678223,44.769873],[14.660352,44.799805],[14.672461,44.824365],[14.690527,44.848145],[14.754199,44.844824],[14.76377,44.821387],[14.831445,44.758936]]]}},{"type":"Feature","properties":{"scalerank":0,"featurecla":"Land","min_zoom":3},"bbox":[14.741895,44.30918,15.239941,44.697363],"geometry":{"type":"Polygon","coordinates":[[[15.188477,44.335742],[14.741895,44.697363],[15.213574,44.347559],[15.188477,44.335742]]]}},{"type":"Feature","properties":{"scalerank":0,"featurecla":"Land","min_zoom":3},"bbox":[14.865039,43.897754,15.203027,44.167969],"geometry":{"type":"Polygon","coordinates":[[[15.18877,43.922363],[15.203027,43.907715],[15.20166,43.897754],[15.149805,43.911816],[15.13584,43.907275],[14.891309,44.125537],[14.865039,44.167969],[14.952539,44.117188],[15.18877,43.922363]]]}},{"type":"Feature","properties":{"scalerank":0,"featurecla":"Land","min_zoom":4},"bbox":[15.27002,43.899512,15.437207,44.010742],"geometry":{"type":"Polygon","coordinates":[[[15.371387,43.973828],[15.437207,43.899512],[15.374219,43.914795],[15.308594,43.960791],[15.27002,44.010742],[15.371387,43.973828]]]}},{"type":"Feature","properties":{"scalerank":0,"featurecla":"Land","min_zoom":3},"bbox":[14.28584,44.62124,14.488086,45.167432],"geometry":{"type":"Polygon","coordinates":[[[14.488086,44.660059],[14.33125,45.16499],[14.48252,44.693359],[14.488086,44.660059]]]}},{"type":"Feature","properties":{"scalerank":0,"featurecla":"Land","min_zoom":4},"bbox":[17.344141,42.700342,17.744238,42.800391],"geometry":{"type":"Polygon","coordinates":[[[17.607813,42.769043],[17.744238,42.700342],[17.344141,42.790381],[17.389551,42.798633],[17.431934,42.800391],[17.607813,42.769043]]]}},{"type":"Feature","properties":{"scalerank":0,"featurecla":"Land","min_zoom":2},"bbox":[20.352246,38.070557,20.788867,38.474951],"geometry":{"type":"Polygon","coordinates":[[[20.612305,38.38335],[20.761328,38.070557],[20.352539,38.179883],[20.563184,38.474951],[20.612305,38.38335]]]}},{"type":"Feature","properties":{"scalerank":0,"featurecla":"Land","min_zoom":3},"bbox":[20.619531,37.664746,20.993945,37.929541],"geometry":{"type":"Polygon","coordinates":[[[20.888477,37.805371],[20.993945,37.708008],[20.909082,37.732129],[20.818555,37.664746],[20.703809,37.743457],[20.635059,37.823145],[20.619531,37.855029],[20.691504,37.929541],[20.758691,37.852979],[20.839844,37.840723],[20.888477,37.805371]]]}},{"type":"Feature","properties":{"scalerank":0,"featurecla":"Land","min_zoom":3},"bbox":[20.554688,38.582568,20.719629,38.844238],"geometry":{"type":"Polygon","coordinates":[[[20.686719,38.608691],[20.647852,38.600977],[20.614355,38.60625],[20.583984,38.601709],[20.554688,38.582568],[20.55791,38.661865],[20.59248,38.760156],[20.634668,38.817578],[20.694141,38.844238],[20.719629,38.79917],[20.714844,38.63833],[20.686719,38.608691]]]}},{"type":"Feature","properties":{"scalerank":0,"featurecla":"Land","min_zoom":4},"bbox":[20.623633,38.318604,20.758691,38.483984],"geometry":{"type":"Polygon","coordinates":[[[20.758691,38.329443],[20.709277,38.318604],[20.646387,38.414307],[20.623633,38.480322],[20.649707,38.483984],[20.674805,38.476318],[20.70127,38.451416],[20.701074,38.425928],[20.711621,38.398633],[20.73916,38.365771],[20.758691,38.329443]]]}},{"type":"Feature","properties":{"scalerank":0,"featurecla":"Land","min_zoom":3},"bbox":[19.646484,39.376611,20.099609,39.820117],"geometry":{"type":"Polygon","coordinates":[[[20.07793,39.432715],[19.646484,39.76709],[20.027734,39.44209],[20.07793,39.432715]]]}},{"type":"Feature","properties":{"scalerank":0,"featurecla":"Land","min_zoom":4},"bbox":[23.419336,37.901172,23.550977,37.991113],"geometry":{"type":"Polygon","coordinates":[[[23.550977,37.925879],[23.511426,37.901172],[23.466797,37.902393],[23.435254,37.911475],[23.419336,37.93125],[23.439063,37.940674],[23.462207,37.980371],[23.483691,37.991113],[23.515527,37.986035],[23.534863,37.970215],[23.550977,37.925879]]]}},{"type":"Feature","properties":{"scalerank":0,"featurecla":"Land","min_zoom":3},"bbox":[22.905664,36.146387,23.09707,36.383936],"geometry":{"type":"Polygon","coordinates":[[[23.053809,36.189795],[23.042188,36.146387],[22.939453,36.176221],[22.91084,36.220996],[22.905664,36.320312],[22.932617,36.36875],[22.950488,36.383936],[22.997852,36.328125],[23.09707,36.246582],[23.053809,36.189795]]]}},{"type":"Feature","properties":{"scalerank":0,"featurecla":"Land","min_zoom":3},"bbox":[3.698535,51.627051,4.075098,51.746436],"geometry":{"type":"Polygon","coordinates":[[[3.949121,51.739453],[4.046777,51.684912],[4.067578,51.66748],[4.075098,51.648779],[3.950977,51.627051],[3.819043,51.693994],[3.731836,51.678223],[3.699023,51.709912],[3.698535,51.729687],[3.789062,51.746436],[3.949121,51.739453]]]}},{"type":"Feature","properties":{"scalerank":0,"featurecla":"Land","min_zoom":2},"bbox":[-51.350293,69.517139,-50.679004,69.92417],"geometry":{"type":"Polygon","coordinates":[[[-51.013672,69.55249],[-51.350293,69.854785],[-50.679004,69.848535],[-50.97041,69.583008],[-51.013672,69.55249]]]}},{"type":"Feature","properties":{"scalerank":0,"featurecla":"Land","min_zoom":3},"bbox":[-37.238428,65.531348,-36.953076,65.722266],"geometry":{"type":"Polygon","coordinates":[[[-37.03125,65.531982],[-37.186816,65.531348],[-37.238428,65.609863],[-37.2229,65.695459],[-37.04751,65.722266],[-36.953076,65.66333],[-36.986914,65.575586],[-37.03125,65.531982]]]}},{"type":"Feature","properties":{"scalerank":0,"featurecla":"Land","min_zoom":3},"bbox":[-53.957812,71.034277,-53.432129,71.29707],"geometry":{"type":"Polygon","coordinates":[[[-53.535205,71.04082],[-53.957812,71.127734],[-53.487793,71.056299],[-53.535205,71.04082]]]}},{"type":"Feature","properties":{"scalerank":0,"featurecla":"Land","min_zoom":3},"bbox":[-56.214795,72.564355,-55.016895,72.84165],"geometry":{"type":"Polygon","coordinates":[[[-55.016895,72.791113],[-56.214795,72.719189],[-55.033008,72.820508],[-55.016895,72.791113]]]}},{"type":"Feature","properties":{"scalerank":0,"featurecla":"Land","min_zoom":3},"bbox":[-52.148047,70.852539,-51.606934,70.976465],"geometry":{"type":"Polygon","coordinates":[[[-51.675146,70.855225],[-52.148047,70.904395],[-51.606934,70.868848],[-51.675146,70.855225]]]}},{"type":"Feature","properties":{"scalerank":0,"featurecla":"Land","min_zoom":3},"bbox":[-46.78999,60.660303,-46.205225,60.943506],"geometry":{"type":"Polygon","coordinates":[[[-46.266699,60.781396],[-46.78999,60.779834],[-46.254492,60.841553],[-46.266699,60.781396]]]}},{"type":"Feature","properties":{"scalerank":0,"featurecla":"Land","min_zoom":1},"bbox":[-126.231445,49.263623,-126.064014,49.379785],"geometry":{"type":"Polygon","coordinates":[[[-126.09209,49.354004],[-126.064014,49.263623],[-126.186816,49.278125],[-126.229639,49.295654],[-126.231445,49.339062],[-126.208545,49.379785],[-126.115283,49.365039],[-126.09209,49.354004]]]}},{"type":"Feature","properties":{"scalerank":0,"featurecla":"Land","min_zoom":4},"bbox":[-122.509912,47.354785,-122.394141,47.48999],"geometry":{"type":"Polygon","coordinates":[[[-122.394141,47.395264],[-122.39873,47.37251],[-122.437109,47.354785],[-122.456982,47.359326],[-122.458203,47.386133],[-122.468555,47.390234],[-122.509912,47.358008],[-122.506836,47.42168],[-122.486475,47.48877],[-122.468604,47.48999],[-122.44209,47.446143],[-122.394141,47.395264]]]}},{"type":"Feature","properties":{"scalerank":0,"featurecla":"Land","min_zoom":4},"bbox":[-122.575928,47.575439,-122.497266,47.703955],"geometry":{"type":"Polygon","coordinates":[[[-122.497266,47.59458],[-122.502637,47.575439],[-122.557812,47.598291],[-122.575928,47.619482],[-122.57373,47.666846],[-122.560107,47.697754],[-122.549756,47.703955],[-122.517236,47.690576],[-122.507861,47.682666],[-122.497266,47.59458]]]}},{"type":"Feature","properties":{"scalerank":0,"featurecla":"Land","min_zoom":3},"bbox":[-123.002832,48.594482,-122.768848,48.710352],"geometry":{"type":"Polygon","coordinates":[[[-122.782129,48.672705],[-122.768848,48.650977],[-122.808984,48.629834],[-122.837598,48.626562],[-122.883105,48.660645],[-122.903027,48.664697],[-122.887012,48.612305],[-122.892529,48.594482],[-122.985645,48.626709],[-123.002832,48.652197],[-122.97666,48.67915],[-122.918018,48.706982],[-122.897705,48.710352],[-122.782129,48.672705]]]}},{"type":"Feature","properties":{"scalerank":0,"featurecla":"Land","min_zoom":4},"bbox":[-122.932275,48.421533,-122.8146,48.551611],"geometry":{"type":"Polygon","coordinates":[[[-122.820898,48.431348],[-122.836572,48.421533],[-122.890039,48.434668],[-122.921631,48.456934],[-122.932275,48.484766],[-122.912207,48.537988],[-122.885498,48.551611],[-122.868896,48.548633],[-122.861914,48.501855],[-122.8146,48.452344],[-122.820898,48.431348]]]}},{"type":"Feature","properties":{"scalerank":0,"featurecla":"Land","min_zoom":3},"bbox":[-123.16958,48.468018,-122.986768,48.613281],"geometry":{"type":"Polygon","coordinates":[[[-123.013135,48.500879],[-122.986768,48.468018],[-123.094434,48.489062],[-123.139941,48.507959],[-123.153418,48.526318],[-123.16958,48.586719],[-123.162158,48.606396],[-123.11416,48.613281],[-123.02417,48.538477],[-123.013135,48.500879]]]}},{"type":"Feature","properties":{"scalerank":0,"featurecla":"Land","min_zoom":3},"bbox":[-122.74873,47.917725,-122.366602,48.384229],"geometry":{"type":"Polygon","coordinates":[[[-122.572754,48.156641],[-122.383154,47.923193],[-122.597607,48.200439],[-122.572754,48.156641]]]}},{"type":"Feature","properties":{"scalerank":0,"featurecla":"Land","min_zoom":3},"bbox":[-124.649854,49.510352,-124.139795,49.775098],"geometry":{"type":"Polygon","coordinates":[[[-124.153662,49.531152],[-124.649854,49.75835],[-124.309131,49.667285],[-124.153662,49.531152]]]}},{"type":"Feature","properties":{"scalerank":0,"featurecla":"Land","min_zoom":4},"bbox":[-123.689258,48.875195,-123.372363,49.095117],"geometry":{"type":"Polygon","coordinates":[[[-123.372363,48.886133],[-123.689258,49.095117],[-123.37793,48.908252],[-123.372363,48.886133]]]}},{"type":"Feature","properties":{"scalerank":0,"featurecla":"Land","min_zoom":3},"bbox":[-123.582324,48.72876,-123.406787,48.925781],"geometry":{"type":"Polygon","coordinates":[[[-123.4354,48.754443],[-123.477246,48.72876],[-123.499609,48.732178],[-123.517529,48.750146],[-123.582324,48.925781],[-123.554688,48.92207],[-123.467871,48.867383],[-123.487549,48.845703],[-123.422754,48.793359],[-123.406787,48.756055],[-123.4354,48.754443]]]}},{"type":"Feature","properties":{"scalerank":0,"featurecla":"Land","min_zoom":3},"bbox":[-125.025977,50.020752,-124.907471,50.217139],"geometry":{"type":"Polygon","coordinates":[[[-124.977734,50.02959],[-125.001563,50.020752],[-125.025977,50.134082],[-124.995654,50.175195],[-124.987012,50.19585],[-124.99082,50.217139],[-124.937842,50.165918],[-124.916406,50.131543],[-124.907471,50.083984],[-124.908447,50.071289],[-124.977734,50.02959]]]}},{"type":"Feature","properties":{"scalerank":0,"featurecla":"Land","min_zoom":1},"bbox":[-126.95127,49.601367,-126.625781,49.872363],"geometry":{"type":"Polygon","coordinates":[[[-126.641211,49.605811],[-126.92583,49.837744],[-126.625781,49.626807],[-126.641211,49.605811]]]}},{"type":"Feature","properties":{"scalerank":0,"featurecla":"Land","min_zoom":3},"bbox":[-125.358447,50.044336,-125.074023,50.417822],"geometry":{"type":"Polygon","coordinates":[[[-125.184131,50.097119],[-125.301172,50.414062],[-125.112988,50.163477],[-125.184131,50.097119]]]}},{"type":"Feature","properties":{"scalerank":0,"featurecla":"Land","min_zoom":3},"bbox":[-118.590186,32.818506,-118.350391,33.032666],"geometry":{"type":"Polygon","coordinates":[[[-118.350391,32.827588],[-118.408594,32.818506],[-118.473193,32.838916],[-118.528906,32.935596],[-118.590186,33.011182],[-118.55708,33.032666],[-118.507471,32.959912],[-118.383203,32.849463],[-118.350391,32.827588]]]}},{"type":"Feature","properties":{"scalerank":0,"featurecla":"Land","min_zoom":3},"bbox":[-118.401367,28.90376,-118.242773,29.187598],"geometry":{"type":"Polygon","coordinates":[[[-118.242773,28.941943],[-118.285498,28.90376],[-118.400098,29.112305],[-118.401367,29.162744],[-118.367822,29.187598],[-118.312305,29.182861],[-118.312061,29.130518],[-118.265527,29.086426],[-118.247363,29.043359],[-118.242773,28.941943]]]}},{"type":"Feature","properties":{"scalerank":0,"featurecla":"Land","min_zoom":3},"bbox":[-120.251904,33.904883,-119.983936,34.026514],"geometry":{"type":"Polygon","coordinates":[[[-120.043555,33.918848],[-120.113916,33.904883],[-120.167139,33.918066],[-120.251904,34.013867],[-120.071826,34.026514],[-119.994385,33.984912],[-119.983936,33.97334],[-120.043555,33.918848]]]}},{"type":"Feature","properties":{"scalerank":0,"featurecla":"Land","min_zoom":3},"bbox":[-119.918066,33.967773,-119.549268,34.079687],"geometry":{"type":"Polygon","coordinates":[[[-119.882373,34.079687],[-119.549268,34.028174],[-119.918066,34.067822],[-119.882373,34.079687]]]}},{"type":"Feature","properties":{"scalerank":0,"featurecla":"Land","min_zoom":3},"bbox":[-118.569434,33.312109,-118.297461,33.4771],"geometry":{"type":"Polygon","coordinates":[[[-118.347949,33.385742],[-118.297461,33.312109],[-118.370215,33.32124],[-118.446289,33.31709],[-118.469336,33.357129],[-118.492041,33.412793],[-118.507324,33.427002],[-118.559424,33.431982],[-118.56333,33.437061],[-118.569434,33.46416],[-118.554834,33.4771],[-118.391699,33.415088],[-118.347949,33.385742]]]}},{"type":"Feature","properties":{"scalerank":0,"featurecla":"Land","min_zoom":4},"bbox":[-71.403418,41.466748,-71.354492,41.571826],"geometry":{"type":"Polygon","coordinates":[[[-71.365332,41.485254],[-71.393066,41.466748],[-71.403418,41.515039],[-71.383984,41.570557],[-71.364307,41.571826],[-71.354492,41.542285],[-71.365332,41.485254]]]}},{"type":"Feature","properties":{"scalerank":0,"featurecla":"Land","min_zoom":4},"bbox":[-74.253174,39.529395,-74.106738,39.746436],"geometry":{"type":"Polygon","coordinates":[[[-74.133203,39.680762],[-74.250488,39.529395],[-74.253174,39.558496],[-74.106738,39.746436],[-74.133203,39.680762]]]}},{"type":"Feature","properties":{"scalerank":0,"featurecla":"Land","min_zoom":3},"bbox":[-74.235889,40.518701,-74.067383,40.658447],"geometry":{"type":"Polygon","coordinates":[[[-74.188135,40.522852],[-74.235889,40.518701],[-74.188184,40.6146],[-74.100488,40.658447],[-74.06875,40.649316],[-74.067383,40.61543],[-74.079687,40.586475],[-74.138525,40.541846],[-74.188135,40.522852]]]}},{"type":"Feature","properties":{"scalerank":0,"featurecla":"Land","min_zoom":3},"bbox":[-64.862842,32.259619,-64.668311,32.386914],"geometry":{"type":"Polygon","coordinates":[[[-64.730273,32.293457],[-64.820117,32.259619],[-64.845068,32.262305],[-64.862842,32.273877],[-64.771191,32.307715],[-64.694629,32.386914],[-64.668311,32.381934],[-64.730273,32.293457]]]}},{"type":"Feature","properties":{"scalerank":0,"featurecla":"Land","min_zoom":3},"bbox":[-70.829199,41.327441,-70.509912,41.457227],"geometry":{"type":"Polygon","coordinates":[[[-70.509912,41.376318],[-70.829199,41.358984],[-70.525342,41.414795],[-70.509912,41.376318]]]}},{"type":"Feature","properties":{"scalerank":0,"featurecla":"Land","min_zoom":3},"bbox":[-71.34624,41.4646,-71.232031,41.654297],"geometry":{"type":"Polygon","coordinates":[[[-71.241406,41.491943],[-71.290918,41.4646],[-71.34624,41.469385],[-71.318164,41.506299],[-71.307471,41.560498],[-71.280176,41.62002],[-71.264453,41.638232],[-71.232031,41.654297],[-71.241406,41.491943]]]}},{"type":"Feature","properties":{"scalerank":0,"featurecla":"Land","min_zoom":3},"bbox":[-70.233057,41.249463,-69.97793,41.397461],"geometry":{"type":"Polygon","coordinates":[[[-69.97793,41.265576],[-70.055078,41.249463],[-70.233057,41.286328],[-70.086621,41.317578],[-70.062695,41.328467],[-70.043604,41.374414],[-70.041211,41.397461],[-69.985596,41.298633],[-69.97793,41.265576]]]}},{"type":"Feature","properties":{"scalerank":0,"featurecla":"Land","min_zoom":4},"bbox":[-75.98418,35.118848,-75.781934,35.190186],"geometry":{"type":"Polygon","coordinates":[[[-75.781934,35.190186],[-75.963672,35.118848],[-75.98418,35.123096],[-75.864941,35.174121],[-75.781934,35.190186]]]}},{"type":"Feature","properties":{"scalerank":0,"featurecla":"Land","min_zoom":4},"bbox":[-75.717187,35.835596,-75.635693,35.946143],"geometry":{"type":"Polygon","coordinates":[[[-75.635693,35.855908],[-75.650781,35.835596],[-75.717187,35.946143],[-75.648877,35.9104],[-75.63667,35.880664],[-75.635693,35.855908]]]}},{"type":"Feature","properties":{"scalerank":0,"featurecla":"Land","min_zoom":3},"bbox":[-75.378516,37.87207,-75.0979,38.298096],"geometry":{"type":"Polygon","coordinates":[[[-75.333057,37.888281],[-75.378516,37.87207],[-75.225977,38.072314],[-75.137402,38.240088],[-75.0979,38.298096],[-75.13623,38.180518],[-75.203223,38.072412],[-75.333057,37.888281]]]}},{"type":"Feature","properties":{"scalerank":0,"featurecla":"Land","min_zoom":3},"bbox":[-75.690088,35.212842,-75.456445,35.769141],"geometry":{"type":"Polygon","coordinates":[[[-75.544141,35.240088],[-75.503516,35.769141],[-75.509326,35.280322],[-75.544141,35.240088]]]}},{"type":"Feature","properties":{"scalerank":0,"featurecla":"Land","min_zoom":4},"bbox":[-76.528564,34.631494,-76.207373,34.938916],"geometry":{"type":"Polygon","coordinates":[[[-76.503662,34.642969],[-76.528564,34.631494],[-76.437012,34.756348],[-76.256201,34.914697],[-76.207373,34.938916],[-76.357715,34.803662],[-76.503662,34.642969]]]}},{"type":"Feature","properties":{"scalerank":0,"featurecla":"Land","min_zoom":3},"bbox":[-96.801123,28.148438,-96.403564,28.381592],"geometry":{"type":"Polygon","coordinates":[[[-96.764404,28.152588],[-96.801123,28.148438],[-96.755615,28.202441],[-96.681641,28.229687],[-96.519336,28.333447],[-96.453125,28.340576],[-96.418652,28.376318],[-96.403564,28.381592],[-96.41333,28.337793],[-96.543896,28.275586],[-96.764404,28.152588]]]}},{"type":"Feature","properties":{"scalerank":0,"featurecla":"Land","min_zoom":3},"bbox":[-97.384814,27.242529,-97.060547,27.822021],"geometry":{"type":"Polygon","coordinates":[[[-97.353613,27.300049],[-97.060547,27.822021],[-97.250879,27.541211],[-97.353613,27.300049]]]}},{"type":"Feature","properties":{"scalerank":0,"featurecla":"Land","min_zoom":3},"bbox":[-95.089648,29.136328,-94.767627,29.341309],"geometry":{"type":"Polygon","coordinates":[[[-95.039697,29.145898],[-95.089648,29.136328],[-94.87168,29.290137],[-94.825977,29.341309],[-94.767627,29.339062],[-94.864941,29.252881],[-95.039697,29.145898]]]}},{"type":"Feature","properties":{"scalerank":0,"featurecla":"Land","min_zoom":3},"bbox":[-97.407178,26.112939,-97.170703,27.196484],"geometry":{"type":"Polygon","coordinates":[[[-97.170703,26.159375],[-97.385986,27.196484],[-97.202246,26.299805],[-97.170703,26.159375]]]}},{"type":"Feature","properties":{"scalerank":0,"featurecla":"Land","min_zoom":4},"bbox":[-85.116748,29.606641,-84.737158,29.732422],"geometry":{"type":"Polygon","coordinates":[[[-84.90791,29.642627],[-85.008252,29.606641],[-85.116748,29.632812],[-85.049316,29.637793],[-85.000537,29.627197],[-84.877002,29.678662],[-84.812207,29.717627],[-84.737158,29.732422],[-84.90791,29.642627]]]}},{"type":"Feature","properties":{"scalerank":0,"featurecla":"Land","min_zoom":4},"bbox":[-81.484619,30.727783,-81.418994,30.971436],"geometry":{"type":"Polygon","coordinates":[[[-81.418994,30.971436],[-81.463477,30.727783],[-81.482715,30.814062],[-81.484619,30.897852],[-81.450928,30.947412],[-81.418994,30.971436]]]}},{"type":"Feature","properties":{"scalerank":0,"featurecla":"Land","min_zoom":4},"bbox":[-89.341992,30.037598,-89.184668,30.168652],"geometry":{"type":"Polygon","coordinates":[[[-89.223975,30.084082],[-89.220459,30.037598],[-89.269434,30.060742],[-89.341992,30.062842],[-89.310059,30.078711],[-89.287646,30.094189],[-89.276465,30.11084],[-89.184668,30.168652],[-89.210693,30.126221],[-89.223975,30.084082]]]}},{"type":"Feature","properties":{"scalerank":0,"featurecla":"Land","min_zoom":3},"bbox":[-92.006641,29.486475,-91.754297,29.643945],"geometry":{"type":"Polygon","coordinates":[[[-91.793701,29.500732],[-91.830859,29.486475],[-91.99624,29.573096],[-92.006641,29.610303],[-91.925049,29.643945],[-91.875244,29.640967],[-91.796484,29.596973],[-91.767676,29.584717],[-91.754297,29.566895],[-91.761914,29.539014],[-91.793701,29.500732]]]}},{"type":"Feature","properties":{"scalerank":0,"featurecla":"Land","min_zoom":4},"bbox":[-88.866895,29.775879,-88.812598,30.056738],"geometry":{"type":"Polygon","coordinates":[[[-88.827441,29.807715],[-88.855664,29.775879],[-88.827979,29.928369],[-88.866895,30.056738],[-88.825879,30.000391],[-88.812598,29.93335],[-88.827441,29.807715]]]}},{"type":"Feature","properties":{"scalerank":0,"featurecla":"Land","min_zoom":1},"bbox":[-77.999902,23.73916,-77.51875,24.287549],"geometry":{"type":"Polygon","coordinates":[[[-77.657715,24.249463],[-77.57373,23.73916],[-77.999902,24.219824],[-77.701465,24.287549],[-77.657715,24.249463]]]}},{"type":"Feature","properties":{"scalerank":0,"featurecla":"Land","min_zoom":3},"bbox":[-77.918555,21.921338,-77.633691,22.091943],"geometry":{"type":"Polygon","coordinates":[[[-77.668994,21.951953],[-77.918555,22.088086],[-77.645996,21.996484],[-77.668994,21.951953]]]}},{"type":"Feature","properties":{"scalerank":0,"featurecla":"Land","min_zoom":3},"bbox":[-78.273535,22.268506,-78.0271,22.437646],"geometry":{"type":"Polygon","coordinates":[[[-78.0271,22.285156],[-78.04751,22.268506],[-78.10166,22.305762],[-78.180029,22.321973],[-78.226123,22.37998],[-78.27002,22.402246],[-78.273535,22.423584],[-78.200977,22.437646],[-78.150586,22.431494],[-78.094141,22.387207],[-78.06167,22.305908],[-78.0271,22.285156]]]}},{"type":"Feature","properties":{"scalerank":0,"featurecla":"Land","min_zoom":3},"bbox":[-78.695508,22.445117,-78.283887,22.552246],"geometry":{"type":"Polygon","coordinates":[[[-78.630127,22.552246],[-78.283887,22.455469],[-78.695508,22.533984],[-78.630127,22.552246]]]}},{"type":"Feature","properties":{"scalerank":0,"featurecla":"Land","min_zoom":1.5},"bbox":[-77.94375,25.895459,-77.038281,26.940088],"geometry":{"type":"Polygon","coordinates":[[[-77.225635,25.904199],[-77.238623,26.561133],[-77.94375,26.903564],[-77.066357,26.530176],[-77.191016,25.955469],[-77.225635,25.904199]]]}},{"type":"Feature","properties":{"scalerank":0,"featurecla":"Land","min_zoom":3},"bbox":[-74.313965,22.66543,-74.034766,22.8396],"geometry":{"type":"Polygon","coordinates":[[[-74.05752,22.723486],[-74.034766,22.705566],[-74.098584,22.66543],[-74.242236,22.715088],[-74.274609,22.71167],[-74.303125,22.764453],[-74.313965,22.803564],[-74.307031,22.8396],[-74.221484,22.811572],[-74.175391,22.759912],[-74.05752,22.723486]]]}},{"type":"Feature","properties":{"scalerank":0,"featurecla":"Land","min_zoom":3},"bbox":[-74.550928,23.959717,-74.429443,24.12666],"geometry":{"type":"Polygon","coordinates":[[[-74.429443,24.068066],[-74.508691,23.959717],[-74.550928,23.968945],[-74.526904,24.105078],[-74.472021,24.12666],[-74.450488,24.125488],[-74.429443,24.068066]]]}},{"type":"Feature","properties":{"scalerank":0,"featurecla":"Land","min_zoom":2},"bbox":[-73.686816,20.937402,-73.01167,21.313379],"geometry":{"type":"Polygon","coordinates":[[[-73.026855,21.192383],[-73.681152,20.975586],[-73.01167,21.299512],[-73.026855,21.192383]]]}},{"type":"Feature","properties":{"scalerank":0,"featurecla":"Land","min_zoom":3},"bbox":[-74.276904,22.183691,-73.836523,22.731055],"geometry":{"type":"Polygon","coordinates":[[[-74.206738,22.21377],[-73.849951,22.731055],[-74.09292,22.30625],[-74.206738,22.21377]]]}},{"type":"Feature","properties":{"scalerank":0,"featurecla":"Land","min_zoom":2},"bbox":[-76.780664,24.649414,-76.114941,25.564893],"geometry":{"type":"Polygon","coordinates":[[[-76.648828,25.487402],[-76.126611,25.140527],[-76.169531,24.649414],[-76.71084,25.564893],[-76.648828,25.487402]]]}},{"type":"Feature","properties":{"scalerank":0,"featurecla":"Land","min_zoom":3},"bbox":[-76.037109,23.444238,-75.664551,23.671387],"geometry":{"type":"Polygon","coordinates":[[[-75.664551,23.450146],[-76.010449,23.671387],[-75.754248,23.48999],[-75.664551,23.450146]]]}},{"type":"Feature","properties":{"scalerank":0,"featurecla":"Land","min_zoom":3},"bbox":[-75.315967,22.868701,-74.840479,23.668359],"geometry":{"type":"Polygon","coordinates":[[[-74.840479,22.894336],[-75.315967,23.668359],[-74.845605,22.999902],[-74.840479,22.894336]]]}},{"type":"Feature","properties":{"scalerank":0,"featurecla":"Land","min_zoom":3},"bbox":[-75.743994,24.139062,-75.301758,24.69751],"geometry":{"type":"Polygon","coordinates":[[[-75.308398,24.2],[-75.72666,24.689355],[-75.518164,24.427344],[-75.308398,24.2]]]}},{"type":"Feature","properties":{"scalerank":0,"featurecla":"Land","min_zoom":3},"bbox":[-78.04165,22.124707,-77.84248,22.3021],"geometry":{"type":"Polygon","coordinates":[[[-77.879395,22.127539],[-77.912354,22.124707],[-78.011914,22.166406],[-78.04165,22.20127],[-78.006689,22.247998],[-77.999219,22.29873],[-77.985645,22.3021],[-77.96958,22.240674],[-77.893652,22.214551],[-77.889111,22.201074],[-77.84248,22.148975],[-77.879395,22.127539]]]}},{"type":"Feature","properties":{"scalerank":0,"featurecla":"Land","min_zoom":4},"bbox":[-82.201367,26.427539,-82.037207,26.548047],"geometry":{"type":"Polygon","coordinates":[[[-82.037207,26.453613],[-82.072852,26.427539],[-82.144971,26.44668],[-82.184375,26.480957],[-82.201367,26.548047],[-82.138574,26.477002],[-82.116064,26.460938],[-82.037207,26.453613]]]}},{"type":"Feature","properties":{"scalerank":0,"featurecla":"Land","min_zoom":1},"bbox":[-78.435303,24.287451,-77.735107,25.202344],"geometry":{"type":"Polygon","coordinates":[[[-77.743848,24.707422],[-78.044922,24.287451],[-78.435303,24.627588],[-78.211377,25.19126],[-77.840137,24.794385],[-77.743848,24.707422]]]}},{"type":"Feature","properties":{"scalerank":0,"featurecla":"Land","min_zoom":3},"bbox":[-81.631494,24.590039,-81.531641,24.68916],"geometry":{"type":"Polygon","coordinates":[[[-81.566699,24.599902],[-81.631494,24.590039],[-81.579248,24.629395],[-81.562305,24.68916],[-81.531641,24.64248],[-81.532227,24.61416],[-81.566699,24.599902]]]}},{"type":"Feature","properties":{"scalerank":0,"featurecla":"Land","min_zoom":3},"bbox":[-80.436914,27.204785,-80.170508,27.850537],"geometry":{"type":"Polygon","coordinates":[[[-80.186768,27.278418],[-80.170508,27.204785],[-80.262451,27.375586],[-80.376074,27.643408],[-80.436914,27.850537],[-80.395752,27.794531],[-80.355518,27.678613],[-80.186768,27.278418]]]}},{"type":"Feature","properties":{"scalerank":0,"featurecla":"Land","min_zoom":2},"bbox":[-83.183789,21.441309,-82.561768,21.942725],"geometry":{"type":"Polygon","coordinates":[[[-82.561768,21.57168],[-83.183789,21.593457],[-82.991211,21.942725],[-82.567822,21.621826],[-82.561768,21.57168]]]}},{"type":"Feature","properties":{"scalerank":0,"featurecla":"Land","min_zoom":4},"bbox":[-82.169141,26.493604,-82.083789,26.700732],"geometry":{"type":"Polygon","coordinates":[[[-82.083789,26.552344],[-82.085205,26.493604],[-82.135596,26.591992],[-82.169141,26.700732],[-82.121143,26.665527],[-82.083789,26.552344]]]}},{"type":"Feature","properties":{"scalerank":0,"featurecla":"Land","min_zoom":3},"bbox":[-79.628174,22.637695,-79.3479,22.806738],"geometry":{"type":"Polygon","coordinates":[[[-79.349561,22.663916],[-79.3479,22.637695],[-79.522754,22.711133],[-79.597852,22.787646],[-79.628174,22.805225],[-79.57915,22.806738],[-79.382178,22.681348],[-79.349561,22.663916]]]}},{"type":"Feature","properties":{"scalerank":0,"featurecla":"Land","min_zoom":1.5},"bbox":[-78.985645,26.500684,-77.922461,26.797949],"geometry":{"type":"Polygon","coordinates":[[[-78.492871,26.729053],[-77.922461,26.691113],[-78.985645,26.689502],[-78.597119,26.797949],[-78.492871,26.729053]]]}},{"type":"Feature","properties":{"scalerank":0,"featurecla":"Land","min_zoom":3},"bbox":[-80.580566,24.954248,-80.25708,25.347607],"geometry":{"type":"Polygon","coordinates":[[[-80.381836,25.142285],[-80.580566,24.954248],[-80.558545,25.001318],[-80.481055,25.101953],[-80.456006,25.149316],[-80.403662,25.179346],[-80.354932,25.233643],[-80.35127,25.296973],[-80.280469,25.34126],[-80.25708,25.347607],[-80.381836,25.142285]]]}},{"type":"Feature","properties":{"scalerank":0,"featurecla":"Land","min_zoom":3},"bbox":[-87.998096,17.906348,-87.848535,18.154932],"geometry":{"type":"Polygon","coordinates":[[[-87.950586,17.924951],[-87.998096,17.906348],[-87.959033,17.964014],[-87.95332,18.001074],[-87.89834,18.154932],[-87.858936,18.154053],[-87.848535,18.140381],[-87.950586,17.924951]]]}},{"type":"Feature","properties":{"scalerank":0,"featurecla":"Land","min_zoom":3},"bbox":[-87.934863,17.283008,-87.788623,17.546289],"geometry":{"type":"Polygon","coordinates":[[[-87.85293,17.422852],[-87.92998,17.283008],[-87.934863,17.322949],[-87.902832,17.426465],[-87.859424,17.462793],[-87.83252,17.501074],[-87.826416,17.546289],[-87.788623,17.524219],[-87.798145,17.47959],[-87.85293,17.422852]]]}},{"type":"Feature","properties":{"scalerank":0,"featurecla":"Land","min_zoom":3},"bbox":[-91.816113,18.654199,-91.536719,18.778027],"geometry":{"type":"Polygon","coordinates":[[[-91.683691,18.677344],[-91.796143,18.654199],[-91.816113,18.675879],[-91.589111,18.778027],[-91.550293,18.773682],[-91.536719,18.76001],[-91.654248,18.711475],[-91.683691,18.677344]]]}},{"type":"Feature","properties":{"scalerank":0,"featurecla":"Land","min_zoom":4},"bbox":[-82.321729,9.334082,-82.233496,9.431885],"geometry":{"type":"Polygon","coordinates":[[[-82.233496,9.380713],[-82.244434,9.334082],[-82.321729,9.418115],[-82.275781,9.431885],[-82.259424,9.430273],[-82.233496,9.380713]]]}},{"type":"Feature","properties":{"scalerank":0,"featurecla":"Land","min_zoom":3},"bbox":[-81.419092,19.271875,-81.107129,19.384912],"geometry":{"type":"Polygon","coordinates":[[[-81.369531,19.348877],[-81.337256,19.329492],[-81.296484,19.341357],[-81.284814,19.362549],[-81.130469,19.346777],[-81.107129,19.305176],[-81.224609,19.304102],[-81.277295,19.277393],[-81.303711,19.271875],[-81.404785,19.278418],[-81.419092,19.374756],[-81.391016,19.384912],[-81.369531,19.348877]]]}},{"type":"Feature","properties":{"scalerank":0,"featurecla":"Land","min_zoom":3},"bbox":[-87.019434,20.272168,-86.755029,20.579053],"geometry":{"type":"Polygon","coordinates":[[[-86.939648,20.30332],[-86.991406,20.272168],[-87.019434,20.382324],[-86.977979,20.489795],[-86.927832,20.551514],[-86.828564,20.558789],[-86.763281,20.579053],[-86.755029,20.551758],[-86.808789,20.468457],[-86.939648,20.30332]]]}},{"type":"Feature","properties":{"scalerank":0,"featurecla":"Land","min_zoom":3},"bbox":[-62.840479,17.224414,-62.630664,17.402588],"geometry":{"type":"Polygon","coordinates":[[[-62.630664,17.23999],[-62.656494,17.224414],[-62.702002,17.286035],[-62.775537,17.302832],[-62.838916,17.339258],[-62.840479,17.34707],[-62.839404,17.365332],[-62.827051,17.386426],[-62.794629,17.402588],[-62.713721,17.353271],[-62.675781,17.290918],[-62.640527,17.262305],[-62.630664,17.23999]]]}},{"type":"Feature","properties":{"scalerank":0,"featurecla":"Land","min_zoom":3},"bbox":[-61.073145,13.717578,-60.886768,14.093359],"geometry":{"type":"Polygon","coordinates":[[[-60.895215,13.821973],[-60.951416,13.717578],[-61.060645,13.783105],[-61.073145,13.865576],[-61.063574,13.915576],[-60.99668,14.010937],[-60.94458,14.072852],[-60.908105,14.093359],[-60.886768,14.011133],[-60.895215,13.821973]]]}},{"type":"Feature","properties":{"scalerank":0,"featurecla":"Land","min_zoom":2},"bbox":[-61.219727,14.42627,-60.82627,14.875293],"geometry":{"type":"Polygon","coordinates":[[[-60.82627,14.494482],[-61.21333,14.848584],[-60.869971,14.613721],[-60.82627,14.494482]]]}},{"type":"Feature","properties":{"scalerank":0,"featurecla":"Land","min_zoom":1},"bbox":[-61.906104,10.064648,-60.917627,10.840234],"geometry":{"type":"Polygon","coordinates":[[[-61.012109,10.134326],[-61.906104,10.069141],[-61.499316,10.268555],[-61.651172,10.718066],[-60.917627,10.840234],[-61.004102,10.167822],[-61.012109,10.134326]]]}},{"type":"Feature","properties":{"scalerank":0,"featurecla":"Land","min_zoom":3},"bbox":[-68.371094,12.03208,-68.205811,12.301953],"geometry":{"type":"Polygon","coordinates":[[[-68.205811,12.14458],[-68.254346,12.03208],[-68.282227,12.082275],[-68.287256,12.171729],[-68.307129,12.206738],[-68.348437,12.228076],[-68.371094,12.25752],[-68.369238,12.301953],[-68.219482,12.23125],[-68.205811,12.14458]]]}},{"type":"Feature","properties":{"scalerank":0,"featurecla":"Land","min_zoom":3},"bbox":[-60.810645,11.168604,-60.525488,11.325391],"geometry":{"type":"Polygon","coordinates":[[[-60.756299,11.178516],[-60.810645,11.168604],[-60.804297,11.208398],[-60.708936,11.277246],[-60.562793,11.323535],[-60.525488,11.325391],[-60.546484,11.263721],[-60.756299,11.178516]]]}},{"type":"Feature","properties":{"scalerank":0,"featurecla":"Land","min_zoom":4},"bbox":[-62.223047,16.681201,-62.148438,16.80957],"geometry":{"type":"Polygon","coordinates":[[[-62.148438,16.740332],[-62.154248,16.681201],[-62.221631,16.699512],[-62.223047,16.751562],[-62.191357,16.804395],[-62.175781,16.80957],[-62.148438,16.740332]]]}},{"type":"Feature","properties":{"scalerank":0,"featurecla":"Land","min_zoom":3},"bbox":[-59.64668,13.062207,-59.427637,13.317676],"geometry":{"type":"Polygon","coordinates":[[[-59.493311,13.081982],[-59.521875,13.062207],[-59.611328,13.1021],[-59.642773,13.150293],[-59.64668,13.303125],[-59.591602,13.317676],[-59.487891,13.196826],[-59.427637,13.152783],[-59.493311,13.081982]]]}},{"type":"Feature","properties":{"scalerank":0,"featurecla":"Land","min_zoom":2},"bbox":[-64.402344,10.881201,-63.817285,11.167236],"geometry":{"type":"Polygon","coordinates":[[[-63.849365,11.131006],[-64.402344,10.981592],[-63.893115,11.167236],[-63.849365,11.131006]]]}},{"type":"Feature","properties":{"scalerank":0,"featurecla":"Land","min_zoom":4},"bbox":[-63.16001,18.171387,-62.97959,18.269727],"geometry":{"type":"Polygon","coordinates":[[[-63.001221,18.221777],[-63.16001,18.171387],[-63.15332,18.200293],[-63.026025,18.269727],[-62.97959,18.264795],[-63.001221,18.221777]]]}},{"type":"Feature","properties":{"scalerank":0,"featurecla":"Land","min_zoom":3},"bbox":[-61.78208,12.008203,-61.606787,12.237305],"geometry":{"type":"Polygon","coordinates":[[[-61.71543,12.012646],[-61.78208,12.008203],[-61.755957,12.045703],[-61.749658,12.108545],[-61.715039,12.185059],[-61.660449,12.237305],[-61.606787,12.223389],[-61.6271,12.054199],[-61.71543,12.012646]]]}},{"type":"Feature","properties":{"scalerank":0,"featurecla":"Land","min_zoom":3},"bbox":[-61.86875,17.548682,-61.747119,17.714062],"geometry":{"type":"Polygon","coordinates":[[[-61.747119,17.574951],[-61.762012,17.548682],[-61.843799,17.596143],[-61.86875,17.685449],[-61.866162,17.704297],[-61.852441,17.714062],[-61.819922,17.696875],[-61.776758,17.690479],[-61.749609,17.661328],[-61.747119,17.574951]]]}},{"type":"Feature","properties":{"scalerank":0,"featurecla":"Land","min_zoom":3},"bbox":[-61.318408,15.886035,-61.203418,16.006299],"geometry":{"type":"Polygon","coordinates":[[[-61.230469,15.889941],[-61.28623,15.886035],[-61.310742,15.894678],[-61.318408,15.954883],[-61.275293,15.99624],[-61.25,16.006299],[-61.212354,15.959912],[-61.203418,15.92124],[-61.230469,15.889941]]]}},{"type":"Feature","properties":{"scalerank":0,"featurecla":"Land","min_zoom":3},"bbox":[-61.887109,16.997168,-61.686035,17.168945],"geometry":{"type":"Polygon","coordinates":[[[-61.716064,17.037012],[-61.748145,16.997168],[-61.859668,17.01333],[-61.882031,17.063135],[-61.887109,17.098145],[-61.817285,17.168945],[-61.738574,17.138477],[-61.708203,17.105078],[-61.686035,17.098438],[-61.686475,17.069824],[-61.694971,17.048926],[-61.716064,17.037012]]]}},{"type":"Feature","properties":{"scalerank":0,"featurecla":"Land","min_zoom":2},"bbox":[-61.481152,15.227295,-61.251074,15.633105],"geometry":{"type":"Polygon","coordinates":[[[-61.281689,15.249023],[-61.458105,15.633105],[-61.251074,15.373145],[-61.281689,15.249023]]]}},{"type":"Feature","properties":{"scalerank":0,"featurecla":"Land","min_zoom":2},"bbox":[-61.53999,16.219287,-61.172607,16.506641],"geometry":{"type":"Polygon","coordinates":[[[-61.327148,16.23042],[-61.471191,16.506641],[-61.172607,16.256104],[-61.327148,16.23042]]]}},{"type":"Feature","properties":{"scalerank":0,"featurecla":"Land","min_zoom":2},"bbox":[-61.794092,15.962061,-61.552344,16.355273],"geometry":{"type":"Polygon","coordinates":[[[-61.589551,16.006934],[-61.748047,16.355273],[-61.563867,16.047754],[-61.589551,16.006934]]]}},{"type":"Feature","properties":{"scalerank":0,"featurecla":"Land","min_zoom":3},"bbox":[-61.277295,13.142285,-61.124023,13.35874],"geometry":{"type":"Polygon","coordinates":[[[-61.174512,13.158105],[-61.203906,13.142285],[-61.277295,13.20957],[-61.268457,13.287695],[-61.224072,13.330664],[-61.182129,13.355957],[-61.138965,13.35874],[-61.124023,13.294043],[-61.134521,13.202881],[-61.174512,13.158105]]]}},{"type":"Feature","properties":{"scalerank":0,"featurecla":"Land","min_zoom":3},"bbox":[-73.161914,22.290625,-72.747266,22.455322],"geometry":{"type":"Polygon","coordinates":[[[-73.041016,22.429053],[-72.747266,22.327393],[-73.127393,22.455322],[-73.041016,22.429053]]]}},{"type":"Feature","properties":{"scalerank":0,"featurecla":"Land","min_zoom":3},"bbox":[-69.158887,12.045459,-68.751074,12.380273],"geometry":{"type":"Polygon","coordinates":[[[-68.751074,12.059766],[-69.158887,12.380273],[-68.827393,12.158545],[-68.751074,12.059766]]]}},{"type":"Feature","properties":{"scalerank":0,"featurecla":"Land","min_zoom":3},"bbox":[-71.847656,21.751709,-71.636914,21.8521],"geometry":{"type":"Polygon","coordinates":[[[-71.661426,21.765234],[-71.665381,21.751709],[-71.721777,21.790234],[-71.83042,21.790625],[-71.847656,21.843457],[-71.806152,21.8521],[-71.668359,21.833447],[-71.636914,21.787549],[-71.661426,21.765234]]]}},{"type":"Feature","properties":{"scalerank":0,"featurecla":"Land","min_zoom":4},"bbox":[-73.062695,21.457617,-72.916113,21.561621],"geometry":{"type":"Polygon","coordinates":[[[-72.916113,21.506689],[-73.049316,21.457617],[-73.062695,21.515332],[-72.994775,21.561621],[-72.916113,21.506689]]]}},{"type":"Feature","properties":{"scalerank":0,"featurecla":"Land","min_zoom":4},"bbox":[-72.019043,21.829883,-71.879932,21.951904],"geometry":{"type":"Polygon","coordinates":[[[-71.879932,21.84043],[-71.897461,21.829883],[-71.955469,21.864404],[-71.96377,21.892041],[-71.984521,21.893408],[-72.019043,21.918262],[-72.010645,21.950439],[-71.931543,21.951904],[-71.899609,21.8625],[-71.879932,21.84043]]]}},{"type":"Feature","properties":{"scalerank":0,"featurecla":"Land","min_zoom":3},"bbox":[-72.342383,21.755225,-72.144336,21.851367],"geometry":{"type":"Polygon","coordinates":[[[-72.332812,21.851367],[-72.218652,21.796289],[-72.149805,21.804492],[-72.144336,21.792725],[-72.181543,21.780029],[-72.190674,21.769775],[-72.300879,21.755225],[-72.335449,21.758008],[-72.342383,21.795312],[-72.332812,21.851367]]]}},{"type":"Feature","properties":{"scalerank":0,"featurecla":"Land","min_zoom":3},"bbox":[-161.131494,58.561035,-160.715137,58.795215],"geometry":{"type":"Polygon","coordinates":[[[-160.918994,58.5771],[-160.992383,58.561035],[-161.070264,58.569141],[-161.131494,58.668213],[-161.08457,58.671289],[-160.98623,58.736426],[-160.768604,58.789209],[-160.715137,58.795215],[-160.918994,58.5771]]]}},{"type":"Feature","properties":{"scalerank":0,"featurecla":"Land","min_zoom":1},"bbox":[-153.374609,57.000439,-152.907764,57.185059],"geometry":{"type":"Polygon","coordinates":[[[-153.00708,57.124854],[-153.374609,57.051904],[-152.933447,57.129248],[-153.00708,57.124854]]]}},{"type":"Feature","properties":{"scalerank":0,"featurecla":"Land","min_zoom":4},"bbox":[-152.069043,60.358057,-151.887305,60.50376],"geometry":{"type":"Polygon","coordinates":[[[-152.020752,60.361719],[-152.069043,60.358057],[-152.004492,60.407422],[-151.959717,60.50376],[-151.899414,60.490381],[-151.887305,60.472705],[-151.986914,60.373975],[-152.020752,60.361719]]]}},{"type":"Feature","properties":{"scalerank":0,"featurecla":"Land","min_zoom":3},"bbox":[-152.636621,58.478613,-152.356836,58.619385],"geometry":{"type":"Polygon","coordinates":[[[-152.486084,58.48501],[-152.515527,58.478613],[-152.588623,58.509229],[-152.636621,58.541699],[-152.604883,58.566406],[-152.463184,58.618506],[-152.395508,58.619385],[-152.36792,58.611084],[-152.356836,58.594971],[-152.362256,58.57085],[-152.392822,58.540869],[-152.486084,58.48501]]]}},{"type":"Feature","properties":{"scalerank":0,"featurecla":"Land","min_zoom":1},"bbox":[-153.520068,57.822363,-153.240625,57.971045],"geometry":{"type":"Polygon","coordinates":[[[-153.240625,57.850098],[-153.268555,57.822363],[-153.294971,57.829492],[-153.35083,57.861963],[-153.465039,57.909375],[-153.51709,57.941895],[-153.520068,57.955762],[-153.481055,57.971045],[-153.346973,57.932812],[-153.290039,57.8979],[-153.240625,57.850098]]]}},{"type":"Feature","properties":{"scalerank":0,"featurecla":"Land","min_zoom":3},"bbox":[-155.737354,55.789551,-155.563916,55.924316],"geometry":{"type":"Polygon","coordinates":[[[-155.566016,55.821191],[-155.604883,55.789551],[-155.680615,55.791846],[-155.723193,55.802197],[-155.737354,55.829785],[-155.620605,55.913086],[-155.593945,55.924316],[-155.573242,55.921094],[-155.563916,55.88667],[-155.566016,55.821191]]]}},{"type":"Feature","properties":{"scalerank":0,"featurecla":"Land","min_zoom":3},"bbox":[-154.777148,56.412158,-154.444873,56.600537],"geometry":{"type":"Polygon","coordinates":[[[-154.682813,56.435791],[-154.751221,56.412158],[-154.773926,56.420264],[-154.777148,56.439893],[-154.760938,56.471143],[-154.729346,56.502148],[-154.62373,56.561328],[-154.517529,56.600537],[-154.463379,56.598193],[-154.444873,56.573193],[-154.511182,56.521436],[-154.682813,56.435791]]]}},{"type":"Feature","properties":{"scalerank":0,"featurecla":"Land","min_zoom":3},"bbox":[-154.332129,56.512695,-154.102246,56.60874],"geometry":{"type":"Polygon","coordinates":[[[-154.208643,56.514893],[-154.257812,56.512695],[-154.332129,56.539014],[-154.322217,56.570605],[-154.216748,56.60874],[-154.1104,56.60293],[-154.102246,56.581641],[-154.107178,56.557812],[-154.115967,56.543896],[-154.149805,56.52959],[-154.208643,56.514893]]]}},{"type":"Feature","properties":{"scalerank":0,"featurecla":"Land","min_zoom":3},"bbox":[-146.702881,60.268457,-146.102246,60.480566],"geometry":{"type":"Polygon","coordinates":[[[-146.393945,60.449658],[-146.102246,60.411182],[-146.560303,60.480566],[-146.393945,60.449658]]]}},{"type":"Feature","properties":{"scalerank":0,"featurecla":"Land","min_zoom":4},"bbox":[-145.284277,60.312646,-145.102441,60.401123],"geometry":{"type":"Polygon","coordinates":[[[-145.118506,60.337109],[-145.150488,60.312646],[-145.237646,60.321338],[-145.284277,60.336816],[-145.128125,60.401123],[-145.102441,60.388232],[-145.118506,60.337109]]]}},{"type":"Feature","properties":{"scalerank":0,"featurecla":"Land","min_zoom":3},"bbox":[-144.613574,59.812646,-144.235742,60.015186],"geometry":{"type":"Polygon","coordinates":[[[-144.565625,59.818408],[-144.613574,59.812646],[-144.541553,59.878223],[-144.444922,59.950684],[-144.353955,59.996191],[-144.235742,60.015186],[-144.248975,59.982129],[-144.403223,59.921094],[-144.565625,59.818408]]]}},{"type":"Feature","properties":{"scalerank":0,"featurecla":"Land","min_zoom":2},"bbox":[-147.872461,59.798828,-146.957861,60.363086],"geometry":{"type":"Polygon","coordinates":[[[-147.735889,59.813232],[-146.957861,60.288867],[-147.66875,59.831543],[-147.735889,59.813232]]]}},{"type":"Feature","properties":{"scalerank":0,"featurecla":"Land","min_zoom":3},"bbox":[-148.271875,60.034717,-147.914209,60.15166],"geometry":{"type":"Polygon","coordinates":[[[-148.021777,60.065332],[-148.07417,60.034717],[-148.271875,60.053271],[-148.230664,60.113525],[-148.07959,60.15166],[-147.914209,60.092334],[-148.021777,60.065332]]]}},{"type":"Feature","properties":{"scalerank":0,"featurecla":"Land","min_zoom":3},"bbox":[-147.891455,60.17793,-147.658252,60.491406],"geometry":{"type":"Polygon","coordinates":[[[-147.658252,60.450488],[-147.81582,60.185156],[-147.688574,60.491406],[-147.658252,60.450488]]]}},{"type":"Feature","properties":{"scalerank":0,"featurecla":"Land","min_zoom":4},"bbox":[-148.123779,60.81792,-147.930713,60.924121],"geometry":{"type":"Polygon","coordinates":[[[-147.930713,60.826172],[-148.057422,60.81792],[-148.11543,60.830615],[-148.123779,60.844336],[-148.099707,60.894824],[-148.10166,60.916113],[-148.037744,60.924121],[-147.964404,60.900146],[-147.943115,60.875391],[-147.930713,60.826172]]]}},{"type":"Feature","properties":{"scalerank":0,"featurecla":"Land","min_zoom":2},"bbox":[-133.453809,54.68418,-132.617236,55.325732],"geometry":{"type":"Polygon","coordinates":[[[-132.862256,54.894434],[-133.453809,55.260352],[-132.945996,55.002588],[-132.862256,54.894434]]]}},{"type":"Feature","properties":{"scalerank":0,"featurecla":"Land","min_zoom":2},"bbox":[-134.390625,56.076953,-133.738379,56.932324],"geometry":{"type":"Polygon","coordinates":[[[-133.9896,56.844971],[-133.738379,56.650439],[-134.1896,56.076953],[-134.373682,56.838672],[-134.000586,56.869189],[-133.9896,56.844971]]]}},{"type":"Feature","properties":{"scalerank":0,"featurecla":"Land","min_zoom":3},"bbox":[-133.737109,55.269287,-133.281689,55.559082],"geometry":{"type":"Polygon","coordinates":[[[-133.305078,55.54375],[-133.650195,55.269287],[-133.345557,55.559082],[-133.305078,55.54375]]]}},{"type":"Feature","properties":{"scalerank":0,"featurecla":"Land","min_zoom":3},"bbox":[-131.595117,54.887744,-131.232031,55.264111],"geometry":{"type":"Polygon","coordinates":[[[-131.339746,55.079834],[-131.237451,54.949512],[-131.232031,54.90376],[-131.329541,54.887744],[-131.406201,54.894287],[-131.445703,54.909326],[-131.456104,54.930566],[-131.431348,54.996484],[-131.481738,55.035254],[-131.540039,55.048486],[-131.592236,55.025684],[-131.595117,55.090723],[-131.556006,55.137402],[-131.577832,55.20083],[-131.578467,55.248779],[-131.56543,55.264111],[-131.512646,55.262744],[-131.404639,55.21333],[-131.339746,55.079834]]]}},{"type":"Feature","properties":{"scalerank":0,"featurecla":"Land","min_zoom":3},"bbox":[-132.948047,56.511035,-132.567969,56.794775],"geometry":{"type":"Polygon","coordinates":[[[-132.746875,56.525684],[-132.842529,56.794775],[-132.714453,56.542529],[-132.746875,56.525684]]]}},{"type":"Feature","properties":{"scalerank":0,"featurecla":"Land","min_zoom":0},"bbox":[-132.699023,55.929395,-132.066895,56.498779],"geometry":{"type":"Polygon","coordinates":[[[-132.112354,56.109375],[-132.699023,56.198193],[-132.066895,56.244238],[-132.112354,56.109375]]]}},{"type":"Feature","properties":{"scalerank":0,"featurecla":"Land","min_zoom":3},"bbox":[-133.037646,56.244141,-132.629102,56.45376],"geometry":{"type":"Polygon","coordinates":[[[-132.779883,56.247266],[-133.037646,56.364844],[-132.669385,56.287305],[-132.779883,56.247266]]]}},{"type":"Feature","properties":{"scalerank":0,"featurecla":"Land","min_zoom":3},"bbox":[-134.661572,58.204102,-134.312744,58.33252],"geometry":{"type":"Polygon","coordinates":[[[-134.312744,58.228906],[-134.319873,58.204102],[-134.45625,58.206543],[-134.593994,58.243115],[-134.661572,58.290918],[-134.647998,58.312402],[-134.519971,58.33252],[-134.398877,58.287207],[-134.312744,58.228906]]]}},{"type":"Feature","properties":{"scalerank":0,"featurecla":"Land","min_zoom":3},"bbox":[-129.267773,52.464258,-128.936865,52.81123],"geometry":{"type":"Polygon","coordinates":[[[-128.936865,52.51001],[-129.263525,52.800781],[-128.940332,52.600732],[-128.936865,52.51001]]]}},{"type":"Feature","properties":{"scalerank":0,"featurecla":"Land","min_zoom":3},"bbox":[-130.959033,54.477783,-130.753418,54.631787],"geometry":{"type":"Polygon","coordinates":[[[-130.927148,54.479053],[-130.950293,54.477783],[-130.959033,54.498682],[-130.953467,54.541846],[-130.921777,54.614893],[-130.906836,54.631787],[-130.777051,54.618896],[-130.758008,54.61377],[-130.753418,54.599707],[-130.763379,54.576709],[-130.805127,54.543799],[-130.927148,54.479053]]]}},{"type":"Feature","properties":{"scalerank":0,"featurecla":"Land","min_zoom":3},"bbox":[-131.117334,51.959717,-131.010645,52.150635],"geometry":{"type":"Polygon","coordinates":[[[-131.029297,51.961621],[-131.047266,51.959717],[-131.080518,51.98042],[-131.103418,52.013867],[-131.117334,52.101025],[-131.107129,52.136572],[-131.098096,52.150635],[-131.010645,52.095264],[-131.029297,51.961621]]]}},{"type":"Feature","properties":{"scalerank":0,"featurecla":"Land","min_zoom":3},"bbox":[-130.707275,53.843945,-130.236279,54.089014],"geometry":{"type":"Polygon","coordinates":[[[-130.236279,53.958545],[-130.703174,53.892236],[-130.298486,54.035645],[-130.236279,53.958545]]]}},{"type":"Feature","properties":{"scalerank":0,"featurecla":"Land","min_zoom":2},"bbox":[-130.517578,53.164502,-129.754834,53.631152],"geometry":{"type":"Polygon","coordinates":[[[-129.848584,53.16792],[-130.517578,53.544238],[-129.768945,53.217285],[-129.848584,53.16792]]]}},{"type":"Feature","properties":{"scalerank":0,"featurecla":"Land","min_zoom":3},"bbox":[-128.148779,51.457178,-127.916309,51.708398],"geometry":{"type":"Polygon","coordinates":[[[-127.924658,51.473877],[-127.94126,51.457178],[-127.98125,51.457227],[-128.044531,51.474023],[-128.091797,51.511133],[-128.148779,51.626709],[-128.142383,51.646582],[-128.122754,51.666797],[-128.031738,51.708398],[-127.998682,51.703809],[-127.986816,51.673584],[-127.93252,51.605469],[-127.916357,51.585449],[-127.916309,51.506201],[-127.924658,51.473877]]]}},{"type":"Feature","properties":{"scalerank":0,"featurecla":"Land","min_zoom":3},"bbox":[-128.44541,52.3875,-128.247266,52.784375],"geometry":{"type":"Polygon","coordinates":[[[-128.36875,52.400879],[-128.247266,52.784375],[-128.343555,52.426074],[-128.36875,52.400879]]]}},{"type":"Feature","properties":{"scalerank":0,"featurecla":"Land","min_zoom":3},"bbox":[-129.514746,52.984229,-129.313721,53.18833],"geometry":{"type":"Polygon","coordinates":[[[-129.313721,52.992188],[-129.328711,52.984229],[-129.37002,52.997607],[-129.409717,53.02373],[-129.477783,53.097754],[-129.500146,53.128906],[-129.514746,53.179395],[-129.501074,53.18833],[-129.471436,53.183008],[-129.450732,53.174707],[-129.343506,53.052783],[-129.313721,52.992188]]]}},{"type":"Feature","properties":{"scalerank":0,"featurecla":"Land","min_zoom":3},"bbox":[-129.33125,53.110742,-129.167725,53.330078],"geometry":{"type":"Polygon","coordinates":[[[-129.167725,53.117871],[-129.173242,53.110742],[-129.276855,53.110937],[-129.305713,53.121143],[-129.323877,53.142139],[-129.33125,53.173975],[-129.314355,53.212305],[-129.253076,53.285498],[-129.251172,53.316699],[-129.238184,53.330078],[-129.195215,53.293213],[-129.177002,53.259131],[-129.167725,53.117871]]]}},{"type":"Feature","properties":{"scalerank":0,"featurecla":"Land","min_zoom":3},"bbox":[-139.291406,69.539307,-138.878857,69.649609],"geometry":{"type":"Polygon","coordinates":[[[-139.043115,69.576904],[-139.125732,69.539307],[-139.256982,69.578564],[-139.291406,69.597852],[-139.1396,69.649609],[-139.072656,69.647656],[-138.931543,69.616943],[-138.878857,69.589697],[-139.043115,69.576904]]]}},{"type":"Feature","properties":{"scalerank":0,"featurecla":"Land","min_zoom":3},"bbox":[-61.069189,8.847021,-60.84917,9.070312],"geometry":{"type":"Polygon","coordinates":[[[-60.9979,8.867334],[-61.059961,8.847021],[-61.069189,8.947314],[-61.050488,8.974365],[-60.944775,9.055029],[-60.91582,9.070312],[-60.89458,9.053369],[-60.899902,9.031885],[-60.84917,8.995703],[-60.861426,8.949609],[-60.916406,8.899268],[-60.9979,8.867334]]]}},{"type":"Feature","properties":{"scalerank":0,"featurecla":"Land","min_zoom":2},"bbox":[-80.272949,-3.011719,-79.909033,-2.668848],"geometry":{"type":"Polygon","coordinates":[[[-80.131592,-2.973145],[-80.150684,-3.011719],[-80.245703,-3.008301],[-80.272949,-2.995898],[-80.272168,-2.951758],[-80.249805,-2.811914],[-80.223682,-2.753125],[-80.145703,-2.696289],[-80.080762,-2.668848],[-79.997266,-2.673828],[-79.909033,-2.725586],[-80.013232,-2.819531],[-80.071191,-2.833789],[-80.093408,-2.845898],[-80.131592,-2.973145]]]}},{"type":"Feature","properties":{"scalerank":0,"featurecla":"Land","min_zoom":0},"bbox":[-51.938379,-1.452637,-51.160742,-0.541406],"geometry":{"type":"Polygon","coordinates":[[[-51.83252,-1.433789],[-51.254004,-0.541406],[-51.637695,-1.341895],[-51.83252,-1.433789]]]}},{"type":"Feature","properties":{"scalerank":0,"featurecla":"Land","min_zoom":4},"bbox":[-79.127539,8.209814,-79.06543,8.295801],"geometry":{"type":"Polygon","coordinates":[[[-79.06543,8.254199],[-79.110352,8.209814],[-79.127539,8.251855],[-79.096289,8.29541],[-79.085303,8.295801],[-79.06543,8.254199]]]}},{"type":"Feature","properties":{"scalerank":0,"featurecla":"Land","min_zoom":4},"bbox":[-78.991699,1.245361,-78.899805,1.359766],"geometry":{"type":"Polygon","coordinates":[[[-78.909229,1.252783],[-78.965625,1.245361],[-78.991699,1.293213],[-78.923242,1.348926],[-78.899805,1.359766],[-78.909229,1.252783]]]}},{"type":"Feature","properties":{"scalerank":0,"featurecla":"Land","min_zoom":4},"bbox":[-78.210107,2.519678,-78.113721,2.646338],"geometry":{"type":"Polygon","coordinates":[[[-78.113721,2.541748],[-78.14082,2.519678],[-78.19248,2.559277],[-78.210107,2.60918],[-78.178418,2.646338],[-78.137646,2.63418],[-78.119141,2.603613],[-78.113721,2.541748]]]}},{"type":"Feature","properties":{"scalerank":0,"featurecla":"Land","min_zoom":3},"bbox":[-60.941406,9.105566,-60.73584,9.218359],"geometry":{"type":"Polygon","coordinates":[[[-60.821191,9.138379],[-60.941406,9.105566],[-60.939453,9.132324],[-60.907275,9.178711],[-60.844873,9.191797],[-60.821387,9.207666],[-60.781592,9.218359],[-60.758887,9.216455],[-60.73584,9.20332],[-60.790381,9.177197],[-60.821191,9.138379]]]}},{"type":"Feature","properties":{"scalerank":0,"featurecla":"Land","min_zoom":3},"bbox":[-44.597754,-3.037598,-44.481445,-2.717578],"geometry":{"type":"Polygon","coordinates":[[[-44.499316,-2.939648],[-44.597754,-3.037598],[-44.565332,-2.923926],[-44.581885,-2.845605],[-44.569092,-2.784961],[-44.501953,-2.72627],[-44.481445,-2.717578],[-44.487305,-2.789746],[-44.482568,-2.811914],[-44.499316,-2.939648]]]}},{"type":"Feature","properties":{"scalerank":0,"featurecla":"Land","min_zoom":3},"bbox":[-38.786963,-13.118652,-38.600293,-12.880176],"geometry":{"type":"Polygon","coordinates":[[[-38.743848,-13.09707],[-38.783008,-13.118652],[-38.786963,-13.055078],[-38.684863,-12.974902],[-38.668115,-12.880176],[-38.614551,-12.924023],[-38.600293,-12.972461],[-38.601172,-12.992578],[-38.743848,-13.09707]]]}},{"type":"Feature","properties":{"scalerank":0,"featurecla":"Land","min_zoom":3},"bbox":[-39.022168,-13.532324,-38.903564,-13.398438],"geometry":{"type":"Polygon","coordinates":[[[-38.903564,-13.473438],[-38.937891,-13.532324],[-38.977588,-13.523535],[-38.993213,-13.484082],[-39.022168,-13.445605],[-39.006592,-13.415527],[-38.980127,-13.398438],[-38.907129,-13.401074],[-38.903564,-13.473438]]]}},{"type":"Feature","properties":{"scalerank":0,"featurecla":"Land","min_zoom":3},"bbox":[-45.02085,-1.39082,-44.883105,-1.267285],"geometry":{"type":"Polygon","coordinates":[[[-44.883105,-1.317871],[-44.947119,-1.366016],[-44.967871,-1.39082],[-45.02085,-1.372363],[-45.01123,-1.344727],[-44.995605,-1.347559],[-44.978662,-1.267285],[-44.888281,-1.276855],[-44.883105,-1.317871]]]}},{"type":"Feature","properties":{"scalerank":0,"featurecla":"Land","min_zoom":2},"bbox":[-50.345117,-0.029297,-49.697266,0.304541],"geometry":{"type":"Polygon","coordinates":[[[-49.738232,0.268164],[-50.339453,0.043359],[-49.879004,0.304541],[-49.738232,0.268164]]]}},{"type":"Feature","properties":{"scalerank":0,"featurecla":"Land","min_zoom":3},"bbox":[-50.508984,1.892871,-50.29209,2.161475],"geometry":{"type":"Polygon","coordinates":[[[-50.298975,1.938525],[-50.398779,1.892871],[-50.456104,1.910498],[-50.508984,2.029541],[-50.491016,2.128613],[-50.41875,2.161475],[-50.362646,2.154443],[-50.341992,2.141748],[-50.29209,1.97959],[-50.298975,1.938525]]]}},{"type":"Feature","properties":{"scalerank":0,"featurecla":"Land","min_zoom":2},"bbox":[-51.038086,-0.327344,-50.650586,-0.040869],"geometry":{"type":"Polygon","coordinates":[[[-50.652881,-0.131641],[-51.038086,-0.225879],[-50.650586,-0.105859],[-50.652881,-0.131641]]]}},{"type":"Feature","properties":{"scalerank":0,"featurecla":"Land","min_zoom":2},"bbox":[-49.830078,-0.14375,-49.372314,0.083691],"geometry":{"type":"Polygon","coordinates":[[[-49.443896,-0.112402],[-49.830078,-0.093896],[-49.380859,-0.055469],[-49.443896,-0.112402]]]}},{"type":"Feature","properties":{"scalerank":0,"featurecla":"Land","min_zoom":2},"bbox":[-50.623926,-0.007666,-50.332275,0.590869],"geometry":{"type":"Polygon","coordinates":[[[-50.426123,0.139258],[-50.372754,0.590869],[-50.332275,0.259033],[-50.426123,0.139258]]]}},{"type":"Feature","properties":{"scalerank":0,"featurecla":"Land","min_zoom":3},"bbox":[-50.281689,0.35918,-50.036816,0.638037],"geometry":{"type":"Polygon","coordinates":[[[-50.15293,0.393018],[-50.261328,0.35918],[-50.281543,0.39082],[-50.281689,0.516504],[-50.251172,0.585449],[-50.112793,0.604736],[-50.098633,0.625],[-50.058838,0.638037],[-50.036816,0.594824],[-50.040039,0.522803],[-50.15293,0.393018]]]}},{"type":"Feature","properties":{"scalerank":0,"featurecla":"Land","min_zoom":2},"bbox":[-90.542139,-0.77334,-90.185303,-0.484668],"geometry":{"type":"Polygon","coordinates":[[[-90.334863,-0.771582],[-90.469727,-0.517383],[-90.31543,-0.757227],[-90.334863,-0.771582]]]}},{"type":"Feature","properties":{"scalerank":0,"featurecla":"Land","min_zoom":3},"bbox":[-89.608594,-0.952344,-89.259375,-0.680078],"geometry":{"type":"Polygon","coordinates":[[[-89.418896,-0.911035],[-89.536621,-0.952344],[-89.577295,-0.933789],[-89.602637,-0.913477],[-89.608594,-0.888574],[-89.543457,-0.826855],[-89.479932,-0.793359],[-89.423145,-0.722266],[-89.318408,-0.680078],[-89.287842,-0.689844],[-89.267432,-0.70459],[-89.259375,-0.728418],[-89.294873,-0.785938],[-89.35835,-0.826074],[-89.418896,-0.911035]]]}},{"type":"Feature","properties":{"scalerank":0,"featurecla":"Land","min_zoom":3},"bbox":[-81.858594,7.327539,-81.603271,7.621631],"geometry":{"type":"Polygon","coordinates":[[[-81.603271,7.332812],[-81.812158,7.592383],[-81.613428,7.380176],[-81.603271,7.332812]]]}},{"type":"Feature","properties":{"scalerank":0,"featurecla":"Land","min_zoom":3},"bbox":[-91.65415,-0.478223,-91.399365,-0.255664],"geometry":{"type":"Polygon","coordinates":[[[-91.425977,-0.46084],[-91.64668,-0.284473],[-91.399951,-0.420898],[-91.425977,-0.46084]]]}},{"type":"Feature","properties":{"scalerank":0,"featurecla":"Land","min_zoom":3},"bbox":[-90.519531,-1.341992,-90.37915,-1.220996],"geometry":{"type":"Polygon","coordinates":[[[-90.423926,-1.339941],[-90.464404,-1.341992],[-90.519531,-1.299121],[-90.477197,-1.220996],[-90.431982,-1.239844],[-90.39873,-1.262305],[-90.37915,-1.292285],[-90.423926,-1.339941]]]}},{"type":"Feature","properties":{"scalerank":0,"featurecla":"Land","min_zoom":2},"bbox":[-91.596826,-1.019629,-90.799658,0.12583],"geometry":{"type":"Polygon","coordinates":[[[-91.272168,0.025146],[-90.799658,-0.752051],[-91.131055,-1.019629],[-91.49541,-0.860938],[-91.120947,-0.559082],[-91.596826,0.0021],[-91.305762,0.091406],[-91.272168,0.025146]]]}},{"type":"Feature","properties":{"scalerank":0,"featurecla":"Land","min_zoom":3},"bbox":[-90.867773,-0.364258,-90.55332,-0.160449],"geometry":{"type":"Polygon","coordinates":[[[-90.573926,-0.333984],[-90.867773,-0.271387],[-90.55332,-0.278418],[-90.573926,-0.333984]]]}},{"type":"Feature","properties":{"scalerank":0,"featurecla":"Land","min_zoom":3},"bbox":[-109.434131,-27.171289,-109.222852,-27.068359],"geometry":{"type":"Polygon","coordinates":[[[-109.27998,-27.14043],[-109.434131,-27.171289],[-109.42915,-27.116211],[-109.390479,-27.068359],[-109.276465,-27.095898],[-109.222852,-27.101074],[-109.27998,-27.14043]]]}},{"type":"Feature","properties":{"scalerank":0,"featurecla":"Land","min_zoom":3},"bbox":[-106.639355,21.528516,-106.502246,21.712158],"geometry":{"type":"Polygon","coordinates":[[[-106.502246,21.61084],[-106.531348,21.528516],[-106.607031,21.561475],[-106.63418,21.613135],[-106.639355,21.697852],[-106.597363,21.712158],[-106.536426,21.676367],[-106.523828,21.652344],[-106.502246,21.61084]]]}},{"type":"Feature","properties":{"scalerank":0,"featurecla":"Land","min_zoom":3},"bbox":[-111.063672,18.720361,-110.914453,18.863135],"geometry":{"type":"Polygon","coordinates":[[[-110.914453,18.741455],[-110.974805,18.720361],[-111.063672,18.781641],[-111.039941,18.830127],[-110.989404,18.863135],[-110.94209,18.801709],[-110.914453,18.741455]]]}},{"type":"Feature","properties":{"scalerank":0,"featurecla":"Land","min_zoom":3},"bbox":[-110.703418,24.891553,-110.538867,25.087842],"geometry":{"type":"Polygon","coordinates":[[[-110.567383,25.003467],[-110.538867,24.891553],[-110.590186,24.908057],[-110.657422,24.968848],[-110.703418,25.046631],[-110.699268,25.081445],[-110.690234,25.087842],[-110.595215,25.042139],[-110.567383,25.003467]]]}},{"type":"Feature","properties":{"scalerank":0,"featurecla":"Land","min_zoom":3},"bbox":[-109.900488,24.147559,-109.793799,24.344824],"geometry":{"type":"Polygon","coordinates":[[[-109.805078,24.151074],[-109.826758,24.147559],[-109.87793,24.200635],[-109.900488,24.330908],[-109.890332,24.344824],[-109.793799,24.183398],[-109.795605,24.163574],[-109.805078,24.151074]]]}},{"type":"Feature","properties":{"scalerank":0,"featurecla":"Land","min_zoom":2},"bbox":[-113.594385,29.034766,-113.155615,29.573047],"geometry":{"type":"Polygon","coordinates":[[[-113.155615,29.052246],[-113.587207,29.573047],[-113.17793,29.131934],[-113.155615,29.052246]]]}},{"type":"Feature","properties":{"scalerank":0,"featurecla":"Land","min_zoom":4},"bbox":[-114.789209,31.701367,-114.687939,31.794092],"geometry":{"type":"Polygon","coordinates":[[[-114.694141,31.705615],[-114.727246,31.701367],[-114.789209,31.747412],[-114.78457,31.789795],[-114.771094,31.794092],[-114.709082,31.756885],[-114.687939,31.724219],[-114.694141,31.705615]]]}},{"type":"Feature","properties":{"scalerank":0,"featurecla":"Land","min_zoom":3},"bbox":[-115.35293,28.037256,-115.148535,28.368359],"geometry":{"type":"Polygon","coordinates":[[[-115.170605,28.069385],[-115.184277,28.037256],[-115.35293,28.103955],[-115.2604,28.220557],[-115.273975,28.342773],[-115.233545,28.368359],[-115.196973,28.327881],[-115.148535,28.172119],[-115.170605,28.069385]]]}},{"type":"Feature","properties":{"scalerank":0,"featurecla":"Land","min_zoom":3},"bbox":[-112.013281,24.346387,-111.698877,24.551123],"geometry":{"type":"Polygon","coordinates":[[[-111.698877,24.393604],[-111.712305,24.346387],[-112.013281,24.533398],[-111.940869,24.551123],[-111.856836,24.537988],[-111.698877,24.393604]]]}},{"type":"Feature","properties":{"scalerank":0,"featurecla":"Land","min_zoom":3},"bbox":[-111.224658,25.835889,-111.087744,26.075684],"geometry":{"type":"Polygon","coordinates":[[[-111.100293,26.020605],[-111.087744,25.984521],[-111.094434,25.974072],[-111.135254,25.99917],[-111.204492,25.849707],[-111.224658,25.835889],[-111.18291,26.040625],[-111.139258,26.069824],[-111.090869,26.075684],[-111.100293,26.020605]]]}},{"type":"Feature","properties":{"scalerank":0,"featurecla":"Land","min_zoom":1},"bbox":[-112.531006,28.769336,-112.203076,29.24043],"geometry":{"type":"Polygon","coordinates":[[[-112.203076,29.005322],[-112.514062,28.847607],[-112.24873,29.125977],[-112.203076,29.005322]]]}},{"type":"Feature","properties":{"scalerank":0,"featurecla":"Land","min_zoom":3},"bbox":[-112.296777,24.53457,-112.057275,25.285645],"geometry":{"type":"Polygon","coordinates":[[[-112.057275,24.545703],[-112.159424,25.285645],[-112.06748,24.583643],[-112.057275,24.545703]]]}},{"type":"Feature","properties":{"scalerank":0,"featurecla":"Land","min_zoom":4},"bbox":[166.892676,-45.299805,167.022656,-45.179688],"geometry":{"type":"Polygon","coordinates":[[[166.979492,-45.179688],[167.022656,-45.299805],[166.931152,-45.276855],[166.892676,-45.240527],[166.962695,-45.180371],[166.979492,-45.179688]]]}},{"type":"Feature","properties":{"scalerank":0,"featurecla":"Land","min_zoom":4},"bbox":[124.288477,10.601465,124.382324,10.706689],"geometry":{"type":"Polygon","coordinates":[[[124.316211,10.606006],[124.288477,10.601465],[124.334668,10.706689],[124.371094,10.691357],[124.382324,10.679834],[124.381348,10.632568],[124.316211,10.606006]]]}},{"type":"Feature","properties":{"scalerank":0,"featurecla":"Land","min_zoom":3},"bbox":[125.133008,9.932715,125.287695,10.155029],"geometry":{"type":"Polygon","coordinates":[[[125.280762,9.982178],[125.287695,9.932715],[125.158984,10.062939],[125.133008,10.155029],[125.175879,10.151074],[125.230957,10.115674],[125.280762,9.982178]]]}},{"type":"Feature","properties":{"scalerank":0,"featurecla":"Land","min_zoom":3},"bbox":[122.796582,7.3146,122.948047,7.433398],"geometry":{"type":"Polygon","coordinates":[[[122.937109,7.409131],[122.948047,7.385742],[122.943652,7.361035],[122.839551,7.3146],[122.804688,7.315967],[122.796582,7.393359],[122.822168,7.428467],[122.871191,7.397314],[122.914844,7.433398],[122.937109,7.409131]]]}},{"type":"Feature","properties":{"scalerank":0,"featurecla":"Land","min_zoom":3},"bbox":[125.683008,6.905762,125.78457,7.185547],"geometry":{"type":"Polygon","coordinates":[[[125.78457,6.962744],[125.768945,6.905762],[125.70752,7.03999],[125.683008,7.073193],[125.714453,7.185547],[125.783398,7.130664],[125.78457,6.962744]]]}},{"type":"Feature","properties":{"scalerank":0,"featurecla":"Land","min_zoom":4},"bbox":[125.92207,9.567969,125.992969,9.759082],"geometry":{"type":"Polygon","coordinates":[[[125.970508,9.593555],[125.952441,9.567969],[125.92207,9.621484],[125.948535,9.739209],[125.967773,9.759082],[125.992969,9.68457],[125.970508,9.593555]]]}},{"type":"Feature","properties":{"scalerank":0,"featurecla":"Land","min_zoom":3},"bbox":[124.360352,11.48584,124.622266,11.69502],"geometry":{"type":"Polygon","coordinates":[[[124.608398,11.492188],[124.360352,11.665918],[124.622266,11.549561],[124.608398,11.492188]]]}},{"type":"Feature","properties":{"scalerank":0,"featurecla":"Land","min_zoom":3},"bbox":[124.730859,11.543311,124.854395,11.715332],"geometry":{"type":"Polygon","coordinates":[[[124.854395,11.594775],[124.835938,11.543311],[124.806641,11.557568],[124.781055,11.580762],[124.743652,11.658545],[124.730859,11.715332],[124.788379,11.683105],[124.821484,11.626611],[124.854395,11.594775]]]}},{"type":"Feature","properties":{"scalerank":0,"featurecla":"Land","min_zoom":4},"bbox":[134.795117,-6.442383,134.88584,-6.323535],"geometry":{"type":"Polygon","coordinates":[[[134.819531,-6.43418],[134.795117,-6.442383],[134.795313,-6.393066],[134.822949,-6.349609],[134.851855,-6.324609],[134.88584,-6.323535],[134.819531,-6.43418]]]}},{"type":"Feature","properties":{"scalerank":0,"featurecla":"Land","min_zoom":4},"bbox":[134.629102,-6.765332,134.735742,-6.62334],"geometry":{"type":"Polygon","coordinates":[[[134.674414,-6.749805],[134.657422,-6.765332],[134.631445,-6.73291],[134.629102,-6.712793],[134.663477,-6.657715],[134.697656,-6.625684],[134.735742,-6.62334],[134.726074,-6.668652],[134.674414,-6.749805]]]}},{"type":"Feature","properties":{"scalerank":0,"featurecla":"Land","min_zoom":4},"bbox":[127.834277,-3.02002,127.987891,-2.936523],"geometry":{"type":"Polygon","coordinates":[[[127.987891,-2.936523],[127.937695,-3.02002],[127.849609,-3.016309],[127.834277,-3.004395],[127.938379,-2.952344],[127.987891,-2.936523]]]}},{"type":"Feature","properties":{"scalerank":0,"featurecla":"Land","min_zoom":4},"bbox":[127.487695,-3.35918,127.629297,-3.254297],"geometry":{"type":"Polygon","coordinates":[[[127.60625,-3.315137],[127.629297,-3.35918],[127.531055,-3.331348],[127.487695,-3.288184],[127.530469,-3.261523],[127.554492,-3.254297],[127.60625,-3.315137]]]}},{"type":"Feature","properties":{"scalerank":0,"featurecla":"Land","min_zoom":4},"bbox":[123.972266,-6.021582,124.05127,-5.880176],"geometry":{"type":"Polygon","coordinates":[[[124.05127,-5.97373],[124.04209,-6.021582],[124.005664,-5.966699],[123.972266,-5.939355],[123.975781,-5.880176],[124.022949,-5.902148],[124.05127,-5.97373]]]}},{"type":"Feature","properties":{"scalerank":0,"featurecla":"Land","min_zoom":4},"bbox":[123.540918,-5.373047,123.626758,-5.249805],"geometry":{"type":"Polygon","coordinates":[[[123.626758,-5.271582],[123.622754,-5.373047],[123.582617,-5.367383],[123.550098,-5.331836],[123.540918,-5.29834],[123.542773,-5.271094],[123.560645,-5.249805],[123.626758,-5.271582]]]}},{"type":"Feature","properties":{"scalerank":0,"featurecla":"Land","min_zoom":3},"bbox":[120.633398,-7.124707,120.781738,-7.018262],"geometry":{"type":"Polygon","coordinates":[[[120.774414,-7.118945],[120.672363,-7.124707],[120.64082,-7.11582],[120.633398,-7.018262],[120.745508,-7.060156],[120.781738,-7.063086],[120.774414,-7.118945]]]}},{"type":"Feature","properties":{"scalerank":0,"featurecla":"Land","min_zoom":3},"bbox":[122.887793,-8.604004,123.153125,-8.439844],"geometry":{"type":"Polygon","coordinates":[[[122.977344,-8.545215],[122.945508,-8.604004],[122.887793,-8.587305],[122.903516,-8.530664],[122.932813,-8.49707],[123.010547,-8.44834],[123.089453,-8.439844],[123.137891,-8.456934],[123.153125,-8.475781],[123.030078,-8.494824],[122.977344,-8.545215]]]}},{"type":"Feature","properties":{"scalerank":0,"featurecla":"Land","min_zoom":3},"bbox":[117.482129,-8.367969,117.669238,-8.148242],"geometry":{"type":"Polygon","coordinates":[[[117.556348,-8.367285],[117.533594,-8.367969],[117.49043,-8.34873],[117.505957,-8.307031],[117.482129,-8.239258],[117.490527,-8.183398],[117.546094,-8.151953],[117.665039,-8.148242],[117.669238,-8.189258],[117.556348,-8.367285]]]}},{"type":"Feature","properties":{"scalerank":0,"featurecla":"Land","min_zoom":3},"bbox":[69.469336,66.489746,70.110059,66.751074],"geometry":{"type":"Polygon","coordinates":[[[70.020703,66.502197],[69.469336,66.715967],[70.05918,66.517578],[70.020703,66.502197]]]}},{"type":"Feature","properties":{"scalerank":0,"featurecla":"Land","min_zoom":4},"bbox":[96.739355,76.188428,97.053027,76.355225],"geometry":{"type":"Polygon","coordinates":[[[96.853906,76.19917],[96.797852,76.188428],[96.754492,76.195752],[96.739355,76.206934],[96.740234,76.257861],[96.83291,76.32417],[96.835254,76.344824],[96.87793,76.355225],[96.990234,76.343408],[97.045313,76.315381],[97.053027,76.302588],[96.974219,76.236523],[96.853906,76.19917]]]}},{"type":"Feature","properties":{"scalerank":0,"featurecla":"Land","min_zoom":4},"bbox":[99.91543,79.601611,100.300293,79.701025],"geometry":{"type":"Polygon","coordinates":[[[100.135938,79.614209],[99.91543,79.601611],[99.942285,79.671436],[99.955762,79.690332],[100.068359,79.701025],[100.141504,79.683691],[100.300293,79.670264],[100.135938,79.614209]]]}},{"type":"Feature","properties":{"scalerank":0,"featurecla":"Land","min_zoom":2},"bbox":[161.082813,68.899658,161.617773,69.639453],"geometry":{"type":"Polygon","coordinates":[[[161.46709,68.900977],[161.082813,69.405664],[161.505176,69.639453],[161.506738,68.927588],[161.46709,68.900977]]]}},{"type":"Feature","properties":{"scalerank":0,"featurecla":"Land","min_zoom":4},"bbox":[129.686816,31.639648,129.793652,31.787109],"geometry":{"type":"Polygon","coordinates":[[[129.717969,31.657129],[129.686816,31.639648],[129.706836,31.718262],[129.787305,31.787109],[129.793652,31.74248],[129.717969,31.657129]]]}},{"type":"Feature","properties":{"scalerank":0,"featurecla":"Land","min_zoom":3},"bbox":[126.318555,36.427881,126.417578,36.612549],"geometry":{"type":"Polygon","coordinates":[[[126.417578,36.492578],[126.403809,36.427881],[126.3375,36.470557],[126.318555,36.612549],[126.386621,36.571143],[126.417578,36.492578]]]}},{"type":"Feature","properties":{"scalerank":0,"featurecla":"Land","min_zoom":4},"bbox":[124.846094,39.507568,124.93457,39.607812],"geometry":{"type":"Polygon","coordinates":[[[124.905273,39.536279],[124.848926,39.507568],[124.846094,39.558887],[124.889551,39.6021],[124.93457,39.607812],[124.905273,39.536279]]]}},{"type":"Feature","properties":{"scalerank":0,"featurecla":"Land","min_zoom":3},"bbox":[121.131543,28.0625,121.251367,28.204395],"geometry":{"type":"Polygon","coordinates":[[[121.251367,28.086426],[121.164258,28.0625],[121.131543,28.062598],[121.133984,28.135254],[121.205469,28.204395],[121.234375,28.181299],[121.250977,28.145215],[121.251367,28.086426]]]}},{"type":"Feature","properties":{"scalerank":0,"featurecla":"Land","min_zoom":4},"bbox":[113.404395,22.75791,113.563672,22.904541],"geometry":{"type":"Polygon","coordinates":[[[113.555273,22.804199],[113.563672,22.75791],[113.485645,22.82832],[113.463379,22.832373],[113.426074,22.858594],[113.404395,22.902832],[113.464941,22.904541],[113.520508,22.852051],[113.555273,22.804199]]]}},{"type":"Feature","properties":{"scalerank":0,"featurecla":"Land","min_zoom":3},"bbox":[112.712695,21.581836,112.862598,21.772266],"geometry":{"type":"Polygon","coordinates":[[[112.790234,21.601855],[112.771094,21.581836],[112.741992,21.618066],[112.733496,21.669922],[112.712695,21.697949],[112.760547,21.733252],[112.782031,21.772266],[112.839063,21.764502],[112.862598,21.752637],[112.812598,21.712158],[112.800684,21.694873],[112.790234,21.601855]]]}},{"type":"Feature","properties":{"scalerank":0,"featurecla":"Land","min_zoom":4},"bbox":[112.525,21.618506,112.647656,21.710254],"geometry":{"type":"Polygon","coordinates":[[[112.64375,21.639648],[112.545605,21.618506],[112.525,21.623047],[112.558984,21.674756],[112.647656,21.710254],[112.64375,21.639648]]]}},{"type":"Feature","properties":{"scalerank":0,"featurecla":"Land","min_zoom":3},"bbox":[113.838867,22.210449,114.043945,22.333398],"geometry":{"type":"Polygon","coordinates":[[[113.997754,22.210498],[113.877344,22.210449],[113.851562,22.220459],[113.838867,22.241699],[113.881543,22.280273],[114.043945,22.333398],[114.00332,22.277539],[113.997754,22.210498]]]}},{"type":"Feature","properties":{"scalerank":0,"featurecla":"Land","min_zoom":4},"bbox":[107.07793,10.336572,107.194922,10.446191],"geometry":{"type":"Polygon","coordinates":[[[107.167676,10.397168],[107.083789,10.336572],[107.07793,10.3875],[107.150879,10.420312],[107.176562,10.446191],[107.194922,10.445703],[107.167676,10.397168]]]}},{"type":"Feature","properties":{"scalerank":0,"featurecla":"Land","min_zoom":4},"bbox":[103.222949,10.679688,103.317773,10.781982],"geometry":{"type":"Polygon","coordinates":[[[103.317773,10.718506],[103.28125,10.679688],[103.222949,10.75957],[103.223437,10.781982],[103.317773,10.718506]]]}},{"type":"Feature","properties":{"scalerank":0,"featurecla":"Land","min_zoom":4},"bbox":[8.400391,54.688184,8.587891,54.760303],"geometry":{"type":"Polygon","coordinates":[[[8.587891,54.712695],[8.548926,54.688184],[8.453809,54.691064],[8.400391,54.714111],[8.417676,54.738672],[8.468164,54.757422],[8.509961,54.760303],[8.573438,54.74873],[8.587891,54.712695]]]}},{"type":"Feature","properties":{"scalerank":0,"featurecla":"Land","min_zoom":4},"bbox":[6.64209,53.579199,6.800879,53.625488],"geometry":{"type":"Polygon","coordinates":[[[6.734766,53.58252],[6.64209,53.579199],[6.668555,53.605664],[6.75459,53.625488],[6.800879,53.625488],[6.734766,53.58252]]]}},{"type":"Feature","properties":{"scalerank":0,"featurecla":"Land","min_zoom":0},"bbox":[-90.025195,61.868262,-61.299707,73.854785],"geometry":{"type":"Polygon","coordinates":[[[-86.589355,71.010791],[-84.82373,71.028613],[-84.699414,71.631445],[-85.911621,71.986523],[-84.28374,72.044482],[-85.649902,72.722168],[-84.256641,72.796729],[-85.454736,73.105469],[-81.605371,73.695996],[-80.277246,72.770166],[-81.229346,72.311719],[-80.611475,72.45083],[-80.925146,71.907666],[-79.831299,72.446289],[-78.585107,71.880615],[-78.699268,72.351416],[-77.516504,72.177783],[-78.422412,72.571533],[-76.893506,72.720654],[-75.071484,72.322852],[-75.922803,71.717236],[-74.266357,72.037695],[-75.204785,71.709131],[-74.700781,71.675586],[-74.996191,71.218115],[-73.866602,71.771045],[-74.197266,71.40415],[-71.640674,71.51626],[-71.186523,71.278711],[-72.632715,70.830762],[-70.672656,71.052197],[-71.890186,70.431543],[-71.275879,70.500293],[-71.429443,70.127783],[-70.084717,70.829541],[-68.495752,70.610254],[-70.057715,70.042627],[-67.855322,70.281787],[-67.192773,69.756836],[-69.250781,69.511914],[-66.67627,69.258447],[-69.040625,69.097998],[-67.751709,69.038672],[-67.883203,68.783984],[-69.319092,68.856982],[-66.713916,68.445703],[-66.923096,68.065723],[-66.212402,68.28042],[-66.526465,67.851172],[-65.942383,68.070947],[-65.40127,67.674854],[-64.976904,68.043408],[-63.850195,67.566064],[-64.589258,67.315527],[-63.040137,67.23501],[-63.701562,66.822363],[-62.123584,67.046729],[-61.299707,66.64873],[-62.553125,66.406836],[-61.991602,66.035303],[-62.624121,66.01626],[-62.658887,65.639941],[-63.45874,65.853027],[-63.606592,64.928076],[-65.401611,65.764014],[-64.445361,66.317139],[-65.825732,65.996924],[-66.986328,66.62749],[-67.883398,66.467432],[-67.350439,65.929736],[-68.748926,66.200049],[-67.117969,65.440381],[-66.697412,64.815186],[-65.431934,64.726416],[-65.074609,64.43667],[-65.580322,64.293848],[-64.410937,63.706348],[-64.664648,63.245361],[-65.191846,63.764258],[-64.672363,62.921973],[-65.162793,62.932617],[-65.108496,62.626465],[-68.858936,63.751855],[-65.980176,62.208887],[-66.256689,61.868262],[-68.535889,62.255615],[-71.50127,63.126416],[-71.992236,63.416162],[-71.380859,63.580322],[-72.498437,63.823486],[-73.271289,64.58252],[-74.064795,64.424658],[-74.681396,64.830664],[-74.694727,64.496582],[-76.856152,64.237646],[-78.174561,64.617725],[-77.326709,65.453125],[-75.4521,64.841602],[-75.798682,65.29751],[-73.550781,65.485254],[-74.416406,66.16709],[-72.22002,67.254297],[-73.851562,68.701367],[-74.422412,68.579932],[-74.854883,69.06582],[-76.585059,68.69873],[-75.647754,69.212549],[-79.066406,70.603564],[-79.405225,70.400732],[-78.809814,70.178564],[-79.092871,69.925342],[-81.651953,70.094629],[-80.921729,69.730908],[-85.780029,70.03667],[-86.396875,70.465332],[-87.900684,70.251904],[-89.455908,71.061719],[-87.140088,71.011621],[-89.693311,71.423486],[-90.025195,71.948779],[-88.705176,73.403271],[-85.009326,73.778613],[-86.667773,72.762549],[-86.218457,71.899121],[-85.023389,71.353223],[-86.473242,71.042627],[-86.589355,71.010791]]]}},{"type":"Feature","properties":{"scalerank":0,"featurecla":"Land","min_zoom":0},"bbox":[-91.684082,76.173584,-61.207227,83.116113],"geometry":{"type":"Polygon","coordinates":[[[-69.488867,83.016797],[-61.207227,82.341064],[-68.688525,81.293311],[-64.780078,81.492871],[-72.055957,80.123242],[-70.559082,80.070996],[-71.387842,79.761768],[-76.898828,79.512305],[-74.532324,79.052734],[-78.581641,79.075],[-74.433105,78.724121],[-76.416113,78.511523],[-75.193457,78.327734],[-78.012598,77.946045],[-78.493213,77.369385],[-82.056787,77.296533],[-77.99873,76.851953],[-80.799707,76.173584],[-82.529834,76.723291],[-82.233154,76.46582],[-88.395996,76.405273],[-88.49585,76.772852],[-88.545801,76.420898],[-89.570068,76.491943],[-88.556201,77.072217],[-86.812256,77.184912],[-88.016992,77.784717],[-84.487012,77.367969],[-82.595312,77.992139],[-84.860547,77.499512],[-85.547559,77.927686],[-84.222705,78.176025],[-84.910352,78.239697],[-84.783203,78.527588],[-85.585938,78.10957],[-87.551758,78.176611],[-86.80791,78.774365],[-81.750098,78.975781],[-84.412012,78.996582],[-83.575879,79.053662],[-86.420752,79.845215],[-86.498535,80.258252],[-80.475928,79.60625],[-80.124463,79.669482],[-82.987012,80.322607],[-76.862988,80.864795],[-78.716211,80.95166],[-76.885107,81.430273],[-81.007031,80.654883],[-85.14585,80.521143],[-86.61543,80.630029],[-83.288818,81.147949],[-87.71167,80.65625],[-89.263281,80.914307],[-84.941211,81.28623],[-89.623047,81.032471],[-89.980957,81.124707],[-87.597021,81.52583],[-91.684082,81.635693],[-85.044824,81.982812],[-86.615625,82.218555],[-84.896826,82.449414],[-79.424854,81.854443],[-82.447559,82.39502],[-78.748779,82.679395],[-79.886328,82.938525],[-76.009375,82.535156],[-75.565625,82.608545],[-77.124902,83.008545],[-72.658691,82.721631],[-73.440723,82.94585],[-69.569385,83.024902],[-69.488867,83.016797]]]}},{"type":"Feature","properties":{"scalerank":0,"featurecla":"Land","min_zoom":0},"bbox":[-168.088379,-53.883398,-34.805469,71.986865],"geometry":{"type":"Polygon","coordinates":[[[-94.30835,71.764893],[-91.564062,70.178271],[-92.320508,70.235352],[-91.976709,70.038672],[-92.887793,69.668213],[-90.415576,69.456982],[-91.237207,69.285547],[-90.247754,68.267432],[-89.279541,69.255469],[-88.041357,68.811719],[-87.82793,68.299951],[-88.346973,68.288281],[-88.313818,67.950342],[-87.359375,67.177246],[-86.560791,67.482129],[-85.689795,68.670947],[-84.867578,68.77334],[-85.507373,69.845264],[-82.37417,69.641797],[-82.754834,69.494385],[-81.377832,69.185645],[-81.95791,68.883643],[-81.25249,68.743164],[-82.552686,68.446484],[-81.294336,67.497412],[-81.467578,67.069873],[-83.406445,66.37124],[-85.113721,66.906934],[-83.869043,66.213574],[-86.708154,66.523047],[-85.95874,66.119043],[-87.452881,65.338965],[-91.427246,65.9479],[-87.027539,65.198096],[-88.105615,64.183301],[-90.04165,64.140869],[-90.154736,63.689648],[-90.811914,63.580908],[-93.696338,64.147168],[-90.711279,63.304053],[-90.777881,62.971631],[-92.361279,62.819385],[-91.93584,62.592383],[-92.551416,62.546729],[-92.527979,62.168408],[-93.205371,62.364941],[-92.905518,62.215137],[-94.761719,60.498242],[-94.957324,59.068848],[-94.287061,58.716016],[-94.332227,58.297363],[-94.123193,58.736719],[-93.17876,58.725635],[-92.432812,57.320312],[-92.798145,56.921973],[-90.592187,57.224463],[-85.67666,55.601074],[-85.365283,55.079297],[-82.393262,55.067822],[-82.291553,53.030713],[-81.599414,52.432617],[-81.827881,52.224219],[-80.657959,51.75835],[-80.443311,51.388574],[-80.851221,51.125],[-80.103564,51.282861],[-79.3479,50.762646],[-79.688818,51.346582],[-79.296973,51.622803],[-78.903174,51.200293],[-78.981641,51.774561],[-78.448096,52.261377],[-78.996045,54.00249],[-79.712354,54.671826],[-77.775293,55.29126],[-76.529834,56.499951],[-76.890918,57.758105],[-78.505908,58.649121],[-77.289209,60.022021],[-77.603027,60.825195],[-78.181348,60.819141],[-77.514355,61.556299],[-78.133398,62.282275],[-77.372412,62.57251],[-74.632568,62.115674],[-73.705078,62.473145],[-71.638281,61.617188],[-71.422705,61.158936],[-69.471924,61.010937],[-69.67373,60.075879],[-70.654834,60.026221],[-69.733936,59.918018],[-69.344043,59.303076],[-70.154346,58.760596],[-68.381152,58.743506],[-68.356543,58.163232],[-69.04082,57.90249],[-68.021045,58.485303],[-67.678271,57.991113],[-66.362402,58.791162],[-66.002393,58.431201],[-65.475098,59.470312],[-65.038232,59.387891],[-65.433398,59.776514],[-64.499414,60.268262],[-64.768457,60.012109],[-64.283496,60.064062],[-63.415137,59.194385],[-63.971143,59.053809],[-62.873877,58.672461],[-63.537061,58.329932],[-62.593848,58.474023],[-63.261523,58.014697],[-61.958643,57.911768],[-62.495557,57.489209],[-61.33374,57.010596],[-61.371631,56.680811],[-62.497266,56.801709],[-61.425293,56.360645],[-61.449512,55.995703],[-60.341016,55.784668],[-60.617139,55.060205],[-59.758789,55.30957],[-59.437891,55.175928],[-59.837793,54.813965],[-59.25957,55.199951],[-57.404492,54.590869],[-60.39541,53.65332],[-60.329492,53.266113],[-57.928271,54.103564],[-58.309961,54.20166],[-57.416064,54.162744],[-57.331738,53.469092],[-56.524316,53.766455],[-55.966113,53.471143],[-55.802832,52.643164],[-56.324902,52.544531],[-55.672803,52.190137],[-56.975977,51.457666],[-58.510352,51.295068],[-60.080176,50.25459],[-66.495508,50.211865],[-69.673877,48.19917],[-71.018262,48.455615],[-69.775,48.098096],[-71.267773,46.795947],[-74.315088,45.531055],[-73.973828,45.345117],[-74.708887,45.003857],[-70.519482,47.03252],[-68.815674,48.366016],[-65.523389,49.266162],[-64.567725,49.104785],[-64.25376,48.550391],[-65.259424,48.02124],[-66.704395,48.022461],[-64.703223,47.724854],[-65.318896,47.101221],[-64.831396,47.060791],[-64.541504,46.240332],[-62.750098,45.648242],[-61.955518,45.868164],[-61.031543,45.291748],[-64.286084,44.550342],[-65.481689,43.518066],[-66.125732,43.813818],[-66.090625,44.504932],[-64.448145,45.337451],[-64.135498,45.023047],[-63.368018,45.364795],[-64.873145,45.35459],[-64.314648,45.835693],[-64.632715,45.946631],[-65.884473,45.2229],[-67.124854,45.169434],[-66.987012,44.827686],[-68.056641,44.384326],[-68.762695,44.570752],[-70.178809,43.766357],[-71.046191,42.331104],[-69.948633,41.677148],[-71.168555,41.489404],[-71.390137,41.795312],[-71.522852,41.378955],[-73.987109,40.751367],[-73.969922,41.249707],[-74.079932,39.788135],[-74.923437,38.941113],[-75.524219,39.490186],[-75.07417,39.983496],[-75.464404,39.780957],[-75.03877,38.426367],[-75.934375,37.151904],[-75.659277,37.953955],[-76.341162,38.709668],[-75.872949,39.510889],[-76.57041,39.269336],[-76.341162,38.087012],[-77.23252,38.407715],[-77.030371,38.889258],[-77.313672,38.396631],[-76.264258,37.893555],[-77.111084,38.165674],[-76.305566,37.571484],[-76.757715,37.50542],[-76.283301,37.052686],[-77.250879,37.329199],[-75.999414,36.912646],[-75.53418,35.819092],[-75.946484,36.659082],[-75.820068,36.112842],[-76.733643,36.22915],[-75.758838,35.843262],[-76.173828,35.35415],[-77.03999,35.527393],[-76.512939,35.27041],[-76.974951,35.025195],[-76.439795,34.84292],[-77.412256,34.730811],[-77.927832,33.939746],[-80.802539,32.448047],[-81.460352,31.127051],[-80.050049,26.807715],[-80.484668,25.229834],[-81.110498,25.138037],[-82.7146,27.499609],[-82.400537,27.8354],[-82.843506,27.845996],[-82.651465,28.8875],[-84.044238,30.103809],[-85.318945,29.680225],[-85.603516,30.286768],[-87.201172,30.339258],[-86.997559,30.570312],[-88.005957,30.230908],[-88.011328,30.694189],[-88.135449,30.366602],[-90.331982,30.277588],[-89.400732,30.046045],[-89.720898,29.619287],[-89.155518,29.016602],[-90.159082,29.537158],[-90.13584,29.136084],[-90.751025,29.130859],[-91.893164,29.836035],[-92.26084,29.556836],[-93.841455,29.979736],[-94.759619,29.384277],[-94.52627,29.547949],[-95.022852,29.702344],[-94.888281,29.370557],[-95.853418,28.640332],[-96.640039,28.708789],[-96.421094,28.457324],[-97.156494,28.144336],[-97.439111,27.328271],[-97.768457,27.45752],[-97.140186,26.029736],[-97.857812,22.624512],[-95.920361,18.81958],[-94.459766,18.16665],[-92.441016,18.675293],[-91.533984,18.456543],[-90.739258,19.352246],[-90.353125,21.009424],[-87.034766,21.592236],[-86.815527,21.005225],[-87.687695,19.637109],[-87.853223,18.268994],[-88.031738,18.838916],[-88.349268,18.358838],[-88.313428,16.632764],[-88.894043,15.890625],[-84.97373,15.989893],[-83.369189,15.23999],[-83.187744,14.340088],[-83.867871,11.300049],[-82.077881,8.934863],[-81.063086,8.812646],[-79.112256,9.536768],[-77.830811,9.068115],[-76.786572,7.931592],[-76.920459,8.57373],[-75.639355,9.450439],[-75.247949,10.783252],[-74.84458,11.109717],[-74.400879,10.765234],[-74.14292,11.32085],[-73.313379,11.295752],[-71.597461,12.434375],[-71.137305,12.046338],[-71.956934,11.569922],[-71.594336,10.657373],[-72.112842,9.815576],[-71.619531,9.047949],[-71.052686,9.705811],[-71.469531,10.96416],[-69.804785,11.474219],[-70.286523,11.886035],[-70.003955,12.177881],[-69.631592,11.479932],[-68.398633,11.160986],[-68.139941,10.492725],[-66.247217,10.632227],[-65.129102,10.070068],[-63.731885,10.503418],[-64.298193,10.635156],[-61.879492,10.741016],[-62.913574,10.531494],[-62.740576,10.056152],[-60.79248,9.360742],[-61.618701,8.597461],[-61.304004,8.4104],[-60.16748,8.616992],[-58.811572,7.735596],[-58.477295,7.325781],[-58.672949,6.390771],[-57.982568,6.785889],[-57.227539,6.178418],[-57.182129,5.528906],[-56.969824,5.992871],[-54.356152,5.909863],[-54.155957,5.358984],[-53.847168,5.782227],[-51.219922,4.093604],[-50.714404,2.134033],[-49.898877,1.162988],[-51.980811,-1.367969],[-52.66416,-1.551758],[-50.894922,-0.937598],[-50.403223,-2.015527],[-49.313672,-1.731738],[-49.636523,-2.656934],[-48.115088,-0.7375],[-47.398096,-0.62666],[-44.65127,-1.745801],[-44.756348,-2.265527],[-44.381836,-2.365527],[-44.723047,-3.204785],[-44.228613,-2.471289],[-44.192676,-2.80957],[-43.380078,-2.376074],[-39.964697,-2.861523],[-37.174658,-4.912402],[-35.481689,-5.166016],[-34.833887,-7.024414],[-35.340869,-9.230664],[-37.359229,-11.252539],[-38.239746,-12.844238],[-38.851758,-12.790137],[-39.154004,-17.703906],[-41.000293,-21.999023],[-42.042383,-22.94707],[-44.637256,-23.055469],[-48.202734,-25.416504],[-48.731738,-25.36875],[-48.401172,-25.597363],[-48.799658,-28.575293],[-52.039209,-32.114844],[-50.581934,-30.438867],[-51.298047,-30.034863],[-51.283057,-30.751563],[-51.972461,-31.383789],[-52.652246,-33.137793],[-54.168555,-34.670703],[-56.194629,-34.906445],[-57.829102,-34.477344],[-58.438135,-33.719141],[-58.201172,-32.47168],[-58.525488,-34.296191],[-57.170654,-35.3625],[-57.375488,-35.900293],[-56.717383,-36.389063],[-56.727148,-36.957715],[-58.179199,-38.43584],[-61.112207,-38.992969],[-62.334766,-38.800098],[-62.053662,-39.373828],[-62.39502,-40.89082],[-63.621777,-41.159766],[-65.069434,-40.805273],[-64.986377,-42.102051],[-64.42041,-42.433789],[-63.795557,-42.113867],[-63.617334,-42.695801],[-64.970703,-42.666309],[-64.319141,-42.968945],[-65.252344,-43.571875],[-65.63877,-45.007812],[-66.941406,-45.257324],[-67.599561,-46.052539],[-66.776855,-47.005859],[-65.853662,-47.156738],[-66.225244,-47.826758],[-65.810059,-47.941113],[-67.466309,-48.951758],[-67.913965,-49.984473],[-68.97959,-50.003027],[-68.421875,-50.15791],[-69.358594,-51.028125],[-69.058301,-51.547168],[-69.46543,-51.584473],[-68.39375,-52.307031],[-70.795117,-52.76875],[-71.297754,-53.883398],[-72.412891,-53.350195],[-71.791455,-53.48457],[-71.227148,-52.810645],[-72.548926,-53.460742],[-73.052734,-53.243457],[-72.727686,-52.762305],[-71.511279,-52.605371],[-72.712109,-52.535547],[-73.122461,-53.073926],[-73.645215,-52.837012],[-73.123926,-52.487988],[-74.014453,-52.639355],[-74.295654,-52.117871],[-72.79502,-51.949512],[-72.52334,-52.255469],[-72.542529,-51.706152],[-73.16875,-51.453906],[-72.600049,-51.799121],[-73.518164,-52.041016],[-74.19668,-51.680566],[-73.939502,-51.266309],[-75.094678,-50.68125],[-74.644482,-50.360938],[-73.806543,-50.938379],[-73.654443,-50.492676],[-73.978027,-50.827051],[-74.62959,-50.194043],[-73.836377,-49.609375],[-73.934961,-49.020898],[-74.366553,-49.400488],[-74.009082,-48.475],[-74.474414,-48.463965],[-74.584668,-47.999023],[-73.391064,-48.145898],[-73.715869,-47.655469],[-74.227051,-47.968945],[-74.654932,-47.702246],[-74.134082,-47.59082],[-74.482666,-47.430469],[-74.313574,-46.788184],[-75.706396,-46.705273],[-74.924463,-46.159668],[-75.066699,-45.874902],[-73.957178,-45.404395],[-74.392969,-46.217383],[-73.735254,-45.811719],[-73.845361,-46.566016],[-73.730762,-45.47998],[-72.933838,-45.452344],[-73.404883,-45.102344],[-72.680078,-44.593945],[-73.265088,-44.168652],[-72.773242,-42.257715],[-72.412354,-42.388184],[-72.824072,-41.908789],[-72.318262,-41.499023],[-73.624023,-41.773633],[-73.965869,-41.118262],[-73.226465,-39.224414],[-73.662402,-37.341016],[-73.215967,-37.166895],[-72.223779,-35.096191],[-71.452246,-32.65957],[-71.519238,-28.926465],[-70.646582,-26.329395],[-70.593359,-23.255469],[-70.087549,-21.493066],[-70.361621,-18.398047],[-75.933887,-14.633594],[-78.762256,-8.616992],[-79.994971,-6.768945],[-81.142041,-6.056738],[-80.881934,-5.635059],[-81.336621,-4.669531],[-79.729883,-2.579102],[-79.842139,-2.067383],[-80.284717,-2.706738],[-80.962793,-2.189258],[-80.088281,0.784766],[-78.899658,1.20625],[-78.591699,2.356641],[-77.813574,2.716357],[-77.076807,3.913281],[-77.520703,4.212793],[-77.368799,6.575586],[-78.421582,8.060986],[-78.141895,8.386084],[-77.760547,8.133252],[-79.441504,9.006006],[-80.458984,8.213867],[-80.01123,7.500049],[-80.845557,7.220068],[-81.063867,7.899756],[-81.268408,7.625488],[-81.727637,8.137549],[-83.604736,8.480322],[-83.736914,9.150293],[-85.235645,10.24209],[-85.077051,9.601953],[-85.624854,9.902441],[-85.745215,11.088574],[-87.667529,12.903564],[-87.338574,12.949951],[-87.489111,13.35293],[-88.512012,13.183936],[-91.377344,13.990186],[-94.37417,16.284766],[-94.00127,16.018945],[-94.900439,16.41748],[-96.51084,15.651904],[-103.441602,18.325391],[-105.48208,19.976074],[-105.208691,21.49082],[-105.791797,22.62749],[-108.051465,25.067041],[-109.384961,25.727148],[-109.27627,26.533887],[-112.161768,29.018896],[-113.046729,31.179248],[-114.933594,31.900732],[-114.550488,30.022266],[-111.569678,26.707617],[-110.659326,24.341455],[-109.42085,23.480127],[-110.00625,22.894043],[-112.072559,24.840039],[-112.377246,26.213916],[-114.993506,27.736035],[-114.069336,27.675684],[-114.048486,28.426172],[-115.673828,29.756396],[-117.467432,33.295508],[-120.644678,34.57998],[-122.499219,37.542627],[-122.070508,37.478271],[-122.314258,38.007324],[-121.525342,38.055908],[-122.998779,37.988623],[-123.701123,38.907275],[-124.356543,40.371094],[-124.071924,41.459521],[-124.539648,42.812891],[-123.989307,46.219385],[-123.220605,46.153613],[-124.072754,46.279443],[-123.842871,46.963184],[-124.709961,48.380371],[-122.778613,48.137598],[-123.136328,47.355811],[-122.532813,47.919727],[-122.577881,47.293164],[-123.027588,47.138916],[-122.627051,47.144238],[-122.241992,48.010742],[-123.196338,49.147705],[-122.879102,49.398926],[-123.948389,49.534717],[-123.582471,49.68125],[-123.880127,50.173633],[-124.141602,49.792676],[-124.702295,49.957666],[-124.859863,50.872412],[-125.058789,50.513867],[-126.094336,50.497607],[-126.517334,51.056836],[-127.708105,51.151172],[-126.691455,51.703418],[-127.850537,51.673193],[-127.437939,52.356152],[-126.713965,52.060693],[-127.193994,52.457666],[-127.008252,52.842578],[-128.102246,51.788428],[-128.053271,52.910693],[-129.171582,53.533594],[-127.927832,53.274707],[-128.675537,53.55459],[-128.532129,53.858105],[-129.563721,53.251465],[-130.335254,53.723926],[-129.626025,54.230273],[-130.430273,54.420996],[-129.560645,55.462549],[-130.048486,55.057275],[-130.025098,55.888232],[-130.535498,54.74873],[-131.047852,55.157666],[-130.748193,55.318018],[-131.032764,56.088086],[-132.118994,55.569775],[-131.551367,56.206787],[-133.465869,57.172168],[-133.64873,57.642285],[-133.117041,57.566211],[-133.535205,57.832959],[-133.194336,57.877686],[-134.031104,58.072168],[-133.876758,58.518164],[-134.663623,58.384717],[-135.363672,59.419434],[-135.090234,58.24585],[-135.897559,58.400195],[-136.150049,59.048096],[-136.22583,58.765479],[-136.989014,59.034473],[-136.061475,58.452734],[-136.607422,58.243994],[-139.799121,59.54624],[-139.512305,59.953564],[-139.286719,59.610937],[-138.988086,59.83501],[-139.431445,60.012256],[-140.419824,59.710742],[-141.40874,60.117676],[-144.147217,60.016406],[-144.901318,60.335156],[-144.691113,60.669092],[-145.898877,60.478174],[-145.674902,60.651123],[-146.570459,60.72915],[-146.284912,61.112646],[-147.990771,60.948291],[-147.751855,61.218945],[-148.556152,60.827002],[-148.256738,60.675293],[-148.640137,60.489453],[-147.964111,60.484863],[-148.430713,59.989111],[-149.395264,60.105762],[-150.934521,59.249121],[-151.949512,59.265088],[-151.046484,59.771826],[-151.853223,59.78208],[-151.321777,60.74292],[-149.075098,60.876416],[-150.053271,61.171094],[-149.329053,61.497363],[-149.625439,61.486035],[-153.025,60.295654],[-152.660107,59.997217],[-154.17832,59.155566],[-153.437598,58.754834],[-158.414404,56.43584],[-158.476123,56.075488],[-161.516943,55.618408],[-163.335303,54.83916],[-161.697314,55.907227],[-160.291699,55.805078],[-160.302051,56.314111],[-157.461914,57.506201],[-157.610889,58.05083],[-157.193701,58.194189],[-157.523633,58.421338],[-156.808887,59.134277],[-158.190918,58.614258],[-158.503174,58.850342],[-158.080518,58.977441],[-158.809473,58.973877],[-158.950684,58.404541],[-160.363135,59.051172],[-162.144922,58.644238],[-161.644385,59.109668],[-162.421338,60.283984],[-161.946582,60.684814],[-162.570752,59.989746],[-163.906885,59.806787],[-165.353809,60.541211],[-163.586914,60.902979],[-165.114844,60.932812],[-164.868994,61.111768],[-166.168115,61.65083],[-164.757861,62.496729],[-164.409033,63.215039],[-163.287842,63.046436],[-160.926709,63.660547],[-160.987549,64.25127],[-161.490723,64.433789],[-160.886963,64.795557],[-162.711084,64.377539],[-166.142773,64.582764],[-166.928418,65.15708],[-166.157031,65.28584],[-168.088379,65.657764],[-164.460498,66.588428],[-163.638232,66.574658],[-164.03374,66.215527],[-163.695361,66.083838],[-161.034277,66.188818],[-162.361621,66.947314],[-161.591016,66.459521],[-160.231689,66.420264],[-161.856689,66.700342],[-161.719922,67.020557],[-163.531836,67.102588],[-166.786279,68.359619],[-166.209082,68.885352],[-163.535693,69.170117],[-161.880957,70.331738],[-160.117139,70.591211],[-159.865674,70.278857],[-159.386768,70.524512],[-160.081592,70.634863],[-159.680908,70.786768],[-156.470215,71.407666],[-155.579443,71.121094],[-155.973535,70.841992],[-155.166846,71.099219],[-152.300391,70.846777],[-151.944678,70.4521],[-143.218311,70.11626],[-135.258838,68.684326],[-135.910205,69.111475],[-134.408936,69.681787],[-133.879785,69.507715],[-134.174316,69.252832],[-129.538428,70.105176],[-133.418311,68.844287],[-132.706006,68.814893],[-131.788379,69.431982],[-130.970654,69.209082],[-130.117627,69.720068],[-128.853027,69.751025],[-127.683789,70.260352],[-127.991016,70.573828],[-125.727783,69.37998],[-124.555029,70.151221],[-124.124609,69.68999],[-124.338086,69.364844],[-121.741846,69.79751],[-113.964404,68.399072],[-115.434473,67.902344],[-115.133203,67.819189],[-110.073926,67.99292],[-107.988721,67.256396],[-108.496045,67.092285],[-107.259473,66.398535],[-107.745996,66.961475],[-107.156494,66.881738],[-107.958398,67.818604],[-105.750195,68.592285],[-108.718115,68.297461],[-108.345752,68.597803],[-106.164453,68.919873],[-104.486816,68.063184],[-102.320361,67.735645],[-98.412109,67.807178],[-98.631543,68.072559],[-97.15542,67.726416],[-98.650488,68.363525],[-97.828564,68.532764],[-96.430664,68.310596],[-96.72207,68.03877],[-95.970312,68.249121],[-96.369141,67.509766],[-95.418896,67.013232],[-96.422559,67.051758],[-95.787549,66.616797],[-96.036865,66.9375],[-95.25874,67.262549],[-95.460693,68.021387],[-93.448926,68.618896],[-93.852441,69.000342],[-94.600439,68.803223],[-94.254736,69.31377],[-93.430957,69.375049],[-96.050146,69.831152],[-96.545605,70.327246],[-95.886328,70.694287],[-96.524756,71.127051],[-95.564258,71.336768],[-95.872314,71.573145],[-95.201221,71.903711],[-94.478809,71.848584],[-94.30835,71.764893]]]}},{"type":"Feature","properties":{"scalerank":0,"featurecla":"Land","min_zoom":2},"bbox":[-82.039258,52.733984,-80.709521,53.224268],"geometry":{"type":"Polygon","coordinates":[[[-80.731689,52.747266],[-82.039258,53.049902],[-81.135596,53.205811],[-80.709521,52.787402],[-80.731689,52.747266]]]}},{"type":"Feature","properties":{"scalerank":0,"featurecla":"Land","min_zoom":2},"bbox":[-74.749268,67.78252,-73.398193,68.093457],"geometry":{"type":"Polygon","coordinates":[[[-73.621729,67.783838],[-74.749268,68.018457],[-73.407178,67.793066],[-73.621729,67.783838]]]}},{"type":"Feature","properties":{"scalerank":0,"featurecla":"Land","min_zoom":2},"bbox":[-78.536768,63.114404,-77.527295,63.489551],"geometry":{"type":"Polygon","coordinates":[[[-77.876709,63.470557],[-77.532715,63.233643],[-78.536768,63.42373],[-77.933936,63.478955],[-77.876709,63.470557]]]}},{"type":"Feature","properties":{"scalerank":0,"featurecla":"Land","min_zoom":1.5},"bbox":[-83.912402,62.160254,-81.948584,62.977686],"geometry":{"type":"Polygon","coordinates":[[[-82.000488,62.954199],[-83.01582,62.209912],[-83.912402,62.425537],[-83.376416,62.904932],[-82.047607,62.970557],[-82.000488,62.954199]]]}},{"type":"Feature","properties":{"scalerank":0,"featurecla":"Land","min_zoom":1.5},"bbox":[-80.279834,61.594629,-79.272021,62.413232],"geometry":{"type":"Polygon","coordinates":[[[-79.545312,62.411719],[-79.272021,62.185986],[-79.66875,61.644434],[-80.265186,61.818213],[-79.597656,62.413232],[-79.545312,62.411719]]]}},{"type":"Feature","properties":{"scalerank":0,"featurecla":"Land","min_zoom":2},"bbox":[-106.066113,77.123975,-104.453711,77.754395],"geometry":{"type":"Polygon","coordinates":[[[-104.558154,77.141748],[-106.066113,77.725391],[-104.493359,77.162354],[-104.558154,77.141748]]]}},{"type":"Feature","properties":{"scalerank":0,"featurecla":"Land","min_zoom":1.5},"bbox":[-96.276611,77.452246,-93.128711,77.791992],"geometry":{"type":"Polygon","coordinates":[[[-95.484375,77.791992],[-93.128711,77.660156],[-96.276611,77.630566],[-95.683936,77.782275],[-95.484375,77.791992]]]}},{"type":"Feature","properties":{"scalerank":0,"featurecla":"Land","min_zoom":2},"bbox":[-100.126025,79.724072,-98.768945,80.144092],"geometry":{"type":"Polygon","coordinates":[[[-98.791602,79.981104],[-100.126025,80.00127],[-98.823193,80.037354],[-98.791602,79.981104]]]}},{"type":"Feature","properties":{"scalerank":0,"featurecla":"Land","min_zoom":2},"bbox":[-91.185059,77.2104,-89.694189,77.65498],"geometry":{"type":"Polygon","coordinates":[[[-89.833252,77.267627],[-91.182666,77.557178],[-89.74668,77.292578],[-89.833252,77.267627]]]}},{"type":"Feature","properties":{"scalerank":0,"featurecla":"Land","min_zoom":1.5},"bbox":[-96.599609,74.636719,-93.463477,75.630029],"geometry":{"type":"Polygon","coordinates":[[[-93.542578,75.02793],[-93.573096,74.668848],[-94.534521,74.636719],[-96.599609,75.031787],[-94.878174,75.630029],[-93.551807,75.051172],[-93.542578,75.02793]]]}},{"type":"Feature","properties":{"scalerank":0,"featurecla":"Land","min_zoom":1.5},"bbox":[-113.292578,78.274707,-109.336035,78.757812],"geometry":{"type":"Polygon","coordinates":[[[-109.815967,78.650391],[-109.3521,78.368652],[-113.292578,78.334375],[-109.940869,78.678467],[-109.815967,78.650391]]]}},{"type":"Feature","properties":{"scalerank":0,"featurecla":"Land","min_zoom":2},"bbox":[-119.39458,75.51543,-117.499121,76.115088],"geometry":{"type":"Polygon","coordinates":[[[-118.328125,75.579688],[-119.39458,75.617334],[-117.512598,76.099414],[-118.226514,75.611182],[-118.328125,75.579688]]]}},{"type":"Feature","properties":{"scalerank":0,"featurecla":"Land","min_zoom":1.5},"bbox":[-106.949658,72.914893,-104.552344,73.767139],"geometry":{"type":"Polygon","coordinates":[[[-105.288916,72.919922],[-106.949658,73.510352],[-104.5875,73.578076],[-105.200635,72.947314],[-105.288916,72.919922]]]}},{"type":"Feature","properties":{"scalerank":0,"featurecla":"Land","min_zoom":0},"bbox":[-102.713672,71.3021,-96.440137,73.945898],"geometry":{"type":"Polygon","coordinates":[[[-100.001904,73.945898],[-97.111719,73.790332],[-98.430908,72.958057],[-96.54209,72.69873],[-96.613428,71.833838],[-98.322705,71.852344],[-98.198633,71.440869],[-99.167139,71.367188],[-102.70874,72.764502],[-102.204004,73.077295],[-100.128125,72.906689],[-100.536377,73.197852],[-99.825146,73.213867],[-101.523193,73.486377],[-100.52168,73.449316],[-100.985107,73.765332],[-100.138477,73.928857],[-100.001904,73.945898]]]}},{"type":"Feature","properties":{"scalerank":0,"featurecla":"Land","min_zoom":0.5},"bbox":[-87.193848,63.119678,-80.261328,65.918652],"geometry":{"type":"Polygon","coordinates":[[[-84.919629,65.261084],[-84.501123,65.458447],[-82.05,64.644287],[-81.887109,64.016406],[-80.261328,63.801953],[-81.046387,63.461572],[-83.303955,64.143799],[-85.392627,63.119678],[-85.768945,63.700342],[-87.177148,63.595117],[-86.2521,64.136865],[-85.96167,65.704248],[-85.523047,65.914551],[-85.056055,65.437402],[-84.919629,65.261084]]]}},{"type":"Feature","properties":{"scalerank":0,"featurecla":"Land","min_zoom":1},"bbox":[-77.305908,67.23584,-75.062354,68.336816],"geometry":{"type":"Polygon","coordinates":[[[-75.675879,68.32251],[-75.078125,68.173145],[-75.201953,67.45918],[-77.224219,67.508203],[-76.740234,68.23125],[-75.866504,68.336816],[-75.675879,68.32251]]]}},{"type":"Feature","properties":{"scalerank":0,"featurecla":"Land","min_zoom":1},"bbox":[-80.860742,72.755957,-76.08999,73.767334],"geometry":{"type":"Polygon","coordinates":[[[-79.537305,73.654492],[-77.206543,73.499561],[-76.08999,72.881201],[-79.500537,72.755957],[-80.82417,73.380664],[-80.822852,73.743457],[-79.889355,73.701514],[-79.537305,73.654492]]]}},{"type":"Feature","properties":{"scalerank":0,"featurecla":"Land","min_zoom":0},"bbox":[-102.79751,74.98374,-97.336035,76.693848],"geometry":{"type":"Polygon","coordinates":[[[-97.700928,76.466504],[-97.890527,75.760352],[-97.336035,75.419824],[-97.991797,75.045801],[-100.234375,75.007715],[-100.731152,75.346533],[-99.19458,75.698389],[-102.79751,75.599658],[-100.972803,75.798438],[-102.137744,76.284863],[-101.858496,76.439014],[-99.865479,75.924219],[-100.112842,76.117236],[-99.541064,76.146289],[-100.890771,76.475488],[-97.725879,76.496094],[-97.700928,76.466504]]]}},{"type":"Feature","properties":{"scalerank":0,"featurecla":"Land","min_zoom":0.5},"bbox":[-105.580176,77.793799,-98.999609,79.352051],"geometry":{"type":"Polygon","coordinates":[[[-103.426025,79.315625],[-102.576172,78.879395],[-100.014746,78.728613],[-98.999609,77.996875],[-104.512646,78.294629],[-104.995557,78.518506],[-103.371582,78.736328],[-105.580176,79.114209],[-103.706396,79.352051],[-103.426025,79.315625]]]}},{"type":"Feature","properties":{"scalerank":0,"featurecla":"Land","min_zoom":0},"bbox":[-96.773242,78.149854,-85.042139,81.364404],"geometry":{"type":"Polygon","coordinates":[[[-91.885547,81.132861],[-88.857324,80.166211],[-87.675,80.372119],[-87.922314,80.097705],[-86.977197,79.894238],[-87.295166,79.580176],[-85.042139,79.28457],[-87.617383,78.676318],[-88.040186,78.995312],[-87.982861,78.537061],[-88.741602,78.584033],[-88.822412,78.185889],[-90.037109,78.606836],[-89.489844,78.171924],[-91.409619,78.187988],[-94.169678,78.972803],[-91.299902,79.372705],[-95.103174,79.289893],[-95.733008,79.418213],[-94.401855,79.736328],[-95.85752,79.673779],[-96.773242,80.135791],[-94.262598,80.194873],[-96.394092,80.315039],[-95.549072,80.366602],[-96.151807,80.553467],[-95.926953,80.720654],[-93.92793,80.55918],[-95.514746,80.838135],[-95.269775,81.000781],[-93.235645,81.128857],[-94.220117,81.330762],[-91.997852,81.185498],[-91.885547,81.132861]]]}},{"type":"Feature","properties":{"scalerank":0,"featurecla":"Land","min_zoom":0},"bbox":[-96.897998,74.470361,-79.401416,77.066211],"geometry":{"type":"Polygon","coordinates":[[[-94.294971,76.912451],[-93.211865,76.754688],[-93.53457,76.447705],[-91.305029,76.680762],[-89.284521,76.301611],[-91.407324,76.220068],[-88.916699,75.453955],[-82.153662,75.831055],[-79.660205,75.449512],[-80.381982,75.03418],[-79.401416,74.917627],[-81.940186,74.472705],[-83.52207,74.901465],[-83.531885,74.585693],[-84.425537,74.508105],[-91.50835,74.650684],[-92.389258,75.26333],[-92.185107,75.846533],[-93.091748,76.354004],[-95.273877,76.264404],[-96.897998,76.754004],[-94.616113,76.95835],[-94.294971,76.912451]]]}},{"type":"Feature","properties":{"scalerank":0,"featurecla":"Land","min_zoom":1},"bbox":[-98.34082,77.806006,-94.887158,78.805225],"geometry":{"type":"Polygon","coordinates":[[[-96.204492,78.531299],[-94.915381,78.390527],[-95.329248,78.225049],[-94.934277,78.075635],[-96.989648,77.806006],[-97.658154,78.090625],[-96.944678,78.151855],[-98.34082,78.751221],[-96.256494,78.551123],[-96.204492,78.531299]]]}},{"type":"Feature","properties":{"scalerank":0,"featurecla":"Land","min_zoom":1},"bbox":[-113.283447,77.34375,-109.619043,78.103223],"geometry":{"type":"Polygon","coordinates":[[[-110.458057,78.103223],[-109.619043,78.056836],[-110.865625,77.834131],[-110.198486,77.524512],[-111.951953,77.344189],[-113.283447,77.813037],[-110.727344,78.096582],[-110.458057,78.103223]]]}},{"type":"Feature","properties":{"scalerank":0,"featurecla":"Land","min_zoom":0.5},"bbox":[-122.902783,75.824756,-115.470215,77.547607],"geometry":{"type":"Polygon","coordinates":[[[-115.55127,77.363281],[-116.329199,77.137061],[-115.946289,76.711279],[-117.233594,76.281543],[-117.992969,76.405811],[-117.880811,76.805078],[-118.993945,76.144873],[-119.580371,76.326514],[-119.912891,75.858838],[-122.902783,76.134717],[-119.090186,77.305078],[-116.008008,77.460645],[-115.55127,77.363281]]]}},{"type":"Feature","properties":{"scalerank":0,"featurecla":"Land","min_zoom":0},"bbox":[-117.600098,74.401904,-105.480908,76.821143],"geometry":{"type":"Polygon","coordinates":[[[-108.292383,76.057129],[-105.481445,75.702246],[-106.092627,75.089453],[-112.519336,74.416846],[-114.376953,74.67085],[-111.033496,75.226758],[-113.711768,75.068604],[-113.46709,75.416113],[-114.016504,75.434277],[-115.728857,74.968115],[-117.600098,75.27168],[-115.141846,75.678516],[-117.163623,75.644873],[-114.991504,75.896338],[-116.664551,75.957568],[-114.778613,76.172607],[-115.831738,76.295801],[-114.998486,76.497461],[-111.052686,75.548535],[-109.086377,75.506494],[-109.870508,75.929053],[-109.430371,76.109131],[-110.309473,76.397412],[-108.831641,76.821143],[-108.123193,76.233447],[-108.386816,76.066553],[-108.292383,76.057129]]]}},{"type":"Feature","properties":{"scalerank":0,"featurecla":"Land","min_zoom":0.5},"bbox":[-95.647998,72.00083,-90.35459,74.17876],"geometry":{"type":"Polygon","coordinates":[[[-93.17085,74.160986],[-90.35459,73.868652],[-92.11792,72.753809],[-94.211328,72.756934],[-93.541602,72.437012],[-95.192969,72.027441],[-95.63291,73.695459],[-93.410303,74.17876],[-93.17085,74.160986]]]}},{"type":"Feature","properties":{"scalerank":0,"featurecla":"Land","min_zoom":1.5},"bbox":[-99.564062,68.46084,-95.267773,69.861621],"geometry":{"type":"Polygon","coordinates":[[[-97.439453,69.642676],[-95.267773,68.826074],[-96.598828,68.46084],[-99.564062,69.034131],[-98.041357,69.456641],[-98.200488,69.796973],[-97.469434,69.666797],[-97.439453,69.642676]]]}},{"type":"Feature","properties":{"scalerank":0,"featurecla":"Land","min_zoom":0},"bbox":[-118.99375,68.4771,-100.905713,73.372656],"geometry":{"type":"Polygon","coordinates":[[[-114.521533,72.59292],[-113.073535,72.995264],[-111.269727,72.713721],[-111.675098,72.300146],[-110.008447,72.983643],[-108.75498,72.551074],[-107.812842,71.626172],[-107.306006,71.894678],[-108.237402,73.149902],[-106.482129,73.196191],[-105.415137,72.78833],[-104.385937,71.576953],[-104.514795,71.064258],[-100.905713,69.811719],[-103.434766,69.667676],[-103.120215,69.20459],[-102.151416,69.487695],[-101.789258,69.181641],[-102.895068,68.823633],[-106.659082,69.4396],[-109.472119,68.676709],[-113.019531,68.481348],[-113.694141,69.19502],[-116.513477,69.424609],[-117.19541,70.054053],[-111.632568,70.308838],[-117.587061,70.629541],[-118.376514,70.967725],[-115.303418,71.493701],[-117.935645,71.39209],[-118.226465,71.46709],[-117.742334,71.659326],[-118.987695,71.764258],[-118.213477,72.262891],[-118.374512,72.533887],[-116.573242,73.054932],[-114.206396,73.297803],[-114.497852,72.625879],[-114.521533,72.59292]]]}},{"type":"Feature","properties":{"scalerank":0,"featurecla":"Land","min_zoom":0},"bbox":[-125.845313,71.087988,-115.392822,74.545117],"geometry":{"type":"Polygon","coordinates":[[[-119.736328,74.112646],[-117.514844,74.231738],[-115.392822,73.501953],[-118.961572,72.684131],[-120.179883,72.212646],[-120.619336,71.505762],[-122.839941,71.097461],[-125.845313,71.978662],[-123.797266,73.768164],[-124.69624,74.348193],[-121.50415,74.545117],[-119.736914,74.129932],[-119.736328,74.112646]]]}},{"type":"Feature","properties":{"scalerank":0,"featurecla":"Land","min_zoom":4},"bbox":[-56.243262,46.752832,-56.137354,46.811084],"geometry":{"type":"Polygon","coordinates":[[[-56.150732,46.762402],[-56.17168,46.752832],[-56.243262,46.767187],[-56.20918,46.798242],[-56.185059,46.807275],[-56.152637,46.811084],[-56.137354,46.801562],[-56.139258,46.778662],[-56.150732,46.762402]]]}},{"type":"Feature","properties":{"scalerank":0,"featurecla":"Land","min_zoom":3},"bbox":[-94.901221,75.748877,-94.296289,75.996436],"geometry":{"type":"Polygon","coordinates":[[[-94.526562,75.749316],[-94.901221,75.930762],[-94.329541,75.765918],[-94.526562,75.749316]]]}},{"type":"Feature","properties":{"scalerank":0,"featurecla":"Land","min_zoom":3},"bbox":[-79.64375,51.944873,-79.270215,52.098145],"geometry":{"type":"Polygon","coordinates":[[[-79.384277,51.951953],[-79.425586,51.944873],[-79.520605,51.95293],[-79.596875,51.978027],[-79.64375,52.010059],[-79.334863,52.098145],[-79.271289,52.086816],[-79.270215,52.071094],[-79.316602,52.023926],[-79.328955,51.992285],[-79.351514,51.968311],[-79.384277,51.951953]]]}},{"type":"Feature","properties":{"scalerank":0,"featurecla":"Land","min_zoom":3},"bbox":[-78.913818,56.131445,-78.657178,56.439209],"geometry":{"type":"Polygon","coordinates":[[[-78.826514,56.145312],[-78.877295,56.131445],[-78.913818,56.132812],[-78.907031,56.166357],[-78.856885,56.23208],[-78.828418,56.289844],[-78.821582,56.339648],[-78.799414,56.383301],[-78.761865,56.420703],[-78.724512,56.439209],[-78.66875,56.438623],[-78.657178,56.317383],[-78.672803,56.260498],[-78.710156,56.212891],[-78.761377,56.174512],[-78.826514,56.145312]]]}},{"type":"Feature","properties":{"scalerank":0,"featurecla":"Land","min_zoom":2},"bbox":[-80.008252,55.806787,-78.906641,56.600439],"geometry":{"type":"Polygon","coordinates":[[[-78.935596,56.266064],[-79.175488,55.885059],[-79.182129,56.212158],[-80.008252,55.911035],[-79.458887,56.539746],[-79.536328,56.180078],[-79.272412,56.600439],[-78.906641,56.32041],[-78.935596,56.266064]]]}},{"type":"Feature","properties":{"scalerank":0,"featurecla":"Land","min_zoom":4},"bbox":[-79.945703,56.757129,-79.82666,56.865283],"geometry":{"type":"Polygon","coordinates":[[[-79.866992,56.774561],[-79.894482,56.757129],[-79.943652,56.776758],[-79.945703,56.826904],[-79.898145,56.865283],[-79.860547,56.863525],[-79.82666,56.843115],[-79.83501,56.816016],[-79.866992,56.774561]]]}},{"type":"Feature","properties":{"scalerank":0,"featurecla":"Land","min_zoom":4},"bbox":[-79.838232,57.442432,-79.713477,57.607959],"geometry":{"type":"Polygon","coordinates":[[[-79.716504,57.515527],[-79.732227,57.50752],[-79.775195,57.514453],[-79.792041,57.448584],[-79.808447,57.442432],[-79.838232,57.483008],[-79.815918,57.517725],[-79.819141,57.541602],[-79.81084,57.559277],[-79.767871,57.59873],[-79.742578,57.607959],[-79.726709,57.60459],[-79.713477,57.555029],[-79.716504,57.515527]]]}},{"type":"Feature","properties":{"scalerank":0,"featurecla":"Land","min_zoom":3},"bbox":[-80.088867,56.199414,-79.579736,56.466357],"geometry":{"type":"Polygon","coordinates":[[[-79.977588,56.207031],[-80.028613,56.199414],[-80.088867,56.213867],[-80.057471,56.287354],[-80.005078,56.31792],[-79.874463,56.348437],[-79.852148,56.367188],[-79.8104,56.376514],[-79.74917,56.376514],[-79.681006,56.403955],[-79.605859,56.458838],[-79.579736,56.466357],[-79.632568,56.386523],[-79.687939,56.326807],[-79.977588,56.207031]]]}},{"type":"Feature","properties":{"scalerank":0,"featurecla":"Land","min_zoom":4},"bbox":[-80.324658,59.621045,-80.167236,59.724609],"geometry":{"type":"Polygon","coordinates":[[[-80.285254,59.624121],[-80.317236,59.621045],[-80.324658,59.633203],[-80.298975,59.67417],[-80.256641,59.67915],[-80.209961,59.724609],[-80.167236,59.708887],[-80.183057,59.683496],[-80.240527,59.644922],[-80.285254,59.624121]]]}},{"type":"Feature","properties":{"scalerank":0,"featurecla":"Land","min_zoom":4},"bbox":[-80.074023,53.274268,-79.938232,53.364453],"geometry":{"type":"Polygon","coordinates":[[[-79.938232,53.30415],[-79.939307,53.274268],[-80.004102,53.280078],[-80.039355,53.297168],[-80.067871,53.324072],[-80.074023,53.344287],[-80.049707,53.364453],[-79.974561,53.352246],[-79.938232,53.30415]]]}},{"type":"Feature","properties":{"scalerank":0,"featurecla":"Land","min_zoom":3},"bbox":[-80.16709,59.763867,-79.898633,59.876953],"geometry":{"type":"Polygon","coordinates":[[[-80.064209,59.770801],[-80.16709,59.763867],[-80.122217,59.823193],[-80.083643,59.851855],[-80.041162,59.870166],[-79.955859,59.876953],[-79.898633,59.853125],[-79.949609,59.809912],[-80.064209,59.770801]]]}},{"type":"Feature","properties":{"scalerank":0,"featurecla":"Land","min_zoom":4},"bbox":[-79.583545,56.643848,-79.482178,56.79873],"geometry":{"type":"Polygon","coordinates":[[[-79.518164,56.656689],[-79.553467,56.643848],[-79.577393,56.644922],[-79.550732,56.733496],[-79.581738,56.764844],[-79.583545,56.780957],[-79.570117,56.795703],[-79.552881,56.79873],[-79.51123,56.771436],[-79.491064,56.742676],[-79.482178,56.714404],[-79.48457,56.686523],[-79.496533,56.667285],[-79.518164,56.656689]]]}},{"type":"Feature","properties":{"scalerank":0,"featurecla":"Land","min_zoom":3},"bbox":[-97.097656,72.926709,-96.598486,73.188818],"geometry":{"type":"Polygon","coordinates":[[[-96.782324,72.936621],[-97.069238,73.130176],[-96.709229,72.946973],[-96.782324,72.936621]]]}},{"type":"Feature","properties":{"scalerank":0,"featurecla":"Land","min_zoom":3},"bbox":[-97.75,74.465674,-97.291309,74.626563],"geometry":{"type":"Polygon","coordinates":[[[-97.355518,74.526318],[-97.75,74.510547],[-97.303857,74.559668],[-97.355518,74.526318]]]}},{"type":"Feature","properties":{"scalerank":0,"featurecla":"Land","min_zoom":2},"bbox":[-99.416992,73.812061,-97.659131,74.114648],"geometry":{"type":"Polygon","coordinates":[[[-98.270361,73.868506],[-99.416992,73.89541],[-97.659131,74.071631],[-98.146973,73.888818],[-98.270361,73.868506]]]}},{"type":"Feature","properties":{"scalerank":0,"featurecla":"Land","min_zoom":3},"bbox":[-90.492041,69.252197,-90.177393,69.436035],"geometry":{"type":"Polygon","coordinates":[[[-90.199805,69.419092],[-90.177393,69.35708],[-90.267285,69.2729],[-90.295459,69.257812],[-90.330273,69.252197],[-90.364062,69.262598],[-90.464697,69.328711],[-90.492041,69.369873],[-90.455127,69.390479],[-90.377246,69.416211],[-90.32207,69.428711],[-90.252832,69.41792],[-90.228564,69.436035],[-90.199805,69.419092]]]}},{"type":"Feature","properties":{"scalerank":0,"featurecla":"Land","min_zoom":3},"bbox":[-90.771582,69.209424,-90.485352,69.37417],"geometry":{"type":"Polygon","coordinates":[[[-90.492578,69.221094],[-90.765674,69.335986],[-90.485352,69.246631],[-90.492578,69.221094]]]}},{"type":"Feature","properties":{"scalerank":0,"featurecla":"Land","min_zoom":3},"bbox":[-74.626465,62.609668,-73.988184,62.733301],"geometry":{"type":"Polygon","coordinates":[[[-74.000439,62.618408],[-74.626465,62.712744],[-73.988184,62.636084],[-74.000439,62.618408]]]}},{"type":"Feature","properties":{"scalerank":0,"featurecla":"Land","min_zoom":3},"bbox":[-75.403418,68.342236,-74.798242,68.696094],"geometry":{"type":"Polygon","coordinates":[[[-74.880859,68.348682],[-75.396191,68.588818],[-74.844971,68.365967],[-74.880859,68.348682]]]}},{"type":"Feature","properties":{"scalerank":0,"featurecla":"Land","min_zoom":3},"bbox":[-78.669092,60.716895,-78.241699,60.818652],"geometry":{"type":"Polygon","coordinates":[[[-78.531641,60.728564],[-78.668896,60.716895],[-78.669092,60.731348],[-78.612012,60.772314],[-78.399561,60.808105],[-78.241699,60.818652],[-78.278857,60.783887],[-78.372461,60.756396],[-78.531641,60.728564]]]}},{"type":"Feature","properties":{"scalerank":0,"featurecla":"Land","min_zoom":3},"bbox":[-79.174756,68.181787,-78.828516,68.353027],"geometry":{"type":"Polygon","coordinates":[[[-78.982715,68.192822],[-79.064062,68.181787],[-79.174023,68.234961],[-79.174756,68.264453],[-79.153467,68.335254],[-78.952588,68.353027],[-78.868701,68.310303],[-78.828516,68.268164],[-78.982715,68.192822]]]}},{"type":"Feature","properties":{"scalerank":0,"featurecla":"Land","min_zoom":2},"bbox":[-77.364746,63.384033,-76.652441,63.682031],"geometry":{"type":"Polygon","coordinates":[[[-76.677588,63.393945],[-77.364746,63.58833],[-76.652441,63.503564],[-76.677588,63.393945]]]}},{"type":"Feature","properties":{"scalerank":0,"featurecla":"Land","min_zoom":3},"bbox":[-64.956494,62.383594,-64.418066,62.55874],"geometry":{"type":"Polygon","coordinates":[[[-64.823828,62.55874],[-64.418066,62.487402],[-64.848779,62.543311],[-64.823828,62.55874]]]}},{"type":"Feature","properties":{"scalerank":0,"featurecla":"Land","min_zoom":3},"bbox":[-62.871631,67.028809,-62.396338,67.190039],"geometry":{"type":"Polygon","coordinates":[[[-62.681543,67.056299],[-62.80542,67.028809],[-62.871631,67.062598],[-62.825098,67.072119],[-62.756982,67.112549],[-62.664404,67.148242],[-62.625293,67.176953],[-62.469727,67.190039],[-62.416797,67.188477],[-62.396338,67.17832],[-62.484619,67.134229],[-62.681543,67.056299]]]}},{"type":"Feature","properties":{"scalerank":0,"featurecla":"Land","min_zoom":2},"bbox":[-68.367871,60.23291,-67.818848,60.587842],"geometry":{"type":"Polygon","coordinates":[[[-68.233789,60.240918],[-68.087598,60.587842],[-68.012305,60.304639],[-68.233789,60.240918]]]}},{"type":"Feature","properties":{"scalerank":0,"featurecla":"Land","min_zoom":2},"bbox":[-71.220117,62.544824,-70.268848,62.877979],"geometry":{"type":"Polygon","coordinates":[[[-70.337061,62.54873],[-71.220117,62.873926],[-70.288574,62.561572],[-70.337061,62.54873]]]}},{"type":"Feature","properties":{"scalerank":0,"featurecla":"Land","min_zoom":2},"bbox":[-65.432129,61.354443,-64.66958,61.685693],"geometry":{"type":"Polygon","coordinates":[[[-64.832617,61.366064],[-65.432129,61.649512],[-64.787598,61.413281],[-64.832617,61.366064]]]}},{"type":"Feature","properties":{"scalerank":0,"featurecla":"Land","min_zoom":3},"bbox":[-68.221387,69.534863,-67.75459,69.681836],"geometry":{"type":"Polygon","coordinates":[[[-67.914697,69.540967],[-68.221387,69.616748],[-67.844922,69.591748],[-67.914697,69.540967]]]}},{"type":"Feature","properties":{"scalerank":0,"featurecla":"Land","min_zoom":2},"bbox":[-80.794775,69.509668,-79.36499,69.810498],"geometry":{"type":"Polygon","coordinates":[[[-79.430664,69.787793],[-80.794775,69.689258],[-79.593994,69.810498],[-79.430664,69.787793]]]}},{"type":"Feature","properties":{"scalerank":0,"featurecla":"Land","min_zoom":3},"bbox":[-78.848193,69.479736,-77.969141,69.739502],"geometry":{"type":"Polygon","coordinates":[[[-78.029102,69.714893],[-78.848193,69.482812],[-78.145215,69.739209],[-78.029102,69.714893]]]}},{"type":"Feature","properties":{"scalerank":0,"featurecla":"Land","min_zoom":3},"bbox":[-77.965967,63.945703,-77.563623,64.037207],"geometry":{"type":"Polygon","coordinates":[[[-77.64209,63.991895],[-77.965967,63.99292],[-77.563623,64.02207],[-77.64209,63.991895]]]}},{"type":"Feature","properties":{"scalerank":0,"featurecla":"Land","min_zoom":4},"bbox":[-83.237842,66.199268,-82.931348,66.336475],"geometry":{"type":"Polygon","coordinates":[[[-83.123486,66.282813],[-83.023877,66.270654],[-82.948145,66.271924],[-82.931348,66.257324],[-83.01084,66.208447],[-83.059863,66.199268],[-83.1479,66.234229],[-83.213916,66.277051],[-83.232568,66.302979],[-83.237842,66.331543],[-83.222266,66.336475],[-83.123486,66.282813]]]}},{"type":"Feature","properties":{"scalerank":0,"featurecla":"Land","min_zoom":2},"bbox":[-79.405762,68.838721,-78.228955,69.389502],"geometry":{"type":"Polygon","coordinates":[[[-79.210645,68.845459],[-78.234082,69.3146],[-79.053613,68.88291],[-79.210645,68.845459]]]}},{"type":"Feature","properties":{"scalerank":0,"featurecla":"Land","min_zoom":2},"bbox":[-77.379395,69.132129,-76.668848,69.440088],"geometry":{"type":"Polygon","coordinates":[[[-76.995361,69.14375],[-77.340918,69.403857],[-76.668848,69.366162],[-76.91123,69.174658],[-76.995361,69.14375]]]}},{"type":"Feature","properties":{"scalerank":0,"featurecla":"Land","min_zoom":3},"bbox":[-65.235352,61.73252,-64.845508,61.943213],"geometry":{"type":"Polygon","coordinates":[[[-65.030566,61.879053],[-65.008057,61.870264],[-64.981055,61.880615],[-64.960547,61.87168],[-64.94668,61.843359],[-64.923535,61.82373],[-64.865137,61.798145],[-64.845508,61.779883],[-64.84707,61.761523],[-64.896582,61.733301],[-64.927734,61.73252],[-65.165918,61.797656],[-65.230273,61.864014],[-65.235352,61.897705],[-65.210547,61.928369],[-65.173926,61.943213],[-65.125635,61.942236],[-65.068359,61.926025],[-65.030566,61.879053]]]}},{"type":"Feature","properties":{"scalerank":0,"featurecla":"Land","min_zoom":3},"bbox":[-87.323242,69.976318,-86.515234,70.14668],"geometry":{"type":"Polygon","coordinates":[[[-86.913037,70.113232],[-86.515234,70.017041],[-87.107275,70.14668],[-86.913037,70.113232]]]}},{"type":"Feature","properties":{"scalerank":0,"featurecla":"Land","min_zoom":2},"bbox":[-84.467383,65.62998,-83.23374,66.131006],"geometry":{"type":"Polygon","coordinates":[[[-83.725977,65.796729],[-83.233936,65.696582],[-84.467383,66.088281],[-83.765137,65.831152],[-83.725977,65.796729]]]}},{"type":"Feature","properties":{"scalerank":0,"featurecla":"Land","min_zoom":2},"bbox":[-86.959814,67.734863,-86.382422,68.305615],"geometry":{"type":"Polygon","coordinates":[[[-86.595557,67.735938],[-86.959814,68.100244],[-86.7021,68.305615],[-86.546045,67.752197],[-86.595557,67.735938]]]}},{"type":"Feature","properties":{"scalerank":0,"featurecla":"Land","min_zoom":2},"bbox":[-85.175684,65.563721,-84.602246,66.025488],"geometry":{"type":"Polygon","coordinates":[[[-84.674756,65.575],[-85.149609,66.015381],[-84.62627,65.604053],[-84.674756,65.575]]]}},{"type":"Feature","properties":{"scalerank":0,"featurecla":"Land","min_zoom":4},"bbox":[-93.19668,61.841699,-92.993018,61.93501],"geometry":{"type":"Polygon","coordinates":[[[-93.043945,61.844092],[-93.084814,61.841699],[-93.176562,61.892725],[-93.19668,61.918555],[-93.075781,61.93501],[-92.993018,61.889697],[-92.999951,61.86748],[-93.043945,61.844092]]]}},{"type":"Feature","properties":{"scalerank":0,"featurecla":"Land","min_zoom":2},"bbox":[-104.406055,75.763428,-102.008008,76.311475],"geometry":{"type":"Polygon","coordinates":[[[-102.227344,76.014893],[-103.314746,75.764209],[-103.041504,75.918848],[-104.406055,76.108496],[-102.425684,76.086426],[-102.227344,76.014893]]]}},{"type":"Feature","properties":{"scalerank":0,"featurecla":"Land","min_zoom":3},"bbox":[-101.613086,76.575,-100.269141,76.75249],"geometry":{"type":"Polygon","coordinates":[[[-101.226123,76.579346],[-101.613086,76.60459],[-100.269141,76.734131],[-100.746582,76.64917],[-101.226123,76.579346]]]}},{"type":"Feature","properties":{"scalerank":0,"featurecla":"Land","min_zoom":2},"bbox":[-104.603027,76.32627,-103.033545,76.666113],"geometry":{"type":"Polygon","coordinates":[[[-104.022852,76.583105],[-103.033545,76.431494],[-104.603027,76.582715],[-103.969189,76.61416],[-104.022852,76.583105]]]}},{"type":"Feature","properties":{"scalerank":0,"featurecla":"Land","min_zoom":3},"bbox":[-103.273584,78.126367,-102.788281,78.27124],"geometry":{"type":"Polygon","coordinates":[[[-103.003369,78.146436],[-103.118213,78.126367],[-103.252246,78.138135],[-103.270996,78.150635],[-103.273584,78.165771],[-103.260059,78.183496],[-103.110449,78.24585],[-102.973291,78.267236],[-102.891797,78.27124],[-102.825537,78.250049],[-102.788281,78.218164],[-103.003369,78.146436]]]}},{"type":"Feature","properties":{"scalerank":0,"featurecla":"Land","min_zoom":3},"bbox":[-102.475049,77.687354,-101.002051,77.899609],"geometry":{"type":"Polygon","coordinates":[[[-101.693555,77.696582],[-102.471533,77.873486],[-101.002051,77.735107],[-101.58457,77.718311],[-101.693555,77.696582]]]}},{"type":"Feature","properties":{"scalerank":0,"featurecla":"Land","min_zoom":3},"bbox":[-90.5625,76.487549,-89.694434,76.836963],"geometry":{"type":"Polygon","coordinates":[[[-89.726465,76.507422],[-90.5625,76.754297],[-89.726367,76.520801],[-89.726465,76.507422]]]}},{"type":"Feature","properties":{"scalerank":0,"featurecla":"Land","min_zoom":3},"bbox":[-97.020654,75.369141,-95.959863,75.654639],"geometry":{"type":"Polygon","coordinates":[[[-96.078564,75.510107],[-97.020654,75.468066],[-95.968604,75.541846],[-96.078564,75.510107]]]}},{"type":"Feature","properties":{"scalerank":0,"featurecla":"Land","min_zoom":3},"bbox":[-95.850732,74.500391,-95.274463,74.636914],"geometry":{"type":"Polygon","coordinates":[[[-95.306641,74.50542],[-95.850732,74.582471],[-95.274463,74.519189],[-95.306641,74.50542]]]}},{"type":"Feature","properties":{"scalerank":0,"featurecla":"Land","min_zoom":2},"bbox":[-115.029346,77.720703,-113.61792,78.077539],"geometry":{"type":"Polygon","coordinates":[[[-113.832471,77.754639],[-115.029346,77.967529],[-113.72583,77.775781],[-113.832471,77.754639]]]}},{"type":"Feature","properties":{"scalerank":0,"featurecla":"Land","min_zoom":4},"bbox":[-121.240918,75.740625,-120.878711,75.9375],"geometry":{"type":"Polygon","coordinates":[[[-121.076221,75.745264],[-121.154297,75.740625],[-121.240918,75.751855],[-121.221094,75.77749],[-121.026318,75.84751],[-121.01543,75.867529],[-121.018066,75.883838],[-121.042285,75.902979],[-120.993018,75.927441],[-120.913965,75.9375],[-120.887793,75.927979],[-120.878711,75.906689],[-120.896875,75.844531],[-120.92124,75.814453],[-120.954932,75.78877],[-121.006641,75.765723],[-121.076221,75.745264]]]}},{"type":"Feature","properties":{"scalerank":0,"featurecla":"Land","min_zoom":3},"bbox":[-114.835254,76.710547,-113.487598,76.894873],"geometry":{"type":"Polygon","coordinates":[[[-113.560693,76.743262],[-114.835254,76.794678],[-113.487598,76.783252],[-113.560693,76.743262]]]}},{"type":"Feature","properties":{"scalerank":0,"featurecla":"Land","min_zoom":2},"bbox":[-104.887402,75.030957,-103.642139,75.429932],"geometry":{"type":"Polygon","coordinates":[[[-104.119922,75.036328],[-104.887402,75.147754],[-104.074658,75.424512],[-103.813916,75.079736],[-104.119922,75.036328]]]}},{"type":"Feature","properties":{"scalerank":0,"featurecla":"Land","min_zoom":0},"bbox":[-59.362402,46.628271,-52.653662,51.596387],"geometry":{"type":"Polygon","coordinates":[[[-55.45874,51.536523],[-56.031104,51.328369],[-55.8,51.033301],[-56.822168,49.613477],[-56.179395,50.11499],[-55.50293,49.983154],[-56.140186,49.619141],[-55.229541,49.508154],[-55.353174,49.079443],[-54.502197,49.527344],[-53.619434,49.321631],[-54.114453,48.393604],[-53.027588,48.634717],[-53.86958,48.019678],[-53.672363,47.648242],[-52.866016,48.112988],[-53.169824,47.512109],[-52.653662,47.549414],[-53.069775,46.68125],[-53.589795,46.638867],[-53.597363,47.145996],[-54.17373,46.880371],[-53.849512,47.440332],[-54.191846,47.859814],[-55.788525,46.867236],[-54.784619,47.664746],[-59.259766,47.63418],[-58.330225,48.522119],[-59.167676,48.558496],[-57.990527,48.987939],[-58.213379,49.38667],[-57.791309,49.48999],[-57.035937,51.01084],[-55.453223,51.562305],[-55.45874,51.536523]]]}},{"type":"Feature","properties":{"scalerank":0,"featurecla":"Land","min_zoom":4},"bbox":[-55.633887,50.708691,-55.469287,50.801221],"geometry":{"type":"Polygon","coordinates":[[[-55.536133,50.719678],[-55.569678,50.708691],[-55.600781,50.709033],[-55.629346,50.720801],[-55.633887,50.740186],[-55.604492,50.780713],[-55.527197,50.801221],[-55.469287,50.796387],[-55.472754,50.775928],[-55.503809,50.742139],[-55.536133,50.719678]]]}},{"type":"Feature","properties":{"scalerank":0,"featurecla":"Land","min_zoom":3},"bbox":[-54.863574,49.496143,-54.537695,49.631494],"geometry":{"type":"Polygon","coordinates":[[[-54.554395,49.588867],[-54.863574,49.576074],[-54.537695,49.619971],[-54.554395,49.588867]]]}},{"type":"Feature","properties":{"scalerank":0,"featurecla":"Land","min_zoom":4},"bbox":[-55.419629,51.888818,-55.274072,51.995166],"geometry":{"type":"Polygon","coordinates":[[[-55.36123,51.889648],[-55.408887,51.888818],[-55.419629,51.900049],[-55.399805,51.938477],[-55.346484,51.982861],[-55.274072,51.995166],[-55.293555,51.92998],[-55.36123,51.889648]]]}},{"type":"Feature","properties":{"scalerank":0,"featurecla":"Land","min_zoom":3},"bbox":[-54.28877,49.587012,-53.980664,49.751172],"geometry":{"type":"Polygon","coordinates":[[[-54.093701,49.744434],[-54.019922,49.679492],[-53.980664,49.661963],[-54.238379,49.59165],[-54.269238,49.587012],[-54.286133,49.595361],[-54.28877,49.66084],[-54.277637,49.711475],[-54.258984,49.718994],[-54.199365,49.688525],[-54.137695,49.751172],[-54.093701,49.744434]]]}},{"type":"Feature","properties":{"scalerank":0,"featurecla":"Land","min_zoom":3},"bbox":[-56.386914,46.795312,-56.255469,47.098975],"geometry":{"type":"Polygon","coordinates":[[[-56.26709,46.838477],[-56.354199,46.795312],[-56.384766,46.819434],[-56.377246,46.847656],[-56.332568,46.915967],[-56.333936,46.935645],[-56.386914,47.067969],[-56.37793,47.089551],[-56.364648,47.098975],[-56.287354,47.070996],[-56.278369,47.03501],[-56.314893,46.953857],[-56.289795,46.899902],[-56.255469,46.860986],[-56.26709,46.838477]]]}},{"type":"Feature","properties":{"scalerank":0,"featurecla":"Land","min_zoom":3},"bbox":[-54.325977,47.406543,-54.128174,47.646826],"geometry":{"type":"Polygon","coordinates":[[[-54.227148,47.441357],[-54.276074,47.406543],[-54.325977,47.408105],[-54.320117,47.438525],[-54.258691,47.497656],[-54.227393,47.53999],[-54.22627,47.565527],[-54.214941,47.585107],[-54.168359,47.60708],[-54.128174,47.646826],[-54.147559,47.573096],[-54.227148,47.441357]]]}},{"type":"Feature","properties":{"scalerank":0,"featurecla":"Land","min_zoom":3},"bbox":[-100.625391,68.723828,-100.178467,69.035059],"geometry":{"type":"Polygon","coordinates":[[[-100.217236,68.806689],[-100.611572,68.990186],[-100.178467,68.903906],[-100.217236,68.806689]]]}},{"type":"Feature","properties":{"scalerank":0,"featurecla":"Land","min_zoom":3},"bbox":[-100.247363,68.954004,-99.994678,69.129492],"geometry":{"type":"Polygon","coordinates":[[[-99.994678,69.013525],[-100.018018,68.954004],[-100.141309,68.969922],[-100.195703,68.991455],[-100.241992,69.040381],[-100.247363,69.052783],[-100.237061,69.071484],[-100.186963,69.114014],[-100.153125,69.129492],[-100.072803,69.111475],[-100.035352,69.086572],[-100.005615,69.047119],[-99.994678,69.013525]]]}},{"type":"Feature","properties":{"scalerank":0,"featurecla":"Land","min_zoom":3},"bbox":[-100.67832,70.487695,-100.276123,70.670312],"geometry":{"type":"Polygon","coordinates":[[[-100.30835,70.495801],[-100.67832,70.646191],[-100.305518,70.508398],[-100.30835,70.495801]]]}},{"type":"Feature","properties":{"scalerank":0,"featurecla":"Land","min_zoom":3},"bbox":[-95.994775,69.335693,-95.380908,69.625732],"geometry":{"type":"Polygon","coordinates":[[[-95.513672,69.573633],[-95.985937,69.391895],[-95.60249,69.601807],[-95.513672,69.573633]]]}},{"type":"Feature","properties":{"scalerank":0,"featurecla":"Land","min_zoom":3},"bbox":[-101.356494,69.388477,-101.000635,69.576074],"geometry":{"type":"Polygon","coordinates":[[[-101.171729,69.39707],[-101.253516,69.388477],[-101.268506,69.390576],[-101.261523,69.417822],[-101.267627,69.431494],[-101.289502,69.44126],[-101.217773,69.462939],[-101.207324,69.479834],[-101.230127,69.492822],[-101.328467,69.517432],[-101.356494,69.539697],[-101.351318,69.559229],[-101.312891,69.576074],[-101.244873,69.573535],[-101.09834,69.540771],[-101.031152,69.495459],[-101.000635,69.461914],[-101.04917,69.456934],[-101.086865,69.443359],[-101.126953,69.414697],[-101.171729,69.39707]]]}},{"type":"Feature","properties":{"scalerank":0,"featurecla":"Land","min_zoom":3},"bbox":[-102.308154,68.584961,-101.721631,68.825391],"geometry":{"type":"Polygon","coordinates":[[[-101.845898,68.586328],[-102.308154,68.681982],[-101.794287,68.636865],[-101.845898,68.586328]]]}},{"type":"Feature","properties":{"scalerank":0,"featurecla":"Land","min_zoom":3},"bbox":[-105.051367,68.402197,-104.440479,68.581787],"geometry":{"type":"Polygon","coordinates":[[[-104.540674,68.405908],[-105.051367,68.559033],[-104.457129,68.431152],[-104.540674,68.405908]]]}},{"type":"Feature","properties":{"scalerank":0,"featurecla":"Land","min_zoom":3},"bbox":[-108.152246,67.318213,-107.890967,67.664893],"geometry":{"type":"Polygon","coordinates":[[[-107.899854,67.401807],[-108.127539,67.628564],[-107.890967,67.437207],[-107.899854,67.401807]]]}},{"type":"Feature","properties":{"scalerank":0,"featurecla":"Land","min_zoom":4},"bbox":[-109.183594,67.878809,-108.886035,67.982373],"geometry":{"type":"Polygon","coordinates":[[[-109.166406,67.982373],[-108.886035,67.898535],[-109.183594,67.975],[-109.166406,67.982373]]]}},{"type":"Feature","properties":{"scalerank":0,"featurecla":"Land","min_zoom":3},"bbox":[-108.092725,66.857812,-107.805518,67.005176],"geometry":{"type":"Polygon","coordinates":[[[-108.092725,67.005176],[-107.966455,66.997266],[-107.805518,66.998584],[-107.83335,66.921338],[-107.895166,66.871875],[-107.943945,66.857812],[-107.965137,66.884863],[-108.059717,66.946875],[-108.092725,67.005176]]]}},{"type":"Feature","properties":{"scalerank":0,"featurecla":"Land","min_zoom":4},"bbox":[-109.497949,67.987598,-109.323145,68.097998],"geometry":{"type":"Polygon","coordinates":[[[-109.323145,67.990869],[-109.36084,67.987598],[-109.497949,68.047021],[-109.469141,68.097998],[-109.341699,68.04585],[-109.323535,68.01333],[-109.323145,67.990869]]]}},{"type":"Feature","properties":{"scalerank":0,"featurecla":"Land","min_zoom":3},"bbox":[-61.19585,56.015137,-60.955371,56.14082],"geometry":{"type":"Polygon","coordinates":[[[-60.994482,56.039307],[-60.982715,56.015137],[-61.137012,56.032568],[-61.191309,56.047852],[-61.19585,56.063916],[-61.188184,56.088965],[-61.157568,56.118359],[-61.086914,56.14082],[-61.048535,56.129248],[-60.966406,56.098828],[-60.955371,56.08042],[-60.994482,56.039307]]]}},{"type":"Feature","properties":{"scalerank":0,"featurecla":"Land","min_zoom":3},"bbox":[-62.01123,57.416064,-61.6375,57.579346],"geometry":{"type":"Polygon","coordinates":[[[-61.743604,57.55459],[-61.659521,57.524951],[-61.6375,57.416064],[-61.795264,57.422461],[-61.975488,57.49541],[-62.01123,57.548486],[-62.007227,57.557617],[-61.983301,57.566748],[-61.9375,57.554102],[-61.893066,57.573145],[-61.84834,57.579346],[-61.743604,57.55459]]]}},{"type":"Feature","properties":{"scalerank":0,"featurecla":"Land","min_zoom":3},"bbox":[-69.352832,58.960742,-69.155176,59.146143],"geometry":{"type":"Polygon","coordinates":[[[-69.160059,59.040234],[-69.22085,58.967578],[-69.301709,58.976611],[-69.330811,58.961621],[-69.352832,58.960742],[-69.316309,59.028955],[-69.311523,59.074805],[-69.32998,59.12124],[-69.303223,59.144873],[-69.195166,59.146143],[-69.193799,59.092773],[-69.180664,59.072705],[-69.155176,59.063574],[-69.160059,59.040234]]]}},{"type":"Feature","properties":{"scalerank":0,"featurecla":"Land","min_zoom":3},"bbox":[22.077148,60.165576,22.415527,60.370752],"geometry":{"type":"Polygon","coordinates":[[[22.175098,60.370752],[22.301758,60.347559],[22.35498,60.355859],[22.415527,60.303369],[22.312891,60.269971],[22.305762,60.228564],[22.346289,60.202832],[22.360547,60.165576],[22.258301,60.165625],[22.209375,60.196973],[22.188086,60.236768],[22.140527,60.264893],[22.077148,60.286328],[22.108203,60.314893],[22.125879,60.355859],[22.175098,60.370752]]]}},{"type":"Feature","properties":{"scalerank":0,"featurecla":"Land","min_zoom":3},"bbox":[21.214551,60.479785,21.450879,60.638281],"geometry":{"type":"Polygon","coordinates":[[[21.450879,60.52959],[21.436914,60.483057],[21.369043,60.488232],[21.3,60.479785],[21.244336,60.525977],[21.214551,60.603857],[21.224707,60.620605],[21.268066,60.638281],[21.30127,60.595557],[21.450879,60.52959]]]}},{"type":"Feature","properties":{"scalerank":0,"featurecla":"Land","min_zoom":4},"bbox":[21.69502,60.106152,21.864355,60.201807],"geometry":{"type":"Polygon","coordinates":[[[21.833203,60.140527],[21.733105,60.106152],[21.69502,60.114355],[21.704785,60.172314],[21.764258,60.198828],[21.864355,60.201807],[21.833203,60.140527]]]}},{"type":"Feature","properties":{"scalerank":0,"featurecla":"Land","min_zoom":3},"bbox":[-64.836426,60.297852,-64.407031,60.5146],"geometry":{"type":"Polygon","coordinates":[[[-64.407031,60.36709],[-64.836426,60.501025],[-64.499805,60.430225],[-64.407031,60.36709]]]}},{"type":"Feature","properties":{"scalerank":0,"featurecla":"Land","min_zoom":3},"bbox":[126.00752,34.706982,126.171973,34.914844],"geometry":{"type":"Polygon","coordinates":[[[126.171973,34.731152],[126.158789,34.706982],[126.115234,34.714209],[126.070605,34.783057],[126.052051,34.837549],[126.00752,34.86748],[126.078418,34.914844],[126.168555,34.829687],[126.171973,34.731152]]]}},{"type":"Feature","properties":{"scalerank":0,"featurecla":"Land","min_zoom":3},"bbox":[72.349707,-7.435352,72.498535,-7.22041],"geometry":{"type":"Polygon","coordinates":[[[72.491992,-7.377441],[72.46875,-7.417188],[72.429102,-7.435352],[72.407617,-7.334473],[72.349707,-7.263379],[72.372852,-7.263379],[72.427441,-7.299805],[72.447266,-7.395703],[72.467188,-7.367578],[72.462207,-7.337793],[72.47373,-7.309668],[72.46543,-7.278223],[72.435742,-7.230273],[72.445605,-7.22041],[72.493555,-7.261719],[72.498535,-7.294824],[72.491992,-7.377441]]]}},{"type":"Feature","properties":{"scalerank":0,"featurecla":"Land","min_zoom":4},"bbox":[-139.631787,-8.947949,-139.50835,-8.860059],"geometry":{"type":"Polygon","coordinates":[[[-139.556201,-8.940234],[-139.620996,-8.947949],[-139.631787,-8.898535],[-139.611768,-8.872363],[-139.583984,-8.860059],[-139.53457,-8.875391],[-139.50835,-8.89707],[-139.509912,-8.915625],[-139.556201,-8.940234]]]}},{"type":"Feature","properties":{"scalerank":0,"featurecla":"Land","min_zoom":3},"bbox":[157.453516,-8.794043,157.64541,-8.69707],"geometry":{"type":"Polygon","coordinates":[[[157.64541,-8.758887],[157.643164,-8.794043],[157.58584,-8.783105],[157.45791,-8.730176],[157.453516,-8.705957],[157.526367,-8.69707],[157.579297,-8.703711],[157.623242,-8.73457],[157.64541,-8.758887]]]}},{"type":"Feature","properties":{"scalerank":0,"featurecla":"Land","min_zoom":4},"bbox":[20.397949,60.01167,20.611328,60.074902],"geometry":{"type":"Polygon","coordinates":[[[20.611328,60.040674],[20.603418,60.016943],[20.521777,60.01167],[20.4875,60.032764],[20.41123,60.030127],[20.397949,60.040674],[20.42959,60.061719],[20.490137,60.074902],[20.569141,60.069629],[20.611328,60.040674]]]}},{"type":"Feature","properties":{"scalerank":0,"featurecla":"Land","min_zoom":4},"bbox":[21.486035,60.0979,21.648145,60.172314],"geometry":{"type":"Polygon","coordinates":[[[21.62832,60.107812],[21.540625,60.0979],[21.486035,60.126807],[21.506738,60.14834],[21.567969,60.172314],[21.634082,60.168994],[21.648145,60.140869],[21.62832,60.107812]]]}},{"type":"Feature","properties":{"scalerank":0,"featurecla":"Land","min_zoom":3},"bbox":[24.576563,64.957813,24.997559,65.086426],"geometry":{"type":"Polygon","coordinates":[[[24.848242,64.991016],[24.698926,64.957813],[24.578613,64.978564],[24.576563,65.042871],[24.651172,65.073975],[24.786035,65.086426],[24.970605,65.055322],[24.997559,65.038721],[24.891797,65.02627],[24.848242,64.991016]]]}},{"type":"Feature","properties":{"scalerank":0,"featurecla":"Land","min_zoom":3},"bbox":[29.744238,69.767529,30.055176,69.905566],"geometry":{"type":"Polygon","coordinates":[[[29.956152,69.796777],[29.766211,69.767529],[29.744238,69.791602],[29.785938,69.829053],[29.83584,69.905566],[29.913965,69.902441],[29.992969,69.873242],[30.055176,69.838379],[29.956152,69.796777]]]}},{"type":"Feature","properties":{"scalerank":0,"featurecla":"Land","min_zoom":4},"bbox":[4.799023,61.071924,4.973242,61.199365],"geometry":{"type":"Polygon","coordinates":[[[4.958691,61.08457],[4.870117,61.071924],[4.799023,61.082715],[4.824414,61.178223],[4.861621,61.193848],[4.91543,61.199365],[4.973242,61.148242],[4.958691,61.08457]]]}},{"type":"Feature","properties":{"scalerank":0,"featurecla":"Land","min_zoom":3},"bbox":[7.804004,63.336914,8.140918,63.470801],"geometry":{"type":"Polygon","coordinates":[[[8.102734,63.337598],[7.804004,63.413916],[8.140918,63.366406],[8.102734,63.337598]]]}},{"type":"Feature","properties":{"scalerank":0,"featurecla":"Land","min_zoom":3},"bbox":[8.287109,63.664795,8.814844,63.804639],"geometry":{"type":"Polygon","coordinates":[[[8.470801,63.667139],[8.356152,63.664795],[8.287109,63.687158],[8.45127,63.731836],[8.708887,63.774316],[8.733398,63.801318],[8.764648,63.804639],[8.80918,63.771436],[8.814844,63.725977],[8.786523,63.703467],[8.470801,63.667139]]]}},{"type":"Feature","properties":{"scalerank":0,"featurecla":"Land","min_zoom":3},"bbox":[12.429492,65.899072,12.778809,66.011377],"geometry":{"type":"Polygon","coordinates":[[[12.50957,65.901953],[12.429492,65.899072],[12.430176,65.939941],[12.476074,65.9771],[12.548828,66.001904],[12.642383,66.008545],[12.74707,66.011377],[12.778809,65.991699],[12.718652,65.963867],[12.50957,65.901953]]]}},{"type":"Feature","properties":{"scalerank":0,"featurecla":"Land","min_zoom":3},"bbox":[12.327344,66.036621,12.622656,66.210547],"geometry":{"type":"Polygon","coordinates":[[[12.419922,66.043262],[12.327344,66.036621],[12.342773,66.080762],[12.417676,66.122656],[12.446387,66.151318],[12.461328,66.18501],[12.527441,66.210547],[12.620801,66.17793],[12.622656,66.122461],[12.576367,66.071924],[12.419922,66.043262]]]}},{"type":"Feature","properties":{"scalerank":0,"featurecla":"Land","min_zoom":3},"bbox":[19.599023,70.068457,20.088477,70.273584],"geometry":{"type":"Polygon","coordinates":[[[19.76748,70.216699],[20.088477,70.102051],[19.683789,70.273584],[19.76748,70.216699]]]}},{"type":"Feature","properties":{"scalerank":0,"featurecla":"Land","min_zoom":2},"bbox":[21.994531,70.50918,23.440527,70.842578],"geometry":{"type":"Polygon","coordinates":[[[23.440527,70.815771],[21.994531,70.657129],[23.395605,70.842578],[23.440527,70.815771]]]}},{"type":"Feature","properties":{"scalerank":0,"featurecla":"Land","min_zoom":3},"bbox":[20.405078,70.057031,20.819434,70.230859],"geometry":{"type":"Polygon","coordinates":[[[20.779199,70.089746],[20.405078,70.119141],[20.819434,70.205469],[20.779199,70.089746]]]}},{"type":"Feature","properties":{"scalerank":0,"featurecla":"Land","min_zoom":3},"bbox":[25.314941,70.953809,26.146875,71.14209],"geometry":{"type":"Polygon","coordinates":[[[25.586328,71.14209],[26.146875,71.039502],[25.423438,71.097412],[25.586328,71.14209]]]}},{"type":"Feature","properties":{"scalerank":0,"featurecla":"Land","min_zoom":3},"bbox":[22.917773,70.282617,23.641016,70.61709],"geometry":{"type":"Polygon","coordinates":[[[23.615332,70.549316],[22.917871,70.384668],[23.578906,70.593652],[23.615332,70.549316]]]}},{"type":"Feature","properties":{"scalerank":0,"featurecla":"Land","min_zoom":3},"bbox":[23.663281,70.52749,24.07832,70.747363],"geometry":{"type":"Polygon","coordinates":[[[24.017578,70.567383],[23.663281,70.675244],[24.07832,70.650586],[24.017578,70.567383]]]}},{"type":"Feature","properties":{"scalerank":0,"featurecla":"Land","min_zoom":3},"bbox":[13.199512,67.995361,14.118848,68.276123],"geometry":{"type":"Polygon","coordinates":[[[13.872852,68.265332],[13.229395,67.995361],[13.784082,68.276123],[13.872852,68.265332]]]}},{"type":"Feature","properties":{"scalerank":0,"featurecla":"Land","min_zoom":3},"bbox":[12.824023,67.82124,13.122852,68.071338],"geometry":{"type":"Polygon","coordinates":[[[12.971777,67.874121],[12.824023,67.82124],[12.87793,67.917773],[12.957715,68.015479],[13.068066,68.071338],[13.122852,68.049414],[13.097754,68.002686],[13.098242,67.956445],[13.074609,67.93457],[12.971777,67.874121]]]}},{"type":"Feature","properties":{"scalerank":0,"featurecla":"Land","min_zoom":2},"bbox":[16.810449,69.013672,18.076758,69.59624],"geometry":{"type":"Polygon","coordinates":[[[17.503027,69.59624],[18.076758,69.395752],[16.810449,69.070703],[17.488184,69.586865],[17.503027,69.59624]]]}},{"type":"Feature","properties":{"scalerank":0,"featurecla":"Land","min_zoom":2},"bbox":[18.061523,69.535498,19.607813,70.247461],"geometry":{"type":"Polygon","coordinates":[[[19.255078,70.066406],[19.607813,70.019141],[18.061523,69.6021],[19.249414,70.178564],[19.255078,70.066406]]]}},{"type":"Feature","properties":{"scalerank":0,"featurecla":"Land","min_zoom":2},"bbox":[14.257227,68.178271,16.547363,69.302051],"geometry":{"type":"Polygon","coordinates":[[[15.760352,68.56123],[16.547363,68.716553],[14.25752,68.190771],[16.129492,69.273926],[15.790723,68.617041],[15.760352,68.56123]]]}},{"type":"Feature","properties":{"scalerank":0,"featurecla":"Land","min_zoom":2},"bbox":[14.373438,68.606348,15.396582,69.008008],"geometry":{"type":"Polygon","coordinates":[[[15.207129,68.943115],[15.22207,68.616309],[14.373438,68.711426],[15.175586,68.981543],[15.207129,68.943115]]]}},{"type":"Feature","properties":{"scalerank":0,"featurecla":"Land","min_zoom":3},"bbox":[10.739844,64.838037,11.246191,64.978711],"geometry":{"type":"Polygon","coordinates":[[[11.231445,64.865869],[10.739844,64.870312],[11.246191,64.90791],[11.231445,64.865869]]]}},{"type":"Feature","properties":{"scalerank":0,"featurecla":"Land","min_zoom":3},"bbox":[4.930078,60.18877,5.089063,60.452051],"geometry":{"type":"Polygon","coordinates":[[[5.08584,60.307568],[5.089063,60.18877],[4.996973,60.197754],[4.955566,60.243311],[4.943555,60.272412],[4.950781,60.341162],[4.930078,60.412061],[4.957227,60.447266],[4.990625,60.452051],[5.050195,60.388965],[5.08584,60.307568]]]}},{"type":"Feature","properties":{"scalerank":0,"featurecla":"Land","min_zoom":4},"bbox":[11.765137,65.595703,12.003223,65.705908],"geometry":{"type":"Polygon","coordinates":[[[11.967969,65.626514],[11.901855,65.595703],[11.77832,65.604541],[11.765137,65.630957],[11.800391,65.683887],[11.875391,65.705908],[11.972363,65.701562],[12.003223,65.679443],[11.967969,65.626514]]]}},{"type":"Feature","properties":{"scalerank":0,"featurecla":"Land","min_zoom":3},"bbox":[-79.69873,75.825635,-78.845166,76.145898],"geometry":{"type":"Polygon","coordinates":[[[-79.063086,75.925879],[-79.69873,75.883252],[-79.056641,75.985156],[-79.063086,75.925879]]]}},{"type":"Feature","properties":{"scalerank":0,"featurecla":"Land","min_zoom":3},"bbox":[-72.494922,77.316455,-71.433447,77.46709],"geometry":{"type":"Polygon","coordinates":[[[-71.667334,77.325293],[-72.494922,77.385547],[-71.46709,77.353662],[-71.667334,77.325293]]]}},{"type":"Feature","properties":{"scalerank":0,"featurecla":"Land","min_zoom":0},"bbox":[-47.351221,82.066016,-44.749902,82.692139],"geometry":{"type":"Polygon","coordinates":[[[-44.864551,82.083643],[-47.351221,82.599219],[-44.776367,82.242383],[-44.864551,82.083643]]]}},{"type":"Feature","properties":{"scalerank":0,"featurecla":"Land","min_zoom":3},"bbox":[-19.610547,81.814307,-18.664746,82.123193],"geometry":{"type":"Polygon","coordinates":[[[-18.664746,81.846484],[-19.610547,82.078125],[-18.812695,81.949463],[-18.664746,81.846484]]]}},{"type":"Feature","properties":{"scalerank":0,"featurecla":"Land","min_zoom":2},"bbox":[-19.138281,79.71123,-17.40083,80.055176],"geometry":{"type":"Polygon","coordinates":[[[-17.6125,79.825879],[-19.138281,79.852344],[-17.40083,79.940479],[-17.6125,79.825879]]]}},{"type":"Feature","properties":{"scalerank":0,"featurecla":"Land","min_zoom":3},"bbox":[-19.314697,77.938525,-18.882471,78.441211],"geometry":{"type":"Polygon","coordinates":[[[-18.997168,77.973779],[-19.314697,78.344189],[-18.882471,78.114893],[-18.997168,77.973779]]]}},{"type":"Feature","properties":{"scalerank":0,"featurecla":"Land","min_zoom":3},"bbox":[-19.085352,76.015869,-18.582617,76.703809],"geometry":{"type":"Polygon","coordinates":[[[-18.582617,76.042334],[-19.058887,76.694971],[-18.662012,76.403906],[-18.582617,76.042334]]]}},{"type":"Feature","properties":{"scalerank":0,"featurecla":"Land","min_zoom":2},"bbox":[-18.891309,74.992773,-17.391992,75.407324],"geometry":{"type":"Polygon","coordinates":[[[-18.000537,75.407324],[-17.391992,75.036914],[-18.891309,75.072168],[-18.229883,75.37207],[-18.000537,75.407324]]]}},{"type":"Feature","properties":{"scalerank":0,"featurecla":"Land","min_zoom":3},"bbox":[-18.22002,77.642334,-17.641357,77.874609],"geometry":{"type":"Polygon","coordinates":[[[-17.953711,77.642334],[-18.147998,77.642334],[-18.22002,77.668359],[-18.174023,77.714355],[-17.903711,77.862598],[-17.813574,77.874609],[-17.681445,77.858594],[-17.641357,77.782471],[-17.729492,77.706396],[-17.953711,77.642334]]]}},{"type":"Feature","properties":{"scalerank":0,"featurecla":"Land","min_zoom":0},"bbox":[-72.818066,59.815479,-11.425537,83.599609],"geometry":{"type":"Polygon","coordinates":[[[-29.952881,83.564844],[-25.795068,83.260986],[-32.032715,82.983447],[-25.123389,83.159619],[-21.520654,82.59541],[-29.887402,82.054834],[-21.130322,81.934229],[-23.117725,80.778174],[-19.629932,81.639893],[-11.425537,81.480615],[-16.760596,80.573389],[-15.937256,80.427637],[-16.48877,80.251953],[-20.150146,80.01123],[-18.991992,79.178369],[-21.13374,78.658643],[-21.72959,77.708545],[-19.49043,77.718896],[-20.680811,77.618994],[-18.442627,77.259375],[-18.337256,76.921191],[-22.606641,76.680762],[-19.862891,76.120654],[-19.526367,75.180225],[-22.232861,75.119727],[-20.985791,75.074365],[-20.861572,74.635937],[-19.984912,74.975195],[-19.271582,74.342627],[-22.334326,74.286377],[-20.367285,73.848242],[-20.636719,73.463574],[-22.346875,73.269238],[-25.521289,73.851611],[-24.77832,73.539893],[-27.561621,73.138477],[-24.132666,73.409375],[-22.036328,72.918457],[-22.293213,72.119531],[-24.069043,72.49873],[-24.62998,73.037646],[-26.657617,72.71582],[-24.81333,72.901514],[-24.700684,72.506348],[-25.203711,72.392969],[-21.959668,71.744678],[-22.479639,71.383447],[-21.752246,71.47832],[-21.522656,70.526221],[-22.384131,70.462402],[-22.437012,70.86001],[-23.327832,70.450977],[-24.562207,71.223535],[-27.087207,71.626563],[-25.667578,71.265332],[-28.398438,70.99292],[-27.979297,70.839502],[-29.07207,70.444971],[-26.508398,70.396631],[-27.38418,69.991602],[-25.529883,70.353174],[-22.206592,70.10791],[-26.48291,68.675928],[-30.978564,68.061328],[-32.327441,68.437305],[-32.164551,67.991113],[-34.632812,66.434766],[-35.867236,66.441406],[-35.630078,66.139941],[-37.754199,65.593066],[-37.278711,66.304395],[-38.156641,66.385596],[-37.752344,66.261523],[-38.520361,66.009668],[-38.203369,65.711719],[-40.173535,65.556152],[-39.57793,65.340771],[-41.088672,65.035352],[-40.182227,64.479932],[-41.581006,64.29834],[-40.617773,64.131738],[-40.550391,63.725244],[-41.387891,63.061865],[-42.174512,63.208789],[-41.634473,62.972461],[-41.908984,62.737109],[-42.94165,62.720215],[-42.152979,62.568457],[-42.110205,61.857227],[-42.585303,61.71748],[-43.044092,60.523682],[-43.922705,60.595361],[-43.1229,60.06123],[-43.906543,59.815479],[-44.412939,59.922607],[-44.224365,60.273535],[-45.379248,60.20293],[-44.756738,60.6646],[-46.046631,60.615723],[-45.870215,61.218311],[-48.180811,60.769238],[-47.770312,60.997754],[-49.289062,61.589941],[-48.828711,62.079687],[-49.623779,61.998584],[-50.319238,62.473193],[-49.793115,63.044629],[-50.390088,62.822021],[-51.54751,64.006104],[-50.260693,64.214258],[-51.707861,64.205078],[-50.684326,64.678174],[-50.008984,64.447266],[-50.121631,64.70376],[-50.960645,65.201123],[-50.721582,64.797607],[-51.922607,64.21875],[-52.537695,65.328809],[-51.091895,65.775781],[-52.55127,65.461377],[-53.392041,66.04834],[-51.225,66.881543],[-53.614697,66.154492],[-53.41875,66.648535],[-52.386865,66.881152],[-53.687158,66.986475],[-53.798584,67.418164],[-52.512012,67.761279],[-50.613477,67.52793],[-52.344824,67.836914],[-53.735205,67.549023],[-53.151562,68.207764],[-51.596875,68.054785],[-51.169141,68.385205],[-53.383154,68.297363],[-53.039453,68.610889],[-51.133301,68.598438],[-50.800635,68.79126],[-51.249414,68.739941],[-51.084863,69.128271],[-50.297363,69.170605],[-51.076953,69.209473],[-50.322949,70.027148],[-54.530762,70.699268],[-50.682129,70.396875],[-51.774316,71.010449],[-51.018945,71.001318],[-53.117041,71.312891],[-51.778613,71.68291],[-53.440088,71.579004],[-53.144531,71.807422],[-53.652148,72.362646],[-53.4625,71.893555],[-53.962988,71.458984],[-55.594043,71.553516],[-54.840137,72.356104],[-55.601709,72.453467],[-54.737939,72.87251],[-55.668555,73.00791],[-55.288281,73.3271],[-56.104053,73.558154],[-55.838281,73.759717],[-56.225391,74.129102],[-57.230566,74.125293],[-56.255469,74.526807],[-58.565527,75.352734],[-58.249658,75.506689],[-58.516211,75.689063],[-63.291309,76.352051],[-68.317285,76.090771],[-69.484082,76.39917],[-68.114258,76.650635],[-71.154883,77.073877],[-66.266455,77.515381],[-69.351367,77.467139],[-72.818066,78.194336],[-65.825537,79.17373],[-64.17915,80.099268],[-67.193164,80.280078],[-64.515527,81],[-61.435986,81.133594],[-61.20293,81.746875],[-60.432373,81.920166],[-56.615137,81.362891],[-59.268018,81.98208],[-54.548877,82.350635],[-53.671338,82.164062],[-53.555664,81.653271],[-53.022559,82.321729],[-49.541064,81.918066],[-50.989941,82.460156],[-50.037109,82.472412],[-44.729492,81.779834],[-44.326562,82.471729],[-45.556543,82.747021],[-41.369629,82.75],[-46.478174,82.951904],[-40.356836,83.332178],[-38.15625,82.998633],[-38.749561,83.37085],[-30.70293,83.593408],[-29.952881,83.564844]]]}},{"type":"Feature","properties":{"scalerank":0,"featurecla":"Land","min_zoom":4},"bbox":[179.984668,-16.541211,180,-16.488867],"geometry":{"type":"Polygon","coordinates":[[[180,-16.540039],[179.987207,-16.541211],[179.984668,-16.522168],[180,-16.488867],[180,-16.540039]]]}},{"type":"Feature","properties":{"scalerank":0,"featurecla":"Land","min_zoom":1},"bbox":[-180,-16.168262,-179.94458,-16.126074],"geometry":{"type":"Polygon","coordinates":[[[-179.956152,-16.149219],[-180,-16.168262],[-180,-16.156055],[-180,-16.15293],[-179.969385,-16.126074],[-179.94458,-16.126074],[-179.956152,-16.149219]]]}},{"type":"Feature","properties":{"scalerank":0,"featurecla":"Land","min_zoom":4},"bbox":[-85.960986,16.403613,-85.833789,16.513965],"geometry":{"type":"Polygon","coordinates":[[[-85.870947,16.461523],[-85.947217,16.403613],[-85.960986,16.429688],[-85.924219,16.483301],[-85.878223,16.513965],[-85.833789,16.510889],[-85.844434,16.487744],[-85.870947,16.461523]]]}},{"type":"Feature","properties":{"scalerank":0,"featurecla":"Land","min_zoom":3},"bbox":[25.307129,37.412988,25.462988,37.50918],"geometry":{"type":"Polygon","coordinates":[[[25.402734,37.419141],[25.307129,37.412988],[25.312695,37.489307],[25.348145,37.50918],[25.462988,37.471094],[25.457422,37.44707],[25.402734,37.419141]]]}},{"type":"Feature","properties":{"scalerank":0,"featurecla":"Land","min_zoom":4},"bbox":[166.907031,-0.550781,166.958398,-0.489355],"geometry":{"type":"Polygon","coordinates":[[[166.958398,-0.516602],[166.938965,-0.550781],[166.916406,-0.546484],[166.907031,-0.52373],[166.913574,-0.499121],[166.938965,-0.489355],[166.955664,-0.496973],[166.958398,-0.516602]]]}},{"type":"Feature","properties":{"scalerank":0,"featurecla":"Land","min_zoom":4},"bbox":[169.590527,5.799805,169.73457,6.01416],"geometry":{"type":"Polygon","coordinates":[[[169.635059,5.830078],[169.61543,5.799805],[169.590527,5.801904],[169.612207,5.824414],[169.627148,5.855811],[169.651074,5.945117],[169.700391,5.977051],[169.73457,6.01416],[169.726367,5.975684],[169.672559,5.935205],[169.635059,5.830078]]]}},{"type":"Feature","properties":{"scalerank":0,"featurecla":"Land","min_zoom":4},"bbox":[172.887109,3.095898,172.969629,3.148779],"geometry":{"type":"Polygon","coordinates":[[[172.969629,3.129199],[172.90625,3.095898],[172.887109,3.10127],[172.9625,3.148779],[172.962207,3.14292],[172.969629,3.129199]]]}},{"type":"Feature","properties":{"scalerank":0,"featurecla":"Land","min_zoom":4},"bbox":[172.750488,3.012549,172.887109,3.073975],"geometry":{"type":"Polygon","coordinates":[[[172.844238,3.051221],[172.770313,3.012549],[172.750488,3.033057],[172.777344,3.033887],[172.826953,3.071094],[172.887109,3.073975],[172.880273,3.053516],[172.844238,3.051221]]]}},{"type":"Feature","properties":{"scalerank":0,"featurecla":"Land","min_zoom":4},"bbox":[172.932715,1.822559,173.023633,1.943701],"geometry":{"type":"Polygon","coordinates":[[[173.01875,1.845703],[173.023633,1.822559],[172.966602,1.8854],[172.932715,1.925928],[172.934766,1.943701],[172.950098,1.93252],[172.969141,1.912695],[172.981543,1.896973],[173.01875,1.845703]]]}},{"type":"Feature","properties":{"scalerank":0,"featurecla":"Land","min_zoom":4},"bbox":[172.993262,1.713086,173.045215,1.809326],"geometry":{"type":"Polygon","coordinates":[[[173.029395,1.717383],[172.993262,1.713086],[173.02041,1.72749],[173.027832,1.747314],[173.023633,1.809326],[173.037695,1.804395],[173.042676,1.77876],[173.045215,1.741553],[173.029395,1.717383]]]}},{"type":"Feature","properties":{"scalerank":0,"featurecla":"Land","min_zoom":4},"bbox":[172.969922,0.835449,173.086523,1.025098],"geometry":{"type":"Polygon","coordinates":[[[173.032813,1.013135],[173.086523,0.973437],[173.079492,0.94624],[173.061426,0.915234],[172.991113,0.835449],[172.969922,0.842773],[173.038574,0.914746],[173.065039,0.962695],[173.025586,0.999072],[173.009961,0.990967],[173.003711,0.990967],[172.990039,1.025098],[173.003711,1.025098],[173.032813,1.013135]]]}},{"type":"Feature","properties":{"scalerank":0,"featurecla":"Land","min_zoom":4},"bbox":[174.381055,-0.829004,174.508691,-0.591797],"geometry":{"type":"Polygon","coordinates":[[[174.508691,-0.801758],[174.476367,-0.829004],[174.464063,-0.804199],[174.479688,-0.773633],[174.452734,-0.64707],[174.407813,-0.629785],[174.381055,-0.591797],[174.394043,-0.591797],[174.43877,-0.626563],[174.474805,-0.642188],[174.49541,-0.725684],[174.508691,-0.801758]]]}},{"type":"Feature","properties":{"scalerank":0,"featurecla":"Land","min_zoom":4},"bbox":[174.716797,-1.263379,174.778906,-1.133691],"geometry":{"type":"Polygon","coordinates":[[[174.773242,-1.211914],[174.778906,-1.263379],[174.755957,-1.256445],[174.748438,-1.236426],[174.741016,-1.18457],[174.716797,-1.133691],[174.744141,-1.147363],[174.766602,-1.187109],[174.773242,-1.211914]]]}},{"type":"Feature","properties":{"scalerank":0,"featurecla":"Land","min_zoom":4},"bbox":[168.675098,7.293555,168.830273,7.33623],"geometry":{"type":"Polygon","coordinates":[[[168.830273,7.308984],[168.81543,7.293555],[168.719238,7.302734],[168.675098,7.321924],[168.679297,7.33623],[168.755469,7.322461],[168.830273,7.308984]]]}},{"type":"Feature","properties":{"scalerank":0,"featurecla":"Land","min_zoom":4},"bbox":[171.577344,6.973145,171.756836,7.048242],"geometry":{"type":"Polygon","coordinates":[[[171.577344,7.048242],[171.614746,7.026611],[171.688379,7.028271],[171.756836,6.973145],[171.730469,6.976611],[171.693359,7.000146],[171.659375,7.010059],[171.61416,7.007178],[171.592773,7.01626],[171.577344,7.048242]]]}},{"type":"Feature","properties":{"scalerank":0,"featurecla":"Land","min_zoom":4},"bbox":[171.035742,7.06875,171.39375,7.171777],"geometry":{"type":"Polygon","coordinates":[[[171.101953,7.138232],[171.39375,7.110937],[171.050391,7.171777],[171.101953,7.138232]]]}},{"type":"Feature","properties":{"scalerank":0,"featurecla":"Land","min_zoom":4},"bbox":[-178.194385,-14.324902,-178.043652,-14.231641],"geometry":{"type":"Polygon","coordinates":[[[-178.04668,-14.318359],[-178.10332,-14.324902],[-178.158594,-14.311914],[-178.194385,-14.255469],[-178.178027,-14.231641],[-178.142236,-14.242578],[-178.105029,-14.28418],[-178.043652,-14.303223],[-178.04668,-14.318359]]]}},{"type":"Feature","properties":{"scalerank":0,"featurecla":"Land","min_zoom":4},"bbox":[-140.851562,-17.875684,-140.638232,-17.669727],"geometry":{"type":"Polygon","coordinates":[[[-140.809375,-17.856641],[-140.804443,-17.875684],[-140.84082,-17.873145],[-140.851562,-17.866602],[-140.850732,-17.831055],[-140.824268,-17.787988],[-140.803613,-17.75166],[-140.761426,-17.717773],[-140.686182,-17.683789],[-140.649805,-17.669727],[-140.638232,-17.678027],[-140.652051,-17.683105],[-140.776318,-17.754102],[-140.815186,-17.803711],[-140.83252,-17.838477],[-140.829248,-17.849219],[-140.809375,-17.856641]]]}},{"type":"Feature","properties":{"scalerank":0,"featurecla":"Land","min_zoom":4},"bbox":[-136.478516,-18.566309,-136.293896,-18.463184],"geometry":{"type":"Polygon","coordinates":[[[-136.293896,-18.544336],[-136.314063,-18.566309],[-136.316016,-18.545215],[-136.344043,-18.534863],[-136.38291,-18.513672],[-136.435693,-18.489063],[-136.464258,-18.485059],[-136.478516,-18.470801],[-136.458691,-18.463184],[-136.426123,-18.474316],[-136.380371,-18.496777],[-136.327637,-18.519336],[-136.293896,-18.544336]]]}},{"type":"Feature","properties":{"scalerank":0,"featurecla":"Land","min_zoom":4},"bbox":[-137.067578,-18.360938,-136.971338,-18.265332],"geometry":{"type":"Polygon","coordinates":[[[-136.971729,-18.341992],[-136.971338,-18.360938],[-137.067578,-18.265332],[-137.029639,-18.272852],[-136.971729,-18.341992]]]}},{"type":"Feature","properties":{"scalerank":0,"featurecla":"Land","min_zoom":4},"bbox":[-138.568359,-20.875879,-138.505859,-20.771191],"geometry":{"type":"Polygon","coordinates":[[[-138.505859,-20.857227],[-138.534863,-20.875879],[-138.524023,-20.850586],[-138.546387,-20.795117],[-138.568359,-20.787109],[-138.546387,-20.771191],[-138.514941,-20.813379],[-138.505859,-20.857227]]]}},{"type":"Feature","properties":{"scalerank":0,"featurecla":"Land","min_zoom":4},"bbox":[-140.781738,-18.416113,-140.671875,-18.33418],"geometry":{"type":"Polygon","coordinates":[[[-140.685352,-18.379883],[-140.671875,-18.416113],[-140.696045,-18.399121],[-140.773242,-18.36377],[-140.781738,-18.33418],[-140.685352,-18.379883]]]}},{"type":"Feature","properties":{"scalerank":0,"featurecla":"Land","min_zoom":4},"bbox":[-140.973535,-18.216895,-140.822705,-18.05918],"geometry":{"type":"Polygon","coordinates":[[[-140.829883,-18.189355],[-140.822705,-18.216895],[-140.860059,-18.19873],[-140.895459,-18.147949],[-140.958643,-18.085059],[-140.973535,-18.05918],[-140.925146,-18.083789],[-140.893262,-18.120508],[-140.829883,-18.189355]]]}},{"type":"Feature","properties":{"scalerank":0,"featurecla":"Land","min_zoom":4},"bbox":[-142.52959,-16.107129,-142.481201,-16.017773],"geometry":{"type":"Polygon","coordinates":[[[-142.511816,-16.096289],[-142.52959,-16.107129],[-142.506836,-16.027734],[-142.481201,-16.017773],[-142.511816,-16.096289]]]}},{"type":"Feature","properties":{"scalerank":0,"featurecla":"Land","min_zoom":4},"bbox":[-143.550684,-16.668848,-143.386182,-16.612305],"geometry":{"type":"Polygon","coordinates":[[[-143.440576,-16.619727],[-143.386182,-16.668848],[-143.458545,-16.635449],[-143.550684,-16.621094],[-143.515576,-16.612305],[-143.464697,-16.613574],[-143.440576,-16.619727]]]}},{"type":"Feature","properties":{"scalerank":0,"featurecla":"Land","min_zoom":4},"bbox":[-143.707422,-16.64043,-143.571143,-16.580859],"geometry":{"type":"Polygon","coordinates":[[[-143.571143,-16.634766],[-143.610645,-16.64043],[-143.707422,-16.580859],[-143.670215,-16.580859],[-143.614795,-16.618066],[-143.571143,-16.634766]]]}},{"type":"Feature","properties":{"scalerank":0,"featurecla":"Land","min_zoom":4},"bbox":[-145.160742,-15.901074,-145.051367,-15.757031],"geometry":{"type":"Polygon","coordinates":[[[-145.051367,-15.856055],[-145.057666,-15.901074],[-145.076416,-15.857617],[-145.137939,-15.788086],[-145.160742,-15.757031],[-145.133545,-15.762012],[-145.051367,-15.856055]]]}},{"type":"Feature","properties":{"scalerank":0,"featurecla":"Land","min_zoom":4},"bbox":[-145.613818,-16.346777,-145.482227,-16.079199],"geometry":{"type":"Polygon","coordinates":[[[-145.48667,-16.329785],[-145.482227,-16.346777],[-145.502734,-16.345801],[-145.539844,-16.295117],[-145.553125,-16.251172],[-145.576709,-16.201465],[-145.609131,-16.165234],[-145.612793,-16.131836],[-145.613818,-16.079199],[-145.5771,-16.159863],[-145.542334,-16.224609],[-145.516992,-16.277832],[-145.48667,-16.329785]]]}},{"type":"Feature","properties":{"scalerank":0,"featurecla":"Land","min_zoom":4},"bbox":[173.011328,1.338379,173.171875,1.387549],"geometry":{"type":"Polygon","coordinates":[[[173.038379,1.34209],[173.011328,1.338379],[173.028613,1.35874],[173.143359,1.381348],[173.15332,1.387549],[173.171875,1.375146],[173.171484,1.363379],[173.163086,1.35752],[173.106348,1.35708],[173.061719,1.346338],[173.038379,1.34209]]]}},{"type":"Feature","properties":{"scalerank":0,"featurecla":"Land","min_zoom":3},"bbox":[-169.766162,56.542432,-169.474316,56.635059],"geometry":{"type":"Polygon","coordinates":[[[-169.755225,56.635059],[-169.474316,56.594043],[-169.766162,56.607959],[-169.755225,56.635059]]]}},{"type":"Feature","properties":{"scalerank":0,"featurecla":"Land","min_zoom":3},"bbox":[-72.960352,19.98584,-72.623486,20.093652],"geometry":{"type":"Polygon","coordinates":[[[-72.664062,20.0375],[-72.623486,20.01416],[-72.638867,19.98584],[-72.739795,20.003418],[-72.844238,20.035449],[-72.878418,20.027441],[-72.899316,20.031445],[-72.960352,20.062256],[-72.906738,20.08584],[-72.851465,20.093652],[-72.791016,20.091895],[-72.664062,20.0375]]]}},{"type":"Feature","properties":{"scalerank":0,"featurecla":"Land","min_zoom":4},"bbox":[24.424805,37.110059,24.535938,37.210205],"geometry":{"type":"Polygon","coordinates":[[[24.523535,37.125098],[24.486523,37.110059],[24.424805,37.131982],[24.441211,37.186865],[24.483789,37.210205],[24.529102,37.192334],[24.535938,37.167676],[24.523535,37.125098]]]}},{"type":"Feature","properties":{"scalerank":0,"featurecla":"Land","min_zoom":4},"bbox":[142.107129,26.615674,142.202148,26.726465],"geometry":{"type":"Polygon","coordinates":[[[142.188184,26.616504],[142.169922,26.615674],[142.107129,26.721533],[142.125293,26.726465],[142.161719,26.709961],[142.202148,26.648779],[142.188184,26.616504]]]}},{"type":"Feature","properties":{"scalerank":0,"featurecla":"Land","min_zoom":4},"bbox":[130.810254,37.44873,130.934277,37.553711],"geometry":{"type":"Polygon","coordinates":[[[130.916016,37.478467],[130.870605,37.44873],[130.816797,37.478467],[130.810254,37.509912],[130.838379,37.537207],[130.903711,37.553711],[130.934277,37.529736],[130.916016,37.478467]]]}},{"type":"Feature","properties":{"scalerank":0,"featurecla":"Land","min_zoom":0},"bbox":[-180,-89.998926,180,-63.22627],"geometry":{"type":"Polygon","coordinates":[[[-57.020654,-63.372852],[-56.834766,-63.63125],[-59.005322,-64.194922],[-58.786084,-64.524219],[-59.963086,-64.431348],[-62.145312,-65.331738],[-61.756006,-65.569238],[-62.305029,-65.84043],[-62.005029,-66.112891],[-60.565381,-65.979395],[-61.028418,-66.336523],[-62.682031,-66.237305],[-62.628906,-66.706152],[-63.752539,-66.277734],[-64.077734,-66.654102],[-63.754736,-66.872949],[-64.686279,-66.80625],[-64.819287,-67.307324],[-65.503125,-67.377246],[-65.639502,-68.130566],[-64.829492,-68.127441],[-65.452002,-68.336719],[-65.15835,-68.617969],[-62.933301,-68.442578],[-63.773438,-68.631836],[-61.961084,-70.120117],[-62.377783,-70.364844],[-61.504687,-70.490527],[-61.961084,-70.900586],[-60.962256,-71.244629],[-61.958789,-71.657813],[-61.035059,-71.82002],[-62.256641,-72.017578],[-60.719434,-72.072656],[-61.286133,-72.600781],[-60.009766,-72.937891],[-60.122217,-73.275293],[-62.008301,-73.147656],[-60.790283,-73.711816],[-61.842773,-74.289648],[-60.704297,-74.307129],[-62.235303,-74.441309],[-61.855225,-74.776758],[-62.137793,-74.926367],[-63.178125,-74.68418],[-63.924707,-75.004492],[-63.231055,-75.153809],[-64.279541,-75.292871],[-63.363379,-75.451465],[-70.210156,-76.674121],[-77.287061,-76.70166],[-75.386914,-77.474219],[-72.851953,-77.590234],[-74.042139,-78.109375],[-80.601562,-77.751953],[-81.580957,-77.846094],[-77.452441,-78.560352],[-80.292285,-78.822754],[-83.779004,-77.983594],[-83.226953,-78.401563],[-83.762744,-78.461133],[-80.891992,-79.501855],[-76.217676,-79.387207],[-76.031592,-79.627051],[-76.557861,-79.903516],[-79.6604,-79.996875],[-76.407324,-80.094922],[-75.075586,-80.860059],[-70.687891,-80.62627],[-62.353711,-81.57666],[-66.133838,-81.953418],[-64.91958,-82.370508],[-60.527734,-82.199902],[-62.735645,-82.527344],[-61.218408,-82.991797],[-61.425293,-83.395605],[-59.516016,-83.458398],[-53.986084,-82.200586],[-46.258057,-81.946973],[-46.046387,-82.158691],[-46.516748,-82.45459],[-45.788574,-82.494922],[-38.771729,-80.882324],[-23.574463,-79.964844],[-29.949316,-79.599023],[-30.315918,-79.163086],[-32.994238,-79.228809],[-36.265625,-78.615527],[-34.075781,-77.425391],[-28.933643,-76.370313],[-18.30459,-75.431348],[-18.749219,-75.24209],[-17.43584,-74.379102],[-15.67251,-74.407324],[-14.573828,-73.9375],[-16.220117,-73.915723],[-15.935645,-73.757617],[-16.435205,-73.425684],[-11.496973,-72.412891],[-11.009229,-71.75791],[-12.351318,-71.389746],[-10.825439,-71.55332],[-10.033496,-71.130664],[-10.270605,-70.935742],[-8.646484,-71.672754],[-7.713721,-71.546484],[-7.752734,-70.842773],[-5.936328,-70.712695],[-5.587891,-70.856738],[-6.11748,-71.325977],[-1.067773,-71.265625],[-0.543164,-71.712695],[1.908691,-71.003613],[9.141602,-70.183691],[11.70127,-70.766602],[13.065625,-70.053613],[18.124609,-70.540332],[19.009375,-70.212109],[19.409277,-70.916992],[21.070801,-70.843457],[21.70498,-70.258496],[22.979004,-70.810352],[24.024121,-70.413379],[24.756738,-70.89209],[26.498828,-71.019531],[32.621289,-70.000586],[32.989355,-69.624219],[32.641602,-68.868945],[33.465625,-68.670703],[34.192871,-68.702441],[33.813672,-69.099316],[34.595898,-69.094531],[35.357031,-69.681348],[37.787109,-69.725684],[38.885547,-70.171875],[40.215625,-68.804883],[46.399023,-67.617578],[46.559668,-67.268164],[48.374512,-67.988086],[49.219336,-67.226855],[48.465234,-67.043457],[50.553027,-67.194336],[50.332422,-66.444629],[53.671777,-65.858691],[57.185449,-66.613281],[56.145898,-66.626074],[56.479688,-66.85918],[55.802734,-67.199316],[56.154883,-67.264551],[57.627441,-67.014063],[59.250781,-67.484961],[69.55918,-67.763184],[69.982227,-68.464258],[69.53418,-68.736914],[69.629492,-69.231641],[68.90625,-69.372754],[69.082617,-69.866602],[67.267969,-70.273145],[69.250195,-70.431055],[66.497656,-73.125488],[67.32207,-73.300293],[68.419824,-72.515039],[71.276758,-71.623926],[71.771387,-70.80127],[73.324805,-69.848926],[75.635547,-69.848926],[79.035156,-68.175391],[84.485156,-67.114453],[92.073438,-66.50791],[99.370117,-66.648242],[102.674219,-65.865137],[109.462793,-66.908691],[110.906738,-66.07666],[113.099414,-65.799902],[115.635352,-66.771191],[114.026563,-67.441211],[120.374805,-66.983789],[119.133008,-67.370703],[125.865625,-66.364453],[128.430566,-67.119141],[130.578516,-66.208594],[133.444531,-66.081445],[134.398145,-66.479883],[135.351953,-66.127148],[143.730371,-66.876758],[144.621191,-67.141406],[143.977344,-67.864551],[145.975195,-67.624219],[147.093652,-68.368652],[150.935938,-68.358496],[151.28877,-68.81709],[153.081836,-68.856836],[153.908008,-68.323145],[155.520313,-69.024414],[159.783984,-69.521875],[162.189453,-71.039551],[162.021973,-70.439844],[162.674805,-70.30459],[170.435742,-71.41875],[170.859082,-71.868555],[170.030078,-72.115527],[170.206445,-72.565332],[168.428418,-72.383398],[169.828613,-72.728809],[169.54502,-73.050391],[166.452832,-72.936035],[167.709082,-73.394238],[165.346973,-73.879395],[164.812988,-73.396777],[164.775684,-74.028516],[165.408594,-74.558594],[163.397852,-74.382129],[162.410059,-75.237598],[160.910742,-75.334668],[162.815723,-75.846191],[162.450293,-76.955664],[164.491504,-77.954004],[163.977637,-78.223828],[165.417578,-78.042188],[167.049023,-78.686035],[162.639453,-78.897754],[161.669238,-78.536133],[161.951465,-79.02998],[160.873535,-79.049707],[159.871875,-79.789844],[160.558789,-80.010547],[158.573633,-80.423438],[160.637305,-80.449902],[160.830273,-80.729883],[160.260156,-80.786719],[160.716797,-80.907422],[160.469824,-81.340625],[163.680078,-82.187305],[161.283203,-82.489941],[164.747168,-82.354395],[168.607324,-83.065332],[167.657617,-83.272168],[168.110059,-83.362012],[180,-84.351562],[180,-89.998926],[-180,-89.998926],[-180,-84.351562],[-156.459131,-85.186035],[-157.453906,-84.912402],[-156.620996,-84.839648],[-165.135352,-84.409863],[-163.757617,-84.305469],[-164.950879,-83.805859],[-167.801221,-83.79082],[-174.235938,-82.793457],[-159.444385,-83.543164],[-153.009863,-82.449609],[-154.717432,-81.940723],[-153.956641,-81.700195],[-157.03252,-81.319141],[-156.528223,-81.162305],[-148.023438,-80.835742],[-150.575391,-80.353711],[-148.176514,-79.775879],[-156.114551,-78.744629],[-156.469336,-78.635352],[-154.293018,-78.259082],[-158.285889,-77.950781],[-158.003076,-77.091211],[-149.717725,-77.797461],[-148.155713,-77.462305],[-148.77749,-77.125],[-146.073633,-77.486719],[-145.515723,-77.199219],[-145.966992,-77.06875],[-145.750488,-76.749023],[-146.77666,-76.507031],[-149.654248,-76.365332],[-145.44209,-76.40918],[-146.383008,-76.099707],[-143.574268,-75.563574],[-140.874316,-75.745898],[-141.22334,-75.545898],[-136.649854,-75.161719],[-135.362061,-74.69043],[-115.222607,-74.487402],[-114.62373,-73.90293],[-113.332959,-74.454199],[-114.110449,-74.981836],[-111.69624,-74.792188],[-111.62998,-74.181445],[-110.30708,-74.366699],[-111.358789,-75.219922],[-98.557861,-75.189746],[-100.47334,-74.872363],[-100.012695,-74.662109],[-102.862744,-73.783594],[-98.896143,-73.611133],[-102.908789,-73.285156],[-103.375,-72.818848],[-103.110107,-72.721191],[-90.920947,-73.319141],[-88.77998,-72.683008],[-88.194092,-72.7875],[-88.419385,-73.229004],[-85.801416,-73.19209],[-82.183496,-73.856836],[-81.30874,-73.738281],[-81.176416,-73.248828],[-80.336377,-73.41416],[-80.442236,-72.944531],[-78.78623,-73.506738],[-76.850488,-73.460449],[-77.048926,-73.844141],[-69.282227,-73.169629],[-67.66709,-72.83457],[-66.827734,-72.09043],[-68.707959,-69.432227],[-66.974902,-69.161035],[-67.390527,-68.86123],[-66.677246,-67.560254],[-67.544531,-67.534668],[-67.493359,-67.112793],[-66.498682,-67.289062],[-66.503613,-66.689844],[-64.514307,-65.95957],[-63.760254,-65.033496],[-63.059082,-65.139355],[-60.86416,-64.073438],[-57.076709,-63.2625],[-57.020654,-63.372852]]]}},{"type":"Feature","properties":{"scalerank":0,"featurecla":"Land","min_zoom":0.5},"bbox":[178.62832,70.82207,180,71.537744],"geometry":{"type":"Polygon","coordinates":[[[178.861523,70.826416],[178.683887,71.105664],[180,71.537744],[180,70.993018],[179.152539,70.880273],[178.861523,70.826416]]]}},{"type":"Feature","properties":{"scalerank":0,"featurecla":"Land","min_zoom":0},"bbox":[-17.535645,-34.785742,180,77.730469],"geometry":{"type":"Polygon","coordinates":[[[17.979785,59.329053],[18.617578,59.327051],[16.214258,58.63667],[16.923828,58.492578],[15.99668,56.222607],[14.713965,56.134131],[14.17373,55.396631],[12.88584,55.411377],[12.471191,56.290527],[12.883691,56.617725],[11.248242,58.369141],[11.386426,59.065723],[10.595313,59.764551],[10.179395,59.009277],[9.557227,59.112695],[8.166113,58.145313],[6.731445,58.068311],[5.585938,58.62041],[5.612207,59.012891],[6.363281,59.000928],[5.88916,59.097949],[6.415332,59.547119],[5.173242,59.162549],[5.242188,59.564307],[6.995703,60.511963],[5.145801,59.638818],[5.205664,60.087939],[5.688574,60.123193],[5.137109,60.445605],[5.64834,60.687988],[5.11582,60.635986],[5.008594,61.038184],[7.604492,61.210547],[5.324609,61.108252],[4.910352,61.80957],[6.730762,61.869775],[5.096484,62.02666],[6.692383,62.468066],[6.136133,62.407471],[6.35293,62.611133],[8.095508,62.731836],[6.734961,62.720703],[7.571875,63.099512],[8.623145,62.84624],[8.158008,63.161523],[8.576172,63.601172],[10.020996,63.39082],[11.370703,63.804834],[9.567285,63.706152],[11.489355,64.97583],[12.915527,65.339258],[12.133887,65.27915],[13.033105,65.95625],[12.783789,66.100439],[14.03418,66.297559],[13.118848,66.230664],[13.211426,66.64082],[15.415723,67.202441],[14.441699,67.271387],[14.961914,67.574268],[15.691504,67.521387],[14.798926,67.809326],[17.552832,68.42627],[16.514355,68.532568],[18.259766,69.470605],[18.858984,69.314453],[18.614453,69.490576],[19.687012,69.804736],[19.641504,69.424023],[20.324219,69.945312],[20.107227,69.341211],[20.739453,69.520508],[20.62207,69.913916],[21.974707,69.83457],[21.355762,70.233398],[22.68457,70.374756],[23.353906,69.983398],[24.764746,71.008447],[25.781445,70.816797],[25.043848,70.109033],[26.506934,70.912793],[26.585059,70.41001],[28.141699,71.043018],[28.192969,70.248584],[28.831543,70.863965],[30.960645,70.343848],[28.781152,70.14541],[29.694629,69.74458],[31.98457,69.953662],[33.007812,69.722119],[32.091504,69.632568],[32.377734,69.479102],[33.454297,69.428174],[33.141211,69.068701],[35.85791,69.191748],[40.966406,67.713477],[41.188965,66.826172],[38.653906,66.069043],[31.895313,67.161426],[34.691797,65.951855],[34.406445,65.395752],[35.035352,64.440234],[37.442188,63.813379],[38.062207,64.091016],[36.578711,64.790967],[36.882812,65.172363],[39.758008,64.577051],[40.444922,64.778711],[39.816504,65.597949],[42.210547,66.519678],[44.104395,66.008594],[44.429297,66.937744],[43.782422,67.254492],[44.204688,68.25376],[43.333203,68.673389],[45.891992,68.479687],[46.69043,67.848828],[44.902148,67.413135],[46.492383,66.800195],[47.655859,66.975928],[47.874707,67.58418],[48.754297,67.895947],[52.39668,68.351709],[53.801953,68.995898],[54.491211,68.992334],[53.260547,68.26748],[59.057324,69.006055],[59.370508,68.738379],[59.099023,68.444336],[59.725684,68.351611],[60.933594,68.986768],[60.170605,69.590918],[60.909082,69.847119],[64.19043,69.534668],[68.504199,68.348438],[69.140527,68.950635],[66.89668,69.553809],[67.284766,70.738721],[66.639648,71.081396],[68.269238,71.682812],[69.391406,72.955518],[71.616992,72.9021],[72.812109,72.691406],[71.867285,71.457373],[72.704492,70.963232],[72.576758,68.968701],[73.591699,68.481885],[73.066797,67.766943],[71.365234,66.961523],[71.539551,66.683105],[69.013477,66.78833],[72.067578,66.25332],[74.769531,67.766357],[74.391406,68.420605],[75.124609,68.861719],[76.45918,68.978271],[77.238477,68.46958],[77.174414,67.778516],[78.922461,67.589111],[77.588281,67.751904],[77.995117,68.259473],[77.650684,68.903027],[73.775684,69.198242],[73.578125,69.802979],[74.343359,70.578711],[73.08623,71.444922],[74.992188,72.144824],[74.786816,72.811865],[75.603516,72.581055],[75.280273,71.430078],[75.733594,71.265918],[79.01543,70.950195],[76.032422,71.9104],[78.186914,71.90708],[77.41084,72.107764],[78.482617,72.394971],[83.106641,71.720508],[82.322852,71.26001],[82.163184,70.598145],[83.010156,70.89541],[82.682324,70.217725],[83.080762,70.093018],[83.735938,70.546484],[83.15127,71.103613],[83.534375,71.683936],[80.827051,72.488281],[80.583203,73.568457],[86.892969,73.887109],[85.792578,73.43833],[86.677051,73.106787],[85.910059,73.39043],[87.571191,73.810742],[86.001367,74.316016],[87.229688,74.363867],[85.791016,74.645117],[87.467578,75.013232],[87.005957,75.169824],[94.156348,75.959229],[92.858594,75.979492],[93.259277,76.098779],[96.49707,75.891211],[98.662012,76.242676],[99.77041,76.02876],[99.540723,75.798584],[99.825391,76.135937],[98.805664,76.480664],[101.597754,76.439209],[100.905859,76.900684],[104.014551,77.73042],[106.05957,77.390527],[104.202441,77.101807],[107.429785,76.926563],[106.413574,76.512256],[111.114844,76.723047],[113.857227,75.921289],[113.567578,75.568408],[112.466113,75.843652],[113.726172,75.450635],[112.924902,75.015039],[105.143945,72.777051],[110.868164,73.730713],[109.665625,73.800244],[110.261426,74.017432],[113.032813,73.913867],[113.490918,73.346094],[113.127832,72.830664],[113.664551,72.634521],[113.215527,72.805859],[113.88623,73.345801],[113.510352,73.50498],[114.060547,73.584668],[118.450195,73.589795],[118.936426,73.481201],[118.430273,73.246533],[119.750391,72.979102],[122.5375,72.877783],[123.622266,73.193262],[123.416211,73.636865],[124.541211,73.75127],[129.100586,73.112354],[128.599023,72.895166],[129.250391,72.705176],[128.418262,72.535156],[129.281348,72.437695],[129.283496,72.092041],[127.726074,72.413184],[131.021582,70.746094],[132.653906,71.925977],[133.688867,71.434229],[136.090332,71.61958],[137.939648,71.133398],[138.23418,71.596338],[139.98418,71.491504],[139.359277,71.951367],[140.187695,72.191309],[139.14082,72.329736],[141.079297,72.586914],[140.808203,72.890967],[146.25293,72.442236],[144.169238,72.258789],[144.470703,72.174756],[146.831836,72.29541],[146.113281,71.944971],[145.758594,72.225879],[145.188574,71.695801],[147.261816,72.327881],[149.501563,72.164307],[150.016895,71.895654],[148.92334,71.714648],[152.508789,70.834473],[158.702148,70.93501],[159.911816,70.506104],[159.83252,69.784961],[160.910742,69.606348],[161.340625,68.905176],[160.856055,68.53833],[161.565625,68.905176],[161.536914,69.379541],[163.201367,69.714746],[167.856836,69.728223],[169.609863,68.786035],[170.537598,68.825391],[170.99668,69.134717],[170.160938,69.626563],[170.486816,70.107568],[175.921484,69.895313],[180,68.983447],[180,65.067236],[178.519531,64.602979],[176.880859,65.081934],[176.341016,65.047314],[177.222852,64.86167],[174.548828,64.683887],[176.056543,64.904736],[176.140918,64.58584],[177.3875,64.774023],[177.6875,64.304736],[178.229492,64.364404],[178.69248,63.842334],[178.466113,63.574072],[179.570508,62.773486],[179.120703,62.320361],[177.023535,62.777246],[172.856543,61.469189],[170.350977,59.965527],[169.226758,60.595947],[167.226758,60.406299],[166.273047,59.85625],[166.352148,60.484814],[164.953711,59.843604],[163.743848,60.028027],[161.960059,58.076904],[163.225781,57.790381],[162.761523,57.243945],[163.335547,56.23252],[162.840332,56.065625],[163.038379,56.521875],[162.671484,56.490088],[162.084961,56.089648],[161.723926,55.496143],[162.105566,54.752148],[160.074414,54.18916],[160.025098,53.12959],[158.47207,53.032373],[158.103516,51.809619],[156.747754,50.969287],[155.563867,55.199121],[155.98252,56.695215],[156.848828,57.290186],[156.829883,57.779639],[158.275195,58.008984],[162.068164,60.466406],[163.709961,60.916797],[164.207227,62.292236],[165.396582,62.493896],[163.331738,62.550928],[163.085254,61.570557],[162.392578,61.662109],[160.173633,60.638428],[160.378906,61.025488],[159.79043,60.956641],[160.309375,61.894385],[157.08418,61.675684],[154.293066,59.83335],[154.149805,59.528516],[155.160449,59.190137],[151.326758,58.875098],[151.121094,59.08252],[152.260645,59.223584],[149.642578,59.77041],[148.72666,59.25791],[142.580273,59.240137],[135.2625,54.943311],[136.797266,54.620996],[136.718848,53.804102],[137.666016,54.283301],[137.339258,54.100537],[137.834766,53.946729],[137.253711,53.546143],[138.52793,53.959863],[138.450684,53.537012],[138.695703,54.32002],[139.795508,54.256445],[141.37373,53.292773],[140.839648,53.087891],[141.485254,52.178516],[140.520898,50.800195],[140.113281,48.422656],[135.483398,43.83501],[133.159961,42.696973],[131.794727,43.255273],[129.756348,41.712256],[129.708691,40.857324],[127.568164,39.781982],[127.394531,39.20791],[128.329492,38.680908],[129.418262,37.059033],[129.21416,35.181836],[126.531445,34.314258],[126.291113,35.15415],[126.753027,35.871973],[126.160547,36.771924],[126.976855,36.939404],[126.633887,37.781836],[125.357813,37.724805],[124.690918,38.129199],[125.554492,38.68623],[125.168848,38.805518],[125.36084,39.526611],[124.35,40.011572],[121.163574,38.731641],[121.818457,39.386523],[121.26748,39.544678],[122.263867,40.500195],[121.834863,40.974268],[121.174512,40.90127],[118.976953,39.182568],[117.784668,39.134473],[117.656055,38.424219],[118.940039,38.042773],[119.287402,37.138281],[120.75,37.833936],[122.666992,37.402832],[122.340918,36.832227],[120.183301,36.202441],[119.165332,34.848828],[120.266699,34.274023],[120.853223,32.661377],[121.856348,31.816455],[120.035937,31.936279],[120.715527,31.98374],[121.87793,30.916992],[120.194629,30.241309],[122.08291,29.870361],[121.50625,29.48457],[121.968359,29.490625],[121.447656,29.131348],[121.609961,28.292139],[120.747656,28.009961],[120.086719,26.671582],[119.588184,26.784961],[119.881055,26.33418],[119.139453,26.121777],[119.61875,26.003564],[119.622461,25.391162],[117.842676,24.474316],[118.056055,24.246094],[116.470703,22.945898],[114.65166,22.755273],[114.267969,22.295557],[113.519727,23.1021],[113.548145,22.222607],[110.410937,21.338135],[110.344727,20.294824],[109.662598,20.916895],[109.930762,21.480566],[109.081543,21.440283],[108.59375,21.901025],[106.683398,21.000293],[105.621777,18.966309],[108.821289,15.37793],[109.444922,12.599609],[108.986719,11.336377],[107.261523,10.398389],[106.605859,10.464941],[106.595605,9.859863],[106.136426,10.22168],[106.572461,9.641113],[105.830957,10.000732],[106.168359,9.396729],[105.114355,8.629199],[104.77041,8.597656],[105.027832,10.067432],[103.587109,10.552197],[103.532422,11.14668],[103.152832,10.913721],[102.594141,12.203027],[100.897754,12.653809],[100.962695,13.431982],[100.01748,13.353174],[99.989062,12.170801],[99.165039,10.319824],[99.253906,9.265234],[99.835547,9.288379],[100.423535,7.187842],[101.497949,6.865283],[103.196973,5.262158],[103.439453,2.933105],[104.176367,1.364893],[103.480273,1.329492],[101.295508,2.885205],[100.119141,6.441992],[98.703516,8.256738],[98.305469,8.226221],[98.875977,11.719727],[97.812305,14.858936],[97.725977,16.568555],[96.851465,17.401025],[96.76543,16.710352],[96.189063,16.768311],[96.324316,16.444434],[95.389551,15.722754],[95.346777,16.097607],[94.661523,15.904395],[94.70332,16.511914],[94.223828,16.016455],[94.588965,17.569336],[94.044922,19.287402],[93.929199,18.899658],[93.493066,19.369482],[93.998145,19.440869],[92.307813,20.79043],[91.863379,22.350488],[91.480078,22.884814],[90.945605,22.597021],[90.604004,23.591357],[90.269141,23.455859],[90.616113,22.362158],[90.230566,21.829785],[89.985156,22.466406],[89.568555,21.767432],[89.483203,22.275537],[89.353711,21.721094],[89.051465,22.093164],[88.74502,21.584375],[88.641602,22.121973],[88.584668,21.659717],[88.12207,21.635791],[87.941406,22.374316],[87.948438,21.825439],[86.85957,21.236719],[86.750391,20.313232],[85.248633,19.757666],[84.104102,18.292676],[82.35957,17.096191],[82.258789,16.559863],[80.293457,15.710742],[79.838184,10.322559],[79.314551,10.256689],[78.939941,9.565771],[79.411426,9.192383],[78.421484,9.105029],[77.517578,8.07832],[76.553418,8.902783],[73.337598,16.459863],[72.667773,19.830957],[72.613281,21.461816],[73.1125,21.750439],[72.543066,21.696582],[72.80918,22.233301],[72.182813,22.269727],[72.015234,21.155713],[70.485059,20.840186],[68.969922,22.290283],[70.177246,22.572754],[70.489258,23.089502],[69.664648,22.759082],[68.81709,23.053711],[68.41748,23.571484],[68.776758,23.8521],[67.563086,23.881836],[66.428613,25.575342],[61.412207,25.1021],[57.796094,25.653027],[57.33457,25.791553],[56.728125,27.127686],[54.644922,26.508936],[51.589063,27.864209],[50.071582,30.198535],[49.554883,30.028955],[49.001953,30.506543],[48.832422,30.035498],[47.98252,30.011328],[48.143457,29.572461],[47.722656,29.393018],[48.797168,27.724316],[50.149805,26.662646],[50.081055,25.961377],[50.804395,24.789258],[51.003125,25.981445],[51.543066,25.902393],[51.309863,24.340381],[52.118555,23.971094],[54.147949,24.171191],[56.413086,26.351172],[56.640625,24.470312],[58.773047,23.517187],[59.824414,22.305176],[58.474219,20.406885],[57.861816,20.244141],[57.811621,19.01709],[55.479102,17.843262],[55.06416,17.038916],[52.581445,16.470361],[52.21748,15.655518],[48.668359,14.050146],[43.929785,12.616504],[43.231934,13.26709],[42.293945,17.434961],[40.75918,19.755469],[39.276074,20.973975],[38.46416,23.711865],[37.543066,24.29165],[35.180469,28.034863],[34.625,28.064502],[34.973438,29.555029],[34.220117,27.764307],[32.473047,29.925439],[32.658887,28.927734],[35.783887,23.937793],[35.697852,22.946191],[36.87041,22.015771],[37.471289,18.820117],[38.574023,18.072949],[39.506543,15.532129],[41.176465,14.620312],[43.353516,12.367041],[42.539746,11.504297],[43.161719,11.566016],[44.279297,10.471875],[44.942969,10.436719],[50.792285,11.983691],[51.254883,11.830713],[51.031836,10.444775],[51.38457,10.386523],[50.930078,10.335547],[50.825,9.428174],[47.975293,4.497021],[40.278516,-2.628613],[39.228125,-4.665527],[38.804688,-6.070117],[39.546094,-7.024023],[39.304004,-8.443848],[39.725195,-10.000488],[40.611719,-10.661523],[40.436816,-12.983105],[40.835156,-14.791504],[39.844629,-16.435645],[37.512305,-17.570703],[36.403711,-18.769727],[34.649414,-19.701367],[35.540234,-22.302637],[35.438086,-24.171191],[32.792188,-25.644336],[32.375195,-28.498242],[29.971191,-31.32207],[27.860645,-33.053906],[25.574219,-34.035352],[22.553809,-34.010059],[20.020605,-34.785742],[18.352051,-34.188477],[17.851074,-32.827441],[18.325293,-32.50498],[18.21084,-31.74248],[14.967773,-26.318066],[14.462793,-22.449121],[11.775879,-18.001758],[11.750879,-15.831934],[12.550488,-13.437793],[13.685547,-12.123828],[13.847461,-11.054395],[12.998535,-9.048047],[13.378516,-8.369727],[12.283301,-6.124316],[13.068164,-5.864844],[12.24043,-5.807324],[11.777539,-4.56582],[9.624609,-2.36709],[8.703125,-0.591016],[9.29668,-0.35127],[9.354883,0.343604],[10.001465,0.194971],[9.324805,0.5521],[9.948438,3.079053],[9.688867,4.056396],[9.000098,4.091602],[8.252734,4.923975],[8.293066,4.557617],[7.076563,4.716162],[6.923242,4.390674],[6.767676,4.724707],[6.860352,4.37334],[6.076563,4.290625],[5.493262,4.83877],[5.456641,5.611719],[4.431348,6.348584],[3.450781,6.427051],[3.716992,6.597949],[1.310645,6.146875],[-2.001855,4.762451],[-3.199951,5.354492],[-5.282373,5.210254],[-7.544971,4.351318],[-8.259033,4.58999],[-12.485645,7.386279],[-13.689795,9.927783],[-15.393115,11.217236],[-15.072656,11.597803],[-15.500244,11.778369],[-15.078271,11.968994],[-15.941748,11.786621],[-16.784863,12.47251],[-16.442871,12.609473],[-16.767969,12.628418],[-16.750391,13.425391],[-15.42749,13.468359],[-16.440527,13.353174],[-16.618115,14.040527],[-17.535645,14.755127],[-16.570752,15.734424],[-16.078906,17.54585],[-16.514453,19.361963],[-16.210449,20.22793],[-16.876074,21.086133],[-17.098779,20.856885],[-15.899316,23.844434],[-14.904297,24.719775],[-14.470557,26.163037],[-13.575781,26.735107],[-12.948926,27.91416],[-11.552686,28.310107],[-10.200586,29.380371],[-9.66709,30.109277],[-9.808691,31.424609],[-9.24585,32.572461],[-6.900977,33.969043],[-5.924805,35.785791],[-5.277832,35.902734],[-4.62832,35.206396],[-1.913281,35.094238],[1.257227,36.51958],[3.779004,36.896191],[5.29541,36.648242],[6.486523,37.085742],[7.910449,36.856348],[9.687988,37.340381],[10.412305,36.731836],[11.12666,36.874072],[10.487988,36.254883],[11.120117,35.240283],[10.064844,34.211621],[10.305273,33.728271],[12.279883,32.858545],[15.176563,32.391162],[15.705957,31.426416],[18.936426,30.29043],[20.013184,30.800684],[20.121484,32.21875],[21.635938,32.937305],[24.878516,31.984277],[25.225488,31.533789],[29.07207,30.830273],[31.08291,31.60332],[32.60332,31.06875],[34.483984,31.592285],[35.97793,34.547412],[35.810938,36.309863],[36.180078,36.807227],[34.703613,36.816797],[32.794824,36.035889],[31.240625,36.821729],[29.689063,36.156689],[28.969629,36.715332],[27.54043,36.684229],[28.242383,37.029053],[27.262988,36.976562],[27.232422,37.978662],[26.290723,38.277197],[26.441309,38.641211],[27.144238,38.451953],[26.763672,38.709619],[26.899219,39.549658],[26.113086,39.467383],[26.181348,39.990088],[26.738086,40.400244],[29.007129,40.389746],[29.849219,40.760107],[29.148145,41.221045],[31.254883,41.107617],[33.381348,42.017578],[35.006445,42.063281],[36.405371,41.274609],[38.381055,40.924512],[41.414355,41.423633],[41.762988,41.97002],[41.419434,42.737646],[36.627637,45.151318],[37.647168,45.377197],[37.933105,46.001709],[38.492285,46.090527],[37.766504,46.636133],[39.195703,47.268848],[35.827148,46.624316],[35.014551,46.106006],[35.230371,46.440625],[34.849609,46.189893],[35.022852,45.700977],[35.45752,45.316309],[36.575,45.393555],[36.393359,45.065381],[33.909961,44.387598],[33.450684,44.553662],[33.555176,45.097656],[32.508008,45.403809],[33.594141,46.09624],[31.83125,46.281689],[31.554883,46.554297],[32.578027,46.615625],[32.044336,46.64248],[31.75918,47.212842],[31.872852,46.649756],[30.796289,46.552002],[29.628418,45.722461],[29.55752,44.843408],[28.930566,44.96582],[28.561816,43.501318],[27.484766,42.468066],[28.95625,41.008203],[27.499414,40.973145],[26.202734,40.075391],[26.79209,40.626611],[24.477051,40.947754],[23.762793,40.747803],[24.343359,40.147705],[23.42627,40.263965],[23.627344,39.924072],[22.629492,40.495557],[23.327734,39.174902],[22.569141,38.86748],[24.024512,38.139795],[24.019727,37.677734],[23.501758,38.034863],[23.036328,37.878369],[23.489258,37.440186],[22.725391,37.542139],[23.160156,36.448096],[22.717188,36.793945],[22.427734,36.475781],[22.080469,37.028955],[21.892383,36.737305],[21.124707,37.891602],[21.824707,38.328125],[23.148926,38.176074],[21.182617,38.345557],[20.768555,38.874414],[21.118359,39.02998],[19.398145,40.284863],[19.577539,41.7875],[16.903125,43.392432],[15.985547,43.519775],[14.550488,45.297705],[13.860742,44.837402],[13.62832,45.770947],[12.274316,45.446045],[12.396289,44.223877],[13.56416,43.571289],[14.540723,42.244287],[16.164648,41.896191],[15.900488,41.512061],[18.460645,40.221045],[18.34375,39.821387],[16.928223,40.458057],[16.521875,39.747559],[17.174609,38.998096],[16.056836,37.941846],[15.645801,38.034229],[16.209961,38.941113],[15.692773,39.990186],[11.141211,42.389893],[10.188086,43.94751],[8.76582,44.422314],[6.115918,43.072363],[4.052637,43.593066],[3.258887,43.193213],[3.248047,41.944238],[0.714648,40.822852],[-0.327002,39.519873],[0.201563,38.75918],[-2.111523,36.77666],[-4.366846,36.718115],[-5.625488,36.025928],[-6.86377,37.278906],[-8.997803,37.032275],[-8.668311,38.424316],[-9.250391,38.656738],[-8.791602,39.078174],[-9.479736,38.798779],[-8.684619,40.752539],[-8.690918,42.27417],[-9.178076,43.174023],[-7.698145,43.764551],[-1.991309,43.345068],[-1.484863,43.56377],[-1.081006,45.532422],[-0.548486,45.000586],[-1.195996,45.714453],[-1.146289,46.311377],[-2.09248,46.865039],[-2.148584,47.223926],[-1.742529,47.215967],[-4.312109,47.8229],[-4.678809,48.039502],[-4.241406,48.303662],[-4.720752,48.539893],[-1.376465,48.652588],[-1.856445,49.683789],[0.416895,49.448389],[0.186719,49.703027],[1.407227,50.088525],[1.767676,50.935693],[4.226172,51.386475],[3.448926,51.540771],[4.274121,51.471631],[4.026074,51.927734],[5.532031,53.268701],[7.197266,53.282275],[7.629199,53.697266],[8.495215,53.394238],[8.618945,53.875],[9.783984,53.554639],[8.644922,54.294971],[8.957227,54.53833],[8.615918,55.418213],[8.132129,55.599805],[8.163965,56.606885],[9.196387,56.70166],[9.110449,57.043652],[8.268262,56.754004],[8.618555,57.111279],[10.609961,57.736914],[10.282715,56.620508],[10.926172,56.443262],[9.591113,55.493213],[9.868652,54.472461],[11.013379,54.37915],[10.85459,54.009814],[11.399609,53.944629],[13.028613,54.411035],[14.583496,53.639355],[13.827734,54.127246],[14.38418,53.924707],[18.085645,54.83584],[19.407129,54.386084],[21.114844,55.616504],[20.594824,54.982373],[21.188867,54.935205],[21.031445,56.636572],[21.728711,57.570996],[22.55459,57.724268],[23.647754,56.971045],[24.382617,57.250049],[24.529102,58.354248],[23.767578,58.36084],[23.494434,59.195654],[25.509277,59.639014],[27.892578,59.414209],[28.058008,59.781543],[30.172656,59.957129],[28.512793,60.677295],[23.021289,59.816016],[22.911719,60.209717],[22.462695,60.029199],[22.584961,60.380566],[21.436035,60.596387],[21.605957,61.591553],[21.103613,62.622949],[21.545117,63.204297],[25.372656,65.009473],[25.347852,65.479248],[24.628027,65.85918],[22.400977,65.862109],[21.410352,65.317432],[21.138184,64.808691],[21.519629,64.463086],[20.762695,63.867822],[17.378418,62.462793],[17.250977,60.700781],[18.99043,59.827783],[17.964258,59.359375],[17.979785,59.329053]],[[50.679883,46.938721],[47.463281,45.679688],[46.720898,44.45166],[47.462793,43.555029],[47.646484,43.884619],[47.727734,42.680713],[50.365918,40.279492],[49.551172,40.194141],[48.961719,39.07876],[49.080957,37.667578],[51.762012,36.614502],[53.970117,36.818311],[53.868652,38.949268],[53.156641,39.26499],[53.487305,39.909375],[53.035547,39.774414],[52.733691,40.39873],[52.943457,41.038086],[53.87002,40.648682],[54.703711,41.071143],[53.752344,42.129395],[52.97002,41.976221],[52.850391,41.200293],[52.596582,42.760156],[51.29541,43.174121],[50.830762,44.192773],[50.252539,44.406494],[51.543555,44.531006],[51.009375,44.921826],[51.415723,45.357861],[53.200391,45.331982],[52.773828,45.572754],[53.170215,46.669043],[50.732715,46.95166],[50.679883,46.938721]]]}},{"type":"Feature","properties":{"scalerank":0,"featurecla":"Land","min_zoom":4},"bbox":[145.869141,43.419824,145.943555,43.459521],"geometry":{"type":"Polygon","coordinates":[[[145.881543,43.459521],[145.895605,43.454541],[145.913867,43.455371],[145.931152,43.457031],[145.941113,43.445459],[145.943555,43.426465],[145.931152,43.425635],[145.907227,43.422314],[145.893945,43.419824],[145.886523,43.433057],[145.881543,43.443799],[145.869141,43.450439],[145.869141,43.457861],[145.881543,43.459521]]]}},{"type":"Feature","properties":{"scalerank":0,"featurecla":"Land","min_zoom":4},"bbox":[146.273828,43.619922,146.358789,43.651855],"geometry":{"type":"Polygon","coordinates":[[[146.358789,43.625391],[146.332324,43.619922],[146.288184,43.625391],[146.273828,43.629834],[146.283691,43.638623],[146.310156,43.651855],[146.333301,43.647461],[146.349805,43.644141],[146.358789,43.625391]]]}},{"type":"Feature","properties":{"scalerank":0,"featurecla":"Land","min_zoom":4},"bbox":[146.028027,43.407129,146.100781,43.449023],"geometry":{"type":"Polygon","coordinates":[[[146.045605,43.409326],[146.032324,43.407129],[146.028027,43.420361],[146.048926,43.433594],[146.088574,43.449023],[146.100781,43.440186],[146.086328,43.429199],[146.069922,43.421484],[146.045605,43.409326]]]}},{"type":"Feature","properties":{"scalerank":0,"featurecla":"Land","min_zoom":4},"bbox":[-159.84248,-21.249512,-159.736865,-21.186426],"geometry":{"type":"Polygon","coordinates":[[[-159.740527,-21.249219],[-159.772559,-21.249512],[-159.813086,-21.24209],[-159.8396,-21.238086],[-159.84248,-21.229102],[-159.832031,-21.200488],[-159.810596,-21.186426],[-159.768359,-21.188477],[-159.739502,-21.208105],[-159.736865,-21.240625],[-159.740527,-21.249219]]]}},{"type":"Feature","properties":{"scalerank":0,"featurecla":"Land","min_zoom":4},"bbox":[-172.498682,-8.58291,-172.47915,-8.546484],"geometry":{"type":"Polygon","coordinates":[[[-172.47915,-8.580762],[-172.483691,-8.58291],[-172.488232,-8.571582],[-172.494043,-8.55918],[-172.498682,-8.547949],[-172.497021,-8.546484],[-172.487256,-8.556152],[-172.481104,-8.56748],[-172.47915,-8.580762]]]}},{"type":"Feature","properties":{"scalerank":0,"featurecla":"Land","min_zoom":4},"bbox":[-171.204443,-9.358301,-171.186426,-9.332617],"geometry":{"type":"Polygon","coordinates":[[[-171.186426,-9.355469],[-171.188623,-9.358301],[-171.193018,-9.352441],[-171.200049,-9.344727],[-171.204443,-9.333301],[-171.20166,-9.332617],[-171.194434,-9.33877],[-171.189307,-9.346582],[-171.186426,-9.355469]]]}},{"type":"Feature","properties":{"scalerank":0,"featurecla":"Land","min_zoom":4},"bbox":[-172.22832,-4.524414,-172.180957,-4.491699],"geometry":{"type":"Polygon","coordinates":[[[-172.214551,-4.511133],[-172.208301,-4.517969],[-172.193896,-4.516016],[-172.180957,-4.514844],[-172.188818,-4.52168],[-172.215234,-4.524414],[-172.22832,-4.507031],[-172.212207,-4.493945],[-172.197852,-4.491699],[-172.196387,-4.49541],[-172.197217,-4.499512],[-172.203857,-4.499512],[-172.214746,-4.502637],[-172.214551,-4.511133]]]}},{"type":"Feature","properties":{"scalerank":0,"featurecla":"Land","min_zoom":4},"bbox":[-171.727637,-2.855859,-171.627637,-2.761426],"geometry":{"type":"Polygon","coordinates":[[[-171.697607,-2.766406],[-171.66499,-2.785547],[-171.639648,-2.81123],[-171.627637,-2.846973],[-171.628418,-2.855859],[-171.647363,-2.855566],[-171.670605,-2.844434],[-171.687305,-2.829785],[-171.696094,-2.825684],[-171.698291,-2.822266],[-171.678369,-2.824512],[-171.655371,-2.839844],[-171.638525,-2.84668],[-171.639746,-2.829199],[-171.660205,-2.798535],[-171.672656,-2.787988],[-171.688037,-2.779102],[-171.705957,-2.773145],[-171.718164,-2.778613],[-171.724805,-2.781348],[-171.727637,-2.774121],[-171.725146,-2.767871],[-171.718896,-2.761426],[-171.697607,-2.766406]]]}},{"type":"Feature","properties":{"scalerank":0,"featurecla":"Land","min_zoom":4},"bbox":[-171.096729,-3.143262,-171.081006,-3.115039],"geometry":{"type":"Polygon","coordinates":[[[-171.085156,-3.135449],[-171.089795,-3.143262],[-171.096729,-3.136914],[-171.091748,-3.125098],[-171.087695,-3.115039],[-171.081006,-3.12041],[-171.085156,-3.135449]]]}},{"type":"Feature","properties":{"scalerank":0,"featurecla":"Land","min_zoom":4},"bbox":[-171.261963,-4.468066,-171.231885,-4.441602],"geometry":{"type":"Polygon","coordinates":[[[-171.233203,-4.463477],[-171.243018,-4.468066],[-171.254541,-4.466504],[-171.261768,-4.459766],[-171.261963,-4.449219],[-171.252393,-4.441602],[-171.239404,-4.444141],[-171.231885,-4.453711],[-171.233203,-4.463477]]]}},{"type":"Feature","properties":{"scalerank":0,"featurecla":"Land","min_zoom":4},"bbox":[-174.54082,-4.694727,-174.501025,-4.657324],"geometry":{"type":"Polygon","coordinates":[[[-174.512939,-4.675098],[-174.501123,-4.688379],[-174.501025,-4.694727],[-174.506738,-4.693652],[-174.523877,-4.689648],[-174.529248,-4.681641],[-174.516748,-4.686816],[-174.511475,-4.685645],[-174.523047,-4.674023],[-174.533105,-4.665332],[-174.540674,-4.661719],[-174.54082,-4.657324],[-174.531396,-4.659473],[-174.512939,-4.675098]]]}},{"type":"Feature","properties":{"scalerank":0,"featurecla":"Land","min_zoom":4},"bbox":[-155.015039,-4.093848,-154.943359,-4.031055],"geometry":{"type":"Polygon","coordinates":[[[-154.95625,-4.087988],[-154.959033,-4.093848],[-154.971094,-4.08584],[-154.994629,-4.071094],[-155.0146,-4.054883],[-155.015039,-4.048047],[-154.986963,-4.038574],[-154.951221,-4.031055],[-154.943359,-4.041602],[-154.950049,-4.055957],[-154.95625,-4.087988]]]}},{"type":"Feature","properties":{"scalerank":0,"featurecla":"Land","min_zoom":4},"bbox":[-151.819141,-11.456836,-151.782617,-11.391797],"geometry":{"type":"Polygon","coordinates":[[[-151.782617,-11.441016],[-151.790869,-11.456836],[-151.806689,-11.45127],[-151.815967,-11.431152],[-151.819141,-11.409277],[-151.813281,-11.391797],[-151.802783,-11.392676],[-151.791113,-11.414355],[-151.782617,-11.441016]]]}},{"type":"Feature","properties":{"scalerank":0,"featurecla":"Land","min_zoom":4},"bbox":[-155.928613,-5.631836,-155.862354,-5.60752],"geometry":{"type":"Polygon","coordinates":[[[-155.863818,-5.62666],[-155.887109,-5.631836],[-155.914355,-5.631641],[-155.92793,-5.618555],[-155.928613,-5.607617],[-155.919385,-5.60752],[-155.910791,-5.609473],[-155.872266,-5.611328],[-155.862354,-5.619141],[-155.863818,-5.62666]]]}},{"type":"Feature","properties":{"scalerank":0,"featurecla":"Land","min_zoom":4},"bbox":[-178.598682,-19.175,-178.535107,-19.109277],"geometry":{"type":"Polygon","coordinates":[[[-178.535107,-19.166016],[-178.546338,-19.175],[-178.57373,-19.164941],[-178.595947,-19.151367],[-178.598682,-19.137109],[-178.589307,-19.118848],[-178.567676,-19.109277],[-178.556689,-19.112988],[-178.562988,-19.11875],[-178.576172,-19.125195],[-178.574072,-19.143164],[-178.557129,-19.154102],[-178.540625,-19.157031],[-178.535107,-19.166016]]]}},{"type":"Feature","properties":{"scalerank":0,"featurecla":"Land","min_zoom":4},"bbox":[-179.867334,-19.00293,-179.797607,-18.924219],"geometry":{"type":"Polygon","coordinates":[[[-179.799854,-18.940332],[-179.797607,-18.969824],[-179.812451,-18.968164],[-179.830225,-18.955566],[-179.839355,-18.961719],[-179.845508,-18.970801],[-179.848584,-18.991309],[-179.851221,-19.00293],[-179.865039,-18.99873],[-179.867334,-18.978418],[-179.862793,-18.96416],[-179.856201,-18.943262],[-179.831104,-18.924219],[-179.799854,-18.940332]]]}},{"type":"Feature","properties":{"scalerank":0,"featurecla":"Land","min_zoom":4},"bbox":[-178.730566,-20.670508,-178.709521,-20.645215],"geometry":{"type":"Polygon","coordinates":[[[-178.711621,-20.667773],[-178.709521,-20.670508],[-178.714941,-20.670313],[-178.723096,-20.666797],[-178.729102,-20.660156],[-178.730566,-20.652832],[-178.727539,-20.645215],[-178.724561,-20.645703],[-178.719189,-20.652344],[-178.714209,-20.659766],[-178.711621,-20.667773]]]}},{"type":"Feature","properties":{"scalerank":0,"featurecla":"Land","min_zoom":3},"bbox":[-78.989453,-33.667773,-78.768945,-33.575195],"geometry":{"type":"Polygon","coordinates":[[[-78.80415,-33.646484],[-78.98335,-33.667773],[-78.989453,-33.661719],[-78.979297,-33.644141],[-78.938135,-33.613574],[-78.888281,-33.576367],[-78.877441,-33.575195],[-78.859033,-33.578125],[-78.838184,-33.585059],[-78.784668,-33.610156],[-78.768945,-33.627344],[-78.774707,-33.641602],[-78.80415,-33.646484]]]}},{"type":"Feature","properties":{"scalerank":0,"featurecla":"Land","min_zoom":4},"bbox":[-14.414941,-7.975781,-14.302539,-7.882617],"geometry":{"type":"Polygon","coordinates":[[[-14.364355,-7.974316],[-14.398682,-7.975781],[-14.408691,-7.96748],[-14.414941,-7.94375],[-14.398584,-7.905762],[-14.383643,-7.882617],[-14.3604,-7.885938],[-14.328857,-7.912598],[-14.302539,-7.935449],[-14.316797,-7.956152],[-14.364355,-7.974316]]]}},{"type":"Feature","properties":{"scalerank":0,"featurecla":"Land","min_zoom":4},"bbox":[72.772461,11.196094,72.795898,11.262744],"geometry":{"type":"Polygon","coordinates":[[[72.780371,11.20249],[72.773047,11.196094],[72.772461,11.214258],[72.781836,11.243311],[72.792676,11.262744],[72.795898,11.260449],[72.792871,11.241553],[72.787891,11.215918],[72.780371,11.20249]]]}},{"type":"Feature","properties":{"scalerank":0,"featurecla":"Land","min_zoom":4},"bbox":[73.023438,8.251953,73.083594,8.316504],"geometry":{"type":"Polygon","coordinates":[[[73.067383,8.269092],[73.05332,8.256689],[73.038867,8.251953],[73.028516,8.253516],[73.023438,8.265918],[73.026074,8.275293],[73.038965,8.264844],[73.055859,8.274561],[73.075195,8.306348],[73.079492,8.316504],[73.083594,8.311035],[73.079785,8.293066],[73.067383,8.269092]]]}},{"type":"Feature","properties":{"scalerank":0,"featurecla":"Land","min_zoom":4},"bbox":[73.382031,3.229395,73.442773,3.289844],"geometry":{"type":"Polygon","coordinates":[[[73.416602,3.23125],[73.395313,3.229395],[73.382031,3.246484],[73.384961,3.271387],[73.401563,3.28877],[73.427734,3.289844],[73.442773,3.274316],[73.434961,3.250146],[73.416602,3.23125]]]}},{"type":"Feature","properties":{"scalerank":0,"featurecla":"Land","min_zoom":4},"bbox":[73.473047,4.155176,73.52832,4.247656],"geometry":{"type":"Polygon","coordinates":[[[73.512207,4.164551],[73.494824,4.155176],[73.478613,4.158936],[73.473047,4.170703],[73.481152,4.188135],[73.494727,4.210449],[73.504102,4.234619],[73.517773,4.247656],[73.52832,4.243311],[73.527148,4.229687],[73.522168,4.211035],[73.519043,4.186865],[73.512207,4.164551]]]}},{"type":"Feature","properties":{"scalerank":0,"featurecla":"Land","min_zoom":4},"bbox":[131.134961,3.021875,131.187891,3.060596],"geometry":{"type":"Polygon","coordinates":[[[131.172363,3.026221],[131.149609,3.021875],[131.134961,3.025244],[131.136719,3.039453],[131.151563,3.054102],[131.172363,3.060596],[131.187891,3.055615],[131.186328,3.04209],[131.172363,3.026221]]]}},{"type":"Feature","properties":{"scalerank":0,"featurecla":"Land","min_zoom":4},"bbox":[151.569727,7.333008,151.650488,7.39043],"geometry":{"type":"Polygon","coordinates":[[[151.647754,7.346191],[151.639453,7.333008],[151.57832,7.338086],[151.569727,7.345508],[151.575098,7.351318],[151.604297,7.357227],[151.607813,7.375391],[151.592871,7.379248],[151.605664,7.388721],[151.629492,7.39043],[151.643262,7.379248],[151.650488,7.362842],[151.647754,7.346191]]]}},{"type":"Feature","properties":{"scalerank":0,"featurecla":"Land","min_zoom":4},"bbox":[151.855957,7.426758,151.912598,7.46709],"geometry":{"type":"Polygon","coordinates":[[[151.881445,7.432031],[151.864258,7.426758],[151.855957,7.431787],[151.859961,7.457373],[151.865332,7.466162],[151.881836,7.46709],[151.910547,7.460156],[151.912598,7.453857],[151.881445,7.432031]]]}},{"type":"Feature","properties":{"scalerank":0,"featurecla":"Land","min_zoom":4},"bbox":[166.844727,11.14624,166.899414,11.168652],"geometry":{"type":"Polygon","coordinates":[[[166.890332,11.153076],[166.864453,11.14624],[166.844727,11.153369],[166.858887,11.166309],[166.888086,11.168652],[166.899414,11.165039],[166.890332,11.153076]]]}},{"type":"Feature","properties":{"scalerank":0,"featurecla":"Land","min_zoom":4},"bbox":[177.00625,-12.515625,177.126953,-12.476953],"geometry":{"type":"Polygon","coordinates":[[[177.121484,-12.505469],[177.082422,-12.515625],[177.019336,-12.507324],[177.00625,-12.491113],[177.026367,-12.4875],[177.067578,-12.476953],[177.118066,-12.482324],[177.126953,-12.492871],[177.121484,-12.505469]]]}},{"type":"Feature","properties":{"scalerank":0,"featurecla":"Land","min_zoom":4},"bbox":[174.587207,-21.705859,174.629688,-21.66748],"geometry":{"type":"Polygon","coordinates":[[[174.629688,-21.69502],[174.621875,-21.705859],[174.592969,-21.702344],[174.587207,-21.680078],[174.604199,-21.66748],[174.627734,-21.675977],[174.629688,-21.69502]]]}},{"type":"Feature","properties":{"scalerank":0,"featurecla":"Land","min_zoom":4},"bbox":[179.195703,-8.534961,179.216602,-8.466309],"geometry":{"type":"Polygon","coordinates":[[[179.213672,-8.524219],[179.200586,-8.534961],[179.195703,-8.534766],[179.200879,-8.512109],[179.197949,-8.488672],[179.198535,-8.47002],[179.203027,-8.466309],[179.211621,-8.488086],[179.216602,-8.514844],[179.213672,-8.524219]]]}},{"type":"Feature","properties":{"scalerank":0,"featurecla":"Land","min_zoom":4},"bbox":[178.666699,-7.495117,178.694824,-7.457813],"geometry":{"type":"Polygon","coordinates":[[[178.694824,-7.483496],[178.692871,-7.495117],[178.687109,-7.494043],[178.674219,-7.480176],[178.666699,-7.457813],[178.676855,-7.463184],[178.689844,-7.473828],[178.694824,-7.483496]]]}},{"type":"Feature","properties":{"scalerank":0,"featurecla":"Land","min_zoom":4},"bbox":[178.370703,-8.068457,178.389746,-8.031836],"geometry":{"type":"Polygon","coordinates":[[[178.389746,-8.045801],[178.377051,-8.068457],[178.370703,-8.060645],[178.379395,-8.04668],[178.387012,-8.031836],[178.389746,-8.045801]]]}},{"type":"Feature","properties":{"scalerank":0,"featurecla":"Land","min_zoom":4},"bbox":[169.522949,-0.875977,169.555273,-0.846875],"geometry":{"type":"Polygon","coordinates":[[[169.551074,-0.87373],[169.541699,-0.875977],[169.522949,-0.865625],[169.525586,-0.852637],[169.538672,-0.846875],[169.555273,-0.856543],[169.551074,-0.87373]]]}},{"type":"Feature","properties":{"scalerank":0,"featurecla":"Land","min_zoom":4},"bbox":[-128.350195,-24.412598,-128.290088,-24.323242],"geometry":{"type":"Polygon","coordinates":[[[-128.290088,-24.397363],[-128.3,-24.412598],[-128.320654,-24.399707],[-128.342187,-24.370703],[-128.350195,-24.340234],[-128.330127,-24.323242],[-128.303613,-24.333594],[-128.29082,-24.364648],[-128.290088,-24.397363]]]}},{"type":"Feature","properties":{"scalerank":0,"featurecla":"Land","min_zoom":4},"bbox":[-166.148633,66.221826,-165.822217,66.328076],"geometry":{"type":"Polygon","coordinates":[[[-166.109863,66.227441],[-166.148633,66.221826],[-166.146484,66.237158],[-166.03252,66.277734],[-165.822217,66.328076],[-165.829883,66.317139],[-165.942285,66.278174],[-166.109863,66.227441]]]}},{"type":"Feature","properties":{"scalerank":0,"featurecla":"Land","min_zoom":4},"bbox":[-86.752881,21.191016,-86.696289,21.27998],"geometry":{"type":"Polygon","coordinates":[[[-86.714014,21.239307],[-86.696289,21.191016],[-86.713623,21.196777],[-86.736377,21.233301],[-86.752881,21.278809],[-86.739062,21.27998],[-86.726904,21.264307],[-86.714014,21.239307]]]}},{"type":"Feature","properties":{"scalerank":0,"featurecla":"Land","min_zoom":4},"bbox":[54.334766,24.42334,54.46543,24.506348],"geometry":{"type":"Polygon","coordinates":[[[54.46543,24.442773],[54.456641,24.42334],[54.428418,24.425098],[54.357715,24.442773],[54.334766,24.471045],[54.378906,24.50459],[54.39834,24.506348],[54.426563,24.471045],[54.46543,24.442773]]]}},{"type":"Feature","properties":{"scalerank":0,"featurecla":"Land","min_zoom":4},"bbox":[-81.811426,24.542334,-81.738672,24.576709],"geometry":{"type":"Polygon","coordinates":[[[-81.783838,24.54458],[-81.809229,24.542334],[-81.811426,24.557812],[-81.767676,24.576709],[-81.738672,24.575439],[-81.739746,24.554492],[-81.783838,24.54458]]]}},{"type":"Feature","properties":{"scalerank":0,"featurecla":"Land","min_zoom":4},"bbox":[124.625391,37.920166,124.755469,37.98877],"geometry":{"type":"Polygon","coordinates":[[[124.744531,37.980615],[124.755469,37.969824],[124.753711,37.955176],[124.739844,37.947217],[124.71709,37.932861],[124.69668,37.920166],[124.655859,37.924756],[124.625391,37.945215],[124.635938,37.980615],[124.661133,37.973437],[124.716602,37.98877],[124.744531,37.980615]]]}}],"bbox":[-180,-89.99892578125,180,83.599609375],"metadata":{"sourceScale":"110m","sourceDataset":"Natural Earth public-domain land; offline deterministic simplification"}}
